{"type":"FeatureCollection","features":[{"type":"Feature","properties":{"nombre":"Ecuador"},"geometry":{"type":"MultiLineString","coordinates":[[[-91.3588,-0.7371],[-91.3591,-0.7376],[-91.3592,-0.7371],[-91.3588,-0.7371]],[[-91.3583,-0.7369],[-91.3588,-0.7365],[-91.3583,-0.7365],[-91.3583,-0.7369]],[[-91.3397,-0.7179],[-91.3398,-0.7171],[-91.3395,-0.7178],[-91.3397,-0.7179]],[[-91.3402,-0.717],[-91.3408,-0.7166],[-91.3407,-0.7164],[-91.3402,-0.717]],[[-91.3405,-0.7162],[-91.3389,-0.7161],[-91.3386,-0.7166],[-91.3405,-0.7162]],[[-91.2711,-0.6922],[-91.2731,-0.6931],[-91.2739,-0.6921],[-91.2728,-0.6929],[-91.2711,-0.6922]],[[-91.2724,-0.6919],[-91.2722,-0.6915],[-91.272,-0.692],[-91.2724,-0.6919]],[[-91.2754,-0.6895],[-91.2752,-0.6905],[-91.2749,-0.6909],[-91.2757,-0.6903],[-91.2754,-0.6895]],[[-91.2711,-0.6899],[-91.2715,-0.6903],[-91.2717,-0.69],[-91.2711,-0.6899]],[[-91.2716,-0.6887],[-91.2715,-0.6894],[-91.272,-0.6879],[-91.2716,-0.6887]],[[-91.2712,-0.6872],[-91.2698,-0.6883],[-91.2705,-0.6886],[-91.2712,-0.6872]],[[-91.2686,-0.6867],[-91.2694,-0.6881],[-91.2689,-0.6866],[-91.2686,-0.6867]],[[-91.0911,-0.6378],[-91.0907,-0.6378],[-91.091,-0.638],[-91.0911,-0.6378]],[[-91.0815,-0.6052],[-91.0812,-0.6055],[-91.0815,-0.6055],[-91.0815,-0.6052]],[[-91.0811,-0.6055],[-91.0807,-0.605],[-91.0809,-0.6057],[-91.0811,-0.6055]],[[-91.0792,-0.6004],[-91.0792,-0.5996],[-91.0788,-0.6006],[-91.0792,-0.6004]],[[-91.0899,-0.5984],[-91.0911,-0.5986],[-91.0906,-0.598],[-91.0899,-0.5984]],[[-91.0803,-0.5985],[-91.0804,-0.5987],[-91.0804,-0.5985],[-91.0803,-0.5985]],[[-91.0902,-0.5978],[-91.0901,-0.5976],[-91.0901,-0.5978],[-91.0902,-0.5978]],[[-91.0913,-0.5955],[-91.0908,-0.5949],[-91.0908,-0.5955],[-91.0913,-0.5955]],[[-91.0905,-0.5946],[-91.0902,-0.5947],[-91.0906,-0.5949],[-91.0905,-0.5946]],[[-91.4301,-0.4949],[-91.4301,-0.495],[-91.4302,-0.4949],[-91.4301,-0.4949]],[[-91.3404,0.1639],[-91.3429,0.1626],[-91.3405,0.1586],[-91.3392,0.1625],[-91.3375,0.1601],[-91.3378,0.1627],[-91.3347,0.1628],[-91.335,0.1571],[-91.3376,0.1563],[-91.3299,0.1486],[-91.3255,0.1375],[-91.3232,0.1361],[-91.3189,0.1386],[-91.3104,0.1326],[-91.3112,0.1305],[-91.3031,0.1151],[-91.3042,0.1041],[-91.3,0.0957],[-91.2973,0.0963],[-91.2984,0.0865],[-91.2968,0.0843],[-91.2938,0.0851],[-91.2938,0.0752],[-91.286,0.0658],[-91.2895,0.0645],[-91.2891,0.0613],[-91.2833,0.0603],[-91.2764,0.052],[-91.2742,0.0438],[-91.2634,0.0363],[-91.2564,0.0253],[-91.2471,0.0231],[-91.2406,0.0158],[-91.2381,0.0064],[-91.2315,0.0032],[-91.2268,0.0039],[-91.2207,-0.0002],[-91.2158,-0.0079],[-91.2148,-0.018],[-91.21,-0.0208],[-91.2049,-0.0175],[-91.1989,-0.0218],[-91.194,-0.043],[-91.1953,-0.0507],[-91.1899,-0.0614],[-91.1872,-0.0777],[-91.1893,-0.0799],[-91.1862,-0.0818],[-91.1876,-0.0855],[-91.1853,-0.0933],[-91.1871,-0.1033],[-91.185,-0.1071],[-91.1889,-0.1191],[-91.1864,-0.1228],[-91.1905,-0.1306],[-91.1882,-0.1368],[-91.1905,-0.1466],[-91.194,-0.1503],[-91.1895,-0.1586],[-91.1896,-0.173],[-91.1841,-0.19],[-91.1845,-0.2011],[-91.1795,-0.2142],[-91.177,-0.2153],[-91.1764,-0.2208],[-91.1599,-0.2344],[-91.1552,-0.2444],[-91.151,-0.2463],[-91.1494,-0.2504],[-91.1416,-0.2552],[-91.1352,-0.2629],[-91.122,-0.2695],[-91.1151,-0.2768],[-91.1168,-0.2778],[-91.1159,-0.2822],[-91.1105,-0.2842],[-91.111,-0.2954],[-91.1006,-0.2978],[-91.0992,-0.3029],[-91.1026,-0.3061],[-91.1091,-0.3045],[-91.11,-0.3072],[-91.0949,-0.3169],[-91.0819,-0.3218],[-91.0701,-0.3316],[-91.0638,-0.3334],[-91.0581,-0.34],[-91.0478,-0.3446],[-91.0424,-0.3445],[-91.0184,-0.3649],[-91.0146,-0.3707],[-91.0063,-0.3742],[-91.0056,-0.3781],[-90.998,-0.381],[-90.9991,-0.3837],[-90.9958,-0.3915],[-90.9887,-0.3965],[-90.987,-0.4043],[-90.9699,-0.4179],[-90.9702,-0.4221],[-90.9635,-0.429],[-90.9607,-0.4251],[-90.9556,-0.4239],[-90.9569,-0.4223],[-90.9554,-0.4231],[-90.9538,-0.4217],[-90.9531,-0.4225],[-90.9523,-0.4216],[-90.9506,-0.4237],[-90.9502,-0.4232],[-90.9498,-0.4234],[-90.9503,-0.4236],[-90.9507,-0.4252],[-90.9494,-0.4261],[-90.9498,-0.4252],[-90.9491,-0.4255],[-90.9489,-0.4245],[-90.948,-0.4241],[-90.9489,-0.4258],[-90.9477,-0.4259],[-90.9476,-0.4261],[-90.9479,-0.4265],[-90.9479,-0.427],[-90.9468,-0.4276],[-90.948,-0.4288],[-90.9483,-0.4304],[-90.9481,-0.4316],[-90.9489,-0.4312],[-90.9496,-0.433],[-90.9472,-0.4327],[-90.9467,-0.4325],[-90.9464,-0.4329],[-90.9517,-0.433],[-90.9547,-0.4347],[-90.952,-0.4438],[-90.9562,-0.4516],[-90.9458,-0.46],[-90.9422,-0.4716],[-90.9434,-0.4858],[-90.9473,-0.4925],[-90.9427,-0.5035],[-90.9472,-0.5109],[-90.9535,-0.5144],[-90.9484,-0.5169],[-90.9511,-0.5183],[-90.949,-0.5186],[-90.9508,-0.5201],[-90.948,-0.5229],[-90.9502,-0.5252],[-90.9483,-0.5307],[-90.9513,-0.5312],[-90.9491,-0.5327],[-90.9512,-0.536],[-90.9489,-0.5411],[-90.9498,-0.546],[-90.9533,-0.5495],[-90.9559,-0.5609],[-90.9601,-0.5603],[-90.9623,-0.5638],[-90.9664,-0.5622],[-90.9706,-0.5643],[-90.9691,-0.5664],[-90.971,-0.571],[-90.9756,-0.5708],[-90.975,-0.5742],[-90.9811,-0.5754],[-90.9808,-0.5803],[-90.978,-0.5761],[-90.9736,-0.5753],[-90.9743,-0.5757],[-90.973,-0.5779],[-90.9705,-0.5756],[-90.9726,-0.574],[-90.9698,-0.5735],[-90.9702,-0.5774],[-90.9691,-0.5747],[-90.9629,-0.5733],[-90.9557,-0.5775],[-90.9522,-0.5821],[-90.9574,-0.5929],[-90.9564,-0.5962],[-90.9608,-0.6015],[-90.9575,-0.6063],[-90.9559,-0.6044],[-90.9545,-0.6062],[-90.9578,-0.6133],[-90.9554,-0.6123],[-90.9494,-0.62],[-90.943,-0.6154],[-90.9415,-0.6209],[-90.9357,-0.6247],[-90.9346,-0.6282],[-90.9343,-0.6254],[-90.9327,-0.6265],[-90.9288,-0.6236],[-90.9254,-0.6271],[-90.9256,-0.6246],[-90.9227,-0.625],[-90.924,-0.6268],[-90.9236,-0.6277],[-90.9221,-0.6261],[-90.92,-0.6292],[-90.9215,-0.6263],[-90.9195,-0.6227],[-90.9128,-0.6203],[-90.9102,-0.6219],[-90.9134,-0.6198],[-90.9089,-0.6172],[-90.9097,-0.6147],[-90.9057,-0.6133],[-90.906,-0.6112],[-90.9039,-0.6104],[-90.9023,-0.6128],[-90.9064,-0.6177],[-90.9047,-0.6186],[-90.8994,-0.6102],[-90.8937,-0.6076],[-90.8916,-0.6166],[-90.8929,-0.6232],[-90.8856,-0.6264],[-90.8835,-0.6252],[-90.8812,-0.6286],[-90.8805,-0.6346],[-90.8824,-0.637],[-90.8808,-0.639],[-90.8828,-0.6427],[-90.8798,-0.6417],[-90.8736,-0.6504],[-90.865,-0.6476],[-90.869,-0.6536],[-90.8624,-0.6522],[-90.8638,-0.6554],[-90.8622,-0.6572],[-90.8655,-0.6581],[-90.8639,-0.659],[-90.8613,-0.6567],[-90.8555,-0.6609],[-90.8616,-0.6657],[-90.8608,-0.6719],[-90.858,-0.675],[-90.8552,-0.674],[-90.8505,-0.6767],[-90.8494,-0.6843],[-90.8474,-0.682],[-90.8413,-0.6847],[-90.8413,-0.6869],[-90.8446,-0.6874],[-90.8495,-0.6929],[-90.8479,-0.6958],[-90.8513,-0.6975],[-90.8495,-0.6993],[-90.8557,-0.7011],[-90.8551,-0.7046],[-90.8498,-0.7034],[-90.8465,-0.7057],[-90.8471,-0.7066],[-90.849,-0.7056],[-90.8495,-0.7064],[-90.8429,-0.7095],[-90.8442,-0.7063],[-90.8401,-0.7067],[-90.8369,-0.7025],[-90.8335,-0.7058],[-90.827,-0.7054],[-90.8264,-0.711],[-90.8219,-0.7142],[-90.8308,-0.7182],[-90.8318,-0.7206],[-90.8285,-0.723],[-90.8286,-0.727],[-90.8236,-0.7232],[-90.8187,-0.7272],[-90.8065,-0.725],[-90.8075,-0.7291],[-90.8057,-0.7286],[-90.8052,-0.7329],[-90.8138,-0.7349],[-90.814,-0.7389],[-90.8117,-0.7369],[-90.8111,-0.7396],[-90.8076,-0.7412],[-90.8059,-0.7396],[-90.7977,-0.744],[-90.794,-0.7408],[-90.7881,-0.7403],[-90.7853,-0.7454],[-90.7867,-0.7492],[-90.7882,-0.748],[-90.79,-0.7498],[-90.7854,-0.7506],[-90.7809,-0.7581],[-90.7829,-0.7617],[-90.7814,-0.7658],[-90.7862,-0.7671],[-90.7836,-0.7679],[-90.7853,-0.7686],[-90.7844,-0.7701],[-90.7879,-0.77],[-90.789,-0.7723],[-90.7922,-0.7698],[-90.7961,-0.7737],[-90.7937,-0.7782],[-90.7965,-0.7787],[-90.7969,-0.7833],[-90.8161,-0.7893],[-90.8233,-0.7887],[-90.8251,-0.7908],[-90.823,-0.7972],[-90.8256,-0.7995],[-90.8276,-0.8093],[-90.8253,-0.8122],[-90.8283,-0.8116],[-90.8267,-0.8154],[-90.8301,-0.8176],[-90.8292,-0.8288],[-90.8403,-0.8357],[-90.8382,-0.8403],[-90.8403,-0.8417],[-90.8383,-0.8592],[-90.8462,-0.8649],[-90.8447,-0.8793],[-90.8521,-0.8835],[-90.8466,-0.9011],[-90.8466,-0.9101],[-90.8497,-0.9153],[-90.8614,-0.9186],[-90.8833,-0.9151],[-90.888,-0.9197],[-90.8887,-0.9294],[-90.898,-0.9388],[-90.8981,-0.9437],[-90.9046,-0.9531],[-90.9252,-0.9607],[-90.9268,-0.9592],[-90.9273,-0.9622],[-90.9301,-0.9621],[-90.9294,-0.9641],[-90.9345,-0.9617],[-90.944,-0.9653],[-90.9492,-0.963],[-90.9496,-0.9601],[-90.9533,-0.9601],[-90.9555,-0.9613],[-90.9552,-0.9642],[-90.9555,-0.9653],[-90.9557,-0.962],[-90.9569,-0.963],[-90.9563,-0.9636],[-90.9561,-0.9648],[-90.9589,-0.9705],[-90.9567,-0.9622],[-90.9624,-0.9624],[-90.9645,-0.9584],[-90.9849,-0.9567],[-90.9895,-0.9622],[-90.9916,-0.9594],[-90.9948,-0.9595],[-90.9975,-0.9713],[-91.0055,-0.9738],[-91.0075,-0.9769],[-91.0055,-0.979],[-91.0134,-0.9813],[-91.0173,-0.9886],[-91.0384,-0.9911],[-91.0401,-0.9965],[-91.0455,-0.9961],[-91.0498,-1.0013],[-91.0538,-0.9981],[-91.0602,-1.0004],[-91.0628,-1.004],[-91.0617,-1.0122],[-91.0691,-1.0092],[-91.0716,-1.0054],[-91.0797,-1.0056],[-91.0931,-1.0102],[-91.097,-1.0084],[-91.0998,-1.0138],[-91.1115,-1.0134],[-91.1163,-1.0192],[-91.119,-1.017],[-91.1232,-1.0174],[-91.1294,-1.0251],[-91.137,-1.0214],[-91.1407,-1.0252],[-91.1378,-1.0279],[-91.1399,-1.0322],[-91.1553,-1.0348],[-91.1587,-1.038],[-91.1646,-1.0354],[-91.1648,-1.0382],[-91.1619,-1.04],[-91.1629,-1.048],[-91.1668,-1.0448],[-91.1645,-1.0432],[-91.1712,-1.0442],[-91.1724,-1.0467],[-91.1727,-1.0451],[-91.1738,-1.0447],[-91.1724,-1.0475],[-91.1773,-1.0477],[-91.1771,-1.0512],[-91.1828,-1.0441],[-91.1863,-1.0462],[-91.2014,-1.044],[-91.2058,-1.0464],[-91.2143,-1.0454],[-91.2242,-1.0351],[-91.2227,-1.0319],[-91.2278,-1.0317],[-91.229,-1.0291],[-91.2393,-1.0322],[-91.2428,-1.0276],[-91.2462,-1.0299],[-91.2499,-1.0262],[-91.2562,-1.028],[-91.2649,-1.0232],[-91.2696,-1.0253],[-91.3,-1.0172],[-91.3135,-1.0178],[-91.3191,-1.0154],[-91.3249,-1.0174],[-91.3292,-1.0155],[-91.3392,-1.0182],[-91.3491,-1.0146],[-91.38,-1.0224],[-91.4026,-1.0175],[-91.4086,-1.0111],[-91.4207,-1.0118],[-91.4276,-1.004],[-91.435,-1.0033],[-91.4438,-0.9978],[-91.4423,-0.9957],[-91.4472,-0.9893],[-91.4481,-0.9818],[-91.4448,-0.975],[-91.4485,-0.9648],[-91.4478,-0.957],[-91.455,-0.9492],[-91.4691,-0.948],[-91.4861,-0.9403],[-91.4967,-0.9285],[-91.5013,-0.9269],[-91.5124,-0.9075],[-91.51,-0.8815],[-91.5043,-0.8711],[-91.5007,-0.869],[-91.4982,-0.8586],[-91.4882,-0.8471],[-91.4792,-0.8423],[-91.4713,-0.8315],[-91.4654,-0.8293],[-91.4586,-0.8219],[-91.455,-0.8215],[-91.4445,-0.8058],[-91.4407,-0.8042],[-91.4373,-0.7961],[-91.4345,-0.7959],[-91.436,-0.7917],[-91.4337,-0.7871],[-91.4292,-0.7858],[-91.4285,-0.788],[-91.4231,-0.7822],[-91.4193,-0.784],[-91.4102,-0.7765],[-91.4104,-0.7702],[-91.4046,-0.7668],[-91.3851,-0.7629],[-91.379,-0.7548],[-91.3749,-0.756],[-91.3715,-0.7539],[-91.3682,-0.7417],[-91.3583,-0.738],[-91.3516,-0.7311],[-91.3481,-0.7233],[-91.3422,-0.7246],[-91.3439,-0.7231],[-91.3417,-0.7176],[-91.3382,-0.7209],[-91.3401,-0.7182],[-91.3358,-0.7171],[-91.3362,-0.7159],[-91.3334,-0.7136],[-91.3352,-0.7158],[-91.3325,-0.7143],[-91.3307,-0.7183],[-91.3275,-0.7105],[-91.3283,-0.706],[-91.3311,-0.7049],[-91.3303,-0.701],[-91.3238,-0.6962],[-91.3201,-0.6902],[-91.3152,-0.6932],[-91.3106,-0.6913],[-91.3015,-0.6947],[-91.2896,-0.6907],[-91.2797,-0.6938],[-91.2745,-0.691],[-91.2746,-0.6931],[-91.2722,-0.6943],[-91.2713,-0.6924],[-91.269,-0.6925],[-91.2691,-0.694],[-91.2678,-0.6942],[-91.2701,-0.6897],[-91.2675,-0.6909],[-91.2671,-0.6894],[-91.2698,-0.6887],[-91.2577,-0.6878],[-91.2574,-0.6907],[-91.2506,-0.6882],[-91.2495,-0.6792],[-91.2429,-0.6735],[-91.2414,-0.6747],[-91.2382,-0.6715],[-91.2301,-0.6696],[-91.2251,-0.672],[-91.2229,-0.6673],[-91.2178,-0.6663],[-91.2107,-0.6683],[-91.21,-0.6752],[-91.2048,-0.6728],[-91.2061,-0.6743],[-91.2034,-0.6747],[-91.2033,-0.6789],[-91.2005,-0.679],[-91.1995,-0.6765],[-91.1978,-0.6791],[-91.1893,-0.6799],[-91.184,-0.6916],[-91.1819,-0.6872],[-91.1702,-0.6881],[-91.1675,-0.6858],[-91.1672,-0.6804],[-91.16,-0.6776],[-91.1603,-0.6814],[-91.1586,-0.6767],[-91.1523,-0.676],[-91.1463,-0.6683],[-91.1415,-0.6667],[-91.141,-0.6636],[-91.1453,-0.6644],[-91.1465,-0.6617],[-91.1427,-0.6542],[-91.1412,-0.6555],[-91.1324,-0.6524],[-91.1309,-0.6546],[-91.1276,-0.6525],[-91.1255,-0.6542],[-91.1205,-0.6501],[-91.1206,-0.6468],[-91.1177,-0.6459],[-91.119,-0.6424],[-91.1158,-0.6406],[-91.1172,-0.6392],[-91.1095,-0.6356],[-91.1065,-0.6359],[-91.1057,-0.6407],[-91.0955,-0.641],[-91.0928,-0.6446],[-91.0947,-0.6392],[-91.0905,-0.6393],[-91.0898,-0.6362],[-91.0871,-0.6378],[-91.0899,-0.6292],[-91.0837,-0.6253],[-91.0791,-0.6172],[-91.0718,-0.6164],[-91.0738,-0.6128],[-91.0728,-0.6132],[-91.0723,-0.613],[-91.072,-0.6126],[-91.0722,-0.6122],[-91.0804,-0.605],[-91.0757,-0.6055],[-91.0809,-0.603],[-91.0753,-0.5976],[-91.0705,-0.5978],[-91.069,-0.594],[-91.0733,-0.5965],[-91.0756,-0.5943],[-91.0829,-0.595],[-91.0847,-0.5919],[-91.0818,-0.5873],[-91.0833,-0.5894],[-91.0894,-0.5843],[-91.0902,-0.5869],[-91.0962,-0.5884],[-91.0975,-0.5772],[-91.1009,-0.5755],[-91.1016,-0.5708],[-91.112,-0.5677],[-91.1305,-0.5574],[-91.1374,-0.5487],[-91.1413,-0.5485],[-91.1546,-0.5356],[-91.1729,-0.5139],[-91.1813,-0.5109],[-91.1915,-0.502],[-91.1995,-0.4989],[-91.2132,-0.4879],[-91.2207,-0.4776],[-91.2282,-0.4536],[-91.226,-0.4449],[-91.2276,-0.4135],[-91.2236,-0.3991],[-91.2257,-0.3929],[-91.2381,-0.3967],[-91.2414,-0.394],[-91.2391,-0.3884],[-91.2446,-0.3885],[-91.251,-0.3816],[-91.2519,-0.3843],[-91.2557,-0.3817],[-91.2559,-0.3836],[-91.2622,-0.3832],[-91.2613,-0.3789],[-91.2591,-0.3782],[-91.2589,-0.3779],[-91.2605,-0.3776],[-91.2619,-0.3793],[-91.2643,-0.3753],[-91.2636,-0.3775],[-91.2662,-0.3786],[-91.2725,-0.3733],[-91.2701,-0.3705],[-91.2772,-0.3623],[-91.2819,-0.3604],[-91.2798,-0.357],[-91.2837,-0.3558],[-91.2844,-0.3516],[-91.2885,-0.3548],[-91.2962,-0.3511],[-91.2976,-0.3479],[-91.3029,-0.3487],[-91.3202,-0.3431],[-91.324,-0.3413],[-91.3226,-0.3402],[-91.3248,-0.3378],[-91.3352,-0.3338],[-91.3381,-0.3246],[-91.3468,-0.3194],[-91.3475,-0.3146],[-91.3537,-0.3096],[-91.3539,-0.3048],[-91.3577,-0.3031],[-91.3575,-0.2939],[-91.3628,-0.2912],[-91.3662,-0.2732],[-91.3712,-0.2697],[-91.3695,-0.2602],[-91.3718,-0.2596],[-91.3778,-0.2677],[-91.3812,-0.2682],[-91.3879,-0.2605],[-91.3867,-0.2456],[-91.3933,-0.2338],[-91.3919,-0.2268],[-91.3967,-0.2234],[-91.392,-0.2206],[-91.3928,-0.208],[-91.3885,-0.2067],[-91.3861,-0.2094],[-91.3813,-0.2056],[-91.3836,-0.2041],[-91.3831,-0.1963],[-91.3902,-0.1895],[-91.3971,-0.1726],[-91.405,-0.1635],[-91.4039,-0.155],[-91.4069,-0.1347],[-91.4031,-0.1177],[-91.4071,-0.1071],[-91.4044,-0.1007],[-91.4091,-0.0669],[-91.4076,-0.0634],[-91.4049,-0.0643],[-91.4092,-0.0541],[-91.4081,-0.049],[-91.4108,-0.0478],[-91.412,-0.0405],[-91.4183,-0.0365],[-91.419,-0.0307],[-91.4386,-0.0175],[-91.4488,-0.0173],[-91.4527,-0.0146],[-91.4705,-0.0147],[-91.4773,-0.0165],[-91.4921,-0.027],[-91.5156,-0.0384],[-91.5242,-0.0405],[-91.5343,-0.0394],[-91.5381,-0.0434],[-91.5443,-0.045],[-91.5481,-0.0509],[-91.5584,-0.0485],[-91.5614,-0.0539],[-91.568,-0.0482],[-91.5706,-0.0382],[-91.5792,-0.0228],[-91.5821,-0.0228],[-91.5943,-0.0113],[-91.5878,0.0059],[-91.5777,0.0075],[-91.5719,0.0155],[-91.5671,0.0149],[-91.5611,0.0195],[-91.5566,0.0183],[-91.5478,0.025],[-91.5353,0.0278],[-91.5266,0.0362],[-91.5218,0.0367],[-91.5165,0.0479],[-91.5087,0.0526],[-91.5092,0.0598],[-91.5042,0.0649],[-91.4987,0.0659],[-91.499,0.0734],[-91.4935,0.0792],[-91.4911,0.079],[-91.4921,0.0842],[-91.4951,0.0857],[-91.4903,0.09],[-91.4907,0.099],[-91.4866,0.0997],[-91.4854,0.1023],[-91.4826,0.1014],[-91.4734,0.1082],[-91.4658,0.1062],[-91.454,0.1113],[-91.451,0.1088],[-91.4465,0.1105],[-91.4428,0.1075],[-91.4308,0.1115],[-91.4266,0.1165],[-91.417,0.1203],[-91.4126,0.1203],[-91.4122,0.1173],[-91.4089,0.1215],[-91.402,0.1225],[-91.3995,0.1265],[-91.3917,0.1243],[-91.3872,0.1274],[-91.3855,0.1349],[-91.3782,0.1361],[-91.3787,0.1409],[-91.3752,0.141],[-91.3769,0.1432],[-91.3697,0.1466],[-91.3672,0.1531],[-91.3634,0.1523],[-91.3604,0.154],[-91.365,0.1533],[-91.3641,0.1561],[-91.3674,0.1539],[-91.3631,0.1621],[-91.3622,0.1598],[-91.358,0.1618],[-91.3566,0.1586],[-91.3541,0.1603],[-91.3529,0.1579],[-91.3497,0.1577],[-91.3473,0.1622],[-91.3404,0.1639]],[[-91.4589,-0.2604],[-91.4525,-0.264],[-91.4438,-0.263],[-91.4459,-0.2688],[-91.4448,-0.2733],[-91.443,-0.2717],[-91.4442,-0.2733],[-91.4404,-0.2735],[-91.4419,-0.2757],[-91.4409,-0.2751],[-91.4396,-0.2768],[-91.4386,-0.2765],[-91.4402,-0.2748],[-91.437,-0.2748],[-91.4387,-0.2731],[-91.4372,-0.271],[-91.4356,-0.2742],[-91.4323,-0.2735],[-91.4263,-0.2769],[-91.4189,-0.2864],[-91.4131,-0.286],[-91.4072,-0.2932],[-91.4078,-0.2953],[-91.4053,-0.295],[-91.4052,-0.2994],[-91.4073,-0.2999],[-91.4074,-0.3011],[-91.4025,-0.304],[-91.4022,-0.3083],[-91.3995,-0.3079],[-91.3967,-0.3181],[-91.3939,-0.3207],[-91.3951,-0.3291],[-91.3853,-0.3344],[-91.3872,-0.3348],[-91.3847,-0.3383],[-91.3856,-0.3427],[-91.3889,-0.3436],[-91.3809,-0.3478],[-91.3806,-0.355],[-91.3827,-0.3586],[-91.3807,-0.358],[-91.3832,-0.3597],[-91.3845,-0.3556],[-91.3844,-0.3601],[-91.386,-0.3588],[-91.3885,-0.3596],[-91.3864,-0.3618],[-91.3812,-0.36],[-91.3794,-0.3619],[-91.3807,-0.3685],[-91.3815,-0.3694],[-91.3834,-0.3692],[-91.3839,-0.3698],[-91.3815,-0.3715],[-91.3828,-0.3793],[-91.3789,-0.3834],[-91.3769,-0.3947],[-91.3818,-0.3979],[-91.3866,-0.4113],[-91.3841,-0.4134],[-91.3845,-0.4192],[-91.3878,-0.4241],[-91.3917,-0.4246],[-91.3951,-0.4334],[-91.3893,-0.4363],[-91.3894,-0.4477],[-91.3873,-0.4487],[-91.3887,-0.4533],[-91.387,-0.4538],[-91.3887,-0.4573],[-91.3892,-0.4539],[-91.3938,-0.4625],[-91.3993,-0.4662],[-91.4017,-0.4741],[-91.4082,-0.4768],[-91.4161,-0.4828],[-91.4178,-0.4877],[-91.4241,-0.4896],[-91.4246,-0.4927],[-91.4277,-0.4932],[-91.4279,-0.4941],[-91.4304,-0.4948],[-91.4305,-0.4955],[-91.4442,-0.4937],[-91.4641,-0.4998],[-91.4915,-0.5022],[-91.4952,-0.506],[-91.5139,-0.5054],[-91.519,-0.5034],[-91.5215,-0.4991],[-91.5332,-0.4985],[-91.5388,-0.4939],[-91.5571,-0.4899],[-91.5995,-0.4862],[-91.6032,-0.4824],[-91.6097,-0.4808],[-91.6128,-0.4741],[-91.6109,-0.4685],[-91.6256,-0.4513],[-91.6318,-0.4306],[-91.6411,-0.4183],[-91.6424,-0.4127],[-91.6461,-0.4104],[-91.651,-0.3959],[-91.6531,-0.3404],[-91.6575,-0.3358],[-91.6616,-0.3218],[-91.6613,-0.313],[-91.6585,-0.3071],[-91.6531,-0.3022],[-91.6516,-0.3043],[-91.6436,-0.2997],[-91.6296,-0.3003],[-91.6179,-0.296],[-91.6144,-0.2985],[-91.6044,-0.2966],[-91.5917,-0.2985],[-91.5867,-0.2962],[-91.5595,-0.2967],[-91.5476,-0.2936],[-91.5467,-0.291],[-91.5329,-0.284],[-91.5091,-0.2822],[-91.5008,-0.2777],[-91.4979,-0.2724],[-91.4872,-0.2647],[-91.4726,-0.2612],[-91.4617,-0.2634],[-91.4589,-0.2604]],[[-91.3812,-0.3573],[-91.3818,-0.3577],[-91.3818,-0.3574],[-91.3812,-0.3573]],[[-91.1327,-0.2635],[-91.1325,-0.2635],[-91.1327,-0.2638],[-91.1327,-0.2635]],[[-91.3348,0.1572],[-91.3345,0.1573],[-91.3345,0.1572],[-91.3348,0.1572]],[[-91.3503,0.1589],[-91.3499,0.1586],[-91.3504,0.1589],[-91.3503,0.1589]],[[-91.352,0.159],[-91.3522,0.1595],[-91.3521,0.1596],[-91.3518,0.1592],[-91.352,0.159]],[[-91.3563,0.161],[-91.3568,0.1615],[-91.3561,0.1612],[-91.3563,0.161]],[[-91.3606,0.1613],[-91.3611,0.1617],[-91.3605,0.1615],[-91.3606,0.1613]],[[-91.3605,0.1627],[-91.3615,0.1613],[-91.3611,0.1625],[-91.3605,0.1627]],[[-91.3588,0.1628],[-91.3589,0.1617],[-91.3605,0.1631],[-91.3588,0.1628]],[[-91.3399,0.1644],[-91.3395,0.1644],[-91.34,0.1641],[-91.3399,0.1644]],[[-91.3393,0.1645],[-91.3391,0.1642],[-91.3393,0.1641],[-91.3393,0.1645]],[[-91.3389,0.1644],[-91.3386,0.1644],[-91.3388,0.1642],[-91.3389,0.1644]],[[-91.818,1.3944],[-91.8181,1.3882],[-91.8122,1.3841],[-91.8115,1.381],[-91.8147,1.376],[-91.8243,1.3746],[-91.8238,1.3769],[-91.817,1.3793],[-91.8172,1.3847],[-91.819,1.3835],[-91.8206,1.3903],[-91.8258,1.3909],[-91.8248,1.3924],[-91.8214,1.3906],[-91.818,1.3944]],[[-91.9905,1.6716],[-91.9905,1.6714],[-91.9906,1.6714],[-91.9905,1.6716]],[[-91.9908,1.6719],[-91.9906,1.6723],[-91.9904,1.6722],[-91.9908,1.6719]],[[-91.9984,1.6724],[-91.9982,1.6724],[-91.9985,1.6723],[-91.9984,1.6724]],[[-91.9988,1.6723],[-91.9988,1.6726],[-91.9986,1.6722],[-91.9988,1.6723]],[[-92.0081,1.6778],[-92.008,1.6781],[-92.0079,1.6779],[-92.0081,1.6778]],[[-92.0042,1.6816],[-91.9991,1.6798],[-91.9986,1.675],[-92.0076,1.6745],[-92.0062,1.6765],[-92.0078,1.6787],[-92.0092,1.6788],[-92.0042,1.6816]],[[-92.0083,1.6807],[-92.0081,1.6807],[-92.0082,1.6806],[-92.0083,1.6807]],[[-90.9557,-0.6122],[-90.9559,-0.6119],[-90.9555,-0.6118],[-90.9557,-0.6122]],[[-91.0743,-0.612],[-91.0741,-0.6119],[-91.0742,-0.6122],[-91.0743,-0.612]],[[-90.9565,-0.611],[-90.9565,-0.612],[-90.9568,-0.6118],[-90.9565,-0.611]],[[-91.0787,-0.5991],[-91.0781,-0.5988],[-91.0785,-0.5994],[-91.0787,-0.5991]],[[-91.0774,-0.5986],[-91.0779,-0.5985],[-91.0778,-0.5983],[-91.0774,-0.5986]],[[-90.9497,-0.546],[-90.9493,-0.546],[-90.9493,-0.5464],[-90.9497,-0.546]],[[-90.9537,-0.436],[-90.9538,-0.4371],[-90.9542,-0.4361],[-90.9537,-0.436]],[[-90.9526,-0.4365],[-90.9524,-0.4365],[-90.9525,-0.4366],[-90.9526,-0.4365]],[[-90.9529,-0.4362],[-90.9529,-0.4364],[-90.953,-0.4362],[-90.9529,-0.4362]],[[-90.9534,-0.4353],[-90.9533,-0.4359],[-90.9538,-0.4354],[-90.9534,-0.4353]],[[-90.9512,-0.4345],[-90.9509,-0.4342],[-90.9509,-0.4344],[-90.9512,-0.4345]],[[-90.9503,-0.4343],[-90.9509,-0.4339],[-90.9505,-0.4339],[-90.9503,-0.4343]],[[-90.9513,-0.434],[-90.9512,-0.4338],[-90.9511,-0.4341],[-90.9513,-0.434]],[[-90.9481,-0.4328],[-90.9482,-0.4327],[-90.9481,-0.4328]],[[-90.9484,-0.4325],[-90.9485,-0.4327],[-90.9487,-0.4326],[-90.9484,-0.4325]],[[-90.9486,-0.4324],[-90.9486,-0.4325],[-90.9486,-0.4324]],[[-90.9489,-0.4323],[-90.9487,-0.4324],[-90.9489,-0.4324],[-90.9489,-0.4323]],[[-90.9485,-0.4323],[-90.9484,-0.4323],[-90.9485,-0.4323]],[[-90.9477,-0.4323],[-90.9483,-0.4323],[-90.948,-0.4319],[-90.9477,-0.4323]],[[-90.9489,-0.432],[-90.9489,-0.4322],[-90.9489,-0.432]],[[-90.9482,-0.4317],[-90.9481,-0.4318],[-90.9482,-0.4318],[-90.9482,-0.4317]],[[-90.9489,-0.4314],[-90.9485,-0.4317],[-90.9489,-0.4318],[-90.9489,-0.4314]],[[-90.9481,-0.43],[-90.9481,-0.4301],[-90.9481,-0.43]],[[-90.95,-0.4252],[-90.9498,-0.4251],[-90.9498,-0.4252],[-90.95,-0.4252]],[[-90.9497,-0.4251],[-90.9497,-0.4247],[-90.9495,-0.425],[-90.9497,-0.4251]],[[-90.9498,-0.424],[-90.95,-0.424],[-90.9501,-0.424],[-90.9498,-0.424]],[[-90.948,-0.4238],[-90.9481,-0.4239],[-90.9481,-0.4238],[-90.948,-0.4238]],[[-90.9486,-0.4239],[-90.9485,-0.4237],[-90.9485,-0.4239],[-90.9486,-0.4239]],[[-90.9501,-0.4236],[-90.95,-0.4237],[-90.9501,-0.4237],[-90.9501,-0.4236]],[[-90.9477,-0.4234],[-90.9481,-0.4234],[-90.9481,-0.4232],[-90.9477,-0.4234]],[[-90.9499,-0.4232],[-90.9497,-0.4233],[-90.9499,-0.4232]],[[-90.9488,-0.4234],[-90.9488,-0.4231],[-90.9487,-0.4234],[-90.9488,-0.4234]],[[-90.9511,-0.4226],[-90.9513,-0.4223],[-90.9511,-0.4225],[-90.9511,-0.4226]],[[-90.9547,-0.4225],[-90.955,-0.4225],[-90.9547,-0.4222],[-90.9547,-0.4225]],[[-90.9516,-0.4221],[-90.9517,-0.4221],[-90.9516,-0.4221]],[[-90.9514,-0.4221],[-90.9514,-0.4222],[-90.9514,-0.4221]],[[-90.953,-0.422],[-90.953,-0.4219],[-90.9529,-0.422],[-90.953,-0.422]],[[-90.9526,-0.4217],[-90.9526,-0.4218],[-90.9527,-0.4217],[-90.9526,-0.4217]],[[-90.9529,-0.4217],[-90.953,-0.4216],[-90.9529,-0.4216],[-90.9529,-0.4217]],[[-90.9538,-0.4215],[-90.9538,-0.4216],[-90.9538,-0.4215]],[[-90.9523,-0.4214],[-90.9524,-0.4215],[-90.9523,-0.4214]],[[-90.9528,-0.4214],[-90.9526,-0.4215],[-90.9527,-0.4215],[-90.9528,-0.4214]],[[-90.9538,-0.4213],[-90.9539,-0.4213],[-90.9538,-0.4213]],[[-90.96,-0.3855],[-90.962,-0.3861],[-90.9617,-0.3883],[-90.963,-0.3846],[-90.9608,-0.3834],[-90.96,-0.3855]],[[-90.8696,-1.03],[-90.871,-1.0301],[-90.8696,-1.0299],[-90.8696,-1.03]],[[-90.8818,-1.0249],[-90.8812,-1.0277],[-90.8827,-1.0254],[-90.8818,-1.0249]],[[-90.8722,-1.0076],[-90.8631,-1.0133],[-90.8625,-1.0237],[-90.8655,-1.0145],[-90.873,-1.0106],[-90.8793,-1.0123],[-90.8848,-1.0205],[-90.8815,-1.0105],[-90.8722,-1.0076]],[[-90.9273,-0.9633],[-90.9252,-0.9642],[-90.9264,-0.9646],[-90.9273,-0.9633]],[[-90.8115,-0.8532],[-90.8121,-0.8531],[-90.8115,-0.8531],[-90.8115,-0.8532]],[[-90.8105,-0.8525],[-90.8103,-0.8525],[-90.8105,-0.8526],[-90.8105,-0.8525]],[[-90.8102,-0.8524],[-90.81,-0.8523],[-90.8102,-0.8525],[-90.8102,-0.8524]],[[-90.8107,-0.8459],[-90.8085,-0.8487],[-90.8136,-0.8503],[-90.8126,-0.8467],[-90.8107,-0.8459]],[[-90.8056,-0.7873],[-90.8055,-0.7872],[-90.8053,-0.7874],[-90.8056,-0.7873]],[[-90.81,-0.7377],[-90.8103,-0.7381],[-90.8105,-0.7377],[-90.81,-0.7377]],[[-90.8051,-0.7245],[-90.8056,-0.7236],[-90.8054,-0.7235],[-90.8051,-0.7245]],[[-90.9443,-0.4342],[-90.943,-0.4332],[-90.9428,-0.4345],[-90.9443,-0.4342]],[[-90.9445,-0.4332],[-90.9445,-0.4333],[-90.9446,-0.4333],[-90.9445,-0.4332]],[[-90.945,-0.4332],[-90.9452,-0.4333],[-90.9452,-0.4332],[-90.945,-0.4332]],[[-90.9437,-0.4332],[-90.9439,-0.433],[-90.9438,-0.4329],[-90.9437,-0.4332]],[[-90.9476,-0.433],[-90.9475,-0.433],[-90.9475,-0.4331],[-90.9476,-0.433]],[[-90.9448,-0.433],[-90.9447,-0.433],[-90.9446,-0.433],[-90.9448,-0.433]],[[-90.9449,-0.4328],[-90.945,-0.4328],[-90.9449,-0.4328]],[[-90.9442,-0.4327],[-90.9442,-0.4328],[-90.9443,-0.4328],[-90.9442,-0.4327]],[[-90.9456,-0.4326],[-90.9457,-0.4325],[-90.9456,-0.4325],[-90.9456,-0.4326]],[[-90.9479,-0.4325],[-90.9478,-0.4325],[-90.9479,-0.4325]],[[-90.9468,-0.4324],[-90.9469,-0.4325],[-90.9468,-0.4324]],[[-90.9468,-0.4324],[-90.9467,-0.4324],[-90.9468,-0.4324]],[[-90.9452,-0.4324],[-90.9451,-0.4323],[-90.9451,-0.4325],[-90.9452,-0.4324]],[[-90.9478,-0.4318],[-90.9479,-0.4319],[-90.948,-0.4316],[-90.9478,-0.4318]],[[-90.9468,-0.431],[-90.9469,-0.431],[-90.9469,-0.4309],[-90.9468,-0.431]],[[-90.9476,-0.4308],[-90.9477,-0.4308],[-90.9476,-0.4308]],[[-90.9474,-0.4306],[-90.9473,-0.4306],[-90.9474,-0.4306]],[[-90.9478,-0.4298],[-90.9476,-0.4298],[-90.9477,-0.4299],[-90.9478,-0.4298]],[[-90.9473,-0.4297],[-90.9474,-0.4294],[-90.9472,-0.4295],[-90.9473,-0.4297]],[[-90.9475,-0.4293],[-90.9474,-0.4293],[-90.9475,-0.4294],[-90.9475,-0.4293]],[[-90.9467,-0.4278],[-90.9465,-0.4277],[-90.9465,-0.428],[-90.9467,-0.4278]],[[-90.946,-0.4276],[-90.946,-0.4277],[-90.946,-0.4276]],[[-90.9466,-0.4273],[-90.947,-0.4274],[-90.9466,-0.4273]],[[-90.9456,-0.4271],[-90.9455,-0.4272],[-90.9457,-0.4272],[-90.9456,-0.4271]],[[-90.9477,-0.4268],[-90.9476,-0.4269],[-90.9478,-0.4269],[-90.9477,-0.4268]],[[-90.9478,-0.4267],[-90.9479,-0.4267],[-90.9478,-0.4267]],[[-90.9474,-0.427],[-90.9473,-0.4262],[-90.9471,-0.4262],[-90.9474,-0.427]],[[-90.9477,-0.4266],[-90.9478,-0.4265],[-90.9477,-0.4266]],[[-90.9478,-0.4256],[-90.9479,-0.4257],[-90.9479,-0.4256],[-90.9478,-0.4256]],[[-90.8467,-0.1724],[-90.843,-0.1737],[-90.848,-0.175],[-90.8467,-0.1724]],[[-90.8189,-0.1569],[-90.8197,-0.1567],[-90.8193,-0.1563],[-90.8189,-0.1569]],[[-90.7818,-0.862],[-90.7737,-0.8604],[-90.7723,-0.8665],[-90.7742,-0.8676],[-90.7774,-0.8637],[-90.7799,-0.8658],[-90.7795,-0.8691],[-90.7815,-0.8683],[-90.7818,-0.862]],[[-90.7511,-0.8501],[-90.7485,-0.8492],[-90.7475,-0.8496],[-90.7511,-0.8501]],[[-90.7989,-0.8464],[-90.796,-0.8497],[-90.8028,-0.8515],[-90.8031,-0.8481],[-90.7989,-0.8464]],[[-90.8047,-0.787],[-90.8048,-0.7873],[-90.8049,-0.7873],[-90.8047,-0.787]],[[-90.7953,-0.7791],[-90.7952,-0.7793],[-90.7954,-0.7792],[-90.7953,-0.7791]],[[-90.7837,-0.7693],[-90.7838,-0.7696],[-90.7844,-0.7691],[-90.7837,-0.7693]],[[-90.7844,-0.7688],[-90.7846,-0.7686],[-90.7844,-0.7685],[-90.7844,-0.7688]],[[-90.7885,-0.7498],[-90.7886,-0.7496],[-90.7884,-0.7496],[-90.7885,-0.7498]],[[-90.8061,-0.7368],[-90.8055,-0.7372],[-90.8059,-0.7371],[-90.8061,-0.7368]],[[-90.5435,-0.6118],[-90.5432,-0.6115],[-90.5431,-0.6118],[-90.5435,-0.6118]],[[-90.6702,-0.5877],[-90.6583,-0.5917],[-90.6548,-0.5996],[-90.6477,-0.6025],[-90.6445,-0.6072],[-90.6425,-0.6194],[-90.646,-0.6215],[-90.6489,-0.6304],[-90.6554,-0.6305],[-90.6571,-0.6345],[-90.6661,-0.6322],[-90.6735,-0.6253],[-90.6848,-0.6214],[-90.688,-0.6006],[-90.6823,-0.5918],[-90.6702,-0.5877]],[[-90.5397,-0.6012],[-90.5396,-0.6014],[-90.5397,-0.6014],[-90.5397,-0.6012]],[[-90.654,-0.5996],[-90.654,-0.5986],[-90.6537,-0.5985],[-90.654,-0.5996]],[[-90.6843,-0.592],[-90.6841,-0.5911],[-90.6838,-0.5914],[-90.6843,-0.592]],[[-90.5377,-0.5579],[-90.5342,-0.56],[-90.5352,-0.5621],[-90.5394,-0.5612],[-90.5377,-0.5579]],[[-90.5164,-0.5354],[-90.518,-0.5355],[-90.5172,-0.5348],[-90.5164,-0.5354]],[[-90.516,-0.5341],[-90.5157,-0.5346],[-90.5163,-0.5342],[-90.516,-0.5341]],[[-90.5175,-0.5318],[-90.5172,-0.5343],[-90.5187,-0.5321],[-90.5175,-0.5318]],[[-90.4723,-0.5198],[-90.4724,-0.5201],[-90.4723,-0.5198]],[[-90.4717,-0.5198],[-90.472,-0.5197],[-90.4717,-0.5195],[-90.4718,-0.5193],[-90.4717,-0.5194],[-90.4717,-0.5198]],[[-90.4725,-0.519],[-90.4724,-0.5187],[-90.4725,-0.5191],[-90.4725,-0.519]],[[-90.4749,-0.5154],[-90.4747,-0.5188],[-90.4731,-0.5202],[-90.4786,-0.5186],[-90.4749,-0.5154]],[[-90.5258,-0.515],[-90.5249,-0.5152],[-90.5254,-0.5171],[-90.5258,-0.515]],[[-90.5275,-0.5137],[-90.5277,-0.5146],[-90.5287,-0.5135],[-90.5275,-0.5137]],[[-90.5298,-0.5135],[-90.5291,-0.5136],[-90.5299,-0.5137],[-90.5298,-0.5135]],[[-90.6319,-0.4193],[-90.6267,-0.4176],[-90.6267,-0.4183],[-90.6319,-0.4193]],[[-90.6326,-0.4166],[-90.6309,-0.4169],[-90.6319,-0.418],[-90.6326,-0.4166]],[[-90.6274,-0.4131],[-90.6282,-0.4144],[-90.6284,-0.4143],[-90.6274,-0.4131]],[[-90.7045,-0.398],[-90.7064,-0.4019],[-90.6971,-0.4102],[-90.6994,-0.4193],[-90.7057,-0.4227],[-90.7055,-0.4277],[-90.7113,-0.4243],[-90.7146,-0.4258],[-90.7206,-0.4142],[-90.7198,-0.4112],[-90.712,-0.4063],[-90.7117,-0.4005],[-90.7045,-0.398]],[[-90.5775,-0.3756],[-90.5782,-0.375],[-90.5775,-0.3752],[-90.5775,-0.3756]],[[-90.5724,-0.3747],[-90.5735,-0.3747],[-90.5734,-0.3745],[-90.5724,-0.3747]],[[-90.5813,-0.3682],[-90.582,-0.3714],[-90.5858,-0.3717],[-90.5841,-0.3678],[-90.5813,-0.3682]],[[-90.5701,-0.3689],[-90.571,-0.3662],[-90.5692,-0.3677],[-90.5701,-0.3689]],[[-90.566,-0.3656],[-90.5675,-0.3638],[-90.5666,-0.3628],[-90.566,-0.3656]],[[-90.5639,-0.3578],[-90.5654,-0.3593],[-90.5659,-0.3596],[-90.5639,-0.3578]],[[-90.5636,-0.35],[-90.5654,-0.3529],[-90.5683,-0.3514],[-90.5671,-0.3484],[-90.5636,-0.35]],[[-90.6729,-0.3486],[-90.6717,-0.35],[-90.6729,-0.3502],[-90.6729,-0.3486]],[[-90.5585,-0.3487],[-90.5588,-0.347],[-90.5577,-0.3482],[-90.5585,-0.3487]],[[-90.5577,-0.3422],[-90.5609,-0.3435],[-90.5609,-0.3427],[-90.5577,-0.3422]],[[-90.5516,-0.2801],[-90.542,-0.281],[-90.5414,-0.2851],[-90.5478,-0.289],[-90.5549,-0.2863],[-90.5595,-0.29],[-90.5598,-0.2863],[-90.5554,-0.2851],[-90.5516,-0.2801]],[[-90.79,-0.146],[-90.7852,-0.1477],[-90.7812,-0.1458],[-90.7788,-0.1484],[-90.7662,-0.1518],[-90.7496,-0.1502],[-90.7393,-0.1638],[-90.7235,-0.1694],[-90.7112,-0.1694],[-90.7034,-0.1722],[-90.699,-0.1809],[-90.7022,-0.1837],[-90.6973,-0.1888],[-90.6921,-0.1892],[-90.6883,-0.1864],[-90.6766,-0.1895],[-90.6734,-0.197],[-90.6655,-0.1969],[-90.6642,-0.1937],[-90.6525,-0.1975],[-90.6469,-0.1959],[-90.646,-0.2034],[-90.6355,-0.2053],[-90.6321,-0.2099],[-90.6268,-0.2067],[-90.6182,-0.2148],[-90.6066,-0.2169],[-90.6045,-0.2194],[-90.6068,-0.2221],[-90.6054,-0.225],[-90.6002,-0.2234],[-90.5977,-0.2288],[-90.5946,-0.2279],[-90.5907,-0.2325],[-90.5885,-0.2315],[-90.5889,-0.2351],[-90.586,-0.2359],[-90.5863,-0.2379],[-90.5825,-0.2374],[-90.5839,-0.24],[-90.581,-0.2471],[-90.5787,-0.2465],[-90.5808,-0.2534],[-90.5767,-0.2559],[-90.5766,-0.2615],[-90.573,-0.2656],[-90.5746,-0.268],[-90.5727,-0.272],[-90.5746,-0.2729],[-90.573,-0.2772],[-90.5753,-0.2816],[-90.5703,-0.2815],[-90.564,-0.2851],[-90.5661,-0.2893],[-90.5646,-0.2917],[-90.5507,-0.2995],[-90.5464,-0.3175],[-90.5491,-0.3208],[-90.563,-0.3238],[-90.568,-0.3285],[-90.5667,-0.335],[-90.5708,-0.3369],[-90.5731,-0.3476],[-90.5771,-0.348],[-90.5759,-0.3538],[-90.5792,-0.3637],[-90.5864,-0.3665],[-90.5888,-0.3715],[-90.5924,-0.3704],[-90.5989,-0.375],[-90.605,-0.375],[-90.609,-0.3721],[-90.6135,-0.3724],[-90.6159,-0.3692],[-90.6226,-0.3678],[-90.6309,-0.37],[-90.6378,-0.3642],[-90.6403,-0.3655],[-90.6494,-0.3618],[-90.6539,-0.3634],[-90.6554,-0.3569],[-90.6585,-0.3554],[-90.6614,-0.3576],[-90.6677,-0.3541],[-90.6712,-0.3466],[-90.6738,-0.3477],[-90.6746,-0.3535],[-90.6845,-0.3515],[-90.689,-0.3527],[-90.6923,-0.3574],[-90.6929,-0.3551],[-90.6952,-0.357],[-90.7026,-0.3522],[-90.7104,-0.3587],[-90.72,-0.3582],[-90.724,-0.3548],[-90.7329,-0.3607],[-90.7359,-0.3587],[-90.7408,-0.3604],[-90.748,-0.3533],[-90.7515,-0.3539],[-90.7578,-0.3476],[-90.7613,-0.3478],[-90.7637,-0.3437],[-90.7662,-0.344],[-90.7719,-0.3342],[-90.7798,-0.3389],[-90.7848,-0.3375],[-90.7892,-0.3301],[-90.7882,-0.3279],[-90.791,-0.3263],[-90.7913,-0.3281],[-90.7964,-0.3275],[-90.8023,-0.3353],[-90.8061,-0.335],[-90.8107,-0.3303],[-90.8148,-0.332],[-90.8212,-0.3264],[-90.8219,-0.3288],[-90.8268,-0.3283],[-90.8307,-0.3311],[-90.8334,-0.3293],[-90.8339,-0.3217],[-90.8311,-0.315],[-90.8338,-0.3059],[-90.8314,-0.303],[-90.8334,-0.3021],[-90.8298,-0.2984],[-90.836,-0.2948],[-90.8374,-0.2911],[-90.8449,-0.2904],[-90.8435,-0.2813],[-90.8484,-0.2781],[-90.8476,-0.2747],[-90.8544,-0.2712],[-90.8572,-0.2754],[-90.862,-0.275],[-90.8628,-0.2723],[-90.8705,-0.2689],[-90.8707,-0.2612],[-90.8687,-0.2613],[-90.8668,-0.2573],[-90.8701,-0.2478],[-90.8685,-0.2436],[-90.8627,-0.2395],[-90.8596,-0.2428],[-90.8544,-0.2412],[-90.8499,-0.2355],[-90.8499,-0.2316],[-90.8466,-0.2301],[-90.8451,-0.2214],[-90.8315,-0.2081],[-90.8286,-0.1997],[-90.8354,-0.1943],[-90.8339,-0.1852],[-90.8382,-0.178],[-90.8328,-0.1726],[-90.8272,-0.1709],[-90.8261,-0.1669],[-90.829,-0.1626],[-90.8243,-0.1661],[-90.8159,-0.1553],[-90.8088,-0.1535],[-90.8063,-0.15],[-90.7959,-0.1494],[-90.79,-0.146]],[[-90.5081,-0.1452],[-90.514,-0.1462],[-90.519,-0.1382],[-90.519,-0.1313],[-90.4992,-0.1193],[-90.4992,-0.1342],[-90.5081,-0.1452]],[[-90.4964,0.3862],[-90.4608,0.3857],[-90.4581,0.3807],[-90.4521,0.3777],[-90.4472,0.3679],[-90.4364,0.3632],[-90.42,0.3469],[-90.4013,0.3228],[-90.402,0.318],[-90.407,0.3122],[-90.4068,0.3074],[-90.4184,0.2962],[-90.4373,0.2869],[-90.4542,0.2848],[-90.4718,0.2772],[-90.4809,0.2771],[-90.4864,0.2815],[-90.5032,0.2869],[-90.5033,0.2908],[-90.5075,0.2931],[-90.509,0.3008],[-90.5184,0.3037],[-90.5223,0.3023],[-90.5242,0.307],[-90.532,0.3084],[-90.5399,0.3141],[-90.5384,0.3216],[-90.5418,0.3279],[-90.5409,0.3375],[-90.5431,0.3452],[-90.5366,0.3622],[-90.5294,0.37],[-90.5237,0.3703],[-90.5075,0.3809],[-90.4979,0.3837],[-90.4964,0.3862]],[[-90.7627,0.639],[-90.7569,0.6256],[-90.749,0.6213],[-90.7398,0.6078],[-90.7297,0.599],[-90.7249,0.587],[-90.7246,0.5789],[-90.718,0.5653],[-90.7191,0.5589],[-90.7172,0.5548],[-90.7221,0.541],[-90.7265,0.5413],[-90.7316,0.546],[-90.7381,0.5456],[-90.7416,0.5413],[-90.7503,0.5455],[-90.7619,0.5461],[-90.7701,0.5519],[-90.78,0.5524],[-90.7833,0.5618],[-90.7832,0.5839],[-90.7887,0.594],[-90.7905,0.6057],[-90.7869,0.6132],[-90.7893,0.6265],[-90.7846,0.6318],[-90.7831,0.6401],[-90.7791,0.6439],[-90.7627,0.639]],[[-89.6464,-1.4095],[-89.6462,-1.4092],[-89.6459,-1.4096],[-89.6464,-1.4095]],[[-89.6546,-1.4075],[-89.655,-1.408],[-89.655,-1.4075],[-89.6546,-1.4075]],[[-89.7366,-1.3775],[-89.7352,-1.3783],[-89.7352,-1.3792],[-89.7366,-1.3775]],[[-89.666,-1.3448],[-89.6617,-1.3479],[-89.6626,-1.3503],[-89.6601,-1.3536],[-89.6484,-1.3566],[-89.641,-1.3661],[-89.6363,-1.3647],[-89.6328,-1.3665],[-89.6309,-1.3756],[-89.624,-1.3787],[-89.6271,-1.3847],[-89.62,-1.3875],[-89.618,-1.3946],[-89.6259,-1.3946],[-89.6284,-1.3999],[-89.6259,-1.4046],[-89.6297,-1.4104],[-89.6378,-1.4116],[-89.6405,-1.4064],[-89.6462,-1.409],[-89.6491,-1.4062],[-89.6569,-1.4073],[-89.6622,-1.4042],[-89.6723,-1.4061],[-89.6723,-1.4043],[-89.6758,-1.4047],[-89.6796,-1.4016],[-89.6854,-1.4044],[-89.6897,-1.3951],[-89.7041,-1.3958],[-89.706,-1.3919],[-89.7086,-1.3934],[-89.7233,-1.3834],[-89.7328,-1.3808],[-89.739,-1.3735],[-89.7446,-1.3752],[-89.746,-1.3689],[-89.7385,-1.3693],[-89.734,-1.3599],[-89.7261,-1.3598],[-89.7162,-1.3519],[-89.704,-1.3515],[-89.6999,-1.3492],[-89.7001,-1.3445],[-89.6976,-1.348],[-89.693,-1.3456],[-89.6866,-1.3499],[-89.6817,-1.346],[-89.6747,-1.3492],[-89.666,-1.3448]],[[-89.6488,-1.3515],[-89.6478,-1.352],[-89.6495,-1.3529],[-89.6488,-1.3515]],[[-90.3093,-1.3478],[-90.3078,-1.3461],[-90.3074,-1.3463],[-90.3093,-1.3478]],[[-89.6617,-1.347],[-89.662,-1.3465],[-89.6614,-1.3469],[-89.6617,-1.347]],[[-90.2915,-1.3293],[-90.2898,-1.3309],[-90.2939,-1.3379],[-90.2969,-1.3386],[-90.3001,-1.3361],[-90.3001,-1.3315],[-90.2915,-1.3293]],[[-90.3345,-1.3068],[-90.3386,-1.3075],[-90.3395,-1.3126],[-90.3402,-1.3064],[-90.3365,-1.3046],[-90.3345,-1.3068]],[[-90.4278,-1.2212],[-90.4201,-1.2228],[-90.4239,-1.2275],[-90.4214,-1.2328],[-90.4014,-1.2394],[-90.3938,-1.2461],[-90.3896,-1.2452],[-90.3804,-1.2485],[-90.3721,-1.2547],[-90.3708,-1.2605],[-90.3637,-1.2606],[-90.3616,-1.263],[-90.3585,-1.2637],[-90.3523,-1.2772],[-90.3567,-1.2778],[-90.3607,-1.2868],[-90.3603,-1.2925],[-90.3652,-1.2964],[-90.3645,-1.3004],[-90.381,-1.3126],[-90.3791,-1.3152],[-90.3802,-1.3201],[-90.3829,-1.3217],[-90.3872,-1.3328],[-90.3977,-1.3403],[-90.3996,-1.3442],[-90.407,-1.3445],[-90.4255,-1.3575],[-90.4334,-1.3602],[-90.4459,-1.358],[-90.4547,-1.3599],[-90.4737,-1.3465],[-90.4851,-1.3434],[-90.4892,-1.3455],[-90.4901,-1.3427],[-90.4931,-1.3435],[-90.4929,-1.3396],[-90.4994,-1.3398],[-90.4984,-1.3316],[-90.5069,-1.3276],[-90.5112,-1.3158],[-90.5034,-1.3069],[-90.5019,-1.3],[-90.4949,-1.2963],[-90.4961,-1.2873],[-90.4929,-1.2842],[-90.4935,-1.2809],[-90.4904,-1.2826],[-90.4886,-1.2794],[-90.4893,-1.2678],[-90.4876,-1.2655],[-90.4898,-1.2603],[-90.488,-1.2521],[-90.485,-1.2474],[-90.4818,-1.2471],[-90.4786,-1.2325],[-90.4682,-1.2299],[-90.4653,-1.2316],[-90.4634,-1.2382],[-90.4551,-1.2397],[-90.4524,-1.2362],[-90.4493,-1.2365],[-90.4427,-1.2286],[-90.4399,-1.2305],[-90.44,-1.2265],[-90.4283,-1.2256],[-90.4278,-1.2212]],[[-90.4886,-1.2795],[-90.4889,-1.2806],[-90.4884,-1.2796],[-90.4886,-1.2795]],[[-90.3509,-1.274],[-90.3516,-1.2733],[-90.351,-1.2732],[-90.3509,-1.274]],[[-90.3611,-1.2627],[-90.361,-1.2629],[-90.3612,-1.2629],[-90.3611,-1.2627]],[[-90.3606,-1.2625],[-90.3603,-1.2627],[-90.3606,-1.2627],[-90.3606,-1.2625]],[[-90.3617,-1.2622],[-90.3616,-1.2624],[-90.3618,-1.2624],[-90.3617,-1.2622]],[[-90.3849,-1.2367],[-90.3844,-1.2388],[-90.3871,-1.2392],[-90.3876,-1.237],[-90.3849,-1.2367]],[[-90.3644,-1.2308],[-90.3601,-1.2319],[-90.3596,-1.2334],[-90.3639,-1.2336],[-90.3644,-1.2308]],[[-90.4433,-1.2262],[-90.4426,-1.2283],[-90.4458,-1.2272],[-90.4433,-1.2262]],[[-90.4408,-1.2253],[-90.4405,-1.2251],[-90.4407,-1.2255],[-90.4408,-1.2253]],[[-90.4223,-1.2163],[-90.424,-1.2158],[-90.4233,-1.2154],[-90.4223,-1.2163]],[[-90.0886,-0.8002],[-90.045,-0.7995],[-90.0406,-0.802],[-90.0393,-0.8057],[-90.0324,-0.8077],[-90.0352,-0.809],[-90.0304,-0.8137],[-90.0323,-0.8232],[-90.0275,-0.8269],[-90.0306,-0.8379],[-90.0394,-0.8394],[-90.044,-0.8376],[-90.0468,-0.8399],[-90.053,-0.8369],[-90.0561,-0.8385],[-90.08,-0.8296],[-90.088,-0.8287],[-90.0915,-0.8207],[-90.0899,-0.8161],[-90.083,-0.8107],[-90.0886,-0.8002]],[[-90.0393,-0.8028],[-90.0364,-0.8044],[-90.0387,-0.8034],[-90.0393,-0.8028]],[[-90.0398,-0.8024],[-90.0397,-0.8027],[-90.0403,-0.8024],[-90.0398,-0.8024]],[[-90.4124,-0.7638],[-90.4125,-0.7651],[-90.4134,-0.7656],[-90.4124,-0.7638]],[[-90.2785,-0.7577],[-90.2775,-0.7602],[-90.2804,-0.7592],[-90.2785,-0.7577]],[[-90.4223,-0.7573],[-90.422,-0.7564],[-90.4216,-0.7565],[-90.4223,-0.7573]],[[-90.4258,-0.7563],[-90.4259,-0.756],[-90.4251,-0.7558],[-90.4258,-0.7563]],[[-90.3087,-0.7562],[-90.3086,-0.7555],[-90.3084,-0.7561],[-90.3087,-0.7562]],[[-90.1928,-0.692],[-90.1934,-0.6928],[-90.1933,-0.6919],[-90.1928,-0.692]],[[-90.1923,-0.6882],[-90.1922,-0.688],[-90.1921,-0.6881],[-90.1923,-0.6882]],[[-90.2513,-0.4818],[-90.2469,-0.4991],[-90.2435,-0.4993],[-90.2363,-0.5229],[-90.2317,-0.5258],[-90.2271,-0.5336],[-90.2125,-0.5427],[-90.1996,-0.5472],[-90.1985,-0.5509],[-90.1779,-0.5621],[-90.1689,-0.5731],[-90.1725,-0.5777],[-90.1714,-0.5861],[-90.1753,-0.5883],[-90.176,-0.5939],[-90.1797,-0.5968],[-90.1842,-0.6082],[-90.1835,-0.6147],[-90.1797,-0.617],[-90.1797,-0.6287],[-90.1776,-0.6306],[-90.1802,-0.6333],[-90.1806,-0.6443],[-90.188,-0.6535],[-90.187,-0.6602],[-90.1835,-0.6599],[-90.1813,-0.665],[-90.1782,-0.6646],[-90.1771,-0.6668],[-90.1822,-0.6733],[-90.1869,-0.6741],[-90.1918,-0.6801],[-90.1962,-0.6811],[-90.1951,-0.684],[-90.1974,-0.6844],[-90.1923,-0.6873],[-90.1993,-0.6984],[-90.2014,-0.6969],[-90.2073,-0.702],[-90.2093,-0.6998],[-90.2101,-0.7],[-90.2081,-0.7019],[-90.2096,-0.7023],[-90.2132,-0.7009],[-90.2153,-0.6951],[-90.2196,-0.6937],[-90.2226,-0.6955],[-90.2254,-0.7016],[-90.2212,-0.702],[-90.2215,-0.7078],[-90.2222,-0.7097],[-90.2257,-0.7067],[-90.2279,-0.7106],[-90.2261,-0.713],[-90.2292,-0.7164],[-90.2321,-0.7157],[-90.2334,-0.7323],[-90.2361,-0.7366],[-90.2348,-0.7404],[-90.2396,-0.745],[-90.2487,-0.7481],[-90.2542,-0.7438],[-90.2544,-0.7462],[-90.258,-0.7472],[-90.2873,-0.7467],[-90.2973,-0.7459],[-90.2993,-0.7433],[-90.3024,-0.7442],[-90.3075,-0.7416],[-90.312,-0.7433],[-90.3107,-0.7457],[-90.3135,-0.7482],[-90.3171,-0.7475],[-90.3089,-0.7505],[-90.3112,-0.753],[-90.3101,-0.7558],[-90.3129,-0.7551],[-90.3134,-0.7585],[-90.3046,-0.7612],[-90.3084,-0.7646],[-90.3118,-0.7645],[-90.3124,-0.767],[-90.3324,-0.7611],[-90.3374,-0.7626],[-90.3436,-0.7698],[-90.3465,-0.7672],[-90.3404,-0.764],[-90.3444,-0.7617],[-90.3467,-0.7653],[-90.3494,-0.7634],[-90.3543,-0.7647],[-90.3551,-0.7686],[-90.3519,-0.7707],[-90.3588,-0.7752],[-90.3665,-0.7737],[-90.3669,-0.7704],[-90.3739,-0.7674],[-90.3721,-0.7658],[-90.3741,-0.7637],[-90.3787,-0.7661],[-90.3791,-0.7691],[-90.3802,-0.7671],[-90.3841,-0.7697],[-90.3893,-0.7687],[-90.3919,-0.7711],[-90.3921,-0.7693],[-90.3973,-0.7736],[-90.3988,-0.7708],[-90.4061,-0.7723],[-90.4075,-0.7676],[-90.4111,-0.7684],[-90.4117,-0.7627],[-90.4164,-0.7625],[-90.4156,-0.759],[-90.4224,-0.7589],[-90.421,-0.7547],[-90.4337,-0.7539],[-90.439,-0.7477],[-90.4461,-0.7451],[-90.4464,-0.7478],[-90.4497,-0.7486],[-90.4507,-0.7428],[-90.4568,-0.7361],[-90.4553,-0.7356],[-90.463,-0.7321],[-90.4662,-0.7216],[-90.4736,-0.7236],[-90.4788,-0.7211],[-90.4844,-0.7235],[-90.4856,-0.7201],[-90.4835,-0.7158],[-90.4904,-0.7166],[-90.5018,-0.7082],[-90.5157,-0.7088],[-90.518,-0.7057],[-90.5261,-0.7041],[-90.5269,-0.7006],[-90.5356,-0.6958],[-90.5349,-0.6927],[-90.5374,-0.6901],[-90.5345,-0.6869],[-90.5422,-0.6797],[-90.5373,-0.6795],[-90.5349,-0.6748],[-90.538,-0.6708],[-90.5371,-0.6677],[-90.5402,-0.6654],[-90.541,-0.6568],[-90.5443,-0.6562],[-90.5416,-0.6537],[-90.5457,-0.6537],[-90.5444,-0.6502],[-90.5477,-0.6474],[-90.5439,-0.6415],[-90.5436,-0.6347],[-90.546,-0.6306],[-90.55,-0.6293],[-90.5489,-0.6243],[-90.5454,-0.6223],[-90.5463,-0.6204],[-90.5423,-0.6136],[-90.5428,-0.6103],[-90.5367,-0.6025],[-90.5399,-0.6008],[-90.54,-0.5965],[-90.5377,-0.5955],[-90.5342,-0.5861],[-90.5304,-0.5849],[-90.5302,-0.5802],[-90.5355,-0.5766],[-90.5357,-0.5714],[-90.5325,-0.5703],[-90.5357,-0.566],[-90.5259,-0.5582],[-90.5176,-0.5586],[-90.5162,-0.5505],[-90.511,-0.5425],[-90.5143,-0.5398],[-90.513,-0.5316],[-90.498,-0.5326],[-90.4897,-0.5295],[-90.4846,-0.5215],[-90.4756,-0.5223],[-90.4736,-0.5202],[-90.4701,-0.5222],[-90.4508,-0.5108],[-90.4277,-0.5124],[-90.4159,-0.5076],[-90.4142,-0.5039],[-90.3929,-0.5073],[-90.3896,-0.5131],[-90.3867,-0.5115],[-90.3816,-0.5122],[-90.3831,-0.5128],[-90.3818,-0.5139],[-90.3795,-0.5097],[-90.3727,-0.5093],[-90.3705,-0.5144],[-90.3631,-0.5156],[-90.3582,-0.5096],[-90.3618,-0.5059],[-90.3619,-0.4956],[-90.3596,-0.4938],[-90.3582,-0.4961],[-90.3506,-0.493],[-90.3482,-0.4961],[-90.3418,-0.4926],[-90.3396,-0.4941],[-90.3364,-0.491],[-90.3361,-0.4962],[-90.3341,-0.495],[-90.3309,-0.4978],[-90.327,-0.4954],[-90.3277,-0.4993],[-90.3357,-0.5011],[-90.3355,-0.5032],[-90.3372,-0.5018],[-90.3361,-0.5047],[-90.3386,-0.5053],[-90.3361,-0.508],[-90.3315,-0.5051],[-90.3311,-0.5074],[-90.3302,-0.5032],[-90.3253,-0.504],[-90.3258,-0.4942],[-90.315,-0.4972],[-90.3031,-0.4911],[-90.2972,-0.4969],[-90.2901,-0.4955],[-90.2852,-0.4889],[-90.28,-0.487],[-90.2661,-0.4894],[-90.2513,-0.4818]],[[-90.169,-0.5815],[-90.1591,-0.5836],[-90.1589,-0.5846],[-90.169,-0.5815]],[[-90.1627,-0.5791],[-90.1579,-0.5798],[-90.1657,-0.5803],[-90.1627,-0.5791]],[[-90.1435,-0.5687],[-90.1431,-0.5685],[-90.1432,-0.5692],[-90.1435,-0.5687]],[[-90.1434,-0.5679],[-90.1436,-0.5683],[-90.1435,-0.5679],[-90.1434,-0.5679]],[[-90.1438,-0.5674],[-90.1435,-0.5677],[-90.1437,-0.5678],[-90.1438,-0.5674]],[[-90.1422,-0.5672],[-90.1417,-0.5661],[-90.1415,-0.567],[-90.1422,-0.5672]],[[-90.3466,-0.4916],[-90.346,-0.4914],[-90.3459,-0.4921],[-90.3466,-0.4916]],[[-90.2763,-0.4111],[-90.2698,-0.4281],[-90.2604,-0.4395],[-90.2585,-0.4493],[-90.2519,-0.4536],[-90.2477,-0.4647],[-90.271,-0.4816],[-90.2942,-0.4842],[-90.2944,-0.48],[-90.2989,-0.4761],[-90.2946,-0.4687],[-90.2982,-0.4618],[-90.2953,-0.4578],[-90.2967,-0.4557],[-90.2811,-0.4418],[-90.2827,-0.435],[-90.2878,-0.4377],[-90.2904,-0.4362],[-90.2899,-0.4312],[-90.2846,-0.4288],[-90.2853,-0.4224],[-90.2882,-0.4178],[-90.2944,-0.4148],[-90.2763,-0.4111]],[[-90.3588,-0.4231],[-90.3587,-0.4225],[-90.3583,-0.4229],[-90.3588,-0.4231]],[[-90.3707,-0.4193],[-90.3698,-0.4247],[-90.3714,-0.4258],[-90.3747,-0.422],[-90.3707,-0.4193]],[[-90.278,-0.4017],[-90.2772,-0.4033],[-90.2771,-0.4077],[-90.279,-0.4042],[-90.278,-0.4017]],[[-90.2797,-0.3888],[-90.2759,-0.3908],[-90.2765,-0.3962],[-90.2927,-0.4006],[-90.2928,-0.3941],[-90.2902,-0.3895],[-90.2797,-0.3888]],[[-90.4051,0.3072],[-90.4056,0.3076],[-90.405,0.3077],[-90.4051,0.3072]],[[-89.9538,0.3459],[-89.9451,0.3429],[-89.9415,0.3359],[-89.9391,0.3355],[-89.9358,0.3236],[-89.9373,0.3168],[-89.9433,0.3092],[-89.9447,0.3009],[-89.9489,0.2996],[-89.9548,0.3032],[-89.9453,0.3067],[-89.9453,0.313],[-89.9486,0.3184],[-89.9605,0.316],[-89.9637,0.3128],[-89.9627,0.3072],[-89.9668,0.3066],[-89.9737,0.3103],[-89.9781,0.3174],[-89.9764,0.3289],[-89.9717,0.3385],[-89.9652,0.3394],[-89.9538,0.3459]],[[-78.3653,-3.5305],[-78.3714,-3.535],[-78.3691,-3.5391],[-78.3703,-3.5417],[-78.3763,-3.5434],[-78.3754,-3.5453],[-78.38,-3.5514],[-78.3882,-3.5553],[-78.3921,-3.5601],[-78.3872,-3.5615],[-78.3843,-3.5677],[-78.3878,-3.5692],[-78.3876,-3.574],[-78.3906,-3.5782],[-78.3894,-3.5809],[-78.3935,-3.5814],[-78.3912,-3.5874],[-78.3943,-3.5904],[-78.3928,-3.5936],[-78.3966,-3.5953],[-78.3934,-3.5983],[-78.3923,-3.6038],[-78.3985,-3.6112],[-78.3955,-3.6175],[-78.3984,-3.6215],[-78.3948,-3.6314],[-78.3871,-3.6412],[-78.4021,-3.6514],[-78.3947,-3.6598],[-78.3995,-3.6702],[-78.3941,-3.6728],[-78.3929,-3.6781],[-78.3999,-3.6902],[-78.4121,-3.6898],[-78.4169,-3.686],[-78.4235,-3.6928],[-78.4214,-3.6992],[-78.4233,-3.7011],[-78.4183,-3.7054],[-78.4165,-3.7194],[-78.4219,-3.7242],[-78.4175,-3.7257],[-78.4085,-3.7346],[-78.4093,-3.7387],[-78.4061,-3.7441],[-78.409,-3.7541],[-78.4175,-3.767],[-78.4084,-3.7724],[-78.4117,-3.7887],[-78.4215,-3.8016],[-78.429,-3.8073],[-78.4348,-3.8199],[-78.4404,-3.8196],[-78.4575,-3.8283],[-78.4647,-3.8274],[-78.4594,-3.8331],[-78.4618,-3.8358],[-78.4592,-3.8376],[-78.4645,-3.8443],[-78.4693,-3.8465],[-78.479,-3.8682],[-78.4797,-3.8761],[-78.4771,-3.8817],[-78.4813,-3.884],[-78.4827,-3.8912],[-78.4858,-3.8922],[-78.4841,-3.8977],[-78.4797,-3.8976],[-78.4801,-3.9032],[-78.4769,-3.9049],[-78.4769,-3.9078],[-78.4902,-3.9362],[-78.4955,-3.9331],[-78.524,-3.9373],[-78.5284,-3.944],[-78.5289,-3.9501],[-78.5427,-3.9651],[-78.5427,-3.9748],[-78.5493,-3.9751],[-78.5666,-3.9933],[-78.5659,-3.9988],[-78.5621,-4.0026],[-78.5649,-4.0061],[-78.565,-4.0239],[-78.5704,-4.0379],[-78.5683,-4.0466],[-78.5626,-4.051],[-78.5576,-4.0504],[-78.5531,-4.0533],[-78.548,-4.0636],[-78.5442,-4.0674],[-78.5405,-4.0673],[-78.5414,-4.075],[-78.5527,-4.0868],[-78.5575,-4.0884],[-78.562,-4.1012],[-78.5688,-4.1031],[-78.5737,-4.1216],[-78.5826,-4.136],[-78.58,-4.1433],[-78.5809,-4.1506],[-78.5758,-4.1626],[-78.5787,-4.1787],[-78.5777,-4.1966],[-78.5799,-4.1999],[-78.5901,-4.2038],[-78.5933,-4.2091],[-78.5986,-4.2092],[-78.6066,-4.2198],[-78.6086,-4.2358],[-78.6012,-4.2527],[-78.6052,-4.2636],[-78.6109,-4.2648],[-78.6105,-4.272],[-78.6139,-4.2792],[-78.6131,-4.2838],[-78.6156,-4.2859],[-78.6139,-4.29],[-78.6395,-4.305],[-78.6397,-4.3108],[-78.6446,-4.3143],[-78.6464,-4.3216],[-78.6417,-4.333],[-78.6489,-4.3395],[-78.645,-4.3497],[-78.6502,-4.3536],[-78.6512,-4.3619],[-78.6437,-4.3672],[-78.6408,-4.3739],[-78.6367,-4.3904],[-78.6417,-4.3974],[-78.6408,-4.4015],[-78.6317,-4.4158],[-78.6233,-4.4167],[-78.6022,-4.4101],[-78.5988,-4.4231],[-78.6037,-4.4319],[-78.6149,-4.4384],[-78.6202,-4.4372],[-78.6242,-4.4428],[-78.6235,-4.45],[-78.6282,-4.4592],[-78.6354,-4.4652],[-78.6338,-4.4749],[-78.6388,-4.4835],[-78.6389,-4.4962],[-78.6346,-4.5012],[-78.647,-4.5084],[-78.6509,-4.517],[-78.6615,-4.5301],[-78.6631,-4.5384],[-78.659,-4.5484],[-78.6607,-4.553],[-78.6562,-4.5634],[-78.6629,-4.5708],[-78.6606,-4.5789],[-78.6541,-4.5805],[-78.6531,-4.5852],[-78.6611,-4.5861],[-78.6625,-4.5903],[-78.6674,-4.5936],[-78.6778,-4.593],[-78.6821,-4.6003],[-78.7044,-4.6176],[-78.7063,-4.6243],[-78.7143,-4.6283],[-78.7288,-4.6251],[-78.7349,-4.6252],[-78.7393,-4.6291],[-78.7488,-4.6318],[-78.7625,-4.6289],[-78.7656,-4.6306],[-78.7695,-4.6401],[-78.7751,-4.6421],[-78.7841,-4.6388],[-78.7959,-4.6397],[-78.8039,-4.6369],[-78.8095,-4.642],[-78.8152,-4.6413],[-78.8207,-4.6469],[-78.8318,-4.649],[-78.8409,-4.6536],[-78.8503,-4.6653],[-78.8553,-4.6667],[-78.8636,-4.6801],[-78.8634,-4.691],[-78.8703,-4.7007],[-78.8806,-4.7072],[-78.891,-4.7205],[-78.8893,-4.7634],[-78.8951,-4.7721],[-78.9021,-4.7726],[-78.9149,-4.7805],[-78.9123,-4.7911],[-78.9035,-4.7947],[-78.8916,-4.8083],[-78.8961,-4.812],[-78.8985,-4.8326],[-78.9034,-4.8394],[-78.9116,-4.8426],[-78.9124,-4.8494],[-78.9074,-4.8621],[-78.8898,-4.8726],[-78.892,-4.8868],[-78.9184,-4.8926],[-78.934,-4.8933],[-78.9455,-4.898],[-78.9549,-4.8931],[-78.9689,-4.8931],[-78.9744,-4.8964],[-78.9813,-4.9251],[-78.986,-4.9349],[-78.984,-4.9423],[-78.987,-4.9448],[-78.9879,-4.9531],[-78.9935,-4.9591],[-78.9913,-4.9659],[-79.0042,-4.9841],[-79.0038,-4.9937],[-79.0084,-4.9994],[-79.0153,-5.0162],[-79.0171,-5.0126],[-79.0265,-5.0152],[-79.0347,-5.0132],[-79.0479,-5.0004],[-79.0512,-4.9909],[-79.0557,-4.9874],[-79.061,-4.9861],[-79.0708,-4.9902],[-79.0711,-4.979],[-79.0759,-4.9698],[-79.0846,-4.973],[-79.0966,-4.9732],[-79.1005,-4.9782],[-79.1033,-4.9753],[-79.1043,-4.9774],[-79.1082,-4.976],[-79.1092,-4.9787],[-79.1255,-4.9756],[-79.1422,-4.9645],[-79.1459,-4.9661],[-79.1545,-4.9626],[-79.1578,-4.9646],[-79.1662,-4.9637],[-79.168,-4.9664],[-79.17,-4.9618],[-79.1775,-4.963],[-79.1773,-4.9596],[-79.197,-4.9641],[-79.2089,-4.9625],[-79.2129,-4.9671],[-79.2227,-4.964],[-79.2611,-4.9679],[-79.2689,-4.9638],[-79.2748,-4.9543],[-79.2908,-4.9387],[-79.2915,-4.9311],[-79.295,-4.9298],[-79.2996,-4.9212],[-79.3015,-4.9137],[-79.3001,-4.9116],[-79.3063,-4.8985],[-79.3106,-4.8974],[-79.3116,-4.9008],[-79.3202,-4.9006],[-79.3228,-4.8957],[-79.3311,-4.8915],[-79.3339,-4.8836],[-79.3388,-4.8869],[-79.3436,-4.8866],[-79.352,-4.8804],[-79.3554,-4.8644],[-79.3616,-4.852],[-79.3612,-4.8441],[-79.3692,-4.8339],[-79.3756,-4.8317],[-79.3913,-4.8331],[-79.398,-4.8294],[-79.3963,-4.8252],[-79.4307,-4.7382],[-79.4476,-4.7188],[-79.4575,-4.7014],[-79.4583,-4.6804],[-79.4613,-4.6763],[-79.4602,-4.6668],[-79.4625,-4.6601],[-79.4648,-4.6595],[-79.4633,-4.652],[-79.4694,-4.6444],[-79.4696,-4.6407],[-79.4884,-4.6248],[-79.4893,-4.5955],[-79.4944,-4.581],[-79.4925,-4.5771],[-79.4801,-4.5728],[-79.4769,-4.5684],[-79.4832,-4.5546],[-79.4847,-4.5367],[-79.4891,-4.5274],[-79.4958,-4.5241],[-79.4961,-4.5209],[-79.502,-4.52],[-79.5052,-4.5169],[-79.5106,-4.518],[-79.5117,-4.516],[-79.5185,-4.5222],[-79.5209,-4.5217],[-79.5206,-4.5258],[-79.5244,-4.5249],[-79.5273,-4.5295],[-79.5305,-4.5255],[-79.5444,-4.5258],[-79.5441,-4.5198],[-79.5504,-4.5137],[-79.5577,-4.5122],[-79.562,-4.515],[-79.563,-4.5085],[-79.5681,-4.5096],[-79.5677,-4.5052],[-79.5704,-4.5018],[-79.5748,-4.504],[-79.5811,-4.4979],[-79.5821,-4.4905],[-79.5796,-4.4876],[-79.5925,-4.4754],[-79.5915,-4.4687],[-79.5986,-4.4669],[-79.5966,-4.4611],[-79.6014,-4.4603],[-79.6002,-4.4564],[-79.6084,-4.4573],[-79.6085,-4.4551],[-79.6118,-4.4545],[-79.6106,-4.4509],[-79.6153,-4.4506],[-79.6167,-4.446],[-79.6286,-4.4392],[-79.6378,-4.438],[-79.6442,-4.4335],[-79.6482,-4.4366],[-79.6554,-4.4342],[-79.6618,-4.4415],[-79.6656,-4.4404],[-79.6738,-4.4476],[-79.6797,-4.4499],[-79.6821,-4.4478],[-79.688,-4.4527],[-79.689,-4.4583],[-79.7007,-4.4638],[-79.707,-4.4718],[-79.7119,-4.4701],[-79.7151,-4.4716],[-79.7188,-4.468],[-79.7219,-4.4703],[-79.7255,-4.4691],[-79.7387,-4.4782],[-79.7445,-4.4789],[-79.7452,-4.4826],[-79.7549,-4.4821],[-79.7601,-4.4867],[-79.7741,-4.4879],[-79.792,-4.4938],[-79.7969,-4.4927],[-79.7992,-4.4887],[-79.8128,-4.4912],[-79.8171,-4.485],[-79.8288,-4.4775],[-79.833,-4.4707],[-79.8402,-4.4681],[-79.8431,-4.4612],[-79.853,-4.4519],[-79.8549,-4.4438],[-79.8537,-4.4351],[-79.8573,-4.4332],[-79.8595,-4.4275],[-79.8631,-4.4267],[-79.8636,-4.4209],[-79.8703,-4.4141],[-79.8837,-4.4105],[-79.8904,-4.4029],[-79.9003,-4.3992],[-79.9049,-4.3941],[-79.9194,-4.3859],[-79.9287,-4.3937],[-79.9353,-4.3959],[-79.9436,-4.3964],[-79.9523,-4.3914],[-79.9622,-4.3955],[-79.9653,-4.3908],[-79.9726,-4.3873],[-79.9775,-4.3793],[-79.9919,-4.3807],[-79.9954,-4.376],[-80.0089,-4.3689],[-80.0142,-4.3573],[-80.0262,-4.3526],[-80.0296,-4.3487],[-80.0348,-4.349],[-80.0404,-4.3358],[-80.0545,-4.3279],[-80.0545,-4.3219],[-80.0588,-4.3187],[-80.0616,-4.3105],[-80.0724,-4.3096],[-80.0836,-4.3019],[-80.0918,-4.3011],[-80.0972,-4.2945],[-80.1017,-4.2941],[-80.1042,-4.2914],[-80.1086,-4.2933],[-80.1084,-4.2986],[-80.1227,-4.2944],[-80.1359,-4.2965],[-80.139,-4.2932],[-80.1348,-4.2902],[-80.1349,-4.2861],[-80.1428,-4.2858],[-80.1562,-4.3043],[-80.1658,-4.3015],[-80.1658,-4.2911],[-80.1715,-4.2901],[-80.1792,-4.3001],[-80.1813,-4.31],[-80.1859,-4.3171],[-80.186,-4.3349],[-80.1979,-4.3371],[-80.2036,-4.3357],[-80.2064,-4.3405],[-80.1979,-4.3436],[-80.1951,-4.3503],[-80.199,-4.3517],[-80.2044,-4.3496],[-80.2106,-4.352],[-80.2112,-4.3545],[-80.2086,-4.3567],[-80.2118,-4.3591],[-80.2187,-4.3533],[-80.2172,-4.3652],[-80.224,-4.37],[-80.2201,-4.3762],[-80.2253,-4.3799],[-80.2276,-4.3739],[-80.2323,-4.3729],[-80.2366,-4.3869],[-80.2458,-4.3905],[-80.2493,-4.3947],[-80.2476,-4.3994],[-80.2589,-4.4039],[-80.2626,-4.4116],[-80.2669,-4.4111],[-80.275,-4.4038],[-80.2799,-4.4081],[-80.285,-4.4081],[-80.2871,-4.4173],[-80.293,-4.4202],[-80.2956,-4.4256],[-80.291,-4.4351],[-80.303,-4.4412],[-80.3078,-4.4495],[-80.3133,-4.4526],[-80.322,-4.4532],[-80.3249,-4.4607],[-80.3292,-4.4644],[-80.3569,-4.4732],[-80.3627,-4.4797],[-80.3819,-4.4774],[-80.3878,-4.4868],[-80.3919,-4.4853],[-80.3976,-4.4806],[-80.3966,-4.4754],[-80.4072,-4.4664],[-80.4144,-4.4639],[-80.4171,-4.4596],[-80.4196,-4.4601],[-80.4201,-4.4665],[-80.4256,-4.4628],[-80.4252,-4.4591],[-80.4403,-4.4554],[-80.4442,-4.4459],[-80.4495,-4.4477],[-80.4478,-4.4443],[-80.4497,-4.4428],[-80.4455,-4.4387],[-80.4499,-4.4375],[-80.4488,-4.4326],[-80.4524,-4.4303],[-80.4499,-4.4295],[-80.451,-4.4205],[-80.449,-4.4195],[-80.4542,-4.408],[-80.4476,-4.4032],[-80.4523,-4.3983],[-80.4507,-4.3935],[-80.4481,-4.396],[-80.4458,-4.3934],[-80.4538,-4.3883],[-80.4532,-4.382],[-80.4453,-4.371],[-80.4457,-4.3676],[-80.4353,-4.3618],[-80.4326,-4.3523],[-80.4294,-4.3516],[-80.4301,-4.3436],[-80.4242,-4.3304],[-80.4202,-4.3293],[-80.4123,-4.3168],[-80.3975,-4.3018],[-80.3912,-4.2988],[-80.3913,-4.2954],[-80.3877,-4.2958],[-80.3856,-4.2913],[-80.3798,-4.2908],[-80.3677,-4.2822],[-80.3678,-4.2701],[-80.3551,-4.262],[-80.3512,-4.2499],[-80.3426,-4.2426],[-80.3294,-4.223],[-80.3121,-4.2089],[-80.3064,-4.2001],[-80.3129,-4.1975],[-80.3178,-4.205],[-80.3254,-4.2089],[-80.3297,-4.2145],[-80.3414,-4.2088],[-80.3472,-4.2123],[-80.3472,-4.2177],[-80.3535,-4.2209],[-80.3652,-4.2061],[-80.3645,-4.2001],[-80.3679,-4.1968],[-80.3721,-4.1975],[-80.3831,-4.2074],[-80.388,-4.202],[-80.4094,-4.2182],[-80.4161,-4.2118],[-80.419,-4.2024],[-80.4316,-4.1956],[-80.4439,-4.2016],[-80.4456,-4.2072],[-80.4491,-4.2089],[-80.4505,-4.1284],[-80.4473,-4.121],[-80.4491,-4.1204],[-80.4517,-4.1249],[-80.4574,-4.124],[-80.4637,-4.129],[-80.468,-4.1264],[-80.4636,-4.1203],[-80.465,-4.1139],[-80.4769,-4.1028],[-80.4781,-4.0957],[-80.4818,-4.0944],[-80.4821,-4.088],[-80.4863,-4.0829],[-80.4846,-4.0795],[-80.4755,-4.0813],[-80.4717,-4.0743],[-80.4768,-4.0674],[-80.4748,-4.0588],[-80.4823,-4.0548],[-80.4709,-4.0483],[-80.468,-4.0341],[-80.4572,-4.0346],[-80.4509,-4.031],[-80.4519,-4.0231],[-80.4565,-4.0174],[-80.4456,-4.0156],[-80.4481,-4.0095],[-80.4412,-4.0058],[-80.4454,-4.0027],[-80.4465,-3.9969],[-80.4302,-3.9894],[-80.425,-3.9966],[-80.4207,-3.991],[-80.412,-3.9914],[-80.3986,-3.9812],[-80.39,-3.989],[-80.3839,-3.9877],[-80.3778,-3.9898],[-80.3688,-3.9826],[-80.3638,-3.9824],[-80.3528,-3.9949],[-80.3427,-3.9958],[-80.3389,-3.9923],[-80.3289,-4.0009],[-80.3285,-4.0062],[-80.3242,-4.011],[-80.3095,-4.012],[-80.3003,-4.0171],[-80.2894,-4.0112],[-80.2843,-4.0126],[-80.2798,-4.0091],[-80.2727,-4.008],[-80.2623,-3.9994],[-80.2566,-3.9906],[-80.255,-3.9805],[-80.2507,-3.9781],[-80.2477,-3.9702],[-80.2418,-3.9683],[-80.2365,-3.9626],[-80.241,-3.9582],[-80.2361,-3.9536],[-80.2347,-3.9482],[-80.2297,-3.9543],[-80.2203,-3.9515],[-80.2177,-3.9533],[-80.2187,-3.9566],[-80.2166,-3.9566],[-80.2117,-3.9513],[-80.1987,-3.946],[-80.1877,-3.9363],[-80.1841,-3.927],[-80.1796,-3.9249],[-80.1724,-3.9256],[-80.1645,-3.9218],[-80.1587,-3.913],[-80.1402,-3.9128],[-80.1392,-3.9074],[-80.1334,-3.9039],[-80.1338,-3.9001],[-80.1268,-3.8951],[-80.1292,-3.8916],[-80.1276,-3.8881],[-80.1354,-3.8888],[-80.141,-3.8833],[-80.1478,-3.8808],[-80.1588,-3.8701],[-80.1562,-3.8631],[-80.1598,-3.8607],[-80.1514,-3.8552],[-80.1536,-3.8535],[-80.1531,-3.8484],[-80.1603,-3.8415],[-80.158,-3.8357],[-80.1631,-3.8278],[-80.1601,-3.8208],[-80.1622,-3.8146],[-80.1593,-3.8089],[-80.1625,-3.8041],[-80.1606,-3.8025],[-80.1665,-3.7996],[-80.1725,-3.791],[-80.1763,-3.7929],[-80.1825,-3.7854],[-80.1825,-3.7801],[-80.1857,-3.775],[-80.1932,-3.7749],[-80.189,-3.7626],[-80.192,-3.7596],[-80.1928,-3.7539],[-80.189,-3.7522],[-80.1924,-3.7487],[-80.1877,-3.7476],[-80.1836,-3.7518],[-80.1837,-3.7485],[-80.1889,-3.7432],[-80.1837,-3.7402],[-80.1807,-3.7415],[-80.1849,-3.7336],[-80.1803,-3.7353],[-80.183,-3.7302],[-80.1804,-3.7276],[-80.1859,-3.7207],[-80.1853,-3.7157],[-80.1941,-3.7085],[-80.1996,-3.6882],[-80.1949,-3.6806],[-80.1904,-3.6785],[-80.1929,-3.673],[-80.1887,-3.6729],[-80.1871,-3.6704],[-80.1879,-3.6578],[-80.1856,-3.6472],[-80.1878,-3.63],[-80.1904,-3.6259],[-80.1958,-3.6253],[-80.1974,-3.6195],[-80.1911,-3.6134],[-80.192,-3.6074],[-80.1886,-3.5998],[-80.1998,-3.5921],[-80.2063,-3.5939],[-80.2117,-3.5923],[-80.2188,-3.5751],[-80.2132,-3.5708],[-80.2143,-3.5676],[-80.2094,-3.5547],[-80.2052,-3.5523],[-80.2085,-3.5492],[-80.2089,-3.5409],[-80.2114,-3.5396],[-80.2102,-3.5363],[-80.2076,-3.5371],[-80.2068,-3.5335],[-80.2085,-3.5306],[-80.2114,-3.5308],[-80.2108,-3.5266],[-80.216,-3.5243],[-80.2112,-3.519],[-80.2148,-3.5175],[-80.2146,-3.5141],[-80.2179,-3.511],[-80.2158,-3.5006],[-80.2186,-3.4992],[-80.2293,-3.5019],[-80.2331,-3.4892],[-80.2364,-3.4864],[-80.2396,-3.489],[-80.2408,-3.4861],[-80.2436,-3.4856],[-80.2451,-3.4877],[-80.2458,-3.4858],[-80.2431,-3.4815],[-80.2447,-3.4783],[-80.2395,-3.477],[-80.2399,-3.4705],[-80.2431,-3.4666],[-80.2404,-3.4639],[-80.2411,-3.4613],[-80.2342,-3.4553],[-80.2361,-3.4531],[-80.2346,-3.4511],[-80.2293,-3.4515],[-80.222,-3.4459],[-80.2213,-3.4363],[-80.2291,-3.4284],[-80.24,-3.4243],[-80.2534,-3.4134],[-80.2597,-3.4115],[-80.2772,-3.4153],[-80.298,-3.4034],[-80.3024,-3.3956],[-80.3137,-3.3921],[-80.3089,-3.3818],[-80.2885,-3.355],[-80.2711,-3.3263],[-80.2518,-3.3341],[-80.2395,-3.3319],[-80.2361,-3.3372],[-80.2191,-3.3379],[-80.2168,-3.3353],[-80.2158,-3.3372],[-80.21,-3.3369],[-80.2099,-3.3431],[-80.1912,-3.3395],[-80.189,-3.3422],[-80.1822,-3.3436],[-80.1778,-3.3399],[-80.1621,-3.3407],[-80.161,-3.3383],[-80.1584,-3.3392],[-80.1582,-3.337],[-80.1505,-3.3347],[-80.1417,-3.3333],[-80.1337,-3.3351],[-80.1319,-3.3377],[-80.1223,-3.3326],[-80.1196,-3.3334],[-80.0984,-3.3133],[-80.0883,-3.3061],[-80.085,-3.3072],[-80.0767,-3.2984],[-80.0711,-3.2877],[-80.0649,-3.2837],[-80.0557,-3.264],[-80.0435,-3.2253],[-80.0309,-3.2098],[-80.0278,-3.2092],[-80.0261,-3.2124],[-80.0266,-3.2177],[-80.0236,-3.223],[-80.0249,-3.2265],[-80.0217,-3.2299],[-80.0241,-3.2334],[-80.0231,-3.2385],[-80.0174,-3.2468],[-80.016,-3.254],[-80.0117,-3.2613],[-80.0011,-3.2625],[-79.999,-3.2542],[-80.0015,-3.2448],[-79.9985,-3.2386],[-80.0003,-3.2374],[-79.9999,-3.2329],[-79.9943,-3.2246],[-79.9918,-3.2256],[-79.9913,-3.2229],[-79.9877,-3.2221],[-79.9863,-3.2179],[-79.9763,-3.2171],[-79.979,-3.2136],[-79.9759,-3.2068],[-79.969,-3.1998],[-79.9529,-3.1924],[-79.9544,-3.1902],[-79.9512,-3.1839],[-79.9349,-3.1798],[-79.9365,-3.171],[-79.9271,-3.1703],[-79.9311,-3.1627],[-79.9172,-3.1676],[-79.9151,-3.1656],[-79.9126,-3.1667],[-79.9089,-3.1627],[-79.9004,-3.1271],[-79.9023,-3.1024],[-79.8994,-3.0984],[-79.8928,-3.0549],[-79.8904,-3.0556],[-79.8923,-3.0758],[-79.8778,-3.0753],[-79.8777,-3.0679],[-79.8729,-3.0647],[-79.8704,-3.0594],[-79.8726,-3.0593],[-79.8698,-3.0487],[-79.8542,-3.0178],[-79.8478,-2.9995],[-79.8455,-2.9985],[-79.8501,-2.9778],[-79.8535,-2.9739],[-79.854,-2.9394],[-79.8517,-2.9293],[-79.8539,-2.912],[-79.8513,-2.9061],[-79.8543,-2.8975],[-79.8521,-2.8905],[-79.8539,-2.8873],[-79.8531,-2.8791],[-79.8478,-2.8784],[-79.846,-2.8813],[-79.8423,-2.8827],[-79.8426,-2.8806],[-79.8301,-2.8696],[-79.8159,-2.845],[-79.8194,-2.8273],[-79.8186,-2.7954],[-79.8133,-2.7898],[-79.8074,-2.7895],[-79.8097,-2.7868],[-79.8076,-2.7862],[-79.8035,-2.7732],[-79.8008,-2.7695],[-79.7977,-2.7697],[-79.802,-2.767],[-79.7987,-2.7588],[-79.7948,-2.7551],[-79.792,-2.7562],[-79.7974,-2.7527],[-79.7958,-2.7401],[-79.7931,-2.7355],[-79.794,-2.7162],[-79.7899,-2.6879],[-79.7944,-2.6683],[-79.7852,-2.6609],[-79.7868,-2.6447],[-79.7964,-2.6426],[-79.8016,-2.638],[-79.8034,-2.6152],[-79.7995,-2.5978],[-79.7943,-2.587],[-79.7936,-2.571],[-79.7881,-2.5519],[-79.7798,-2.5375],[-79.769,-2.5334],[-79.7696,-2.5211],[-79.774,-2.5184],[-79.7838,-2.4981],[-79.7961,-2.4838],[-79.7976,-2.4446],[-79.816,-2.4107],[-79.8306,-2.3998],[-79.8333,-2.3954],[-79.8599,-2.3966],[-79.8611,-2.4125],[-79.8594,-2.4252],[-79.8558,-2.4316],[-79.8662,-2.4551],[-79.8737,-2.4937],[-79.8869,-2.5262],[-79.8932,-2.5583],[-79.8983,-2.5723],[-79.9175,-2.5914],[-79.9271,-2.5896],[-79.9303,-2.5948],[-79.93,-2.5994],[-79.9409,-2.6024],[-79.9446,-2.6081],[-79.9396,-2.6142],[-79.938,-2.6222],[-79.938,-2.6561],[-79.944,-2.6579],[-79.9696,-2.6526],[-79.9895,-2.6515],[-79.9989,-2.6465],[-80.0016,-2.6398],[-80.0101,-2.6319],[-80.0186,-2.6287],[-80.0305,-2.6139],[-80.0416,-2.6172],[-80.0456,-2.6142],[-80.0585,-2.6128],[-80.0622,-2.6098],[-80.0617,-2.6004],[-80.0588,-2.597],[-80.0648,-2.5952],[-80.0684,-2.5901],[-80.0618,-2.5803],[-80.0673,-2.5743],[-80.066,-2.5681],[-80.0514,-2.5549],[-80.0445,-2.5531],[-80.0424,-2.5565],[-80.0355,-2.5569],[-80.0286,-2.5526],[-80.0227,-2.5442],[-80.0177,-2.5309],[-80.0164,-2.5073],[-80.0287,-2.5044],[-80.0358,-2.4999],[-80.034,-2.4848],[-80.0317,-2.4817],[-80.0325,-2.4716],[-80.0224,-2.4463],[-80.0259,-2.4352],[-80.0251,-2.429],[-80.0213,-2.4266],[-80.0148,-2.4311],[-80.0085,-2.4321],[-80.0084,-2.421],[-80.0145,-2.418],[-80.0153,-2.4138],[-80.0103,-2.4011],[-80.0113,-2.3859],[-80.0084,-2.3846],[-80.0062,-2.3877],[-80.004,-2.3858],[-80.0033,-2.3728],[-80.0053,-2.3652],[-79.9981,-2.3626],[-79.985,-2.3672],[-79.9806,-2.3649],[-79.9524,-2.3336],[-79.9483,-2.3335],[-79.9445,-2.3292],[-79.9385,-2.3146],[-79.917,-2.317],[-79.9092,-2.3105],[-79.9085,-2.3053],[-79.9117,-2.298],[-79.9174,-2.2981],[-79.9183,-2.3057],[-79.9263,-2.3014],[-79.9399,-2.3015],[-79.9492,-2.3085],[-79.9521,-2.3141],[-79.9549,-2.314],[-79.9683,-2.3353],[-79.9789,-2.3435],[-79.9887,-2.3457],[-80.0135,-2.3423],[-80.0206,-2.3454],[-80.0198,-2.3523],[-80.0267,-2.3565],[-80.0295,-2.3635],[-80.0297,-2.3798],[-80.0328,-2.39],[-80.0415,-2.3953],[-80.0497,-2.4046],[-80.0486,-2.4106],[-80.0526,-2.4177],[-80.054,-2.4316],[-80.0593,-2.4392],[-80.067,-2.4618],[-80.0784,-2.4745],[-80.0838,-2.4915],[-80.0964,-2.5092],[-80.1009,-2.5211],[-80.1247,-2.5477],[-80.1289,-2.5492],[-80.1297,-2.5523],[-80.1479,-2.5712],[-80.1501,-2.5715],[-80.1543,-2.5664],[-80.1593,-2.5667],[-80.1659,-2.5807],[-80.1721,-2.5878],[-80.1731,-2.5965],[-80.1975,-2.6],[-80.2123,-2.607],[-80.2154,-2.6196],[-80.2302,-2.6367],[-80.236,-2.6394],[-80.2395,-2.6384],[-80.2434,-2.6447],[-80.2491,-2.6466],[-80.2582,-2.6392],[-80.2534,-2.6682],[-80.2533,-2.6845],[-80.2432,-2.706],[-80.242,-2.7056],[-80.2414,-2.7067],[-80.2409,-2.7065],[-80.2408,-2.707],[-80.2454,-2.7187],[-80.2427,-2.7212],[-80.2427,-2.7248],[-80.2468,-2.7305],[-80.2482,-2.7375],[-80.2521,-2.7426],[-80.258,-2.7431],[-80.276,-2.737],[-80.2923,-2.7266],[-80.3017,-2.7234],[-80.3086,-2.7167],[-80.314,-2.7155],[-80.3257,-2.7037],[-80.3645,-2.674],[-80.3921,-2.6393],[-80.398,-2.6376],[-80.4133,-2.6451],[-80.4289,-2.6405],[-80.4353,-2.6415],[-80.4434,-2.6311],[-80.4504,-2.6288],[-80.4522,-2.6233],[-80.4653,-2.6105],[-80.497,-2.5711],[-80.5107,-2.5602],[-80.5601,-2.5097],[-80.6263,-2.4476],[-80.66,-2.4184],[-80.6867,-2.4019],[-80.6871,-2.3996],[-80.6927,-2.4072],[-80.7064,-2.3969],[-80.7182,-2.3914],[-80.7234,-2.3906],[-80.7254,-2.3937],[-80.7356,-2.3912],[-80.7438,-2.3933],[-80.7534,-2.3884],[-80.7723,-2.3876],[-80.7751,-2.3893],[-80.7976,-2.3782],[-80.8018,-2.3785],[-80.8494,-2.3374],[-80.8731,-2.3231],[-80.882,-2.323],[-80.8887,-2.3267],[-80.889,-2.3317],[-80.8846,-2.332],[-80.8901,-2.332],[-80.8905,-2.3386],[-80.8943,-2.3341],[-80.8993,-2.3332],[-80.8999,-2.3287],[-80.8951,-2.3188],[-80.8957,-2.3149],[-80.916,-2.2929],[-80.912,-2.2903],[-80.9249,-2.2719],[-80.9759,-2.2196],[-80.9921,-2.2053],[-80.9969,-2.2036],[-80.9961,-2.2012],[-81.0014,-2.197],[-81.0046,-2.1905],[-81.0113,-2.1896],[-81.0013,-2.1845],[-80.9882,-2.185],[-80.984,-2.1895],[-80.9867,-2.1922],[-80.9859,-2.195],[-80.9786,-2.1995],[-80.976,-2.2003],[-80.9747,-2.1993],[-80.9725,-2.1998],[-80.9751,-2.2017],[-80.9735,-2.2046],[-80.9664,-2.2055],[-80.9543,-2.202],[-80.9489,-2.2053],[-80.9502,-2.2092],[-80.9457,-2.2109],[-80.9429,-2.2183],[-80.93,-2.2209],[-80.9237,-2.22],[-80.9238,-2.2167],[-80.9219,-2.216],[-80.9232,-2.2173],[-80.9212,-2.2199],[-80.9073,-2.22],[-80.9068,-2.2163],[-80.9051,-2.219],[-80.8821,-2.2062],[-80.8767,-2.2062],[-80.8693,-2.1986],[-80.8549,-2.1967],[-80.8385,-2.1844],[-80.8283,-2.1678],[-80.8251,-2.1671],[-80.8175,-2.1562],[-80.8143,-2.1576],[-80.8109,-2.1563],[-80.8104,-2.1551],[-80.8091,-2.1547],[-80.8099,-2.1579],[-80.8065,-2.1596],[-80.795,-2.1548],[-80.7931,-2.153],[-80.7944,-2.1513],[-80.7943,-2.151],[-80.7918,-2.1528],[-80.7895,-2.1514],[-80.7616,-2.1258],[-80.748,-2.1031],[-80.7354,-2.0574],[-80.7353,-2.0285],[-80.7378,-2.0189],[-80.7397,-2.0212],[-80.7426,-2.0205],[-80.7503,-2.0111],[-80.7511,-1.9987],[-80.7563,-1.9946],[-80.7575,-1.9891],[-80.7515,-1.982],[-80.7554,-1.9794],[-80.7593,-1.9828],[-80.763,-1.9761],[-80.7551,-1.9697],[-80.7426,-1.9696],[-80.7332,-1.9606],[-80.7281,-1.9502],[-80.7264,-1.9263],[-80.7337,-1.8877],[-80.7541,-1.8257],[-80.757,-1.8204],[-80.7608,-1.8194],[-80.7568,-1.8138],[-80.7581,-1.806],[-80.7744,-1.7481],[-80.7954,-1.7155],[-80.7997,-1.7163],[-80.8055,-1.709],[-80.8058,-1.7032],[-80.8127,-1.6928],[-80.8104,-1.6883],[-80.8116,-1.6828],[-80.8192,-1.6684],[-80.8233,-1.6542],[-80.8367,-1.6308],[-80.8455,-1.6275],[-80.8429,-1.624],[-80.8466,-1.6174],[-80.8435,-1.614],[-80.8441,-1.6111],[-80.8544,-1.5998],[-80.8468,-1.5957],[-80.8426,-1.588],[-80.8403,-1.5768],[-80.842,-1.5668],[-80.8377,-1.5668],[-80.8346,-1.5607],[-80.8191,-1.5628],[-80.8136,-1.5585],[-80.8112,-1.543],[-80.8127,-1.5304],[-80.8176,-1.5208],[-80.8158,-1.5098],[-80.8093,-1.5102],[-80.8079,-1.5014],[-80.8048,-1.4999],[-80.8035,-1.4956],[-80.799,-1.4982],[-80.7938,-1.4952],[-80.7924,-1.4902],[-80.7953,-1.4883],[-80.7926,-1.4858],[-80.7921,-1.4786],[-80.7789,-1.4848],[-80.7714,-1.4805],[-80.7673,-1.4752],[-80.7633,-1.4584],[-80.7672,-1.4376],[-80.7545,-1.4299],[-80.7516,-1.4201],[-80.7552,-1.4012],[-80.7622,-1.389],[-80.7548,-1.3859],[-80.7545,-1.3828],[-80.7418,-1.3708],[-80.7392,-1.3662],[-80.7392,-1.3573],[-80.7616,-1.3118],[-80.8183,-1.2462],[-80.826,-1.2336],[-80.8501,-1.2054],[-80.8557,-1.1922],[-80.8782,-1.1549],[-80.9006,-1.0846],[-80.9125,-1.0587],[-80.9072,-1.0569],[-80.9046,-1.0521],[-80.9032,-1.038],[-80.8887,-1.0332],[-80.8794,-1.0215],[-80.8737,-1.0184],[-80.8623,-0.9979],[-80.8571,-0.9931],[-80.8542,-0.9931],[-80.841,-0.9775],[-80.8294,-0.9557],[-80.8253,-0.9577],[-80.8156,-0.9538],[-80.8041,-0.9603],[-80.7878,-0.9583],[-80.764,-0.9435],[-80.7443,-0.9437],[-80.7246,-0.9369],[-80.7222,-0.9303],[-80.7219,-0.93],[-80.7196,-0.9297],[-80.7221,-0.9303],[-80.7198,-0.9311],[-80.7221,-0.9328],[-80.72,-0.933],[-80.7262,-0.9397],[-80.7215,-0.9466],[-80.7175,-0.9469],[-80.7206,-0.9468],[-80.7203,-0.9501],[-80.718,-0.9503],[-80.7186,-0.9482],[-80.7154,-0.9505],[-80.6972,-0.9486],[-80.6836,-0.9437],[-80.6726,-0.9366],[-80.6639,-0.9287],[-80.6672,-0.9248],[-80.6627,-0.929],[-80.6578,-0.9271],[-80.6545,-0.9292],[-80.6559,-0.9358],[-80.6502,-0.9413],[-80.6397,-0.9444],[-80.6386,-0.9415],[-80.6358,-0.941],[-80.6387,-0.9434],[-80.6358,-0.9429],[-80.6343,-0.9462],[-80.6246,-0.946],[-80.5854,-0.9284],[-80.5588,-0.9003],[-80.5461,-0.8818],[-80.5392,-0.8659],[-80.5275,-0.8282],[-80.5226,-0.8003],[-80.5201,-0.7985],[-80.5183,-0.7805],[-80.5061,-0.7363],[-80.499,-0.7251],[-80.4833,-0.6843],[-80.4703,-0.6399],[-80.4582,-0.6263],[-80.4523,-0.6109],[-80.4317,-0.6037],[-80.4219,-0.5947],[-80.4226,-0.5723],[-80.4287,-0.5677],[-80.4315,-0.5685],[-80.4293,-0.5699],[-80.432,-0.5697],[-80.4362,-0.5636],[-80.4431,-0.5196],[-80.4414,-0.516],[-80.4436,-0.5165],[-80.459,-0.458],[-80.4688,-0.446],[-80.478,-0.4414],[-80.4845,-0.4159],[-80.4932,-0.399],[-80.4929,-0.3843],[-80.4883,-0.3659],[-80.4769,-0.3689],[-80.4698,-0.3665],[-80.4408,-0.3423],[-80.4329,-0.3391],[-80.427,-0.3334],[-80.4161,-0.3142],[-80.4072,-0.3116],[-80.3961,-0.289],[-80.3797,-0.2337],[-80.3737,-0.2269],[-80.3572,-0.2196],[-80.346,-0.2104],[-80.3385,-0.2014],[-80.3261,-0.172],[-80.3107,-0.1882],[-80.2997,-0.1881],[-80.2908,-0.1842],[-80.2694,-0.1651],[-80.2655,-0.1672],[-80.2607,-0.1606],[-80.2043,-0.1093],[-80.1854,-0.0884],[-80.1777,-0.0762],[-80.1708,-0.0707],[-80.1687,-0.0716],[-80.1598,-0.0672],[-80.1416,-0.0488],[-80.1302,-0.032],[-80.1241,-0.0178],[-80.1188,-0.0136],[-80.1029,0.009],[-80.0959,0.0122],[-80.0887,0.0488],[-80.0742,0.0458],[-80.0681,0.0505],[-80.0599,0.0658],[-80.049,0.0979],[-80.0377,0.1406],[-80.0316,0.1771],[-80.0305,0.2052],[-80.0349,0.259],[-80.0366,0.3215],[-80.0426,0.3611],[-80.039,0.3681],[-80.0334,0.3695],[-80.0261,0.3789],[-80.0337,0.3913],[-80.0418,0.3979],[-80.0387,0.3987],[-80.0391,0.4016],[-80.0341,0.4025],[-80.0249,0.4179],[-80.04,0.4309],[-80.0383,0.4341],[-80.0435,0.4384],[-80.0496,0.459],[-80.0557,0.4671],[-80.0474,0.4848],[-80.0443,0.4857],[-80.0478,0.4947],[-80.0424,0.4946],[-80.0391,0.5029],[-80.034,0.5057],[-80.0321,0.5098],[-80.0257,0.5064],[-80.0189,0.5121],[-80.0113,0.5316],[-80.0097,0.5501],[-80.0023,0.5523],[-80.001,0.557],[-80.0048,0.5644],[-80.0029,0.5663],[-80.0131,0.575],[-80.0259,0.6033],[-80.0367,0.6184],[-80.0371,0.6329],[-80.0447,0.6318],[-80.049,0.6367],[-80.0518,0.6365],[-80.07,0.6536],[-80.0684,0.653],[-80.0681,0.656],[-80.0818,0.6513],[-80.0826,0.6482],[-80.0877,0.6484],[-80.0878,0.653],[-80.0931,0.6596],[-80.1002,0.6797],[-80.1022,0.6963],[-80.0956,0.7093],[-80.0948,0.7199],[-80.0999,0.7383],[-80.0996,0.7524],[-80.0921,0.7755],[-80.0891,0.7769],[-80.0865,0.7834],[-80.0823,0.7855],[-80.0805,0.7927],[-80.0735,0.7971],[-80.0513,0.8253],[-80.0492,0.8243],[-80.049,0.8188],[-80.0457,0.8177],[-80.0257,0.8192],[-80.0225,0.8173],[-80.013,0.8206],[-80.0078,0.8178],[-79.9932,0.8165],[-79.9726,0.8194],[-79.9523,0.8259],[-79.9308,0.8425],[-79.917,0.8571],[-79.9148,0.8545],[-79.9052,0.8528],[-79.8816,0.8715],[-79.8766,0.869],[-79.8784,0.8672],[-79.8765,0.8651],[-79.8672,0.8645],[-79.8087,0.895],[-79.7949,0.9072],[-79.7791,0.9278],[-79.7383,0.9643],[-79.7059,0.9696],[-79.6733,0.9835],[-79.6494,0.9974],[-79.6487,0.9973],[-79.6464,0.995],[-79.648,0.9964],[-79.6521,0.9941],[-79.6498,0.9898],[-79.6271,0.9895],[-79.6257,0.9926],[-79.6222,0.9931],[-79.608,0.985],[-79.5831,0.9867],[-79.5596,0.9956],[-79.5532,0.9939],[-79.4225,1.0712],[-79.4189,1.0752],[-79.3959,1.0826],[-79.3919,1.0828],[-79.3863,1.0725],[-79.3687,1.0693],[-79.334,1.0721],[-79.3037,1.0823],[-79.3003,1.079],[-79.2924,1.0777],[-79.2595,1.0872],[-79.2559,1.0754],[-79.2459,1.0731],[-79.1814,1.0922],[-79.177,1.0906],[-79.1603,1.0988],[-79.1335,1.1192],[-79.13,1.1193],[-79.1294,1.1229],[-79.1067,1.1492],[-79.1023,1.1511],[-79.103,1.1537],[-79.0954,1.1642],[-79.0876,1.1686],[-79.0877,1.1731],[-79.0679,1.2053],[-79.0511,1.2217],[-79.0468,1.2437],[-79.0424,1.2428],[-79.0261,1.2528],[-79.0088,1.2698],[-79.0048,1.2718],[-79.0007,1.2707],[-78.9831,1.2816],[-78.9765,1.2971],[-78.9703,1.3009],[-78.9705,1.3035],[-78.9596,1.3155],[-78.9368,1.3384],[-78.9312,1.3372],[-78.93,1.3473],[-78.9105,1.3754],[-78.9067,1.3768],[-78.8987,1.3727],[-78.886,1.3831],[-78.8876,1.3943],[-78.8912,1.399],[-78.8866,1.4055],[-78.8819,1.4206],[-78.8828,1.4464],[-78.8687,1.4696],[-78.8354,1.442],[-78.8246,1.4407],[-78.8173,1.4322],[-78.8022,1.4282],[-78.7961,1.411],[-78.792,1.407],[-78.7826,1.4057],[-78.7775,1.3907],[-78.7677,1.3907],[-78.7589,1.3939],[-78.7524,1.3894],[-78.7441,1.3762],[-78.7406,1.3772],[-78.7317,1.3685],[-78.7292,1.3703],[-78.7285,1.3681],[-78.7207,1.3692],[-78.7178,1.3634],[-78.7098,1.359],[-78.7039,1.3495],[-78.7027,1.3378],[-78.701,1.34],[-78.6994,1.3366],[-78.701,1.3355],[-78.6976,1.3367],[-78.695,1.3347],[-78.6947,1.3302],[-78.6905,1.3313],[-78.6905,1.3343],[-78.6849,1.3331],[-78.6764,1.3261],[-78.6748,1.3222],[-78.6723,1.3237],[-78.6695,1.3196],[-78.661,1.3197],[-78.6622,1.3123],[-78.6598,1.3128],[-78.6611,1.3105],[-78.6581,1.3071],[-78.6599,1.305],[-78.6566,1.3035],[-78.6526,1.2911],[-78.6464,1.2891],[-78.6491,1.2765],[-78.642,1.2689],[-78.6383,1.2681],[-78.6403,1.2647],[-78.6363,1.2681],[-78.6302,1.2655],[-78.6334,1.262],[-78.6271,1.2617],[-78.6251,1.2541],[-78.6186,1.2481],[-78.615,1.2463],[-78.6047,1.247],[-78.5933,1.2386],[-78.5857,1.2433],[-78.5442,1.2447],[-78.5411,1.2351],[-78.547,1.2298],[-78.5471,1.2269],[-78.5395,1.2298],[-78.5276,1.2205],[-78.521,1.2213],[-78.5202,1.2132],[-78.5139,1.2134],[-78.5157,1.2048],[-78.5112,1.2034],[-78.5123,1.1963],[-78.5174,1.1899],[-78.516,1.1879],[-78.5088,1.1889],[-78.505,1.1975],[-78.5016,1.1955],[-78.4955,1.1977],[-78.4929,1.1964],[-78.4951,1.1922],[-78.4902,1.1853],[-78.4788,1.1933],[-78.47,1.1882],[-78.4699,1.1809],[-78.4642,1.1811],[-78.4634,1.1762],[-78.4581,1.1778],[-78.4559,1.1757],[-78.4509,1.1836],[-78.4433,1.1834],[-78.4396,1.1941],[-78.4377,1.1907],[-78.4326,1.1897],[-78.4289,1.1807],[-78.4257,1.1785],[-78.428,1.1755],[-78.4268,1.1712],[-78.4284,1.1697],[-78.4333,1.1715],[-78.435,1.1595],[-78.4386,1.1587],[-78.4306,1.1401],[-78.4219,1.1382],[-78.4158,1.1394],[-78.4172,1.1483],[-78.4253,1.1524],[-78.418,1.1601],[-78.4078,1.1603],[-78.4027,1.1568],[-78.4026,1.1527],[-78.3953,1.1523],[-78.3874,1.1592],[-78.3826,1.1593],[-78.3799,1.1665],[-78.381,1.1701],[-78.3747,1.1744],[-78.3682,1.1758],[-78.3655,1.1742],[-78.3631,1.1773],[-78.3603,1.1744],[-78.3572,1.1776],[-78.3573,1.1818],[-78.3548,1.1803],[-78.3461,1.1833],[-78.3426,1.1829],[-78.3413,1.1789],[-78.3378,1.1786],[-78.3383,1.1823],[-78.3278,1.1852],[-78.3252,1.1958],[-78.3227,1.1945],[-78.3229,1.1913],[-78.3191,1.1946],[-78.3139,1.1904],[-78.3111,1.1909],[-78.3119,1.1836],[-78.3054,1.1788],[-78.3037,1.1752],[-78.3052,1.1726],[-78.2954,1.1707],[-78.2956,1.161],[-78.2987,1.1594],[-78.2952,1.1582],[-78.2985,1.156],[-78.2967,1.1501],[-78.299,1.1491],[-78.2932,1.1454],[-78.2908,1.133],[-78.2874,1.1291],[-78.2886,1.1264],[-78.285,1.123],[-78.2824,1.1234],[-78.283,1.1201],[-78.2794,1.1198],[-78.2825,1.1115],[-78.2771,1.1085],[-78.274,1.1142],[-78.2656,1.1119],[-78.2628,1.1076],[-78.2679,1.105],[-78.2646,1.0996],[-78.2586,1.0972],[-78.2547,1.0979],[-78.2531,1.1016],[-78.2509,1.099],[-78.2562,1.09],[-78.2559,1.0868],[-78.2522,1.0891],[-78.2498,1.0845],[-78.2525,1.0789],[-78.2625,1.0826],[-78.2671,1.0774],[-78.2776,1.0722],[-78.2801,1.0681],[-78.2767,1.062],[-78.2819,1.0559],[-78.267,1.0459],[-78.2666,1.0431],[-78.2535,1.0369],[-78.2536,1.0318],[-78.2508,1.0285],[-78.2432,1.0293],[-78.2395,1.027],[-78.2365,1.0236],[-78.2382,1.0189],[-78.2343,1.0152],[-78.2061,1.0021],[-78.2022,0.9969],[-78.2026,0.9919],[-78.1951,0.9847],[-78.197,0.9758],[-78.192,0.9699],[-78.1939,0.9666],[-78.1912,0.9606],[-78.194,0.9557],[-78.1996,0.9537],[-78.2003,0.9499],[-78.1852,0.9378],[-78.1773,0.937],[-78.154,0.924],[-78.1452,0.9264],[-78.1429,0.9311],[-78.1354,0.9359],[-78.1214,0.9359],[-78.1121,0.9322],[-78.1072,0.9278],[-78.1048,0.9111],[-78.1001,0.9093],[-78.099,0.9053],[-78.0892,0.8971],[-78.0789,0.8979],[-78.0737,0.8955],[-78.0711,0.8972],[-78.0657,0.8933],[-78.066,0.8893],[-78.0597,0.8872],[-78.0536,0.8891],[-78.0452,0.8814],[-78.0341,0.8804],[-78.0246,0.8742],[-78.0211,0.8746],[-78.0201,0.8711],[-78.0127,0.869],[-78.0036,0.8593],[-77.999,0.8605],[-77.9851,0.8533],[-77.9821,0.8439],[-77.9744,0.8335],[-77.9676,0.8315],[-77.9661,0.8244],[-77.9442,0.822],[-77.9363,0.8163],[-77.9261,0.8165],[-77.9108,0.8108],[-77.8913,0.8104],[-77.8669,0.8015],[-77.8446,0.8038],[-77.8426,0.8023],[-77.8309,0.8068],[-77.8269,0.8051],[-77.8197,0.8078],[-77.813,0.8161],[-77.814,0.8194],[-77.8045,0.8279],[-77.8037,0.8312],[-77.7987,0.8306],[-77.7972,0.833],[-77.7885,0.8357],[-77.7836,0.8337],[-77.7785,0.8358],[-77.7745,0.8412],[-77.7676,0.8385],[-77.7641,0.842],[-77.7467,0.8331],[-77.732,0.8399],[-77.7208,0.8499],[-77.7159,0.849],[-77.7141,0.8509],[-77.7086,0.8483],[-77.7045,0.8414],[-77.6949,0.84],[-77.6936,0.8331],[-77.6861,0.8283],[-77.6852,0.8299],[-77.6848,0.825],[-77.683,0.8262],[-77.6789,0.8217],[-77.6784,0.8235],[-77.6731,0.8239],[-77.6698,0.8212],[-77.6701,0.8179],[-77.6649,0.8179],[-77.664,0.8109],[-77.6686,0.8036],[-77.6744,0.8016],[-77.6769,0.7922],[-77.6616,0.79],[-77.6669,0.7832],[-77.6825,0.7757],[-77.6884,0.7691],[-77.6917,0.7512],[-77.696,0.75],[-77.6979,0.7418],[-77.6846,0.7398],[-77.6729,0.735],[-77.673,0.7297],[-77.6636,0.7215],[-77.666,0.7114],[-77.6644,0.7072],[-77.6401,0.7028],[-77.6362,0.6985],[-77.6253,0.6957],[-77.6162,0.6882],[-77.6109,0.689],[-77.6016,0.6753],[-77.5882,0.673],[-77.5883,0.6693],[-77.5818,0.6668],[-77.5783,0.6604],[-77.5679,0.6569],[-77.5635,0.6507],[-77.5411,0.6497],[-77.5229,0.6558],[-77.5221,0.658],[-77.5067,0.6555],[-77.5034,0.6612],[-77.502,0.6578],[-77.4922,0.6625],[-77.4863,0.6566],[-77.4805,0.6562],[-77.4836,0.6499],[-77.479,0.6404],[-77.4803,0.6095],[-77.4867,0.6002],[-77.4889,0.5849],[-77.5016,0.5772],[-77.5042,0.5672],[-77.5105,0.5655],[-77.5095,0.5596],[-77.5117,0.5507],[-77.5146,0.5494],[-77.5184,0.5388],[-77.5174,0.536],[-77.5219,0.5315],[-77.5209,0.5253],[-77.5229,0.5197],[-77.5183,0.5098],[-77.5163,0.4946],[-77.5237,0.4805],[-77.5257,0.4712],[-77.5187,0.4529],[-77.5234,0.4441],[-77.5205,0.4397],[-77.5201,0.4215],[-77.5295,0.4061],[-77.4588,0.4271],[-77.4456,0.427],[-77.4313,0.4394],[-77.4296,0.4373],[-77.4242,0.4382],[-77.421,0.4363],[-77.4228,0.4278],[-77.4211,0.4215],[-77.4161,0.4197],[-77.4123,0.4089],[-77.3927,0.3958],[-77.3933,0.3916],[-77.3896,0.3882],[-77.3804,0.3854],[-77.3787,0.3893],[-77.3836,0.3963],[-77.3768,0.3969],[-77.3709,0.4008],[-77.361,0.3931],[-77.3575,0.3962],[-77.3498,0.391],[-77.341,0.3912],[-77.3349,0.3881],[-77.3268,0.3893],[-77.3187,0.3804],[-77.3129,0.3806],[-77.3096,0.373],[-77.3029,0.3681],[-77.2875,0.3632],[-77.2809,0.3629],[-77.2774,0.3651],[-77.2705,0.3639],[-77.2686,0.3677],[-77.2636,0.3702],[-77.2596,0.3694],[-77.255,0.3644],[-77.249,0.3651],[-77.2454,0.3616],[-77.2389,0.3662],[-77.2326,0.3621],[-77.2236,0.3653],[-77.22,0.3633],[-77.2014,0.3687],[-77.1994,0.3744],[-77.1963,0.3742],[-77.1933,0.3786],[-77.1885,0.3804],[-77.1848,0.3885],[-77.1798,0.3905],[-77.1711,0.3872],[-77.1669,0.3897],[-77.1607,0.3827],[-77.1497,0.3759],[-77.1369,0.3745],[-77.132,0.3789],[-77.1268,0.3793],[-77.1133,0.372],[-77.107,0.3571],[-77.1069,0.3465],[-77.0992,0.3365],[-77.0959,0.3267],[-77.0814,0.3159],[-77.0802,0.3112],[-77.0849,0.3065],[-77.085,0.2998],[-77.0781,0.2873],[-77.0695,0.2898],[-77.0627,0.2849],[-77.0554,0.284],[-77.0479,0.2929],[-77.0317,0.2782],[-77.0274,0.277],[-77.015,0.2908],[-77.0038,0.2968],[-76.9964,0.2936],[-76.9969,0.2811],[-76.9852,0.2682],[-76.9649,0.2737],[-76.9593,0.2693],[-76.949,0.2686],[-76.9443,0.2696],[-76.9387,0.276],[-76.9328,0.2766],[-76.9289,0.2705],[-76.9347,0.2651],[-76.9352,0.2616],[-76.9103,0.2472],[-76.8875,0.2465],[-76.8799,0.252],[-76.8583,0.2459],[-76.8455,0.2391],[-76.8323,0.2472],[-76.8306,0.2521],[-76.8364,0.2569],[-76.8381,0.2615],[-76.8286,0.2632],[-76.8244,0.2612],[-76.8215,0.2556],[-76.7983,0.2642],[-76.7909,0.264],[-76.7805,0.2583],[-76.7695,0.2461],[-76.7562,0.2482],[-76.7529,0.2507],[-76.7522,0.2559],[-76.7564,0.2586],[-76.7646,0.2586],[-76.7665,0.2604],[-76.7654,0.2639],[-76.7528,0.2746],[-76.7409,0.279],[-76.7328,0.2887],[-76.7118,0.2688],[-76.7065,0.2758],[-76.701,0.2783],[-76.6907,0.2762],[-76.6787,0.2696],[-76.6648,0.2722],[-76.6562,0.2708],[-76.6537,0.2666],[-76.6565,0.2541],[-76.6522,0.251],[-76.6368,0.262],[-76.6271,0.2623],[-76.6181,0.254],[-76.6081,0.2337],[-76.6031,0.2295],[-76.5952,0.2278],[-76.59,0.22],[-76.5859,0.2186],[-76.5809,0.2219],[-76.5783,0.2297],[-76.5682,0.2438],[-76.5351,0.2593],[-76.5247,0.253],[-76.513,0.2405],[-76.5038,0.2364],[-76.4881,0.2417],[-76.4742,0.2392],[-76.4479,0.2392],[-76.445,0.2406],[-76.4435,0.2457],[-76.4454,0.2547],[-76.4369,0.2574],[-76.4281,0.2559],[-76.4244,0.2519],[-76.4295,0.2405],[-76.4261,0.2353],[-76.4229,0.2343],[-76.4121,0.2416],[-76.412,0.3799],[-76.3972,0.382],[-76.372,0.3945],[-76.3647,0.3927],[-76.3549,0.3794],[-76.3443,0.3805],[-76.3342,0.3885],[-76.3307,0.4161],[-76.3143,0.4343],[-76.3104,0.4337],[-76.3041,0.423],[-76.2979,0.421],[-76.2916,0.4235],[-76.2834,0.4351],[-76.277,0.4365],[-76.2601,0.4259],[-76.262,0.4075],[-76.2603,0.404],[-76.2509,0.4014],[-76.2405,0.4049],[-76.2321,0.4006],[-76.2285,0.3768],[-76.2259,0.3743],[-76.2195,0.3817],[-76.208,0.3861],[-76.198,0.374],[-76.1742,0.3722],[-76.1665,0.3761],[-76.1634,0.3869],[-76.1603,0.3894],[-76.1464,0.3783],[-76.1344,0.3738],[-76.1182,0.3439],[-76.1211,0.3247],[-76.1114,0.3144],[-76.1054,0.3135],[-76.0971,0.3179],[-76.088,0.3333],[-76.083,0.3368],[-76.0628,0.3365],[-76.0537,0.3333],[-76.05,0.3273],[-76.0464,0.3119],[-76.0401,0.3069],[-76.0094,0.3001],[-75.9994,0.2875],[-75.9959,0.2653],[-75.9866,0.2641],[-75.9841,0.2612],[-75.9866,0.2542],[-76.004,0.2547],[-76.0038,0.2484],[-75.9901,0.2429],[-75.9749,0.2427],[-75.9638,0.2383],[-75.9599,0.2346],[-75.9584,0.2251],[-75.9531,0.221],[-75.9472,0.2292],[-75.9439,0.2292],[-75.9448,0.224],[-75.9574,0.2147],[-75.9581,0.2073],[-75.9537,0.2015],[-75.9379,0.2001],[-75.9145,0.1711],[-75.8975,0.1614],[-75.8965,0.154],[-75.9055,0.1446],[-75.9055,0.1373],[-75.9017,0.1361],[-75.8866,0.1413],[-75.8813,0.1346],[-75.88,0.121],[-75.8753,0.1182],[-75.8706,0.1206],[-75.8691,0.1285],[-75.8647,0.1339],[-75.8594,0.1351],[-75.852,0.1313],[-75.8395,0.1044],[-75.8141,0.0773],[-75.8135,0.0594],[-75.8094,0.0521],[-75.8019,0.0503],[-75.7876,0.056],[-75.7715,0.0417],[-75.748,0.0362],[-75.7154,0.0389],[-75.6908,0.0371],[-75.6815,0.0403],[-75.6647,0.0408],[-75.6496,0.0294],[-75.6443,0.0342],[-75.6416,0.0465],[-75.6378,0.047],[-75.6327,0.0431],[-75.6328,0.0339],[-75.6293,0.0281],[-75.6024,0.0149],[-75.5867,0.0174],[-75.5821,0.0151],[-75.5789,0.003],[-75.5833,-0.014],[-75.5794,-0.0211],[-75.5734,-0.0255],[-75.5639,-0.0261],[-75.5531,-0.0234],[-75.5425,-0.0272],[-75.5232,-0.0265],[-75.5127,-0.0349],[-75.5068,-0.0459],[-75.5026,-0.0493],[-75.468,-0.0507],[-75.447,-0.0713],[-75.4319,-0.0818],[-75.4186,-0.0847],[-75.4111,-0.0911],[-75.3959,-0.0977],[-75.3875,-0.0992],[-75.368,-0.0903],[-75.3611,-0.0902],[-75.3525,-0.0918],[-75.3379,-0.1013],[-75.3268,-0.1053],[-75.2984,-0.1064],[-75.287,-0.1172],[-75.2761,-0.1235],[-75.268,-0.1217],[-75.2585,-0.1134],[-75.256,-0.1199],[-75.2602,-0.1278],[-75.2736,-0.1323],[-75.2842,-0.1418],[-75.2892,-0.1548],[-75.2963,-0.1488],[-75.2989,-0.1552],[-75.3001,-0.151],[-75.3043,-0.1574],[-75.3076,-0.1563],[-75.3097,-0.16],[-75.3101,-0.1567],[-75.3132,-0.1575],[-75.3126,-0.161],[-75.3141,-0.1591],[-75.3161,-0.1609],[-75.3189,-0.158],[-75.3227,-0.1601],[-75.3301,-0.157],[-75.3342,-0.1597],[-75.3352,-0.1571],[-75.3395,-0.1562],[-75.3528,-0.1645],[-75.36,-0.1585],[-75.3552,-0.1584],[-75.3571,-0.1534],[-75.3532,-0.1483],[-75.3558,-0.1473],[-75.3582,-0.1497],[-75.3594,-0.1471],[-75.3645,-0.1466],[-75.368,-0.1533],[-75.3682,-0.164],[-75.3693,-0.1605],[-75.3746,-0.162],[-75.3737,-0.1649],[-75.3812,-0.1664],[-75.3811,-0.169],[-75.3833,-0.1694],[-75.3861,-0.1654],[-75.3869,-0.1684],[-75.3911,-0.1653],[-75.3945,-0.1672],[-75.3973,-0.1654],[-75.4037,-0.1707],[-75.4121,-0.1657],[-75.4132,-0.167],[-75.4195,-0.1644],[-75.4187,-0.1613],[-75.4237,-0.1607],[-75.4229,-0.1574],[-75.4268,-0.1582],[-75.4259,-0.1564],[-75.4325,-0.1534],[-75.4338,-0.1567],[-75.4351,-0.1538],[-75.4495,-0.1555],[-75.4499,-0.1502],[-75.4518,-0.1497],[-75.4525,-0.152],[-75.4542,-0.1498],[-75.4562,-0.1524],[-75.4602,-0.1525],[-75.4651,-0.1438],[-75.4671,-0.1446],[-75.4661,-0.1413],[-75.4688,-0.1394],[-75.4711,-0.1409],[-75.4711,-0.1387],[-75.4774,-0.1367],[-75.4767,-0.1345],[-75.48,-0.1351],[-75.4789,-0.1324],[-75.4838,-0.1335],[-75.4846,-0.1303],[-75.4967,-0.1321],[-75.5037,-0.1275],[-75.5056,-0.1183],[-75.5118,-0.1204],[-75.5102,-0.1186],[-75.5137,-0.1188],[-75.516,-0.115],[-75.5196,-0.1175],[-75.5204,-0.1155],[-75.523,-0.1163],[-75.5252,-0.1205],[-75.5353,-0.1157],[-75.5361,-0.122],[-75.5386,-0.122],[-75.5407,-0.1166],[-75.5425,-0.117],[-75.5416,-0.1222],[-75.5498,-0.1247],[-75.5518,-0.1309],[-75.5554,-0.1288],[-75.5653,-0.1314],[-75.5645,-0.1288],[-75.5688,-0.1318],[-75.5688,-0.1264],[-75.5715,-0.1284],[-75.5775,-0.1208],[-75.5817,-0.1217],[-75.5816,-0.1192],[-75.5854,-0.1213],[-75.586,-0.1195],[-75.59,-0.1228],[-75.5933,-0.1178],[-75.596,-0.1209],[-75.5948,-0.1157],[-75.5982,-0.1155],[-75.6011,-0.1097],[-75.6063,-0.1096],[-75.6105,-0.1135],[-75.6102,-0.193],[-75.6006,-0.1935],[-75.5885,-0.1898],[-75.579,-0.1779],[-75.5693,-0.1853],[-75.5614,-0.1844],[-75.5578,-0.1809],[-75.5503,-0.1789],[-75.5465,-0.1794],[-75.5415,-0.1754],[-75.5377,-0.1761],[-75.5307,-0.185],[-75.5248,-0.1884],[-75.5207,-0.1962],[-75.5137,-0.1972],[-75.5104,-0.209],[-75.5012,-0.216],[-75.502,-0.2212],[-75.4983,-0.2275],[-75.4937,-0.2277],[-75.4891,-0.234],[-75.4823,-0.2369],[-75.479,-0.2685],[-75.4736,-0.2728],[-75.4692,-0.2813],[-75.4749,-0.293],[-75.4717,-0.2981],[-75.4679,-0.2971],[-75.4646,-0.2996],[-75.4661,-0.3114],[-75.4627,-0.314],[-75.4636,-0.3177],[-75.4585,-0.3211],[-75.4603,-0.3224],[-75.4587,-0.3246],[-75.4545,-0.3256],[-75.4563,-0.3284],[-75.4537,-0.3324],[-75.4444,-0.3402],[-75.4418,-0.3539],[-75.4328,-0.3629],[-75.4337,-0.3668],[-75.4314,-0.37],[-75.4256,-0.3716],[-75.4243,-0.3745],[-75.4265,-0.3781],[-75.4241,-0.3822],[-75.4188,-0.3843],[-75.4151,-0.3964],[-75.4086,-0.4002],[-75.4012,-0.3995],[-75.3988,-0.4093],[-75.3949,-0.4092],[-75.3886,-0.4168],[-75.3918,-0.4246],[-75.3895,-0.4257],[-75.3882,-0.434],[-75.3851,-0.4346],[-75.3852,-0.4368],[-75.382,-0.4358],[-75.3809,-0.4383],[-75.3757,-0.438],[-75.3754,-0.4417],[-75.3704,-0.4415],[-75.3709,-0.4435],[-75.3674,-0.4458],[-75.3631,-0.4436],[-75.362,-0.4462],[-75.3561,-0.4468],[-75.3538,-0.4517],[-75.3544,-0.4582],[-75.3513,-0.4593],[-75.3517,-0.4614],[-75.3501,-0.4602],[-75.3491,-0.4636],[-75.3468,-0.4618],[-75.3441,-0.464],[-75.3419,-0.4588],[-75.3408,-0.4616],[-75.3373,-0.4606],[-75.3313,-0.4515],[-75.325,-0.4526],[-75.3271,-0.4603],[-75.319,-0.4644],[-75.3184,-0.4622],[-75.3163,-0.4635],[-75.3111,-0.4739],[-75.3142,-0.476],[-75.3098,-0.4799],[-75.313,-0.4822],[-75.3102,-0.4856],[-75.3147,-0.4872],[-75.3124,-0.4904],[-75.313,-0.4945],[-75.3096,-0.4929],[-75.3089,-0.4957],[-75.3062,-0.4924],[-75.3045,-0.4951],[-75.3005,-0.4924],[-75.3007,-0.4954],[-75.2974,-0.4966],[-75.2952,-0.5019],[-75.2953,-0.5061],[-75.2902,-0.5027],[-75.2876,-0.5042],[-75.2852,-0.4993],[-75.2863,-0.4969],[-75.2816,-0.4996],[-75.2778,-0.4979],[-75.2731,-0.506],[-75.2708,-0.5013],[-75.2665,-0.5057],[-75.2694,-0.5114],[-75.268,-0.5145],[-75.2706,-0.5127],[-75.2727,-0.5177],[-75.2696,-0.5195],[-75.2682,-0.5247],[-75.2647,-0.5236],[-75.2653,-0.5272],[-75.2689,-0.5294],[-75.2653,-0.5337],[-75.2621,-0.5334],[-75.2631,-0.5289],[-75.2505,-0.517],[-75.2504,-0.5191],[-75.2465,-0.5184],[-75.2469,-0.5219],[-75.2419,-0.523],[-75.2439,-0.5326],[-75.2396,-0.5327],[-75.2427,-0.5359],[-75.2379,-0.5387],[-75.2415,-0.5401],[-75.2418,-0.5427],[-75.2396,-0.5426],[-75.2447,-0.5466],[-75.2277,-0.5504],[-75.2299,-0.5536],[-75.2269,-0.5554],[-75.2297,-0.5645],[-75.2275,-0.565],[-75.2282,-0.5701],[-75.2247,-0.5701],[-75.2341,-0.5803],[-75.2395,-0.5784],[-75.2373,-0.5895],[-75.2395,-0.5903],[-75.2398,-0.5968],[-75.2377,-0.5982],[-75.2405,-0.6012],[-75.2297,-0.6027],[-75.2267,-0.6052],[-75.2334,-0.6073],[-75.2331,-0.6145],[-75.229,-0.6191],[-75.2259,-0.6183],[-75.2268,-0.622],[-75.2235,-0.6242],[-75.2271,-0.6269],[-75.2232,-0.6284],[-75.2323,-0.6305],[-75.2344,-0.6338],[-75.2353,-0.6409],[-75.2325,-0.647],[-75.2364,-0.6469],[-75.239,-0.6423],[-75.2412,-0.6452],[-75.2455,-0.6388],[-75.2505,-0.6423],[-75.2489,-0.6474],[-75.2573,-0.6431],[-75.2586,-0.656],[-75.2645,-0.6558],[-75.2743,-0.6658],[-75.2729,-0.6731],[-75.264,-0.6856],[-75.2511,-0.692],[-75.2486,-0.697],[-75.2513,-0.7005],[-75.2674,-0.7066],[-75.277,-0.7184],[-75.2705,-0.75],[-75.2616,-0.7545],[-75.2541,-0.7649],[-75.2577,-0.7726],[-75.2679,-0.7784],[-75.269,-0.7858],[-75.2418,-0.7987],[-75.2414,-0.8116],[-75.2518,-0.8318],[-75.2515,-0.837],[-75.2438,-0.8509],[-75.2405,-0.8539],[-75.231,-0.8556],[-75.2223,-0.8664],[-75.2235,-0.8888],[-75.2212,-0.9057],[-75.2313,-0.9209],[-75.2338,-0.9325],[-75.2251,-0.945],[-75.2096,-0.9565],[-75.199,-0.9595],[-75.1871,-0.9728],[-75.2013,-0.9795],[-75.2073,-0.9748],[-75.2212,-0.9783],[-75.2312,-0.9741],[-75.2459,-0.9789],[-75.2572,-0.9719],[-75.2678,-0.971],[-75.2795,-0.9744],[-75.2933,-0.9875],[-75.3064,-0.9876],[-75.3193,-0.9731],[-75.3323,-0.9728],[-75.3375,-0.9686],[-75.343,-0.9598],[-75.3454,-0.9483],[-75.3634,-0.9367],[-75.3666,-0.9286],[-75.3722,-0.9234],[-75.3763,-0.9218],[-75.3878,-0.9247],[-75.3867,-0.9301],[-75.5559,-1.5494],[-75.5591,-1.551],[-75.5577,-1.5608],[-75.5614,-1.5642],[-75.5643,-1.5639],[-75.5676,-1.5559],[-75.5739,-1.5532],[-75.5776,-1.5477],[-75.5852,-1.5494],[-76.0433,-2.1246],[-76.6336,-2.5902],[-77.8445,-2.999],[-77.8399,-3.0081],[-77.9404,-3.0656],[-77.9471,-3.0722],[-77.9477,-3.0844],[-77.9518,-3.0907],[-77.9615,-3.0952],[-77.9707,-3.1177],[-77.9831,-3.1196],[-77.9863,-3.1337],[-77.9941,-3.141],[-77.9968,-3.1472],[-78.0087,-3.1564],[-78.0121,-3.1648],[-78.0103,-3.1741],[-78.0118,-3.1781],[-78.0205,-3.1864],[-78.0372,-3.1905],[-78.0418,-3.2079],[-78.0541,-3.2071],[-78.0626,-3.2212],[-78.0619,-3.2272],[-78.0649,-3.2255],[-78.0769,-3.2272],[-78.087,-3.2171],[-78.0912,-3.2163],[-78.093,-3.219],[-78.0867,-3.2303],[-78.092,-3.2355],[-78.0895,-3.2404],[-78.0943,-3.2425],[-78.0954,-3.2525],[-78.1004,-3.2558],[-78.0993,-3.2612],[-78.1077,-3.2631],[-78.1087,-3.2709],[-78.1069,-3.274],[-78.1131,-3.281],[-78.1133,-3.2865],[-78.1198,-3.2911],[-78.1198,-3.2937],[-78.1241,-3.2944],[-78.1326,-3.3056],[-78.1434,-3.327],[-78.1513,-3.3293],[-78.1518,-3.3333],[-78.1577,-3.3356],[-78.1774,-3.3553],[-78.1928,-3.3617],[-78.1938,-3.3663],[-78.1914,-3.3719],[-78.1947,-3.3747],[-78.1917,-3.3774],[-78.1872,-3.3974],[-78.1807,-3.4086],[-78.1735,-3.4125],[-78.1676,-3.4096],[-78.1668,-3.4125],[-78.1609,-3.4139],[-78.1547,-3.4217],[-78.1533,-3.4314],[-78.1508,-3.4334],[-78.1528,-3.4424],[-78.1476,-3.448],[-78.1485,-3.4585],[-78.145,-3.4617],[-78.1489,-3.4807],[-78.1629,-3.4814],[-78.1699,-3.4906],[-78.1807,-3.4917],[-78.1846,-3.4996],[-78.1867,-3.4978],[-78.1925,-3.5006],[-78.2005,-3.4956],[-78.2061,-3.5056],[-78.2184,-3.5091],[-78.2327,-3.4968],[-78.2288,-3.4959],[-78.2264,-3.4912],[-78.2304,-3.4867],[-78.2305,-3.4777],[-78.2369,-3.4617],[-78.2351,-3.4528],[-78.2369,-3.4453],[-78.2441,-3.4392],[-78.2414,-3.4092],[-78.2459,-3.4072],[-78.2468,-3.4023],[-78.2496,-3.4008],[-78.2552,-3.4043],[-78.2604,-3.4027],[-78.2673,-3.4053],[-78.2822,-3.4009],[-78.2902,-3.3955],[-78.3017,-3.3999],[-78.3104,-3.3956],[-78.3173,-3.3961],[-78.3294,-3.3864],[-78.3467,-3.3809],[-78.3442,-3.3913],[-78.3557,-3.4036],[-78.3505,-3.414],[-78.3509,-3.4172],[-78.3424,-3.4266],[-78.3425,-3.4305],[-78.3454,-3.4501],[-78.3511,-3.4607],[-78.3557,-3.4628],[-78.3584,-3.4727],[-78.3585,-3.4768],[-78.3534,-3.4814],[-78.3565,-3.4862],[-78.3545,-3.4935],[-78.3579,-3.4976],[-78.3574,-3.5013],[-78.3663,-3.5124],[-78.3673,-3.5217],[-78.3653,-3.5305]],[[-80.0201,-2.6779],[-79.9883,-2.6918],[-79.9679,-2.7117],[-79.9553,-2.7166],[-79.9478,-2.7164],[-79.945,-2.7196],[-79.935,-2.7223],[-79.9286,-2.728],[-79.9173,-2.732],[-79.9107,-2.738],[-79.9026,-2.7388],[-79.8999,-2.745],[-79.9102,-2.7752],[-79.9184,-2.7793],[-79.9313,-2.7926],[-79.9679,-2.7943],[-79.9741,-2.7972],[-79.9783,-2.8043],[-79.9931,-2.8089],[-80.0021,-2.8166],[-80.0074,-2.8312],[-80.0216,-2.8445],[-80.0228,-2.8545],[-80.0301,-2.8599],[-80.0307,-2.8669],[-80.038,-2.8747],[-80.0412,-2.8875],[-80.0458,-2.8917],[-80.0456,-2.8958],[-80.0512,-2.8996],[-80.0568,-2.9122],[-80.0636,-2.9137],[-80.0654,-2.9278],[-80.07,-2.9317],[-80.0723,-2.9299],[-80.0742,-2.9328],[-80.0792,-2.9328],[-80.084,-2.936],[-80.0939,-2.9335],[-80.0976,-2.9439],[-80.0938,-2.9504],[-80.0976,-2.9714],[-80.1073,-2.9822],[-80.1168,-3.0015],[-80.1188,-3.0001],[-80.1196,-3.0064],[-80.1239,-3.0087],[-80.1231,-3.0202],[-80.1478,-3.023],[-80.1594,-3.0204],[-80.1625,-3.0158],[-80.1672,-3.0153],[-80.1707,-3.0276],[-80.1934,-3.0413],[-80.2016,-3.0401],[-80.2138,-3.0328],[-80.2237,-3.035],[-80.2565,-3.0275],[-80.2602,-3.024],[-80.2658,-3.0097],[-80.2745,-3.004],[-80.2672,-2.9893],[-80.2621,-2.956],[-80.2608,-2.9058],[-80.263,-2.862],[-80.258,-2.8511],[-80.2574,-2.8313],[-80.2524,-2.8289],[-80.2482,-2.8203],[-80.2365,-2.7859],[-80.2233,-2.7733],[-80.2181,-2.7645],[-80.2179,-2.7476],[-80.221,-2.7386],[-80.2032,-2.7302],[-80.1942,-2.7315],[-80.1826,-2.7278],[-80.1823,-2.7233],[-80.1776,-2.7204],[-80.1654,-2.7206],[-80.1403,-2.7122],[-80.1359,-2.7086],[-80.1238,-2.7069],[-80.1114,-2.6929],[-80.0974,-2.6897],[-80.0933,-2.6867],[-80.075,-2.6871],[-80.0666,-2.6806],[-80.0367,-2.675],[-80.0201,-2.6779]],[[-80.1256,-2.6955],[-80.1248,-2.6987],[-80.1294,-2.7019],[-80.1409,-2.7016],[-80.1382,-2.6968],[-80.1256,-2.6955]],[[-79.918,-2.6768],[-79.9163,-2.6686],[-79.912,-2.6643],[-79.9089,-2.6772],[-79.9123,-2.681],[-79.918,-2.6768]],[[-80.1899,-2.6643],[-80.1777,-2.654],[-80.1723,-2.6538],[-80.1734,-2.6587],[-80.1818,-2.6658],[-80.1874,-2.6673],[-80.1899,-2.6643]],[[-80.1821,-2.6457],[-80.1913,-2.6555],[-80.2001,-2.6543],[-80.196,-2.6483],[-80.1898,-2.6452],[-80.1821,-2.6457]],[[-79.8165,-2.5508],[-79.8359,-2.6202],[-79.8354,-2.6506],[-79.8396,-2.6595],[-79.8474,-2.6649],[-79.8542,-2.6651],[-79.8654,-2.658],[-79.8806,-2.6558],[-79.8876,-2.6521],[-79.8892,-2.6478],[-79.8878,-2.6312],[-79.8857,-2.6206],[-79.8831,-2.6196],[-79.8807,-2.5979],[-79.8635,-2.5398],[-79.8597,-2.497],[-79.8534,-2.4772],[-79.8482,-2.4696],[-79.8385,-2.4852],[-79.8165,-2.5508]],[[-79.8096,-2.5366],[-79.8157,-2.5256],[-79.8144,-2.5174],[-79.7995,-2.5322],[-79.8047,-2.5406],[-79.8096,-2.5366]],[[-79.8126,-2.4301],[-79.805,-2.4484],[-79.8023,-2.4902],[-79.7841,-2.5187],[-79.7881,-2.526],[-79.7952,-2.5306],[-79.8041,-2.5256],[-79.8137,-2.5135],[-79.8267,-2.4896],[-79.8328,-2.4668],[-79.8424,-2.4507],[-79.8386,-2.4193],[-79.8347,-2.4091],[-79.8219,-2.4154],[-79.8126,-2.4301]],[[-89.6438,-1.357],[-89.6446,-1.3577],[-89.6442,-1.3567],[-89.6438,-1.357]],[[-89.6423,-1.3402],[-89.6392,-1.3444],[-89.6493,-1.3469],[-89.6481,-1.3421],[-89.6457,-1.3425],[-89.6463,-1.3401],[-89.6423,-1.3402]],[[-89.5617,-0.8545],[-89.5683,-0.8571],[-89.5694,-0.8565],[-89.5617,-0.8545]],[[-89.355,-0.8322],[-89.3551,-0.8316],[-89.3548,-0.8318],[-89.355,-0.8322]],[[-89.356,-0.8297],[-89.3552,-0.8296],[-89.3554,-0.8311],[-89.356,-0.8297]],[[-89.3494,-0.8275],[-89.3498,-0.8285],[-89.3498,-0.8274],[-89.3494,-0.8275]],[[-89.3501,-0.8266],[-89.3499,-0.8272],[-89.3502,-0.8267],[-89.3501,-0.8266]],[[-89.3519,-0.6849],[-89.3388,-0.6865],[-89.336,-0.6904],[-89.3349,-0.6874],[-89.3314,-0.6908],[-89.3246,-0.6887],[-89.3235,-0.6914],[-89.3174,-0.6926],[-89.3152,-0.6899],[-89.3055,-0.6887],[-89.2994,-0.6974],[-89.2847,-0.7024],[-89.2816,-0.7068],[-89.2731,-0.7031],[-89.2715,-0.6975],[-89.2675,-0.6975],[-89.2655,-0.6944],[-89.2596,-0.6926],[-89.2519,-0.6971],[-89.2549,-0.7039],[-89.2533,-0.7118],[-89.2467,-0.7131],[-89.2454,-0.7112],[-89.2414,-0.7134],[-89.2411,-0.7201],[-89.2432,-0.7246],[-89.2545,-0.7339],[-89.2532,-0.7391],[-89.2567,-0.7408],[-89.2557,-0.7448],[-89.2631,-0.7468],[-89.2643,-0.75],[-89.2698,-0.749],[-89.2701,-0.7533],[-89.2745,-0.7539],[-89.2833,-0.7787],[-89.3065,-0.7908],[-89.3081,-0.8028],[-89.3122,-0.8041],[-89.3248,-0.8168],[-89.3271,-0.816],[-89.3361,-0.8211],[-89.339,-0.8188],[-89.3416,-0.8211],[-89.3427,-0.8179],[-89.3463,-0.8217],[-89.3478,-0.8202],[-89.3483,-0.8232],[-89.3515,-0.8222],[-89.352,-0.8235],[-89.3491,-0.8255],[-89.3488,-0.8275],[-89.3499,-0.8253],[-89.3529,-0.8271],[-89.3515,-0.826],[-89.3517,-0.824],[-89.3552,-0.8286],[-89.3556,-0.8263],[-89.3589,-0.8267],[-89.3607,-0.832],[-89.3591,-0.8352],[-89.3639,-0.8414],[-89.3617,-0.8428],[-89.3616,-0.8534],[-89.3647,-0.8578],[-89.3702,-0.8569],[-89.3722,-0.8587],[-89.3714,-0.8617],[-89.3752,-0.8671],[-89.3766,-0.8749],[-89.3881,-0.8856],[-89.3904,-0.8925],[-89.3955,-0.8976],[-89.3958,-0.9062],[-89.4018,-0.9184],[-89.4055,-0.9182],[-89.4166,-0.9248],[-89.4299,-0.9256],[-89.4306,-0.931],[-89.4368,-0.9346],[-89.4428,-0.9334],[-89.4485,-0.9371],[-89.4594,-0.939],[-89.4743,-0.9363],[-89.4876,-0.941],[-89.495,-0.9401],[-89.4978,-0.943],[-89.5035,-0.9434],[-89.5076,-0.9491],[-89.5165,-0.9517],[-89.5179,-0.9542],[-89.5314,-0.956],[-89.5322,-0.9537],[-89.536,-0.9551],[-89.539,-0.9534],[-89.5385,-0.9505],[-89.5463,-0.9531],[-89.5537,-0.9497],[-89.5564,-0.9523],[-89.5604,-0.952],[-89.5637,-0.948],[-89.5719,-0.9478],[-89.5768,-0.9421],[-89.5813,-0.9429],[-89.5845,-0.942],[-89.5836,-0.9401],[-89.5877,-0.9406],[-89.588,-0.9383],[-89.6044,-0.9357],[-89.6154,-0.9239],[-89.6278,-0.9186],[-89.6246,-0.9047],[-89.6215,-0.9011],[-89.616,-0.9004],[-89.6135,-0.9025],[-89.6096,-0.8995],[-89.6136,-0.8893],[-89.6068,-0.888],[-89.6057,-0.8841],[-89.5981,-0.8827],[-89.5938,-0.8772],[-89.5824,-0.8734],[-89.5814,-0.8705],[-89.5712,-0.864],[-89.5732,-0.8626],[-89.5707,-0.8602],[-89.5577,-0.8562],[-89.5583,-0.8539],[-89.5495,-0.8459],[-89.5486,-0.8479],[-89.543,-0.8464],[-89.5383,-0.8382],[-89.5413,-0.8349],[-89.5375,-0.831],[-89.5431,-0.8251],[-89.5446,-0.8268],[-89.5433,-0.8248],[-89.5411,-0.8239],[-89.5414,-0.8177],[-89.5311,-0.8175],[-89.5275,-0.8202],[-89.5228,-0.8201],[-89.5239,-0.8225],[-89.5209,-0.8261],[-89.5188,-0.8231],[-89.513,-0.8243],[-89.5027,-0.8219],[-89.5017,-0.819],[-89.4959,-0.8175],[-89.484,-0.8174],[-89.4676,-0.8006],[-89.47,-0.7986],[-89.4723,-0.8011],[-89.4727,-0.7972],[-89.4692,-0.7933],[-89.4739,-0.7844],[-89.4668,-0.7833],[-89.4632,-0.7793],[-89.4654,-0.7731],[-89.459,-0.7716],[-89.4606,-0.7707],[-89.4578,-0.7673],[-89.459,-0.7636],[-89.4647,-0.7606],[-89.4604,-0.7533],[-89.4548,-0.7561],[-89.4473,-0.748],[-89.4441,-0.7487],[-89.4399,-0.7458],[-89.4378,-0.7416],[-89.4383,-0.7344],[-89.4353,-0.7369],[-89.4331,-0.7338],[-89.4284,-0.7354],[-89.4285,-0.7327],[-89.423,-0.7323],[-89.423,-0.7282],[-89.4189,-0.7255],[-89.4089,-0.7253],[-89.404,-0.7157],[-89.4005,-0.7153],[-89.3978,-0.7194],[-89.3942,-0.7162],[-89.3913,-0.7193],[-89.3889,-0.7105],[-89.3859,-0.7148],[-89.3798,-0.711],[-89.3749,-0.7118],[-89.3749,-0.7083],[-89.3682,-0.7052],[-89.3662,-0.7013],[-89.364,-0.7031],[-89.3617,-0.7017],[-89.3636,-0.6937],[-89.3595,-0.6895],[-89.3529,-0.6879],[-89.3519,-0.6849]],[[-89.4542,-0.7561],[-89.4543,-0.7573],[-89.4536,-0.7561],[-89.4542,-0.7561]],[[-89.2478,-0.7031],[-89.2473,-0.7037],[-89.2476,-0.7039],[-89.2478,-0.7031]],[[-89.2515,-0.7015],[-89.2519,-0.7006],[-89.2514,-0.7009],[-89.2515,-0.7015]],[[-89.3377,-0.6844],[-89.3392,-0.6849],[-89.3394,-0.6848],[-89.3389,-0.6842],[-89.3377,-0.6844]]]}}]}