{"type":"FeatureCollection","features":[{"type":"Feature","geometry":{"type":"Point","coordinates":[-77.66573,-0.07955]},"properties":{"t":"2026-09-25T06:05:00Z","sensor":"VIIRS Suomi NPP","confianza":"nominal","frp_MW":6.87,"dia_noche":"N","ec":true}},{"type":"Feature","geometry":{"type":"Point","coordinates":[-77.66211,-0.08013]},"properties":{"t":"2026-09-25T06:05:00Z","sensor":"VIIRS Suomi NPP","confianza":"high","frp_MW":7.36,"dia_noche":"N","ec":true}},{"type":"Feature","geometry":{"type":"Point","coordinates":[-77.66961,-0.07893]},"properties":{"t":"2026-09-25T06:05:00Z","sensor":"VIIRS Suomi NPP","confianza":"nominal","frp_MW":6.87,"dia_noche":"N","ec":true}},{"type":"Feature","geometry":{"type":"Point","coordinates":[-77.65866,-0.08068]},"properties":{"t":"2026-09-25T06:05:00Z","sensor":"VIIRS Suomi NPP","confianza":"nominal","frp_MW":7.36,"dia_noche":"N","ec":true}},{"type":"Feature","geometry":{"type":"Point","coordinates":[-77.65542,-0.0812]},"properties":{"t":"2026-09-25T06:05:00Z","sensor":"VIIRS Suomi NPP","confianza":"nominal","frp_MW":1.42,"dia_noche":"N","ec":true}},{"type":"Feature","geometry":{"type":"Point","coordinates":[-77.00047,-0.26409]},"properties":{"t":"2026-09-25T06:05:00Z","sensor":"VIIRS Suomi NPP","confianza":"nominal","frp_MW":3.74,"dia_noche":"N","ec":true}},{"type":"Feature","geometry":{"type":"Point","coordinates":[-76.63599,-0.37421]},"properties":{"t":"2026-09-25T06:05:00Z","sensor":"VIIRS Suomi NPP","confianza":"nominal","frp_MW":2.23,"dia_noche":"N","ec":true}},{"type":"Feature","geometry":{"type":"Point","coordinates":[-76.63244,-0.37477]},"properties":{"t":"2026-09-25T06:05:00Z","sensor":"VIIRS Suomi NPP","confianza":"nominal","frp_MW":1.61,"dia_noche":"N","ec":true}},{"type":"Feature","geometry":{"type":"Point","coordinates":[-78.36772,-1.99622]},"properties":{"t":"2026-09-25T06:05:00Z","sensor":"VIIRS Suomi NPP","confianza":"nominal","frp_MW":11.15,"dia_noche":"N","ec":true}},{"type":"Feature","geometry":{"type":"Point","coordinates":[-78.35189,-1.99883]},"properties":{"t":"2026-09-25T06:05:00Z","sensor":"VIIRS Suomi NPP","confianza":"nominal","frp_MW":11.15,"dia_noche":"N","ec":true}},{"type":"Feature","geometry":{"type":"Point","coordinates":[-78.36686,-2.00254]},"properties":{"t":"2026-09-25T06:05:00Z","sensor":"VIIRS Suomi NPP","confianza":"nominal","frp_MW":11.15,"dia_noche":"N","ec":true}},{"type":"Feature","geometry":{"type":"Point","coordinates":[-78.34467,-2.00618]},"properties":{"t":"2026-09-25T06:05:00Z","sensor":"VIIRS Suomi NPP","confianza":"high","frp_MW":11.15,"dia_noche":"N","ec":true}},{"type":"Feature","geometry":{"type":"Point","coordinates":[-78.34061,-2.00685]},"properties":{"t":"2026-09-25T06:05:00Z","sensor":"VIIRS Suomi NPP","confianza":"nominal","frp_MW":10.23,"dia_noche":"N","ec":true}},{"type":"Feature","geometry":{"type":"Point","coordinates":[-78.33761,-2.00735]},"properties":{"t":"2026-09-25T06:05:00Z","sensor":"VIIRS Suomi NPP","confianza":"nominal","frp_MW":10.23,"dia_noche":"N","ec":true}},{"type":"Feature","geometry":{"type":"Point","coordinates":[-78.33513,-2.00777]},"properties":{"t":"2026-09-25T06:05:00Z","sensor":"VIIRS Suomi NPP","confianza":"nominal","frp_MW":2.5,"dia_noche":"N","ec":true}},{"type":"Feature","geometry":{"type":"Point","coordinates":[-78.33297,-2.00813]},"properties":{"t":"2026-09-25T06:05:00Z","sensor":"VIIRS Suomi NPP","confianza":"nominal","frp_MW":2.5,"dia_noche":"N","ec":true}},{"type":"Feature","geometry":{"type":"Point","coordinates":[-78.32895,-2.01498]},"properties":{"t":"2026-09-25T06:05:00Z","sensor":"VIIRS Suomi NPP","confianza":"nominal","frp_MW":5.49,"dia_noche":"N","ec":true}},{"type":"Feature","geometry":{"type":"Point","coordinates":[-78.33575,-2.01384]},"properties":{"t":"2026-09-25T06:05:00Z","sensor":"VIIRS Suomi NPP","confianza":"nominal","frp_MW":3.19,"dia_noche":"N","ec":true}},{"type":"Feature","geometry":{"type":"Point","coordinates":[-78.33344,-2.01423]},"properties":{"t":"2026-09-25T06:05:00Z","sensor":"VIIRS Suomi NPP","confianza":"nominal","frp_MW":4.42,"dia_noche":"N","ec":true}},{"type":"Feature","geometry":{"type":"Point","coordinates":[-78.33117,-2.01461]},"properties":{"t":"2026-09-25T06:05:00Z","sensor":"VIIRS Suomi NPP","confianza":"nominal","frp_MW":4.42,"dia_noche":"N","ec":true}},{"type":"Feature","geometry":{"type":"Point","coordinates":[-76.65019,-0.15236]},"properties":{"t":"2026-09-25T06:27:00Z","sensor":"VIIRS NOAA-20","confianza":"nominal","frp_MW":1.26,"dia_noche":"N","ec":true}},{"type":"Feature","geometry":{"type":"Point","coordinates":[-77.66026,-0.08019]},"properties":{"t":"2026-09-25T06:27:00Z","sensor":"VIIRS NOAA-20","confianza":"nominal","frp_MW":18.22,"dia_noche":"N","ec":true}},{"type":"Feature","geometry":{"type":"Point","coordinates":[-77.66461,-0.07951]},"properties":{"t":"2026-09-25T06:27:00Z","sensor":"VIIRS NOAA-20","confianza":"nominal","frp_MW":18.22,"dia_noche":"N","ec":true}},{"type":"Feature","geometry":{"type":"Point","coordinates":[-77.65606,-0.08086]},"properties":{"t":"2026-09-25T06:27:00Z","sensor":"VIIRS NOAA-20","confianza":"nominal","frp_MW":2.74,"dia_noche":"N","ec":true}},{"type":"Feature","geometry":{"type":"Point","coordinates":[-77.66119,-0.08394]},"properties":{"t":"2026-09-25T06:27:00Z","sensor":"VIIRS NOAA-20","confianza":"nominal","frp_MW":2.32,"dia_noche":"N","ec":true}},{"type":"Feature","geometry":{"type":"Point","coordinates":[-76.65553,-0.24544]},"properties":{"t":"2026-09-25T06:27:00Z","sensor":"VIIRS NOAA-20","confianza":"nominal","frp_MW":0.5,"dia_noche":"N","ec":true}},{"type":"Feature","geometry":{"type":"Point","coordinates":[-76.99897,-0.26634]},"properties":{"t":"2026-09-25T06:27:00Z","sensor":"VIIRS NOAA-20","confianza":"nominal","frp_MW":1.8,"dia_noche":"N","ec":true}},{"type":"Feature","geometry":{"type":"Point","coordinates":[-76.80634,-0.32653]},"properties":{"t":"2026-09-25T06:27:00Z","sensor":"VIIRS NOAA-20","confianza":"nominal","frp_MW":0.52,"dia_noche":"N","ec":true}},{"type":"Feature","geometry":{"type":"Point","coordinates":[-76.63295,-0.37578]},"properties":{"t":"2026-09-25T06:27:00Z","sensor":"VIIRS NOAA-20","confianza":"nominal","frp_MW":0.8,"dia_noche":"N","ec":true}},{"type":"Feature","geometry":{"type":"Point","coordinates":[-76.88074,-0.37147]},"properties":{"t":"2026-09-25T06:27:00Z","sensor":"VIIRS NOAA-20","confianza":"nominal","frp_MW":0.98,"dia_noche":"N","ec":true}},{"type":"Feature","geometry":{"type":"Point","coordinates":[-76.12464,-0.52812]},"properties":{"t":"2026-09-25T06:27:00Z","sensor":"VIIRS NOAA-20","confianza":"nominal","frp_MW":1.03,"dia_noche":"N","ec":true}},{"type":"Feature","geometry":{"type":"Point","coordinates":[-76.86242,-0.44487]},"properties":{"t":"2026-09-25T06:27:00Z","sensor":"VIIRS NOAA-20","confianza":"nominal","frp_MW":0.69,"dia_noche":"N","ec":true}},{"type":"Feature","geometry":{"type":"Point","coordinates":[-75.56788,-0.84054]},"properties":{"t":"2026-09-25T06:27:00Z","sensor":"VIIRS NOAA-20","confianza":"nominal","frp_MW":0.97,"dia_noche":"N","ec":true}},{"type":"Feature","geometry":{"type":"Point","coordinates":[-78.34269,-2.00491]},"properties":{"t":"2026-09-25T06:27:00Z","sensor":"VIIRS NOAA-20","confianza":"nominal","frp_MW":30.91,"dia_noche":"N","ec":true}},{"type":"Feature","geometry":{"type":"Point","coordinates":[-78.33813,-2.00564]},"properties":{"t":"2026-09-25T06:27:00Z","sensor":"VIIRS NOAA-20","confianza":"nominal","frp_MW":8.17,"dia_noche":"N","ec":true}},{"type":"Feature","geometry":{"type":"Point","coordinates":[-78.33956,-2.00935]},"properties":{"t":"2026-09-25T06:27:00Z","sensor":"VIIRS NOAA-20","confianza":"nominal","frp_MW":8.17,"dia_noche":"N","ec":true}},{"type":"Feature","geometry":{"type":"Point","coordinates":[-78.33568,-2.00998]},"properties":{"t":"2026-09-25T06:27:00Z","sensor":"VIIRS NOAA-20","confianza":"nominal","frp_MW":8.17,"dia_noche":"N","ec":true}},{"type":"Feature","geometry":{"type":"Point","coordinates":[-78.3441,-2.00862]},"properties":{"t":"2026-09-25T06:27:00Z","sensor":"VIIRS NOAA-20","confianza":"nominal","frp_MW":30.91,"dia_noche":"N","ec":true}},{"type":"Feature","geometry":{"type":"Point","coordinates":[-78.33213,-2.01056]},"properties":{"t":"2026-09-25T06:27:00Z","sensor":"VIIRS NOAA-20","confianza":"nominal","frp_MW":1.34,"dia_noche":"N","ec":true}},{"type":"Feature","geometry":{"type":"Point","coordinates":[-78.33337,-2.0143]},"properties":{"t":"2026-09-25T06:27:00Z","sensor":"VIIRS NOAA-20","confianza":"nominal","frp_MW":6.53,"dia_noche":"N","ec":true}},{"type":"Feature","geometry":{"type":"Point","coordinates":[-78.3298,-2.01488]},"properties":{"t":"2026-09-25T06:27:00Z","sensor":"VIIRS NOAA-20","confianza":"nominal","frp_MW":6.53,"dia_noche":"N","ec":true}},{"type":"Feature","geometry":{"type":"Point","coordinates":[-77.6522,-0.07997]},"properties":{"t":"2026-09-25T07:09:00Z","sensor":"VIIRS NOAA-21","confianza":"high","frp_MW":4.97,"dia_noche":"N","ec":true}},{"type":"Feature","geometry":{"type":"Point","coordinates":[-77.64334,-0.08129]},"properties":{"t":"2026-09-25T07:09:00Z","sensor":"VIIRS NOAA-21","confianza":"nominal","frp_MW":4.97,"dia_noche":"N","ec":true}},{"type":"Feature","geometry":{"type":"Point","coordinates":[-77.65079,-0.08544]},"properties":{"t":"2026-09-25T07:09:00Z","sensor":"VIIRS NOAA-21","confianza":"nominal","frp_MW":4.97,"dia_noche":"N","ec":true}},{"type":"Feature","geometry":{"type":"Point","coordinates":[-77.64404,-0.08645]},"properties":{"t":"2026-09-25T07:09:00Z","sensor":"VIIRS NOAA-21","confianza":"nominal","frp_MW":4.97,"dia_noche":"N","ec":true}},{"type":"Feature","geometry":{"type":"Point","coordinates":[-76.12703,-0.53112]},"properties":{"t":"2026-09-25T07:09:00Z","sensor":"VIIRS NOAA-21","confianza":"nominal","frp_MW":1.77,"dia_noche":"N","ec":true}},{"type":"Feature","geometry":{"type":"Point","coordinates":[-78.33837,-2.00701]},"properties":{"t":"2026-09-25T07:09:00Z","sensor":"VIIRS NOAA-21","confianza":"high","frp_MW":12.09,"dia_noche":"N","ec":true}},{"type":"Feature","geometry":{"type":"Point","coordinates":[-78.34069,-2.00596]},"properties":{"t":"2026-09-25T07:09:00Z","sensor":"VIIRS NOAA-21","confianza":"high","frp_MW":7.21,"dia_noche":"N","ec":true}},{"type":"Feature","geometry":{"type":"Point","coordinates":[-78.33559,-2.00669]},"properties":{"t":"2026-09-25T07:09:00Z","sensor":"VIIRS NOAA-21","confianza":"nominal","frp_MW":7.21,"dia_noche":"N","ec":true}},{"type":"Feature","geometry":{"type":"Point","coordinates":[-78.33838,-2.01144]},"properties":{"t":"2026-09-25T07:09:00Z","sensor":"VIIRS NOAA-21","confianza":"nominal","frp_MW":0.71,"dia_noche":"N","ec":true}},{"type":"Feature","geometry":{"type":"Point","coordinates":[-78.58114,-2.11368]},"properties":{"t":"2026-09-25T07:09:00Z","sensor":"VIIRS NOAA-21","confianza":"nominal","frp_MW":1.52,"dia_noche":"N","ec":true}},{"type":"Feature","geometry":{"type":"Point","coordinates":[-79.08341,-3.41678]},"properties":{"t":"2026-09-25T07:09:00Z","sensor":"VIIRS NOAA-21","confianza":"nominal","frp_MW":1.79,"dia_noche":"N","ec":true}},{"type":"Feature","geometry":{"type":"Point","coordinates":[-79.08331,-3.41422]},"properties":{"t":"2026-09-25T07:09:00Z","sensor":"VIIRS NOAA-21","confianza":"nominal","frp_MW":1.43,"dia_noche":"N","ec":true}},{"type":"Feature","geometry":{"type":"Point","coordinates":[-81.28381,-4.58196]},"properties":{"t":"2026-09-25T07:09:00Z","sensor":"VIIRS NOAA-21","confianza":"nominal","frp_MW":1.1,"dia_noche":"N","ec":false}},{"type":"Feature","geometry":{"type":"Point","coordinates":[-75.72481,-5.33788]},"properties":{"t":"2026-09-25T18:09:00Z","sensor":"VIIRS NOAA-21","confianza":"nominal","frp_MW":2.46,"dia_noche":"D","ec":false}},{"type":"Feature","geometry":{"type":"Point","coordinates":[-76.40673,-5.31176]},"properties":{"t":"2026-09-25T18:09:00Z","sensor":"VIIRS NOAA-21","confianza":"nominal","frp_MW":7.77,"dia_noche":"D","ec":false}},{"type":"Feature","geometry":{"type":"Point","coordinates":[-76.35336,-5.28604]},"properties":{"t":"2026-09-25T18:09:00Z","sensor":"VIIRS NOAA-21","confianza":"nominal","frp_MW":5.02,"dia_noche":"D","ec":false}},{"type":"Feature","geometry":{"type":"Point","coordinates":[-76.37591,-5.28029]},"properties":{"t":"2026-09-25T18:09:00Z","sensor":"VIIRS NOAA-21","confianza":"nominal","frp_MW":15.39,"dia_noche":"D","ec":false}},{"type":"Feature","geometry":{"type":"Point","coordinates":[-76.3802,-5.28091]},"properties":{"t":"2026-09-25T18:09:00Z","sensor":"VIIRS NOAA-21","confianza":"nominal","frp_MW":19.15,"dia_noche":"D","ec":false}},{"type":"Feature","geometry":{"type":"Point","coordinates":[-76.45795,-5.29205]},"properties":{"t":"2026-09-25T18:09:00Z","sensor":"VIIRS NOAA-21","confianza":"nominal","frp_MW":5.98,"dia_noche":"D","ec":false}},{"type":"Feature","geometry":{"type":"Point","coordinates":[-76.38506,-5.2771]},"properties":{"t":"2026-09-25T18:09:00Z","sensor":"VIIRS NOAA-21","confianza":"nominal","frp_MW":19.15,"dia_noche":"D","ec":false}},{"type":"Feature","geometry":{"type":"Point","coordinates":[-76.38936,-5.27772]},"properties":{"t":"2026-09-25T18:09:00Z","sensor":"VIIRS NOAA-21","confianza":"nominal","frp_MW":13.17,"dia_noche":"D","ec":false}},{"type":"Feature","geometry":{"type":"Point","coordinates":[-76.51333,-4.79645]},"properties":{"t":"2026-09-25T18:09:00Z","sensor":"VIIRS NOAA-21","confianza":"nominal","frp_MW":4.6,"dia_noche":"D","ec":false}},{"type":"Feature","geometry":{"type":"Point","coordinates":[-76.63102,-4.81373]},"properties":{"t":"2026-09-25T18:09:00Z","sensor":"VIIRS NOAA-21","confianza":"nominal","frp_MW":4.91,"dia_noche":"D","ec":false}},{"type":"Feature","geometry":{"type":"Point","coordinates":[-79.10052,-5.06523]},"properties":{"t":"2026-09-25T18:09:00Z","sensor":"VIIRS NOAA-21","confianza":"nominal","frp_MW":5.96,"dia_noche":"D","ec":false}},{"type":"Feature","geometry":{"type":"Point","coordinates":[-77.29303,-4.76948]},"properties":{"t":"2026-09-25T18:09:00Z","sensor":"VIIRS NOAA-21","confianza":"nominal","frp_MW":8.47,"dia_noche":"D","ec":false}},{"type":"Feature","geometry":{"type":"Point","coordinates":[-79.05936,-5.00542]},"properties":{"t":"2026-09-25T18:09:00Z","sensor":"VIIRS NOAA-21","confianza":"high","frp_MW":16.99,"dia_noche":"D","ec":false}},{"type":"Feature","geometry":{"type":"Point","coordinates":[-79.06229,-5.00583]},"properties":{"t":"2026-09-25T18:09:00Z","sensor":"VIIRS NOAA-21","confianza":"nominal","frp_MW":16.99,"dia_noche":"D","ec":false}},{"type":"Feature","geometry":{"type":"Point","coordinates":[-78.26225,-4.7958]},"properties":{"t":"2026-09-25T18:09:00Z","sensor":"VIIRS NOAA-21","confianza":"nominal","frp_MW":1.96,"dia_noche":"D","ec":false}},{"type":"Feature","geometry":{"type":"Point","coordinates":[-77.89439,-4.72345]},"properties":{"t":"2026-09-25T18:09:00Z","sensor":"VIIRS NOAA-21","confianza":"nominal","frp_MW":2.96,"dia_noche":"D","ec":false}},{"type":"Feature","geometry":{"type":"Point","coordinates":[-75.41979,-4.31442]},"properties":{"t":"2026-09-25T18:09:00Z","sensor":"VIIRS NOAA-21","confianza":"nominal","frp_MW":4.13,"dia_noche":"D","ec":false}},{"type":"Feature","geometry":{"type":"Point","coordinates":[-77.75434,-4.62524]},"properties":{"t":"2026-09-25T18:09:00Z","sensor":"VIIRS NOAA-21","confianza":"nominal","frp_MW":10.13,"dia_noche":"D","ec":false}},{"type":"Feature","geometry":{"type":"Point","coordinates":[-77.91417,-4.60369]},"properties":{"t":"2026-09-25T18:09:00Z","sensor":"VIIRS NOAA-21","confianza":"nominal","frp_MW":5.84,"dia_noche":"D","ec":false}},{"type":"Feature","geometry":{"type":"Point","coordinates":[-77.92136,-4.57148]},"properties":{"t":"2026-09-25T18:09:00Z","sensor":"VIIRS NOAA-21","confianza":"nominal","frp_MW":9.23,"dia_noche":"D","ec":false}},{"type":"Feature","geometry":{"type":"Point","coordinates":[-77.9007,-4.56351]},"properties":{"t":"2026-09-25T18:09:00Z","sensor":"VIIRS NOAA-21","confianza":"nominal","frp_MW":2.76,"dia_noche":"D","ec":false}},{"type":"Feature","geometry":{"type":"Point","coordinates":[-76.86429,-4.3794]},"properties":{"t":"2026-09-25T18:09:00Z","sensor":"VIIRS NOAA-21","confianza":"nominal","frp_MW":6.65,"dia_noche":"D","ec":false}},{"type":"Feature","geometry":{"type":"Point","coordinates":[-77.29146,-4.20662]},"properties":{"t":"2026-09-25T18:09:00Z","sensor":"VIIRS NOAA-21","confianza":"nominal","frp_MW":15.83,"dia_noche":"D","ec":false}},{"type":"Feature","geometry":{"type":"Point","coordinates":[-77.16099,-3.8689]},"properties":{"t":"2026-09-25T18:09:00Z","sensor":"VIIRS NOAA-21","confianza":"nominal","frp_MW":5.87,"dia_noche":"D","ec":false}},{"type":"Feature","geometry":{"type":"Point","coordinates":[-76.45235,-3.46392]},"properties":{"t":"2026-09-25T18:11:00Z","sensor":"VIIRS NOAA-21","confianza":"nominal","frp_MW":3.27,"dia_noche":"D","ec":false}},{"type":"Feature","geometry":{"type":"Point","coordinates":[-79.07834,-3.41889]},"properties":{"t":"2026-09-25T18:11:00Z","sensor":"VIIRS NOAA-21","confianza":"nominal","frp_MW":6.16,"dia_noche":"D","ec":true}},{"type":"Feature","geometry":{"type":"Point","coordinates":[-76.18377,-2.81349]},"properties":{"t":"2026-09-25T18:11:00Z","sensor":"VIIRS NOAA-21","confianza":"nominal","frp_MW":5.18,"dia_noche":"D","ec":false}},{"type":"Feature","geometry":{"type":"Point","coordinates":[-77.0219,-2.45398]},"properties":{"t":"2026-09-25T18:11:00Z","sensor":"VIIRS NOAA-21","confianza":"nominal","frp_MW":9.72,"dia_noche":"D","ec":true}},{"type":"Feature","geometry":{"type":"Point","coordinates":[-77.37549,-2.43069]},"properties":{"t":"2026-09-25T18:11:00Z","sensor":"VIIRS NOAA-21","confianza":"nominal","frp_MW":6.6,"dia_noche":"D","ec":true}},{"type":"Feature","geometry":{"type":"Point","coordinates":[-78.33593,-2.0117]},"properties":{"t":"2026-09-25T18:11:00Z","sensor":"VIIRS NOAA-21","confianza":"nominal","frp_MW":12.17,"dia_noche":"D","ec":true}},{"type":"Feature","geometry":{"type":"Point","coordinates":[-78.55736,-1.24581]},"properties":{"t":"2026-09-25T18:11:00Z","sensor":"VIIRS NOAA-21","confianza":"nominal","frp_MW":11.26,"dia_noche":"D","ec":true}},{"type":"Feature","geometry":{"type":"Point","coordinates":[-78.55985,-1.24661]},"properties":{"t":"2026-09-25T18:11:00Z","sensor":"VIIRS NOAA-21","confianza":"low","frp_MW":5.54,"dia_noche":"D","ec":true}},{"type":"Feature","geometry":{"type":"Point","coordinates":[-78.58932,-1.16746]},"properties":{"t":"2026-09-25T18:11:00Z","sensor":"VIIRS NOAA-21","confianza":"nominal","frp_MW":11.38,"dia_noche":"D","ec":true}},{"type":"Feature","geometry":{"type":"Point","coordinates":[-80.46066,-0.81025]},"properties":{"t":"2026-09-25T18:11:00Z","sensor":"VIIRS NOAA-21","confianza":"nominal","frp_MW":5.57,"dia_noche":"D","ec":true}},{"type":"Feature","geometry":{"type":"Point","coordinates":[-76.99849,-0.26531]},"properties":{"t":"2026-09-25T18:11:00Z","sensor":"VIIRS NOAA-21","confianza":"nominal","frp_MW":2.45,"dia_noche":"D","ec":true}},{"type":"Feature","geometry":{"type":"Point","coordinates":[-80.48499,-0.76781]},"properties":{"t":"2026-09-25T18:11:00Z","sensor":"VIIRS NOAA-21","confianza":"nominal","frp_MW":2.33,"dia_noche":"D","ec":true}},{"type":"Feature","geometry":{"type":"Point","coordinates":[-80.39369,-0.69252]},"properties":{"t":"2026-09-25T18:11:00Z","sensor":"VIIRS NOAA-21","confianza":"nominal","frp_MW":6.99,"dia_noche":"D","ec":true}},{"type":"Feature","geometry":{"type":"Point","coordinates":[-80.39703,-0.69303]},"properties":{"t":"2026-09-25T18:11:00Z","sensor":"VIIRS NOAA-21","confianza":"nominal","frp_MW":6.99,"dia_noche":"D","ec":true}},{"type":"Feature","geometry":{"type":"Point","coordinates":[-80.39442,-0.68709]},"properties":{"t":"2026-09-25T18:11:00Z","sensor":"VIIRS NOAA-21","confianza":"nominal","frp_MW":6.99,"dia_noche":"D","ec":true}},{"type":"Feature","geometry":{"type":"Point","coordinates":[-80.44608,-0.68383]},"properties":{"t":"2026-09-25T18:11:00Z","sensor":"VIIRS NOAA-21","confianza":"nominal","frp_MW":10.07,"dia_noche":"D","ec":true}},{"type":"Feature","geometry":{"type":"Point","coordinates":[-80.44958,-0.68436]},"properties":{"t":"2026-09-25T18:11:00Z","sensor":"VIIRS NOAA-21","confianza":"nominal","frp_MW":10.07,"dia_noche":"D","ec":true}},{"type":"Feature","geometry":{"type":"Point","coordinates":[-80.44604,-0.68209]},"properties":{"t":"2026-09-25T18:11:00Z","sensor":"VIIRS NOAA-21","confianza":"nominal","frp_MW":10.43,"dia_noche":"D","ec":true}},{"type":"Feature","geometry":{"type":"Point","coordinates":[-80.44962,-0.68266]},"properties":{"t":"2026-09-25T18:11:00Z","sensor":"VIIRS NOAA-21","confianza":"low","frp_MW":10.43,"dia_noche":"D","ec":true}},{"type":"Feature","geometry":{"type":"Point","coordinates":[-75.11557,0.6594]},"properties":{"t":"2026-09-25T18:11:00Z","sensor":"VIIRS NOAA-21","confianza":"nominal","frp_MW":10.93,"dia_noche":"D","ec":false}},{"type":"Feature","geometry":{"type":"Point","coordinates":[-76.397,0.47998]},"properties":{"t":"2026-09-25T18:11:00Z","sensor":"VIIRS NOAA-21","confianza":"nominal","frp_MW":4.93,"dia_noche":"D","ec":false}},{"type":"Feature","geometry":{"type":"Point","coordinates":[-75.17071,0.83003]},"properties":{"t":"2026-09-25T18:11:00Z","sensor":"VIIRS NOAA-21","confianza":"nominal","frp_MW":5.54,"dia_noche":"D","ec":false}},{"type":"Feature","geometry":{"type":"Point","coordinates":[-78.19593,0.46539]},"properties":{"t":"2026-09-25T18:11:00Z","sensor":"VIIRS NOAA-21","confianza":"nominal","frp_MW":33.72,"dia_noche":"D","ec":true}},{"type":"Feature","geometry":{"type":"Point","coordinates":[-78.19326,0.51718]},"properties":{"t":"2026-09-25T18:11:00Z","sensor":"VIIRS NOAA-21","confianza":"nominal","frp_MW":10.25,"dia_noche":"D","ec":true}},{"type":"Feature","geometry":{"type":"Point","coordinates":[-78.19021,0.52231]},"properties":{"t":"2026-09-25T18:11:00Z","sensor":"VIIRS NOAA-21","confianza":"nominal","frp_MW":11.38,"dia_noche":"D","ec":true}},{"type":"Feature","geometry":{"type":"Point","coordinates":[-78.19475,0.52162]},"properties":{"t":"2026-09-25T18:11:00Z","sensor":"VIIRS NOAA-21","confianza":"nominal","frp_MW":10.25,"dia_noche":"D","ec":true}},{"type":"Feature","geometry":{"type":"Point","coordinates":[-75.26736,1.39644]},"properties":{"t":"2026-09-25T18:11:00Z","sensor":"VIIRS NOAA-21","confianza":"nominal","frp_MW":5.14,"dia_noche":"D","ec":false}},{"type":"Feature","geometry":{"type":"Point","coordinates":[-77.009,1.4702]},"properties":{"t":"2026-09-25T18:11:00Z","sensor":"VIIRS NOAA-21","confianza":"low","frp_MW":4.56,"dia_noche":"D","ec":false}},{"type":"Feature","geometry":{"type":"Point","coordinates":[-77.00954,1.47436]},"properties":{"t":"2026-09-25T18:11:00Z","sensor":"VIIRS NOAA-21","confianza":"nominal","frp_MW":6.45,"dia_noche":"D","ec":false}},{"type":"Feature","geometry":{"type":"Point","coordinates":[-77.08805,1.69832]},"properties":{"t":"2026-09-25T18:11:00Z","sensor":"VIIRS NOAA-21","confianza":"nominal","frp_MW":5.01,"dia_noche":"D","ec":false}},{"type":"Feature","geometry":{"type":"Point","coordinates":[-76.23749,-5.28755]},"properties":{"t":"2026-09-25T18:45:00Z","sensor":"VIIRS Suomi NPP","confianza":"nominal","frp_MW":25.29,"dia_noche":"D","ec":false}},{"type":"Feature","geometry":{"type":"Point","coordinates":[-76.377,-5.27827]},"properties":{"t":"2026-09-25T18:45:00Z","sensor":"VIIRS Suomi NPP","confianza":"nominal","frp_MW":13.95,"dia_noche":"D","ec":false}},{"type":"Feature","geometry":{"type":"Point","coordinates":[-75.58846,-5.08297]},"properties":{"t":"2026-09-25T18:45:00Z","sensor":"VIIRS Suomi NPP","confianza":"nominal","frp_MW":2.41,"dia_noche":"D","ec":false}},{"type":"Feature","geometry":{"type":"Point","coordinates":[-76.44851,-5.14077]},"properties":{"t":"2026-09-25T18:45:00Z","sensor":"VIIRS Suomi NPP","confianza":"nominal","frp_MW":16.91,"dia_noche":"D","ec":false}},{"type":"Feature","geometry":{"type":"Point","coordinates":[-76.44901,-5.13745]},"properties":{"t":"2026-09-25T18:45:00Z","sensor":"VIIRS Suomi NPP","confianza":"nominal","frp_MW":4.6,"dia_noche":"D","ec":false}},{"type":"Feature","geometry":{"type":"Point","coordinates":[-78.64165,-5.38608]},"properties":{"t":"2026-09-25T18:45:00Z","sensor":"VIIRS Suomi NPP","confianza":"nominal","frp_MW":4.23,"dia_noche":"D","ec":false}},{"type":"Feature","geometry":{"type":"Point","coordinates":[-79.3623,-5.48734]},"properties":{"t":"2026-09-25T18:45:00Z","sensor":"VIIRS Suomi NPP","confianza":"low","frp_MW":8.62,"dia_noche":"D","ec":false}},{"type":"Feature","geometry":{"type":"Point","coordinates":[-76.52863,-4.90262]},"properties":{"t":"2026-09-25T18:45:00Z","sensor":"VIIRS Suomi NPP","confianza":"nominal","frp_MW":5.54,"dia_noche":"D","ec":false}},{"type":"Feature","geometry":{"type":"Point","coordinates":[-76.61463,-4.78354]},"properties":{"t":"2026-09-25T18:45:00Z","sensor":"VIIRS Suomi NPP","confianza":"nominal","frp_MW":2.63,"dia_noche":"D","ec":false}},{"type":"Feature","geometry":{"type":"Point","coordinates":[-75.72514,-4.53245]},"properties":{"t":"2026-09-25T18:45:00Z","sensor":"VIIRS Suomi NPP","confianza":"nominal","frp_MW":2.69,"dia_noche":"D","ec":false}},{"type":"Feature","geometry":{"type":"Point","coordinates":[-77.50066,-4.79089]},"properties":{"t":"2026-09-25T18:45:00Z","sensor":"VIIRS Suomi NPP","confianza":"nominal","frp_MW":2.89,"dia_noche":"D","ec":false}},{"type":"Feature","geometry":{"type":"Point","coordinates":[-75.14021,-4.2978]},"properties":{"t":"2026-09-25T18:45:00Z","sensor":"VIIRS Suomi NPP","confianza":"nominal","frp_MW":4.19,"dia_noche":"D","ec":false}},{"type":"Feature","geometry":{"type":"Point","coordinates":[-76.44154,-4.46689]},"properties":{"t":"2026-09-25T18:45:00Z","sensor":"VIIRS Suomi NPP","confianza":"nominal","frp_MW":11.53,"dia_noche":"D","ec":false}},{"type":"Feature","geometry":{"type":"Point","coordinates":[-76.65662,-4.47251]},"properties":{"t":"2026-09-25T18:45:00Z","sensor":"VIIRS Suomi NPP","confianza":"nominal","frp_MW":2.03,"dia_noche":"D","ec":false}},{"type":"Feature","geometry":{"type":"Point","coordinates":[-77.75372,-4.62456]},"properties":{"t":"2026-09-25T18:45:00Z","sensor":"VIIRS Suomi NPP","confianza":"nominal","frp_MW":9.41,"dia_noche":"D","ec":false}},{"type":"Feature","geometry":{"type":"Point","coordinates":[-77.94189,-4.61067]},"properties":{"t":"2026-09-25T18:45:00Z","sensor":"VIIRS Suomi NPP","confianza":"nominal","frp_MW":5.82,"dia_noche":"D","ec":false}},{"type":"Feature","geometry":{"type":"Point","coordinates":[-77.91782,-4.57223]},"properties":{"t":"2026-09-25T18:45:00Z","sensor":"VIIRS Suomi NPP","confianza":"low","frp_MW":9.73,"dia_noche":"D","ec":false}},{"type":"Feature","geometry":{"type":"Point","coordinates":[-79.47427,-4.66723]},"properties":{"t":"2026-09-25T18:45:00Z","sensor":"VIIRS Suomi NPP","confianza":"nominal","frp_MW":10.92,"dia_noche":"D","ec":false}},{"type":"Feature","geometry":{"type":"Point","coordinates":[-76.94801,-4.19901]},"properties":{"t":"2026-09-25T18:45:00Z","sensor":"VIIRS Suomi NPP","confianza":"nominal","frp_MW":3.98,"dia_noche":"D","ec":false}},{"type":"Feature","geometry":{"type":"Point","coordinates":[-77.16074,-3.86688]},"properties":{"t":"2026-09-25T18:45:00Z","sensor":"VIIRS Suomi NPP","confianza":"nominal","frp_MW":2.52,"dia_noche":"D","ec":false}},{"type":"Feature","geometry":{"type":"Point","coordinates":[-79.27969,-4.18266]},"properties":{"t":"2026-09-25T18:45:00Z","sensor":"VIIRS Suomi NPP","confianza":"low","frp_MW":6.8,"dia_noche":"D","ec":true}},{"type":"Feature","geometry":{"type":"Point","coordinates":[-78.45229,-3.56465]},"properties":{"t":"2026-09-25T18:45:00Z","sensor":"VIIRS Suomi NPP","confianza":"low","frp_MW":4.66,"dia_noche":"D","ec":true}},{"type":"Feature","geometry":{"type":"Point","coordinates":[-79.56146,-3.50371]},"properties":{"t":"2026-09-25T18:45:00Z","sensor":"VIIRS Suomi NPP","confianza":"nominal","frp_MW":9.37,"dia_noche":"D","ec":true}},{"type":"Feature","geometry":{"type":"Point","coordinates":[-79.07433,-3.41682]},"properties":{"t":"2026-09-25T18:45:00Z","sensor":"VIIRS Suomi NPP","confianza":"nominal","frp_MW":21.41,"dia_noche":"D","ec":true}},{"type":"Feature","geometry":{"type":"Point","coordinates":[-79.07834,-3.41741]},"properties":{"t":"2026-09-25T18:45:00Z","sensor":"VIIRS Suomi NPP","confianza":"nominal","frp_MW":21.41,"dia_noche":"D","ec":true}},{"type":"Feature","geometry":{"type":"Point","coordinates":[-79.07896,-3.41392]},"properties":{"t":"2026-09-25T18:45:00Z","sensor":"VIIRS Suomi NPP","confianza":"nominal","frp_MW":21.41,"dia_noche":"D","ec":true}},{"type":"Feature","geometry":{"type":"Point","coordinates":[-79.08293,-3.4145]},"properties":{"t":"2026-09-25T18:45:00Z","sensor":"VIIRS Suomi NPP","confianza":"nominal","frp_MW":5.77,"dia_noche":"D","ec":true}},{"type":"Feature","geometry":{"type":"Point","coordinates":[-79.07948,-3.41041]},"properties":{"t":"2026-09-25T18:45:00Z","sensor":"VIIRS Suomi NPP","confianza":"nominal","frp_MW":8.24,"dia_noche":"D","ec":true}},{"type":"Feature","geometry":{"type":"Point","coordinates":[-76.49726,-2.79523]},"properties":{"t":"2026-09-25T18:45:00Z","sensor":"VIIRS Suomi NPP","confianza":"low","frp_MW":8.75,"dia_noche":"D","ec":false}},{"type":"Feature","geometry":{"type":"Point","coordinates":[-76.51199,-2.7907]},"properties":{"t":"2026-09-25T18:45:00Z","sensor":"VIIRS Suomi NPP","confianza":"low","frp_MW":5.9,"dia_noche":"D","ec":false}},{"type":"Feature","geometry":{"type":"Point","coordinates":[-77.5698,-2.80308]},"properties":{"t":"2026-09-25T18:45:00Z","sensor":"VIIRS Suomi NPP","confianza":"nominal","frp_MW":4.07,"dia_noche":"D","ec":true}},{"type":"Feature","geometry":{"type":"Point","coordinates":[-78.891,-2.80517]},"properties":{"t":"2026-09-25T18:45:00Z","sensor":"VIIRS Suomi NPP","confianza":"low","frp_MW":4.81,"dia_noche":"D","ec":true}},{"type":"Feature","geometry":{"type":"Point","coordinates":[-78.33676,-2.00981]},"properties":{"t":"2026-09-25T18:45:00Z","sensor":"VIIRS Suomi NPP","confianza":"high","frp_MW":62.09,"dia_noche":"D","ec":true}},{"type":"Feature","geometry":{"type":"Point","coordinates":[-78.47134,-0.91656]},"properties":{"t":"2026-09-25T18:45:00Z","sensor":"VIIRS Suomi NPP","confianza":"low","frp_MW":6.41,"dia_noche":"D","ec":true}},{"type":"Feature","geometry":{"type":"Point","coordinates":[-76.65434,-0.24551]},"properties":{"t":"2026-09-25T18:45:00Z","sensor":"VIIRS Suomi NPP","confianza":"nominal","frp_MW":3.51,"dia_noche":"D","ec":true}},{"type":"Feature","geometry":{"type":"Point","coordinates":[-80.45665,-0.75647]},"properties":{"t":"2026-09-25T18:45:00Z","sensor":"VIIRS Suomi NPP","confianza":"nominal","frp_MW":8.1,"dia_noche":"D","ec":true}},{"type":"Feature","geometry":{"type":"Point","coordinates":[-80.47417,-0.66581]},"properties":{"t":"2026-09-25T18:45:00Z","sensor":"VIIRS Suomi NPP","confianza":"low","frp_MW":2.43,"dia_noche":"D","ec":true}},{"type":"Feature","geometry":{"type":"Point","coordinates":[-75.60809,0.3689]},"properties":{"t":"2026-09-25T18:45:00Z","sensor":"VIIRS Suomi NPP","confianza":"nominal","frp_MW":3.09,"dia_noche":"D","ec":false}},{"type":"Feature","geometry":{"type":"Point","coordinates":[-80.37371,-0.31525]},"properties":{"t":"2026-09-25T18:45:00Z","sensor":"VIIRS Suomi NPP","confianza":"low","frp_MW":5.23,"dia_noche":"D","ec":true}},{"type":"Feature","geometry":{"type":"Point","coordinates":[-77.95699,0.29868]},"properties":{"t":"2026-09-25T18:45:00Z","sensor":"VIIRS Suomi NPP","confianza":"nominal","frp_MW":11.63,"dia_noche":"D","ec":true}},{"type":"Feature","geometry":{"type":"Point","coordinates":[-77.95751,0.302]},"properties":{"t":"2026-09-25T18:45:00Z","sensor":"VIIRS Suomi NPP","confianza":"nominal","frp_MW":11.63,"dia_noche":"D","ec":true}},{"type":"Feature","geometry":{"type":"Point","coordinates":[-75.62391,0.79616]},"properties":{"t":"2026-09-25T18:45:00Z","sensor":"VIIRS Suomi NPP","confianza":"nominal","frp_MW":1.55,"dia_noche":"D","ec":false}},{"type":"Feature","geometry":{"type":"Point","coordinates":[-75.62423,0.79535]},"properties":{"t":"2026-09-25T18:45:00Z","sensor":"VIIRS Suomi NPP","confianza":"nominal","frp_MW":1.98,"dia_noche":"D","ec":false}},{"type":"Feature","geometry":{"type":"Point","coordinates":[-78.20023,0.46776]},"properties":{"t":"2026-09-25T18:45:00Z","sensor":"VIIRS Suomi NPP","confianza":"low","frp_MW":18.9,"dia_noche":"D","ec":true}},{"type":"Feature","geometry":{"type":"Point","coordinates":[-78.19041,0.51646]},"properties":{"t":"2026-09-25T18:45:00Z","sensor":"VIIRS Suomi NPP","confianza":"low","frp_MW":5.16,"dia_noche":"D","ec":true}},{"type":"Feature","geometry":{"type":"Point","coordinates":[-78.1939,0.51593]},"properties":{"t":"2026-09-25T18:45:00Z","sensor":"VIIRS Suomi NPP","confianza":"low","frp_MW":4.13,"dia_noche":"D","ec":true}},{"type":"Feature","geometry":{"type":"Point","coordinates":[-78.19099,0.51977]},"properties":{"t":"2026-09-25T18:45:00Z","sensor":"VIIRS Suomi NPP","confianza":"low","frp_MW":9.81,"dia_noche":"D","ec":true}},{"type":"Feature","geometry":{"type":"Point","coordinates":[-78.19155,0.52308]},"properties":{"t":"2026-09-25T18:45:00Z","sensor":"VIIRS Suomi NPP","confianza":"low","frp_MW":9.81,"dia_noche":"D","ec":true}},{"type":"Feature","geometry":{"type":"Point","coordinates":[-75.55479,1.14089]},"properties":{"t":"2026-09-25T18:45:00Z","sensor":"VIIRS Suomi NPP","confianza":"nominal","frp_MW":3.62,"dia_noche":"D","ec":false}},{"type":"Feature","geometry":{"type":"Point","coordinates":[-75.141,1.31468]},"properties":{"t":"2026-09-25T18:45:00Z","sensor":"VIIRS Suomi NPP","confianza":"nominal","frp_MW":5.64,"dia_noche":"D","ec":false}},{"type":"Feature","geometry":{"type":"Point","coordinates":[-75.18063,1.34096]},"properties":{"t":"2026-09-25T18:45:00Z","sensor":"VIIRS Suomi NPP","confianza":"nominal","frp_MW":3.9,"dia_noche":"D","ec":false}},{"type":"Feature","geometry":{"type":"Point","coordinates":[-75.31909,1.44962]},"properties":{"t":"2026-09-25T18:45:00Z","sensor":"VIIRS Suomi NPP","confianza":"nominal","frp_MW":16.32,"dia_noche":"D","ec":false}},{"type":"Feature","geometry":{"type":"Point","coordinates":[-75.32291,1.44904]},"properties":{"t":"2026-09-25T18:45:00Z","sensor":"VIIRS Suomi NPP","confianza":"nominal","frp_MW":16.32,"dia_noche":"D","ec":false}},{"type":"Feature","geometry":{"type":"Point","coordinates":[-77.03908,1.51439]},"properties":{"t":"2026-09-25T18:45:00Z","sensor":"VIIRS Suomi NPP","confianza":"nominal","frp_MW":8.46,"dia_noche":"D","ec":false}},{"type":"Feature","geometry":{"type":"Point","coordinates":[-76.2387,-5.28641]},"properties":{"t":"2026-09-25T19:04:00Z","sensor":"VIIRS NOAA-20","confianza":"nominal","frp_MW":7.05,"dia_noche":"D","ec":false}},{"type":"Feature","geometry":{"type":"Point","coordinates":[-78.62196,-5.39447]},"properties":{"t":"2026-09-25T19:04:00Z","sensor":"VIIRS NOAA-20","confianza":"nominal","frp_MW":6.98,"dia_noche":"D","ec":false}},{"type":"Feature","geometry":{"type":"Point","coordinates":[-79.35976,-5.48619]},"properties":{"t":"2026-09-25T19:04:00Z","sensor":"VIIRS NOAA-20","confianza":"nominal","frp_MW":10.61,"dia_noche":"D","ec":false}},{"type":"Feature","geometry":{"type":"Point","coordinates":[-79.36373,-5.48682]},"properties":{"t":"2026-09-25T19:04:00Z","sensor":"VIIRS NOAA-20","confianza":"nominal","frp_MW":10.61,"dia_noche":"D","ec":false}},{"type":"Feature","geometry":{"type":"Point","coordinates":[-79.37523,-5.34673]},"properties":{"t":"2026-09-25T19:04:00Z","sensor":"VIIRS NOAA-20","confianza":"nominal","frp_MW":35.93,"dia_noche":"D","ec":false}},{"type":"Feature","geometry":{"type":"Point","coordinates":[-79.37442,-5.34565]},"properties":{"t":"2026-09-25T19:04:00Z","sensor":"VIIRS NOAA-20","confianza":"nominal","frp_MW":21.17,"dia_noche":"D","ec":false}},{"type":"Feature","geometry":{"type":"Point","coordinates":[-79.37826,-5.34625]},"properties":{"t":"2026-09-25T19:04:00Z","sensor":"VIIRS NOAA-20","confianza":"nominal","frp_MW":21.17,"dia_noche":"D","ec":false}},{"type":"Feature","geometry":{"type":"Point","coordinates":[-79.37476,-5.34199]},"properties":{"t":"2026-09-25T19:04:00Z","sensor":"VIIRS NOAA-20","confianza":"nominal","frp_MW":21.17,"dia_noche":"D","ec":false}},{"type":"Feature","geometry":{"type":"Point","coordinates":[-79.37869,-5.34261]},"properties":{"t":"2026-09-25T19:04:00Z","sensor":"VIIRS NOAA-20","confianza":"nominal","frp_MW":21.17,"dia_noche":"D","ec":false}},{"type":"Feature","geometry":{"type":"Point","coordinates":[-76.67188,-4.87499]},"properties":{"t":"2026-09-25T19:04:00Z","sensor":"VIIRS NOAA-20","confianza":"nominal","frp_MW":5.39,"dia_noche":"D","ec":false}},{"type":"Feature","geometry":{"type":"Point","coordinates":[-80.65541,-5.47788]},"properties":{"t":"2026-09-25T19:04:00Z","sensor":"VIIRS NOAA-20","confianza":"nominal","frp_MW":5.34,"dia_noche":"D","ec":false}},{"type":"Feature","geometry":{"type":"Point","coordinates":[-78.82689,-5.17175]},"properties":{"t":"2026-09-25T19:04:00Z","sensor":"VIIRS NOAA-20","confianza":"nominal","frp_MW":3.01,"dia_noche":"D","ec":false}},{"type":"Feature","geometry":{"type":"Point","coordinates":[-78.82786,-5.16807]},"properties":{"t":"2026-09-25T19:04:00Z","sensor":"VIIRS NOAA-20","confianza":"nominal","frp_MW":10.94,"dia_noche":"D","ec":false}},{"type":"Feature","geometry":{"type":"Point","coordinates":[-78.83282,-5.16888]},"properties":{"t":"2026-09-25T19:04:00Z","sensor":"VIIRS NOAA-20","confianza":"nominal","frp_MW":10.85,"dia_noche":"D","ec":false}},{"type":"Feature","geometry":{"type":"Point","coordinates":[-78.9968,-5.00492]},"properties":{"t":"2026-09-25T19:04:00Z","sensor":"VIIRS NOAA-20","confianza":"nominal","frp_MW":4.7,"dia_noche":"D","ec":false}},{"type":"Feature","geometry":{"type":"Point","coordinates":[-78.299,-4.88868]},"properties":{"t":"2026-09-25T19:04:00Z","sensor":"VIIRS NOAA-20","confianza":"nominal","frp_MW":5.29,"dia_noche":"D","ec":false}},{"type":"Feature","geometry":{"type":"Point","coordinates":[-77.9716,-4.80706]},"properties":{"t":"2026-09-25T19:04:00Z","sensor":"VIIRS NOAA-20","confianza":"nominal","frp_MW":4.35,"dia_noche":"D","ec":false}},{"type":"Feature","geometry":{"type":"Point","coordinates":[-79.08936,-4.98936]},"properties":{"t":"2026-09-25T19:04:00Z","sensor":"VIIRS NOAA-20","confianza":"nominal","frp_MW":3.54,"dia_noche":"D","ec":false}},{"type":"Feature","geometry":{"type":"Point","coordinates":[-80.68713,-5.20624]},"properties":{"t":"2026-09-25T19:04:00Z","sensor":"VIIRS NOAA-20","confianza":"nominal","frp_MW":3.44,"dia_noche":"D","ec":false}},{"type":"Feature","geometry":{"type":"Point","coordinates":[-75.13631,-4.29933]},"properties":{"t":"2026-09-25T19:04:00Z","sensor":"VIIRS NOAA-20","confianza":"nominal","frp_MW":4.16,"dia_noche":"D","ec":false}},{"type":"Feature","geometry":{"type":"Point","coordinates":[-79.49346,-5.0017]},"properties":{"t":"2026-09-25T19:04:00Z","sensor":"VIIRS NOAA-20","confianza":"nominal","frp_MW":5.71,"dia_noche":"D","ec":false}},{"type":"Feature","geometry":{"type":"Point","coordinates":[-79.45394,-4.89798]},"properties":{"t":"2026-09-25T19:04:00Z","sensor":"VIIRS NOAA-20","confianza":"nominal","frp_MW":48.83,"dia_noche":"D","ec":false}},{"type":"Feature","geometry":{"type":"Point","coordinates":[-77.92338,-4.57801]},"properties":{"t":"2026-09-25T19:04:00Z","sensor":"VIIRS NOAA-20","confianza":"nominal","frp_MW":3.6,"dia_noche":"D","ec":false}},{"type":"Feature","geometry":{"type":"Point","coordinates":[-77.92055,-4.57344]},"properties":{"t":"2026-09-25T19:04:00Z","sensor":"VIIRS NOAA-20","confianza":"nominal","frp_MW":6.78,"dia_noche":"D","ec":false}},{"type":"Feature","geometry":{"type":"Point","coordinates":[-77.92467,-4.57657]},"properties":{"t":"2026-09-25T19:04:00Z","sensor":"VIIRS NOAA-20","confianza":"nominal","frp_MW":5.59,"dia_noche":"D","ec":false}},{"type":"Feature","geometry":{"type":"Point","coordinates":[-77.91836,-4.57147]},"properties":{"t":"2026-09-25T19:04:00Z","sensor":"VIIRS NOAA-20","confianza":"nominal","frp_MW":10.4,"dia_noche":"D","ec":false}},{"type":"Feature","geometry":{"type":"Point","coordinates":[-79.47145,-4.81459]},"properties":{"t":"2026-09-25T19:04:00Z","sensor":"VIIRS NOAA-20","confianza":"nominal","frp_MW":11.4,"dia_noche":"D","ec":false}},{"type":"Feature","geometry":{"type":"Point","coordinates":[-79.47552,-4.81522]},"properties":{"t":"2026-09-25T19:04:00Z","sensor":"VIIRS NOAA-20","confianza":"nominal","frp_MW":11.4,"dia_noche":"D","ec":false}},{"type":"Feature","geometry":{"type":"Point","coordinates":[-79.61576,-4.77426]},"properties":{"t":"2026-09-25T19:04:00Z","sensor":"VIIRS NOAA-20","confianza":"nominal","frp_MW":3.85,"dia_noche":"D","ec":false}},{"type":"Feature","geometry":{"type":"Point","coordinates":[-79.6164,-4.77067]},"properties":{"t":"2026-09-25T19:04:00Z","sensor":"VIIRS NOAA-20","confianza":"nominal","frp_MW":3.85,"dia_noche":"D","ec":false}},{"type":"Feature","geometry":{"type":"Point","coordinates":[-79.53635,-4.1625]},"properties":{"t":"2026-09-25T19:04:00Z","sensor":"VIIRS NOAA-20","confianza":"nominal","frp_MW":6.25,"dia_noche":"D","ec":true}},{"type":"Feature","geometry":{"type":"Point","coordinates":[-78.48139,-1.34003]},"properties":{"t":"2026-09-25T19:06:00Z","sensor":"VIIRS NOAA-20","confianza":"low","frp_MW":4.17,"dia_noche":"D","ec":true}},{"type":"Feature","geometry":{"type":"Point","coordinates":[-80.76468,-1.2557]},"properties":{"t":"2026-09-25T19:06:00Z","sensor":"VIIRS NOAA-20","confianza":"nominal","frp_MW":7.62,"dia_noche":"D","ec":true}},{"type":"Feature","geometry":{"type":"Point","coordinates":[-80.43792,-0.77074]},"properties":{"t":"2026-09-25T19:06:00Z","sensor":"VIIRS NOAA-20","confianza":"nominal","frp_MW":4.21,"dia_noche":"D","ec":true}},{"type":"Feature","geometry":{"type":"Point","coordinates":[-80.45733,-0.75519]},"properties":{"t":"2026-09-25T19:06:00Z","sensor":"VIIRS NOAA-20","confianza":"nominal","frp_MW":3.84,"dia_noche":"D","ec":true}},{"type":"Feature","geometry":{"type":"Point","coordinates":[-80.4369,-0.68427]},"properties":{"t":"2026-09-25T19:06:00Z","sensor":"VIIRS NOAA-20","confianza":"nominal","frp_MW":4.81,"dia_noche":"D","ec":true}},{"type":"Feature","geometry":{"type":"Point","coordinates":[-80.35026,-0.59619]},"properties":{"t":"2026-09-25T19:06:00Z","sensor":"VIIRS NOAA-20","confianza":"nominal","frp_MW":5.88,"dia_noche":"D","ec":true}},{"type":"Feature","geometry":{"type":"Point","coordinates":[-76.18303,0.44106]},"properties":{"t":"2026-09-25T19:06:00Z","sensor":"VIIRS NOAA-20","confianza":"nominal","frp_MW":7.92,"dia_noche":"D","ec":false}},{"type":"Feature","geometry":{"type":"Point","coordinates":[-76.18623,0.44333]},"properties":{"t":"2026-09-25T19:06:00Z","sensor":"VIIRS NOAA-20","confianza":"nominal","frp_MW":8.83,"dia_noche":"D","ec":false}},{"type":"Feature","geometry":{"type":"Point","coordinates":[-78.26129,0.44797]},"properties":{"t":"2026-09-25T19:06:00Z","sensor":"VIIRS NOAA-20","confianza":"nominal","frp_MW":7.36,"dia_noche":"D","ec":true}},{"type":"Feature","geometry":{"type":"Point","coordinates":[-78.19303,0.51489]},"properties":{"t":"2026-09-25T19:06:00Z","sensor":"VIIRS NOAA-20","confianza":"nominal","frp_MW":17.62,"dia_noche":"D","ec":true}},{"type":"Feature","geometry":{"type":"Point","coordinates":[-78.19295,0.51924]},"properties":{"t":"2026-09-25T19:06:00Z","sensor":"VIIRS NOAA-20","confianza":"nominal","frp_MW":23.77,"dia_noche":"D","ec":true}},{"type":"Feature","geometry":{"type":"Point","coordinates":[-78.18882,0.52422]},"properties":{"t":"2026-09-25T19:06:00Z","sensor":"VIIRS NOAA-20","confianza":"nominal","frp_MW":23.77,"dia_noche":"D","ec":true}},{"type":"Feature","geometry":{"type":"Point","coordinates":[-75.13925,1.31387]},"properties":{"t":"2026-09-25T19:06:00Z","sensor":"VIIRS NOAA-20","confianza":"nominal","frp_MW":2.86,"dia_noche":"D","ec":false}},{"type":"Feature","geometry":{"type":"Point","coordinates":[-79.51995,-4.06261]},"properties":{"t":"2026-09-25T19:06:00Z","sensor":"VIIRS NOAA-20","confianza":"nominal","frp_MW":6.03,"dia_noche":"D","ec":true}},{"type":"Feature","geometry":{"type":"Point","coordinates":[-79.27564,-4.00568]},"properties":{"t":"2026-09-25T19:06:00Z","sensor":"VIIRS NOAA-20","confianza":"low","frp_MW":35.2,"dia_noche":"D","ec":true}},{"type":"Feature","geometry":{"type":"Point","coordinates":[-79.27374,-3.81327]},"properties":{"t":"2026-09-25T19:06:00Z","sensor":"VIIRS NOAA-20","confianza":"nominal","frp_MW":5.1,"dia_noche":"D","ec":true}},{"type":"Feature","geometry":{"type":"Point","coordinates":[-79.27204,-3.81482]},"properties":{"t":"2026-09-25T19:06:00Z","sensor":"VIIRS NOAA-20","confianza":"nominal","frp_MW":4.49,"dia_noche":"D","ec":true}},{"type":"Feature","geometry":{"type":"Point","coordinates":[-79.41978,-3.5413]},"properties":{"t":"2026-09-25T19:06:00Z","sensor":"VIIRS NOAA-20","confianza":"nominal","frp_MW":4.39,"dia_noche":"D","ec":true}},{"type":"Feature","geometry":{"type":"Point","coordinates":[-79.07634,-3.42073]},"properties":{"t":"2026-09-25T19:06:00Z","sensor":"VIIRS NOAA-20","confianza":"nominal","frp_MW":8.06,"dia_noche":"D","ec":true}},{"type":"Feature","geometry":{"type":"Point","coordinates":[-79.08069,-3.42141]},"properties":{"t":"2026-09-25T19:06:00Z","sensor":"VIIRS NOAA-20","confianza":"low","frp_MW":7.42,"dia_noche":"D","ec":true}},{"type":"Feature","geometry":{"type":"Point","coordinates":[-79.07675,-3.41693]},"properties":{"t":"2026-09-25T19:06:00Z","sensor":"VIIRS NOAA-20","confianza":"nominal","frp_MW":139.06,"dia_noche":"D","ec":true}},{"type":"Feature","geometry":{"type":"Point","coordinates":[-78.83073,-2.74358]},"properties":{"t":"2026-09-25T19:06:00Z","sensor":"VIIRS NOAA-20","confianza":"nominal","frp_MW":4.36,"dia_noche":"D","ec":true}},{"type":"Feature","geometry":{"type":"Point","coordinates":[-77.52436,-2.10695]},"properties":{"t":"2026-09-25T19:06:00Z","sensor":"VIIRS NOAA-20","confianza":"nominal","frp_MW":5.52,"dia_noche":"D","ec":true}},{"type":"Feature","geometry":{"type":"Point","coordinates":[-78.58575,-1.73866]},"properties":{"t":"2026-09-25T19:06:00Z","sensor":"VIIRS NOAA-20","confianza":"nominal","frp_MW":3.92,"dia_noche":"D","ec":true}},{"type":"Feature","geometry":{"type":"Point","coordinates":[-78.5285,-1.54767]},"properties":{"t":"2026-09-25T19:06:00Z","sensor":"VIIRS NOAA-20","confianza":"nominal","frp_MW":5.67,"dia_noche":"D","ec":true}},{"type":"Feature","geometry":{"type":"Point","coordinates":[-77.3533,1.7326]},"properties":{"t":"2026-09-25T20:14:00Z","sensor":"MODIS","confianza":"17","frp_MW":77.77,"dia_noche":"D","ec":false}},{"type":"Feature","geometry":{"type":"Point","coordinates":[-78.3405,-2.01035]},"properties":{"t":"2026-09-26T01:58:00Z","sensor":"MODIS","confianza":"100","frp_MW":56.27,"dia_noche":"N","ec":true}},{"type":"Feature","geometry":{"type":"Point","coordinates":[-78.34212,-2.00135]},"properties":{"t":"2026-09-26T01:58:00Z","sensor":"MODIS","confianza":"100","frp_MW":69.92,"dia_noche":"N","ec":true}},{"type":"Feature","geometry":{"type":"Point","coordinates":[-77.66396,-0.0759]},"properties":{"t":"2026-09-26T06:05:00Z","sensor":"VIIRS NOAA-20","confianza":"nominal","frp_MW":2.25,"dia_noche":"N","ec":true}},{"type":"Feature","geometry":{"type":"Point","coordinates":[-77.66479,-0.08113]},"properties":{"t":"2026-09-26T06:05:00Z","sensor":"VIIRS NOAA-20","confianza":"nominal","frp_MW":2.25,"dia_noche":"N","ec":true}},{"type":"Feature","geometry":{"type":"Point","coordinates":[-77.66211,-0.08155]},"properties":{"t":"2026-09-26T06:05:00Z","sensor":"VIIRS NOAA-20","confianza":"nominal","frp_MW":3.26,"dia_noche":"N","ec":true}},{"type":"Feature","geometry":{"type":"Point","coordinates":[-76.12701,-0.52596]},"properties":{"t":"2026-09-26T06:05:00Z","sensor":"VIIRS NOAA-20","confianza":"nominal","frp_MW":1.15,"dia_noche":"N","ec":true}},{"type":"Feature","geometry":{"type":"Point","coordinates":[-78.34885,-2.00307]},"properties":{"t":"2026-09-26T06:08:00Z","sensor":"VIIRS NOAA-20","confianza":"nominal","frp_MW":53.9,"dia_noche":"N","ec":true}},{"type":"Feature","geometry":{"type":"Point","coordinates":[-78.34294,-2.00404]},"properties":{"t":"2026-09-26T06:08:00Z","sensor":"VIIRS NOAA-20","confianza":"high","frp_MW":81.44,"dia_noche":"N","ec":true}},{"type":"Feature","geometry":{"type":"Point","coordinates":[-78.33974,-2.00457]},"properties":{"t":"2026-09-26T06:08:00Z","sensor":"VIIRS NOAA-20","confianza":"nominal","frp_MW":81.44,"dia_noche":"N","ec":true}},{"type":"Feature","geometry":{"type":"Point","coordinates":[-78.33727,-2.00497]},"properties":{"t":"2026-09-26T06:08:00Z","sensor":"VIIRS NOAA-20","confianza":"nominal","frp_MW":16.04,"dia_noche":"N","ec":true}},{"type":"Feature","geometry":{"type":"Point","coordinates":[-78.36281,-2.00081]},"properties":{"t":"2026-09-26T06:08:00Z","sensor":"VIIRS NOAA-20","confianza":"nominal","frp_MW":53.9,"dia_noche":"N","ec":true}},{"type":"Feature","geometry":{"type":"Point","coordinates":[-78.34272,-2.00953]},"properties":{"t":"2026-09-26T06:08:00Z","sensor":"VIIRS NOAA-20","confianza":"high","frp_MW":8.97,"dia_noche":"N","ec":true}},{"type":"Feature","geometry":{"type":"Point","coordinates":[-78.34,-2.00998]},"properties":{"t":"2026-09-26T06:08:00Z","sensor":"VIIRS NOAA-20","confianza":"high","frp_MW":15.99,"dia_noche":"N","ec":true}},{"type":"Feature","geometry":{"type":"Point","coordinates":[-78.33741,-2.0104]},"properties":{"t":"2026-09-26T06:08:00Z","sensor":"VIIRS NOAA-20","confianza":"nominal","frp_MW":15.99,"dia_noche":"N","ec":true}},{"type":"Feature","geometry":{"type":"Point","coordinates":[-78.33549,-2.01072]},"properties":{"t":"2026-09-26T06:08:00Z","sensor":"VIIRS NOAA-20","confianza":"nominal","frp_MW":4.33,"dia_noche":"N","ec":true}},{"type":"Feature","geometry":{"type":"Point","coordinates":[-78.34644,-2.00892]},"properties":{"t":"2026-09-26T06:08:00Z","sensor":"VIIRS NOAA-20","confianza":"nominal","frp_MW":8.97,"dia_noche":"N","ec":true}},{"type":"Feature","geometry":{"type":"Point","coordinates":[-78.33357,-2.01104]},"properties":{"t":"2026-09-26T06:08:00Z","sensor":"VIIRS NOAA-20","confianza":"nominal","frp_MW":4.33,"dia_noche":"N","ec":true}},{"type":"Feature","geometry":{"type":"Point","coordinates":[-78.33174,-2.01135]},"properties":{"t":"2026-09-26T06:08:00Z","sensor":"VIIRS NOAA-20","confianza":"nominal","frp_MW":3.87,"dia_noche":"N","ec":true}},{"type":"Feature","geometry":{"type":"Point","coordinates":[-78.3305,-2.01701]},"properties":{"t":"2026-09-26T06:08:00Z","sensor":"VIIRS NOAA-20","confianza":"nominal","frp_MW":1.81,"dia_noche":"N","ec":true}},{"type":"Feature","geometry":{"type":"Point","coordinates":[-78.87799,-2.15346]},"properties":{"t":"2026-09-26T06:08:00Z","sensor":"VIIRS NOAA-20","confianza":"nominal","frp_MW":4.59,"dia_noche":"N","ec":true}},{"type":"Feature","geometry":{"type":"Point","coordinates":[-78.91637,-2.89357]},"properties":{"t":"2026-09-26T06:08:00Z","sensor":"VIIRS NOAA-20","confianza":"nominal","frp_MW":1.51,"dia_noche":"N","ec":true}},{"type":"Feature","geometry":{"type":"Point","coordinates":[-78.83736,-5.16258]},"properties":{"t":"2026-09-26T06:08:00Z","sensor":"VIIRS NOAA-20","confianza":"nominal","frp_MW":1.1,"dia_noche":"N","ec":false}},{"type":"Feature","geometry":{"type":"Point","coordinates":[-78.83468,-5.16305]},"properties":{"t":"2026-09-26T06:08:00Z","sensor":"VIIRS NOAA-20","confianza":"nominal","frp_MW":1.1,"dia_noche":"N","ec":false}},{"type":"Feature","geometry":{"type":"Point","coordinates":[-76.12662,-0.52977]},"properties":{"t":"2026-09-26T06:50:00Z","sensor":"VIIRS NOAA-21","confianza":"nominal","frp_MW":1.43,"dia_noche":"N","ec":true}},{"type":"Feature","geometry":{"type":"Point","coordinates":[-77.14691,-0.68701]},"properties":{"t":"2026-09-26T06:50:00Z","sensor":"VIIRS NOAA-21","confianza":"nominal","frp_MW":0.53,"dia_noche":"N","ec":true}},{"type":"Feature","geometry":{"type":"Point","coordinates":[-78.78939,-1.6568]},"properties":{"t":"2026-09-26T06:52:00Z","sensor":"VIIRS NOAA-21","confianza":"nominal","frp_MW":2.22,"dia_noche":"N","ec":true}},{"type":"Feature","geometry":{"type":"Point","coordinates":[-78.34118,-2.00309]},"properties":{"t":"2026-09-26T06:52:00Z","sensor":"VIIRS NOAA-21","confianza":"nominal","frp_MW":58.24,"dia_noche":"N","ec":true}},{"type":"Feature","geometry":{"type":"Point","coordinates":[-78.33022,-2.00482]},"properties":{"t":"2026-09-26T06:52:00Z","sensor":"VIIRS NOAA-21","confianza":"nominal","frp_MW":17.49,"dia_noche":"N","ec":true}},{"type":"Feature","geometry":{"type":"Point","coordinates":[-78.32362,-2.00586]},"properties":{"t":"2026-09-26T06:52:00Z","sensor":"VIIRS NOAA-21","confianza":"nominal","frp_MW":1.38,"dia_noche":"N","ec":true}},{"type":"Feature","geometry":{"type":"Point","coordinates":[-78.34151,-2.0068]},"properties":{"t":"2026-09-26T06:52:00Z","sensor":"VIIRS NOAA-21","confianza":"nominal","frp_MW":58.24,"dia_noche":"N","ec":true}},{"type":"Feature","geometry":{"type":"Point","coordinates":[-78.33654,-2.00758]},"properties":{"t":"2026-09-26T06:52:00Z","sensor":"VIIRS NOAA-21","confianza":"nominal","frp_MW":17.49,"dia_noche":"N","ec":true}},{"type":"Feature","geometry":{"type":"Point","coordinates":[-78.32378,-2.0096]},"properties":{"t":"2026-09-26T06:52:00Z","sensor":"VIIRS NOAA-21","confianza":"nominal","frp_MW":1.38,"dia_noche":"N","ec":true}},{"type":"Feature","geometry":{"type":"Point","coordinates":[-78.31768,-2.01056]},"properties":{"t":"2026-09-26T06:52:00Z","sensor":"VIIRS NOAA-21","confianza":"nominal","frp_MW":1.38,"dia_noche":"N","ec":true}},{"type":"Feature","geometry":{"type":"Point","coordinates":[-78.33887,-2.00316]},"properties":{"t":"2026-09-26T06:52:00Z","sensor":"VIIRS NOAA-21","confianza":"nominal","frp_MW":1.66,"dia_noche":"N","ec":true}},{"type":"Feature","geometry":{"type":"Point","coordinates":[-78.32679,-2.0049]},"properties":{"t":"2026-09-26T06:52:00Z","sensor":"VIIRS NOAA-21","confianza":"nominal","frp_MW":2.33,"dia_noche":"N","ec":true}},{"type":"Feature","geometry":{"type":"Point","coordinates":[-78.32027,-2.00583]},"properties":{"t":"2026-09-26T06:52:00Z","sensor":"VIIRS NOAA-21","confianza":"nominal","frp_MW":2.1,"dia_noche":"N","ec":true}},{"type":"Feature","geometry":{"type":"Point","coordinates":[-78.33912,-2.00687]},"properties":{"t":"2026-09-26T06:52:00Z","sensor":"VIIRS NOAA-21","confianza":"nominal","frp_MW":60.76,"dia_noche":"N","ec":true}},{"type":"Feature","geometry":{"type":"Point","coordinates":[-78.34374,-2.00618]},"properties":{"t":"2026-09-26T06:52:00Z","sensor":"VIIRS NOAA-21","confianza":"nominal","frp_MW":60.76,"dia_noche":"N","ec":true}},{"type":"Feature","geometry":{"type":"Point","coordinates":[-78.33339,-2.0077]},"properties":{"t":"2026-09-26T06:52:00Z","sensor":"VIIRS NOAA-21","confianza":"nominal","frp_MW":3.77,"dia_noche":"N","ec":true}},{"type":"Feature","geometry":{"type":"Point","coordinates":[-78.32693,-2.00863]},"properties":{"t":"2026-09-26T06:52:00Z","sensor":"VIIRS NOAA-21","confianza":"nominal","frp_MW":3.77,"dia_noche":"N","ec":true}},{"type":"Feature","geometry":{"type":"Point","coordinates":[-78.32047,-2.00956]},"properties":{"t":"2026-09-26T06:52:00Z","sensor":"VIIRS NOAA-21","confianza":"nominal","frp_MW":1.65,"dia_noche":"N","ec":true}},{"type":"Feature","geometry":{"type":"Point","coordinates":[-78.33884,-2.01065]},"properties":{"t":"2026-09-26T06:52:00Z","sensor":"VIIRS NOAA-21","confianza":"nominal","frp_MW":60.76,"dia_noche":"N","ec":true}},{"type":"Feature","geometry":{"type":"Point","coordinates":[-78.33324,-2.01147]},"properties":{"t":"2026-09-26T06:52:00Z","sensor":"VIIRS NOAA-21","confianza":"nominal","frp_MW":3.77,"dia_noche":"N","ec":true}},{"type":"Feature","geometry":{"type":"Point","coordinates":[-78.32698,-2.01238]},"properties":{"t":"2026-09-26T06:52:00Z","sensor":"VIIRS NOAA-21","confianza":"nominal","frp_MW":3.77,"dia_noche":"N","ec":true}},{"type":"Feature","geometry":{"type":"Point","coordinates":[-78.32059,-2.0133]},"properties":{"t":"2026-09-26T06:52:00Z","sensor":"VIIRS NOAA-21","confianza":"nominal","frp_MW":1.65,"dia_noche":"N","ec":true}},{"type":"Feature","geometry":{"type":"Point","coordinates":[-78.33273,-2.01529]},"properties":{"t":"2026-09-26T06:52:00Z","sensor":"VIIRS NOAA-21","confianza":"nominal","frp_MW":1.77,"dia_noche":"N","ec":true}},{"type":"Feature","geometry":{"type":"Point","coordinates":[-78.32669,-2.01617]},"properties":{"t":"2026-09-26T06:52:00Z","sensor":"VIIRS NOAA-21","confianza":"nominal","frp_MW":1.77,"dia_noche":"N","ec":true}},{"type":"Feature","geometry":{"type":"Point","coordinates":[-78.32053,-2.01706]},"properties":{"t":"2026-09-26T06:52:00Z","sensor":"VIIRS NOAA-21","confianza":"nominal","frp_MW":2.4,"dia_noche":"N","ec":true}},{"type":"Feature","geometry":{"type":"Point","coordinates":[-78.32636,-2.01997]},"properties":{"t":"2026-09-26T06:52:00Z","sensor":"VIIRS NOAA-21","confianza":"nominal","frp_MW":1.77,"dia_noche":"N","ec":true}},{"type":"Feature","geometry":{"type":"Point","coordinates":[-78.87438,-2.1542]},"properties":{"t":"2026-09-26T06:52:00Z","sensor":"VIIRS NOAA-21","confianza":"nominal","frp_MW":1.11,"dia_noche":"N","ec":true}},{"type":"Feature","geometry":{"type":"Point","coordinates":[-78.91415,-2.8957]},"properties":{"t":"2026-09-26T06:52:00Z","sensor":"VIIRS NOAA-21","confianza":"nominal","frp_MW":1.73,"dia_noche":"N","ec":true}},{"type":"Feature","geometry":{"type":"Point","coordinates":[-78.91337,-2.89735]},"properties":{"t":"2026-09-26T06:52:00Z","sensor":"VIIRS NOAA-21","confianza":"nominal","frp_MW":3.09,"dia_noche":"N","ec":true}},{"type":"Feature","geometry":{"type":"Point","coordinates":[-79.08717,-3.40856]},"properties":{"t":"2026-09-26T06:52:00Z","sensor":"VIIRS NOAA-21","confianza":"nominal","frp_MW":3.75,"dia_noche":"N","ec":true}},{"type":"Feature","geometry":{"type":"Point","coordinates":[-79.08775,-3.41215]},"properties":{"t":"2026-09-26T06:52:00Z","sensor":"VIIRS NOAA-21","confianza":"nominal","frp_MW":3.75,"dia_noche":"N","ec":true}},{"type":"Feature","geometry":{"type":"Point","coordinates":[-79.08988,-3.41016]},"properties":{"t":"2026-09-26T06:52:00Z","sensor":"VIIRS NOAA-21","confianza":"nominal","frp_MW":1.71,"dia_noche":"N","ec":true}},{"type":"Feature","geometry":{"type":"Point","coordinates":[-79.08589,-3.41076]},"properties":{"t":"2026-09-26T06:52:00Z","sensor":"VIIRS NOAA-21","confianza":"nominal","frp_MW":1.71,"dia_noche":"N","ec":true}},{"type":"Feature","geometry":{"type":"Point","coordinates":[-79.08642,-3.41436]},"properties":{"t":"2026-09-26T06:52:00Z","sensor":"VIIRS NOAA-21","confianza":"nominal","frp_MW":4.0,"dia_noche":"N","ec":true}},{"type":"Feature","geometry":{"type":"Point","coordinates":[-78.83051,-5.1634]},"properties":{"t":"2026-09-26T06:52:00Z","sensor":"VIIRS NOAA-21","confianza":"nominal","frp_MW":1.37,"dia_noche":"N","ec":false}},{"type":"Feature","geometry":{"type":"Point","coordinates":[-79.37314,-5.3401]},"properties":{"t":"2026-09-26T06:52:00Z","sensor":"VIIRS NOAA-21","confianza":"nominal","frp_MW":2.11,"dia_noche":"N","ec":false}},{"type":"Feature","geometry":{"type":"Point","coordinates":[-79.36993,-5.3443]},"properties":{"t":"2026-09-26T06:52:00Z","sensor":"VIIRS NOAA-21","confianza":"nominal","frp_MW":2.11,"dia_noche":"N","ec":false}},{"type":"Feature","geometry":{"type":"Point","coordinates":[-79.37389,-5.3437]},"properties":{"t":"2026-09-26T06:52:00Z","sensor":"VIIRS NOAA-21","confianza":"nominal","frp_MW":2.11,"dia_noche":"N","ec":false}},{"type":"Feature","geometry":{"type":"Point","coordinates":[-78.3404,-2.00572]},"properties":{"t":"2026-09-26T07:29:00Z","sensor":"VIIRS Suomi NPP","confianza":"high","frp_MW":15.89,"dia_noche":"N","ec":true}},{"type":"Feature","geometry":{"type":"Point","coordinates":[-78.31628,-2.00948]},"properties":{"t":"2026-09-26T07:29:00Z","sensor":"VIIRS Suomi NPP","confianza":"nominal","frp_MW":7.69,"dia_noche":"N","ec":true}},{"type":"Feature","geometry":{"type":"Point","coordinates":[-78.33172,-2.0105]},"properties":{"t":"2026-09-26T07:29:00Z","sensor":"VIIRS Suomi NPP","confianza":"nominal","frp_MW":3.3,"dia_noche":"N","ec":true}},{"type":"Feature","geometry":{"type":"Point","coordinates":[-78.91415,-2.89439]},"properties":{"t":"2026-09-26T07:29:00Z","sensor":"VIIRS Suomi NPP","confianza":"nominal","frp_MW":1.24,"dia_noche":"N","ec":true}},{"type":"Feature","geometry":{"type":"Point","coordinates":[-78.91364,-2.90004]},"properties":{"t":"2026-09-26T07:29:00Z","sensor":"VIIRS Suomi NPP","confianza":"nominal","frp_MW":1.23,"dia_noche":"N","ec":true}},{"type":"Feature","geometry":{"type":"Point","coordinates":[-78.90993,-2.90061]},"properties":{"t":"2026-09-26T07:29:00Z","sensor":"VIIRS Suomi NPP","confianza":"nominal","frp_MW":1.23,"dia_noche":"N","ec":true}},{"type":"Feature","geometry":{"type":"Point","coordinates":[-78.91347,-2.89577]},"properties":{"t":"2026-09-26T07:29:00Z","sensor":"VIIRS Suomi NPP","confianza":"nominal","frp_MW":3.74,"dia_noche":"N","ec":true}},{"type":"Feature","geometry":{"type":"Point","coordinates":[-79.08829,-3.41293]},"properties":{"t":"2026-09-26T07:29:00Z","sensor":"VIIRS Suomi NPP","confianza":"nominal","frp_MW":1.07,"dia_noche":"N","ec":true}},{"type":"Feature","geometry":{"type":"Point","coordinates":[-79.08514,-3.41342]},"properties":{"t":"2026-09-26T07:29:00Z","sensor":"VIIRS Suomi NPP","confianza":"nominal","frp_MW":1.07,"dia_noche":"N","ec":true}},{"type":"Feature","geometry":{"type":"Point","coordinates":[-79.08766,-3.41398]},"properties":{"t":"2026-09-26T07:29:00Z","sensor":"VIIRS Suomi NPP","confianza":"nominal","frp_MW":1.89,"dia_noche":"N","ec":true}},{"type":"Feature","geometry":{"type":"Point","coordinates":[-78.34754,-1.99807]},"properties":{"t":"2026-09-26T08:33:00Z","sensor":"MODIS","confianza":"100","frp_MW":167.49,"dia_noche":"N","ec":true}},{"type":"Feature","geometry":{"type":"Point","coordinates":[-78.33119,-2.00056]},"properties":{"t":"2026-09-26T08:33:00Z","sensor":"MODIS","confianza":"100","frp_MW":117.67,"dia_noche":"N","ec":true}},{"type":"Feature","geometry":{"type":"Point","coordinates":[-78.33378,-2.01214]},"properties":{"t":"2026-09-26T08:33:00Z","sensor":"MODIS","confianza":"71","frp_MW":31.99,"dia_noche":"N","ec":true}},{"type":"Feature","geometry":{"type":"Point","coordinates":[-78.35795,-2.00371]},"properties":{"t":"2026-09-26T08:33:00Z","sensor":"MODIS","confianza":"79","frp_MW":40.08,"dia_noche":"N","ec":true}},{"type":"Feature","geometry":{"type":"Point","coordinates":[-78.33688,-2.00708]},"properties":{"t":"2026-09-26T08:33:00Z","sensor":"MODIS","confianza":"100","frp_MW":172.58,"dia_noche":"N","ec":true}},{"type":"Feature","geometry":{"type":"Point","coordinates":[-77.00552,-1.87544]},"properties":{"t":"2026-09-26T14:20:00Z","sensor":"MODIS","confianza":"19","frp_MW":13.3,"dia_noche":"D","ec":true}},{"type":"Feature","geometry":{"type":"Point","coordinates":[-77.0419,-1.86745]},"properties":{"t":"2026-09-26T14:20:00Z","sensor":"MODIS","confianza":"8","frp_MW":12.59,"dia_noche":"D","ec":true}},{"type":"Feature","geometry":{"type":"Point","coordinates":[-77.0117,-1.87147]},"properties":{"t":"2026-09-26T14:20:00Z","sensor":"MODIS","confianza":"7","frp_MW":12.01,"dia_noche":"D","ec":true}},{"type":"Feature","geometry":{"type":"Point","coordinates":[-76.49953,-2.47664]},"properties":{"t":"2026-09-26T14:20:00Z","sensor":"MODIS","confianza":"35","frp_MW":21.11,"dia_noche":"D","ec":true}},{"type":"Feature","geometry":{"type":"Point","coordinates":[-76.50727,-2.48412]},"properties":{"t":"2026-09-26T14:20:00Z","sensor":"MODIS","confianza":"37","frp_MW":25.04,"dia_noche":"D","ec":true}},{"type":"Feature","geometry":{"type":"Point","coordinates":[-76.37757,-5.28094]},"properties":{"t":"2026-09-26T17:49:00Z","sensor":"VIIRS NOAA-21","confianza":"nominal","frp_MW":11.19,"dia_noche":"D","ec":false}},{"type":"Feature","geometry":{"type":"Point","coordinates":[-77.48425,-4.83948]},"properties":{"t":"2026-09-26T17:49:00Z","sensor":"VIIRS NOAA-21","confianza":"nominal","frp_MW":13.64,"dia_noche":"D","ec":false}},{"type":"Feature","geometry":{"type":"Point","coordinates":[-76.20224,-2.84014]},"properties":{"t":"2026-09-26T17:49:00Z","sensor":"VIIRS NOAA-21","confianza":"nominal","frp_MW":4.52,"dia_noche":"D","ec":false}},{"type":"Feature","geometry":{"type":"Point","coordinates":[-78.72352,-1.68439]},"properties":{"t":"2026-09-26T17:49:00Z","sensor":"VIIRS NOAA-21","confianza":"nominal","frp_MW":15.29,"dia_noche":"D","ec":true}},{"type":"Feature","geometry":{"type":"Point","coordinates":[-78.72883,-1.68517]},"properties":{"t":"2026-09-26T17:49:00Z","sensor":"VIIRS NOAA-21","confianza":"low","frp_MW":16.16,"dia_noche":"D","ec":true}},{"type":"Feature","geometry":{"type":"Point","coordinates":[-78.72437,-1.68081]},"properties":{"t":"2026-09-26T17:49:00Z","sensor":"VIIRS NOAA-21","confianza":"nominal","frp_MW":33.87,"dia_noche":"D","ec":true}},{"type":"Feature","geometry":{"type":"Point","coordinates":[-78.72979,-1.68164]},"properties":{"t":"2026-09-26T17:49:00Z","sensor":"VIIRS NOAA-21","confianza":"nominal","frp_MW":33.87,"dia_noche":"D","ec":true}},{"type":"Feature","geometry":{"type":"Point","coordinates":[-78.03526,0.3403]},"properties":{"t":"2026-09-26T17:52:00Z","sensor":"VIIRS NOAA-21","confianza":"nominal","frp_MW":6.66,"dia_noche":"D","ec":true}},{"type":"Feature","geometry":{"type":"Point","coordinates":[-75.57114,1.16156]},"properties":{"t":"2026-09-26T17:52:00Z","sensor":"VIIRS NOAA-21","confianza":"nominal","frp_MW":7.62,"dia_noche":"D","ec":false}},{"type":"Feature","geometry":{"type":"Point","coordinates":[-76.68757,2.06205]},"properties":{"t":"2026-09-26T17:52:00Z","sensor":"VIIRS NOAA-21","confianza":"nominal","frp_MW":8.53,"dia_noche":"D","ec":false}},{"type":"Feature","geometry":{"type":"Point","coordinates":[-76.68971,2.0617]},"properties":{"t":"2026-09-26T17:52:00Z","sensor":"VIIRS NOAA-21","confianza":"low","frp_MW":8.53,"dia_noche":"D","ec":false}},{"type":"Feature","geometry":{"type":"Point","coordinates":[-80.54049,-4.83867]},"properties":{"t":"2026-09-26T18:26:00Z","sensor":"VIIRS Suomi NPP","confianza":"high","frp_MW":9.97,"dia_noche":"D","ec":false}},{"type":"Feature","geometry":{"type":"Point","coordinates":[-80.54388,-4.83916]},"properties":{"t":"2026-09-26T18:26:00Z","sensor":"VIIRS Suomi NPP","confianza":"nominal","frp_MW":6.16,"dia_noche":"D","ec":false}},{"type":"Feature","geometry":{"type":"Point","coordinates":[-79.50083,-4.62082]},"properties":{"t":"2026-09-26T18:26:00Z","sensor":"VIIRS Suomi NPP","confianza":"nominal","frp_MW":13.24,"dia_noche":"D","ec":false}},{"type":"Feature","geometry":{"type":"Point","coordinates":[-79.32881,-3.95427]},"properties":{"t":"2026-09-26T18:26:00Z","sensor":"VIIRS Suomi NPP","confianza":"nominal","frp_MW":6.74,"dia_noche":"D","ec":true}},{"type":"Feature","geometry":{"type":"Point","coordinates":[-76.425,-3.0325]},"properties":{"t":"2026-09-26T18:26:00Z","sensor":"VIIRS Suomi NPP","confianza":"low","frp_MW":9.16,"dia_noche":"D","ec":false}},{"type":"Feature","geometry":{"type":"Point","coordinates":[-76.75485,-3.07819]},"properties":{"t":"2026-09-26T18:26:00Z","sensor":"VIIRS Suomi NPP","confianza":"nominal","frp_MW":4.51,"dia_noche":"D","ec":false}},{"type":"Feature","geometry":{"type":"Point","coordinates":[-78.66422,-2.07957]},"properties":{"t":"2026-09-26T18:28:00Z","sensor":"VIIRS Suomi NPP","confianza":"nominal","frp_MW":3.59,"dia_noche":"D","ec":true}},{"type":"Feature","geometry":{"type":"Point","coordinates":[-78.61087,-2.04403]},"properties":{"t":"2026-09-26T18:28:00Z","sensor":"VIIRS Suomi NPP","confianza":"nominal","frp_MW":5.74,"dia_noche":"D","ec":true}},{"type":"Feature","geometry":{"type":"Point","coordinates":[-80.3665,-0.56762]},"properties":{"t":"2026-09-26T18:28:00Z","sensor":"VIIRS Suomi NPP","confianza":"nominal","frp_MW":3.17,"dia_noche":"D","ec":true}},{"type":"Feature","geometry":{"type":"Point","coordinates":[-78.00206,0.41287]},"properties":{"t":"2026-09-26T18:28:00Z","sensor":"VIIRS Suomi NPP","confianza":"nominal","frp_MW":9.38,"dia_noche":"D","ec":true}},{"type":"Feature","geometry":{"type":"Point","coordinates":[-78.19164,0.52147]},"properties":{"t":"2026-09-26T18:28:00Z","sensor":"VIIRS Suomi NPP","confianza":"nominal","frp_MW":3.83,"dia_noche":"D","ec":true}},{"type":"Feature","geometry":{"type":"Point","coordinates":[-75.79473,1.07135]},"properties":{"t":"2026-09-26T18:28:00Z","sensor":"VIIRS Suomi NPP","confianza":"nominal","frp_MW":4.93,"dia_noche":"D","ec":false}},{"type":"Feature","geometry":{"type":"Point","coordinates":[-75.57293,1.16017]},"properties":{"t":"2026-09-26T18:28:00Z","sensor":"VIIRS Suomi NPP","confianza":"low","frp_MW":23.18,"dia_noche":"D","ec":false}},{"type":"Feature","geometry":{"type":"Point","coordinates":[-75.56949,1.16432]},"properties":{"t":"2026-09-26T18:28:00Z","sensor":"VIIRS Suomi NPP","confianza":"low","frp_MW":11.16,"dia_noche":"D","ec":false}},{"type":"Feature","geometry":{"type":"Point","coordinates":[-79.13073,-5.36831]},"properties":{"t":"2026-09-26T18:45:00Z","sensor":"VIIRS NOAA-20","confianza":"nominal","frp_MW":3.15,"dia_noche":"D","ec":false}},{"type":"Feature","geometry":{"type":"Point","coordinates":[-79.38099,-5.34427]},"properties":{"t":"2026-09-26T18:45:00Z","sensor":"VIIRS NOAA-20","confianza":"low","frp_MW":7.22,"dia_noche":"D","ec":false}},{"type":"Feature","geometry":{"type":"Point","coordinates":[-77.83976,-4.63586]},"properties":{"t":"2026-09-26T18:45:00Z","sensor":"VIIRS NOAA-20","confianza":"nominal","frp_MW":2.41,"dia_noche":"D","ec":false}},{"type":"Feature","geometry":{"type":"Point","coordinates":[-79.46176,-4.86547]},"properties":{"t":"2026-09-26T18:45:00Z","sensor":"VIIRS NOAA-20","confianza":"nominal","frp_MW":7.63,"dia_noche":"D","ec":false}},{"type":"Feature","geometry":{"type":"Point","coordinates":[-79.50859,-4.77768]},"properties":{"t":"2026-09-26T18:45:00Z","sensor":"VIIRS NOAA-20","confianza":"nominal","frp_MW":5.3,"dia_noche":"D","ec":false}},{"type":"Feature","geometry":{"type":"Point","coordinates":[-79.49865,-4.76585]},"properties":{"t":"2026-09-26T18:45:00Z","sensor":"VIIRS NOAA-20","confianza":"nominal","frp_MW":4.44,"dia_noche":"D","ec":false}},{"type":"Feature","geometry":{"type":"Point","coordinates":[-80.44978,-4.83829]},"properties":{"t":"2026-09-26T18:45:00Z","sensor":"VIIRS NOAA-20","confianza":"low","frp_MW":1.27,"dia_noche":"D","ec":false}},{"type":"Feature","geometry":{"type":"Point","coordinates":[-79.44553,-4.66649]},"properties":{"t":"2026-09-26T18:45:00Z","sensor":"VIIRS NOAA-20","confianza":"nominal","frp_MW":4.38,"dia_noche":"D","ec":true}},{"type":"Feature","geometry":{"type":"Point","coordinates":[-79.49569,-4.32089]},"properties":{"t":"2026-09-26T18:45:00Z","sensor":"VIIRS NOAA-20","confianza":"nominal","frp_MW":5.44,"dia_noche":"D","ec":true}},{"type":"Feature","geometry":{"type":"Point","coordinates":[-79.51081,-4.29229]},"properties":{"t":"2026-09-26T18:45:00Z","sensor":"VIIRS NOAA-20","confianza":"nominal","frp_MW":5.4,"dia_noche":"D","ec":true}},{"type":"Feature","geometry":{"type":"Point","coordinates":[-79.52264,-4.05983]},"properties":{"t":"2026-09-26T18:45:00Z","sensor":"VIIRS NOAA-20","confianza":"low","frp_MW":9.43,"dia_noche":"D","ec":true}},{"type":"Feature","geometry":{"type":"Point","coordinates":[-76.75656,-3.08026]},"properties":{"t":"2026-09-26T18:45:00Z","sensor":"VIIRS NOAA-20","confianza":"nominal","frp_MW":12.76,"dia_noche":"D","ec":false}},{"type":"Feature","geometry":{"type":"Point","coordinates":[-76.39162,-2.94979]},"properties":{"t":"2026-09-26T18:45:00Z","sensor":"VIIRS NOAA-20","confianza":"low","frp_MW":7.96,"dia_noche":"D","ec":false}},{"type":"Feature","geometry":{"type":"Point","coordinates":[-78.66558,-2.08427]},"properties":{"t":"2026-09-26T18:45:00Z","sensor":"VIIRS NOAA-20","confianza":"nominal","frp_MW":4.0,"dia_noche":"D","ec":true}},{"type":"Feature","geometry":{"type":"Point","coordinates":[-78.66608,-2.08099]},"properties":{"t":"2026-09-26T18:45:00Z","sensor":"VIIRS NOAA-20","confianza":"nominal","frp_MW":4.34,"dia_noche":"D","ec":true}},{"type":"Feature","geometry":{"type":"Point","coordinates":[-78.60918,-2.04432]},"properties":{"t":"2026-09-26T18:45:00Z","sensor":"VIIRS NOAA-20","confianza":"nominal","frp_MW":9.57,"dia_noche":"D","ec":true}},{"type":"Feature","geometry":{"type":"Point","coordinates":[-78.61259,-2.04484]},"properties":{"t":"2026-09-26T18:45:00Z","sensor":"VIIRS NOAA-20","confianza":"nominal","frp_MW":8.65,"dia_noche":"D","ec":true}},{"type":"Feature","geometry":{"type":"Point","coordinates":[-77.54448,1.68582]},"properties":{"t":"2026-09-26T18:47:00Z","sensor":"VIIRS NOAA-20","confianza":"nominal","frp_MW":2.62,"dia_noche":"D","ec":false}},{"type":"Feature","geometry":{"type":"Point","coordinates":[-75.5715,2.25591]},"properties":{"t":"2026-09-26T18:47:00Z","sensor":"VIIRS NOAA-20","confianza":"nominal","frp_MW":3.97,"dia_noche":"D","ec":false}},{"type":"Feature","geometry":{"type":"Point","coordinates":[-76.70049,-0.44831]},"properties":{"t":"2026-09-26T18:47:00Z","sensor":"VIIRS NOAA-20","confianza":"low","frp_MW":9.8,"dia_noche":"D","ec":true}},{"type":"Feature","geometry":{"type":"Point","coordinates":[-75.88913,0.0252]},"properties":{"t":"2026-09-26T18:47:00Z","sensor":"VIIRS NOAA-20","confianza":"nominal","frp_MW":4.32,"dia_noche":"D","ec":true}},{"type":"Feature","geometry":{"type":"Point","coordinates":[-75.52831,0.52111]},"properties":{"t":"2026-09-26T18:47:00Z","sensor":"VIIRS NOAA-20","confianza":"nominal","frp_MW":5.44,"dia_noche":"D","ec":false}},{"type":"Feature","geometry":{"type":"Point","coordinates":[-78.1905,0.52053]},"properties":{"t":"2026-09-26T18:47:00Z","sensor":"VIIRS NOAA-20","confianza":"nominal","frp_MW":6.94,"dia_noche":"D","ec":true}},{"type":"Feature","geometry":{"type":"Point","coordinates":[-78.19401,0.52]},"properties":{"t":"2026-09-26T18:47:00Z","sensor":"VIIRS NOAA-20","confianza":"low","frp_MW":6.94,"dia_noche":"D","ec":true}},{"type":"Feature","geometry":{"type":"Point","coordinates":[-75.10529,0.98711]},"properties":{"t":"2026-09-26T18:47:00Z","sensor":"VIIRS NOAA-20","confianza":"nominal","frp_MW":5.39,"dia_noche":"D","ec":false}},{"type":"Feature","geometry":{"type":"Point","coordinates":[-78.25916,0.54074]},"properties":{"t":"2026-09-26T18:47:00Z","sensor":"VIIRS NOAA-20","confianza":"nominal","frp_MW":8.89,"dia_noche":"D","ec":true}},{"type":"Feature","geometry":{"type":"Point","coordinates":[-75.29865,1.032]},"properties":{"t":"2026-09-26T18:47:00Z","sensor":"VIIRS NOAA-20","confianza":"nominal","frp_MW":3.4,"dia_noche":"D","ec":false}},{"type":"Feature","geometry":{"type":"Point","coordinates":[-75.1166,1.0639]},"properties":{"t":"2026-09-26T18:47:00Z","sensor":"VIIRS NOAA-20","confianza":"nominal","frp_MW":5.72,"dia_noche":"D","ec":false}},{"type":"Feature","geometry":{"type":"Point","coordinates":[-75.57107,1.16105]},"properties":{"t":"2026-09-26T18:47:00Z","sensor":"VIIRS NOAA-20","confianza":"nominal","frp_MW":52.43,"dia_noche":"D","ec":false}},{"type":"Feature","geometry":{"type":"Point","coordinates":[-75.17875,1.39132]},"properties":{"t":"2026-09-26T18:47:00Z","sensor":"VIIRS NOAA-20","confianza":"nominal","frp_MW":4.17,"dia_noche":"D","ec":false}},{"type":"Feature","geometry":{"type":"Point","coordinates":[-75.74695,1.34749]},"properties":{"t":"2026-09-26T18:47:00Z","sensor":"VIIRS NOAA-20","confianza":"nominal","frp_MW":3.94,"dia_noche":"D","ec":false}},{"type":"Feature","geometry":{"type":"Point","coordinates":[-79.38261,-5.34244]},"properties":{"t":"2026-09-26T19:30:00Z","sensor":"VIIRS NOAA-21","confianza":"high","frp_MW":18.95,"dia_noche":"D","ec":false}},{"type":"Feature","geometry":{"type":"Point","coordinates":[-79.38652,-5.34313]},"properties":{"t":"2026-09-26T19:30:00Z","sensor":"VIIRS NOAA-21","confianza":"nominal","frp_MW":8.9,"dia_noche":"D","ec":false}},{"type":"Feature","geometry":{"type":"Point","coordinates":[-80.65895,-5.45672]},"properties":{"t":"2026-09-26T19:30:00Z","sensor":"VIIRS NOAA-21","confianza":"nominal","frp_MW":7.2,"dia_noche":"D","ec":false}},{"type":"Feature","geometry":{"type":"Point","coordinates":[-78.91844,-5.12173]},"properties":{"t":"2026-09-26T19:30:00Z","sensor":"VIIRS NOAA-21","confianza":"nominal","frp_MW":9.96,"dia_noche":"D","ec":false}},{"type":"Feature","geometry":{"type":"Point","coordinates":[-81.11166,-4.89344]},"properties":{"t":"2026-09-26T19:30:00Z","sensor":"VIIRS NOAA-21","confianza":"nominal","frp_MW":7.37,"dia_noche":"D","ec":false}},{"type":"Feature","geometry":{"type":"Point","coordinates":[-79.08961,-3.41795]},"properties":{"t":"2026-09-26T19:30:00Z","sensor":"VIIRS NOAA-21","confianza":"high","frp_MW":50.68,"dia_noche":"D","ec":true}},{"type":"Feature","geometry":{"type":"Point","coordinates":[-79.09378,-3.41867]},"properties":{"t":"2026-09-26T19:30:00Z","sensor":"VIIRS NOAA-21","confianza":"high","frp_MW":35.45,"dia_noche":"D","ec":true}},{"type":"Feature","geometry":{"type":"Point","coordinates":[-79.07633,-3.41565]},"properties":{"t":"2026-09-26T19:30:00Z","sensor":"VIIRS NOAA-21","confianza":"nominal","frp_MW":15.11,"dia_noche":"D","ec":true}},{"type":"Feature","geometry":{"type":"Point","coordinates":[-79.09521,-3.41237]},"properties":{"t":"2026-09-26T19:30:00Z","sensor":"VIIRS NOAA-21","confianza":"high","frp_MW":16.8,"dia_noche":"D","ec":true}},{"type":"Feature","geometry":{"type":"Point","coordinates":[-79.09917,-3.41305]},"properties":{"t":"2026-09-26T19:30:00Z","sensor":"VIIRS NOAA-21","confianza":"high","frp_MW":16.8,"dia_noche":"D","ec":true}},{"type":"Feature","geometry":{"type":"Point","coordinates":[-79.08652,-3.41086]},"properties":{"t":"2026-09-26T19:30:00Z","sensor":"VIIRS NOAA-21","confianza":"nominal","frp_MW":17.28,"dia_noche":"D","ec":true}},{"type":"Feature","geometry":{"type":"Point","coordinates":[-79.091,-3.41164]},"properties":{"t":"2026-09-26T19:30:00Z","sensor":"VIIRS NOAA-21","confianza":"nominal","frp_MW":17.28,"dia_noche":"D","ec":true}},{"type":"Feature","geometry":{"type":"Point","coordinates":[-79.08709,-3.4044]},"properties":{"t":"2026-09-26T19:30:00Z","sensor":"VIIRS NOAA-21","confianza":"high","frp_MW":17.28,"dia_noche":"D","ec":true}},{"type":"Feature","geometry":{"type":"Point","coordinates":[-79.08278,-3.40365]},"properties":{"t":"2026-09-26T19:30:00Z","sensor":"VIIRS NOAA-21","confianza":"nominal","frp_MW":19.66,"dia_noche":"D","ec":true}},{"type":"Feature","geometry":{"type":"Point","coordinates":[-79.09555,-3.40587]},"properties":{"t":"2026-09-26T19:30:00Z","sensor":"VIIRS NOAA-21","confianza":"nominal","frp_MW":16.8,"dia_noche":"D","ec":true}},{"type":"Feature","geometry":{"type":"Point","coordinates":[-79.09985,-3.40662]},"properties":{"t":"2026-09-26T19:30:00Z","sensor":"VIIRS NOAA-21","confianza":"nominal","frp_MW":16.8,"dia_noche":"D","ec":true}},{"type":"Feature","geometry":{"type":"Point","coordinates":[-79.07426,-3.41971]},"properties":{"t":"2026-09-26T19:30:00Z","sensor":"VIIRS NOAA-21","confianza":"nominal","frp_MW":16.8,"dia_noche":"D","ec":true}},{"type":"Feature","geometry":{"type":"Point","coordinates":[-79.08828,-3.41549]},"properties":{"t":"2026-09-26T19:30:00Z","sensor":"VIIRS NOAA-21","confianza":"high","frp_MW":48.49,"dia_noche":"D","ec":true}},{"type":"Feature","geometry":{"type":"Point","coordinates":[-79.09254,-3.4162]},"properties":{"t":"2026-09-26T19:30:00Z","sensor":"VIIRS NOAA-21","confianza":"high","frp_MW":67.7,"dia_noche":"D","ec":true}},{"type":"Feature","geometry":{"type":"Point","coordinates":[-79.08479,-3.40835]},"properties":{"t":"2026-09-26T19:30:00Z","sensor":"VIIRS NOAA-21","confianza":"high","frp_MW":10.17,"dia_noche":"D","ec":true}},{"type":"Feature","geometry":{"type":"Point","coordinates":[-79.09778,-3.41052]},"properties":{"t":"2026-09-26T19:30:00Z","sensor":"VIIRS NOAA-21","confianza":"high","frp_MW":26.05,"dia_noche":"D","ec":true}},{"type":"Feature","geometry":{"type":"Point","coordinates":[-79.08926,-3.4091]},"properties":{"t":"2026-09-26T19:30:00Z","sensor":"VIIRS NOAA-21","confianza":"nominal","frp_MW":10.17,"dia_noche":"D","ec":true}},{"type":"Feature","geometry":{"type":"Point","coordinates":[-79.09359,-3.40982]},"properties":{"t":"2026-09-26T19:30:00Z","sensor":"VIIRS NOAA-21","confianza":"nominal","frp_MW":26.05,"dia_noche":"D","ec":true}},{"type":"Feature","geometry":{"type":"Point","coordinates":[-79.10171,-3.41118]},"properties":{"t":"2026-09-26T19:30:00Z","sensor":"VIIRS NOAA-21","confianza":"nominal","frp_MW":20.35,"dia_noche":"D","ec":true}},{"type":"Feature","geometry":{"type":"Point","coordinates":[-79.08542,-3.4019]},"properties":{"t":"2026-09-26T19:30:00Z","sensor":"VIIRS NOAA-21","confianza":"nominal","frp_MW":10.17,"dia_noche":"D","ec":true}},{"type":"Feature","geometry":{"type":"Point","coordinates":[-79.08969,-3.40262]},"properties":{"t":"2026-09-26T19:30:00Z","sensor":"VIIRS NOAA-21","confianza":"nominal","frp_MW":10.17,"dia_noche":"D","ec":true}},{"type":"Feature","geometry":{"type":"Point","coordinates":[-78.61169,-2.04371]},"properties":{"t":"2026-09-26T19:32:00Z","sensor":"VIIRS NOAA-21","confianza":"nominal","frp_MW":14.7,"dia_noche":"D","ec":true}},{"type":"Feature","geometry":{"type":"Point","coordinates":[-79.08777,-3.41874]},"properties":{"t":"2026-09-26T20:49:00Z","sensor":"MODIS","confianza":"88","frp_MW":39.23,"dia_noche":"D","ec":true}},{"type":"Feature","geometry":{"type":"Point","coordinates":[-79.09869,-3.42036]},"properties":{"t":"2026-09-26T20:49:00Z","sensor":"MODIS","confianza":"95","frp_MW":71.43,"dia_noche":"D","ec":true}},{"type":"Feature","geometry":{"type":"Point","coordinates":[-79.08898,-3.40925]},"properties":{"t":"2026-09-26T20:49:00Z","sensor":"MODIS","confianza":"100","frp_MW":111.01,"dia_noche":"D","ec":true}},{"type":"Feature","geometry":{"type":"Point","coordinates":[-79.09998,-3.41087]},"properties":{"t":"2026-09-26T20:49:00Z","sensor":"MODIS","confianza":"93","frp_MW":58.79,"dia_noche":"D","ec":true}},{"type":"Feature","geometry":{"type":"Point","coordinates":[-79.11128,-3.41253]},"properties":{"t":"2026-09-26T20:49:00Z","sensor":"MODIS","confianza":"84","frp_MW":26.1,"dia_noche":"D","ec":true}},{"type":"Feature","geometry":{"type":"Point","coordinates":[-78.33916,-2.00557]},"properties":{"t":"2026-09-26T20:49:00Z","sensor":"MODIS","confianza":"100","frp_MW":153.61,"dia_noche":"D","ec":true}},{"type":"Feature","geometry":{"type":"Point","coordinates":[-78.34888,-2.00701]},"properties":{"t":"2026-09-26T20:49:00Z","sensor":"MODIS","confianza":"75","frp_MW":111.84,"dia_noche":"D","ec":true}},{"type":"Feature","geometry":{"type":"Point","coordinates":[-78.75201,-1.30881]},"properties":{"t":"2026-09-26T20:49:00Z","sensor":"MODIS","confianza":"76","frp_MW":16.69,"dia_noche":"D","ec":true}},{"type":"Feature","geometry":{"type":"Point","coordinates":[-80.06029,0.02522]},"properties":{"t":"2026-09-26T20:51:00Z","sensor":"MODIS","confianza":"58","frp_MW":8.83,"dia_noche":"D","ec":true}},{"type":"Feature","geometry":{"type":"Point","coordinates":[-80.05555,0.02918]},"properties":{"t":"2026-09-26T20:51:00Z","sensor":"MODIS","confianza":"39","frp_MW":5.94,"dia_noche":"D","ec":true}},{"type":"Feature","geometry":{"type":"Point","coordinates":[-75.88908,0.75726]},"properties":{"t":"2026-09-26T20:51:00Z","sensor":"MODIS","confianza":"63","frp_MW":5.33,"dia_noche":"D","ec":false}},{"type":"Feature","geometry":{"type":"Point","coordinates":[-76.03594,0.81843]},"properties":{"t":"2026-09-26T20:51:00Z","sensor":"MODIS","confianza":"65","frp_MW":5.44,"dia_noche":"D","ec":false}},{"type":"Feature","geometry":{"type":"Point","coordinates":[-76.53557,0.99357]},"properties":{"t":"2026-09-26T20:51:00Z","sensor":"MODIS","confianza":"59","frp_MW":5.58,"dia_noche":"D","ec":false}},{"type":"Feature","geometry":{"type":"Point","coordinates":[-77.6744,-0.07298]},"properties":{"t":"2026-09-27T05:48:00Z","sensor":"VIIRS NOAA-20","confianza":"nominal","frp_MW":3.62,"dia_noche":"N","ec":true}},{"type":"Feature","geometry":{"type":"Point","coordinates":[-78.39394,-1.99591]},"properties":{"t":"2026-09-27T05:48:00Z","sensor":"VIIRS NOAA-20","confianza":"nominal","frp_MW":4.08,"dia_noche":"N","ec":true}},{"type":"Feature","geometry":{"type":"Point","coordinates":[-78.39635,-1.99119]},"properties":{"t":"2026-09-27T05:48:00Z","sensor":"VIIRS NOAA-20","confianza":"nominal","frp_MW":1.93,"dia_noche":"N","ec":true}},{"type":"Feature","geometry":{"type":"Point","coordinates":[-78.39575,-1.99866]},"properties":{"t":"2026-09-27T05:48:00Z","sensor":"VIIRS NOAA-20","confianza":"nominal","frp_MW":2.65,"dia_noche":"N","ec":true}},{"type":"Feature","geometry":{"type":"Point","coordinates":[-77.07774,1.52624]},"properties":{"t":"2026-09-27T06:31:00Z","sensor":"VIIRS NOAA-21","confianza":"nominal","frp_MW":0.52,"dia_noche":"N","ec":false}},{"type":"Feature","geometry":{"type":"Point","coordinates":[-76.64951,-0.15354]},"properties":{"t":"2026-09-27T06:31:00Z","sensor":"VIIRS NOAA-21","confianza":"nominal","frp_MW":1.74,"dia_noche":"N","ec":true}},{"type":"Feature","geometry":{"type":"Point","coordinates":[-76.65349,-0.19758]},"properties":{"t":"2026-09-27T06:31:00Z","sensor":"VIIRS NOAA-21","confianza":"nominal","frp_MW":0.95,"dia_noche":"N","ec":true}},{"type":"Feature","geometry":{"type":"Point","coordinates":[-77.65904,-0.07444]},"properties":{"t":"2026-09-27T06:31:00Z","sensor":"VIIRS NOAA-21","confianza":"nominal","frp_MW":0.74,"dia_noche":"N","ec":true}},{"type":"Feature","geometry":{"type":"Point","coordinates":[-77.6595,-0.07775]},"properties":{"t":"2026-09-27T06:31:00Z","sensor":"VIIRS NOAA-21","confianza":"nominal","frp_MW":17.68,"dia_noche":"N","ec":true}},{"type":"Feature","geometry":{"type":"Point","coordinates":[-77.66003,-0.08106]},"properties":{"t":"2026-09-27T06:31:00Z","sensor":"VIIRS NOAA-21","confianza":"nominal","frp_MW":17.68,"dia_noche":"N","ec":true}},{"type":"Feature","geometry":{"type":"Point","coordinates":[-77.65663,-0.08159]},"properties":{"t":"2026-09-27T06:31:00Z","sensor":"VIIRS NOAA-21","confianza":"nominal","frp_MW":6.87,"dia_noche":"N","ec":true}},{"type":"Feature","geometry":{"type":"Point","coordinates":[-77.65328,-0.08211]},"properties":{"t":"2026-09-27T06:31:00Z","sensor":"VIIRS NOAA-21","confianza":"nominal","frp_MW":6.87,"dia_noche":"N","ec":true}},{"type":"Feature","geometry":{"type":"Point","coordinates":[-76.65424,-0.24812]},"properties":{"t":"2026-09-27T06:31:00Z","sensor":"VIIRS NOAA-21","confianza":"nominal","frp_MW":0.58,"dia_noche":"N","ec":true}},{"type":"Feature","geometry":{"type":"Point","coordinates":[-77.0005,-0.2659]},"properties":{"t":"2026-09-27T06:31:00Z","sensor":"VIIRS NOAA-21","confianza":"nominal","frp_MW":2.08,"dia_noche":"N","ec":true}},{"type":"Feature","geometry":{"type":"Point","coordinates":[-77.00252,-0.27909]},"properties":{"t":"2026-09-27T06:31:00Z","sensor":"VIIRS NOAA-21","confianza":"nominal","frp_MW":0.73,"dia_noche":"N","ec":true}},{"type":"Feature","geometry":{"type":"Point","coordinates":[-76.85639,-0.30864]},"properties":{"t":"2026-09-27T06:31:00Z","sensor":"VIIRS NOAA-21","confianza":"nominal","frp_MW":0.45,"dia_noche":"N","ec":true}},{"type":"Feature","geometry":{"type":"Point","coordinates":[-76.80657,-0.32655]},"properties":{"t":"2026-09-27T06:31:00Z","sensor":"VIIRS NOAA-21","confianza":"nominal","frp_MW":0.57,"dia_noche":"N","ec":true}},{"type":"Feature","geometry":{"type":"Point","coordinates":[-76.88098,-0.33182]},"properties":{"t":"2026-09-27T06:31:00Z","sensor":"VIIRS NOAA-21","confianza":"nominal","frp_MW":1.01,"dia_noche":"N","ec":true}},{"type":"Feature","geometry":{"type":"Point","coordinates":[-76.84238,-0.37577]},"properties":{"t":"2026-09-27T06:31:00Z","sensor":"VIIRS NOAA-21","confianza":"nominal","frp_MW":0.54,"dia_noche":"N","ec":true}},{"type":"Feature","geometry":{"type":"Point","coordinates":[-76.88053,-0.37319]},"properties":{"t":"2026-09-27T06:31:00Z","sensor":"VIIRS NOAA-21","confianza":"nominal","frp_MW":0.69,"dia_noche":"N","ec":true}},{"type":"Feature","geometry":{"type":"Point","coordinates":[-76.81259,-0.38717]},"properties":{"t":"2026-09-27T06:31:00Z","sensor":"VIIRS NOAA-21","confianza":"nominal","frp_MW":1.18,"dia_noche":"N","ec":true}},{"type":"Feature","geometry":{"type":"Point","coordinates":[-76.85987,-0.44395]},"properties":{"t":"2026-09-27T06:31:00Z","sensor":"VIIRS NOAA-21","confianza":"nominal","frp_MW":0.56,"dia_noche":"N","ec":true}},{"type":"Feature","geometry":{"type":"Point","coordinates":[-78.86817,-0.95989]},"properties":{"t":"2026-09-27T06:31:00Z","sensor":"VIIRS NOAA-21","confianza":"nominal","frp_MW":1.27,"dia_noche":"N","ec":true}},{"type":"Feature","geometry":{"type":"Point","coordinates":[-78.91515,-1.21543]},"properties":{"t":"2026-09-27T06:31:00Z","sensor":"VIIRS NOAA-21","confianza":"nominal","frp_MW":1.12,"dia_noche":"N","ec":true}},{"type":"Feature","geometry":{"type":"Point","coordinates":[-78.00761,-1.44899]},"properties":{"t":"2026-09-27T06:31:00Z","sensor":"VIIRS NOAA-21","confianza":"nominal","frp_MW":0.93,"dia_noche":"N","ec":true}},{"type":"Feature","geometry":{"type":"Point","coordinates":[-78.72014,-1.68126]},"properties":{"t":"2026-09-27T06:31:00Z","sensor":"VIIRS NOAA-21","confianza":"nominal","frp_MW":15.89,"dia_noche":"N","ec":true}},{"type":"Feature","geometry":{"type":"Point","coordinates":[-78.58694,-1.83499]},"properties":{"t":"2026-09-27T06:31:00Z","sensor":"VIIRS NOAA-21","confianza":"nominal","frp_MW":3.71,"dia_noche":"N","ec":true}},{"type":"Feature","geometry":{"type":"Point","coordinates":[-76.64841,-0.15197]},"properties":{"t":"2026-09-27T07:07:00Z","sensor":"VIIRS Suomi NPP","confianza":"nominal","frp_MW":2.34,"dia_noche":"N","ec":true}},{"type":"Feature","geometry":{"type":"Point","coordinates":[-76.65086,-0.15142]},"properties":{"t":"2026-09-27T07:07:00Z","sensor":"VIIRS Suomi NPP","confianza":"nominal","frp_MW":2.27,"dia_noche":"N","ec":true}},{"type":"Feature","geometry":{"type":"Point","coordinates":[-76.65352,-0.19607]},"properties":{"t":"2026-09-27T07:07:00Z","sensor":"VIIRS Suomi NPP","confianza":"nominal","frp_MW":1.24,"dia_noche":"N","ec":true}},{"type":"Feature","geometry":{"type":"Point","coordinates":[-77.65818,-0.08007]},"properties":{"t":"2026-09-27T07:07:00Z","sensor":"VIIRS Suomi NPP","confianza":"nominal","frp_MW":27.14,"dia_noche":"N","ec":true}},{"type":"Feature","geometry":{"type":"Point","coordinates":[-77.65369,-0.08079]},"properties":{"t":"2026-09-27T07:07:00Z","sensor":"VIIRS Suomi NPP","confianza":"nominal","frp_MW":27.14,"dia_noche":"N","ec":true}},{"type":"Feature","geometry":{"type":"Point","coordinates":[-76.65689,-0.24513]},"properties":{"t":"2026-09-27T07:07:00Z","sensor":"VIIRS Suomi NPP","confianza":"nominal","frp_MW":1.18,"dia_noche":"N","ec":true}},{"type":"Feature","geometry":{"type":"Point","coordinates":[-78.09107,-0.03104]},"properties":{"t":"2026-09-27T07:07:00Z","sensor":"VIIRS Suomi NPP","confianza":"nominal","frp_MW":2.02,"dia_noche":"N","ec":true}},{"type":"Feature","geometry":{"type":"Point","coordinates":[-78.08739,-0.02933]},"properties":{"t":"2026-09-27T07:07:00Z","sensor":"VIIRS Suomi NPP","confianza":"nominal","frp_MW":2.82,"dia_noche":"N","ec":true}},{"type":"Feature","geometry":{"type":"Point","coordinates":[-76.88254,-0.32974]},"properties":{"t":"2026-09-27T07:07:00Z","sensor":"VIIRS Suomi NPP","confianza":"nominal","frp_MW":1.06,"dia_noche":"N","ec":true}},{"type":"Feature","geometry":{"type":"Point","coordinates":[-76.88118,-0.33122]},"properties":{"t":"2026-09-27T07:07:00Z","sensor":"VIIRS Suomi NPP","confianza":"nominal","frp_MW":0.95,"dia_noche":"N","ec":true}},{"type":"Feature","geometry":{"type":"Point","coordinates":[-78.71973,-1.68145]},"properties":{"t":"2026-09-27T07:09:00Z","sensor":"VIIRS Suomi NPP","confianza":"nominal","frp_MW":4.71,"dia_noche":"N","ec":true}},{"type":"Feature","geometry":{"type":"Point","coordinates":[-78.72491,-1.68065]},"properties":{"t":"2026-09-27T07:09:00Z","sensor":"VIIRS Suomi NPP","confianza":"nominal","frp_MW":2.86,"dia_noche":"N","ec":true}},{"type":"Feature","geometry":{"type":"Point","coordinates":[-76.65509,-0.151]},"properties":{"t":"2026-09-27T07:29:00Z","sensor":"VIIRS NOAA-20","confianza":"nominal","frp_MW":1.13,"dia_noche":"N","ec":true}},{"type":"Feature","geometry":{"type":"Point","coordinates":[-76.64906,-0.15199]},"properties":{"t":"2026-09-27T07:29:00Z","sensor":"VIIRS NOAA-20","confianza":"nominal","frp_MW":1.13,"dia_noche":"N","ec":true}},{"type":"Feature","geometry":{"type":"Point","coordinates":[-77.65839,-0.07912]},"properties":{"t":"2026-09-27T07:29:00Z","sensor":"VIIRS NOAA-20","confianza":"nominal","frp_MW":23.19,"dia_noche":"N","ec":true}},{"type":"Feature","geometry":{"type":"Point","coordinates":[-77.63725,-0.08259]},"properties":{"t":"2026-09-27T07:29:00Z","sensor":"VIIRS NOAA-20","confianza":"nominal","frp_MW":33.9,"dia_noche":"N","ec":true}},{"type":"Feature","geometry":{"type":"Point","coordinates":[-78.09184,-0.02715]},"properties":{"t":"2026-09-27T07:29:00Z","sensor":"VIIRS NOAA-20","confianza":"nominal","frp_MW":2.2,"dia_noche":"N","ec":true}},{"type":"Feature","geometry":{"type":"Point","coordinates":[-77.63699,-0.07888]},"properties":{"t":"2026-09-27T07:29:00Z","sensor":"VIIRS NOAA-20","confianza":"nominal","frp_MW":6.79,"dia_noche":"N","ec":true}},{"type":"Feature","geometry":{"type":"Point","coordinates":[-77.6387,-0.08511]},"properties":{"t":"2026-09-27T07:29:00Z","sensor":"VIIRS NOAA-20","confianza":"high","frp_MW":34.45,"dia_noche":"N","ec":true}},{"type":"Feature","geometry":{"type":"Point","coordinates":[-77.00443,-0.26561]},"properties":{"t":"2026-09-27T07:29:00Z","sensor":"VIIRS NOAA-20","confianza":"nominal","frp_MW":2.66,"dia_noche":"N","ec":true}},{"type":"Feature","geometry":{"type":"Point","coordinates":[-76.99874,-0.26653]},"properties":{"t":"2026-09-27T07:29:00Z","sensor":"VIIRS NOAA-20","confianza":"nominal","frp_MW":2.62,"dia_noche":"N","ec":true}},{"type":"Feature","geometry":{"type":"Point","coordinates":[-76.99935,-0.26404]},"properties":{"t":"2026-09-27T07:29:00Z","sensor":"VIIRS NOAA-20","confianza":"nominal","frp_MW":4.17,"dia_noche":"N","ec":true}},{"type":"Feature","geometry":{"type":"Point","coordinates":[-78.72811,-0.79279]},"properties":{"t":"2026-09-27T18:09:00Z","sensor":"VIIRS Suomi NPP","confianza":"nominal","frp_MW":11.36,"dia_noche":"D","ec":true}},{"type":"Feature","geometry":{"type":"Point","coordinates":[-78.72697,-0.79203]},"properties":{"t":"2026-09-27T18:09:00Z","sensor":"VIIRS Suomi NPP","confianza":"high","frp_MW":14.0,"dia_noche":"D","ec":true}},{"type":"Feature","geometry":{"type":"Point","coordinates":[-78.12252,-0.09275]},"properties":{"t":"2026-09-27T18:11:00Z","sensor":"VIIRS Suomi NPP","confianza":"high","frp_MW":15.69,"dia_noche":"D","ec":true}},{"type":"Feature","geometry":{"type":"Point","coordinates":[-77.1489,-3.8453]},"properties":{"t":"2026-09-27T18:28:00Z","sensor":"VIIRS NOAA-20","confianza":"nominal","frp_MW":7.33,"dia_noche":"D","ec":false}},{"type":"Feature","geometry":{"type":"Point","coordinates":[-79.6372,-1.04353]},"properties":{"t":"2026-09-27T18:28:00Z","sensor":"VIIRS NOAA-20","confianza":"nominal","frp_MW":8.29,"dia_noche":"D","ec":true}},{"type":"Feature","geometry":{"type":"Point","coordinates":[-78.23948,0.53783]},"properties":{"t":"2026-09-27T18:28:00Z","sensor":"VIIRS NOAA-20","confianza":"nominal","frp_MW":7.06,"dia_noche":"D","ec":true}},{"type":"Feature","geometry":{"type":"Point","coordinates":[-80.5874,-4.8133]},"properties":{"t":"2026-09-27T19:13:00Z","sensor":"VIIRS NOAA-21","confianza":"nominal","frp_MW":3.37,"dia_noche":"D","ec":false}},{"type":"Feature","geometry":{"type":"Point","coordinates":[-80.59109,-4.81391]},"properties":{"t":"2026-09-27T19:13:00Z","sensor":"VIIRS NOAA-21","confianza":"nominal","frp_MW":2.23,"dia_noche":"D","ec":false}},{"type":"Feature","geometry":{"type":"Point","coordinates":[-80.58746,-4.8146]},"properties":{"t":"2026-09-27T19:13:00Z","sensor":"VIIRS NOAA-21","confianza":"nominal","frp_MW":4.39,"dia_noche":"D","ec":false}},{"type":"Feature","geometry":{"type":"Point","coordinates":[-77.14844,-3.84475]},"properties":{"t":"2026-09-27T19:13:00Z","sensor":"VIIRS NOAA-21","confianza":"nominal","frp_MW":3.91,"dia_noche":"D","ec":false}},{"type":"Feature","geometry":{"type":"Point","coordinates":[-77.12799,1.93912]},"properties":{"t":"2026-09-27T19:15:00Z","sensor":"VIIRS NOAA-21","confianza":"nominal","frp_MW":6.39,"dia_noche":"D","ec":false}},{"type":"Feature","geometry":{"type":"Point","coordinates":[-77.66138,-0.08583]},"properties":{"t":"2026-09-28T01:39:00Z","sensor":"MODIS","confianza":"51","frp_MW":10.18,"dia_noche":"N","ec":true}},{"type":"Feature","geometry":{"type":"Point","coordinates":[-77.66236,-0.07642]},"properties":{"t":"2026-09-28T01:39:00Z","sensor":"MODIS","confianza":"71","frp_MW":13.63,"dia_noche":"N","ec":true}},{"type":"Feature","geometry":{"type":"Point","coordinates":[-78.34297,-2.00117]},"properties":{"t":"2026-09-28T01:39:00Z","sensor":"MODIS","confianza":"56","frp_MW":17.74,"dia_noche":"N","ec":true}},{"type":"Feature","geometry":{"type":"Point","coordinates":[-78.33212,-0.26954]},"properties":{"t":"2026-09-28T13:59:00Z","sensor":"MODIS","confianza":"36","frp_MW":7.18,"dia_noche":"D","ec":true}},{"type":"Feature","geometry":{"type":"Point","coordinates":[-78.44801,-0.3548]},"properties":{"t":"2026-09-28T13:59:00Z","sensor":"MODIS","confianza":"33","frp_MW":5.37,"dia_noche":"D","ec":true}},{"type":"Feature","geometry":{"type":"Point","coordinates":[-76.25941,-5.26595]},"properties":{"t":"2026-09-28T18:09:00Z","sensor":"VIIRS NOAA-20","confianza":"nominal","frp_MW":6.08,"dia_noche":"D","ec":false}},{"type":"Feature","geometry":{"type":"Point","coordinates":[-77.84508,-4.67393]},"properties":{"t":"2026-09-28T18:09:00Z","sensor":"VIIRS NOAA-20","confianza":"nominal","frp_MW":2.99,"dia_noche":"D","ec":false}},{"type":"Feature","geometry":{"type":"Point","coordinates":[-77.84851,-4.67442]},"properties":{"t":"2026-09-28T18:09:00Z","sensor":"VIIRS NOAA-20","confianza":"nominal","frp_MW":2.99,"dia_noche":"D","ec":false}},{"type":"Feature","geometry":{"type":"Point","coordinates":[-79.51266,-4.80929]},"properties":{"t":"2026-09-28T18:09:00Z","sensor":"VIIRS NOAA-20","confianza":"nominal","frp_MW":2.69,"dia_noche":"D","ec":false}},{"type":"Feature","geometry":{"type":"Point","coordinates":[-79.52071,-4.79811]},"properties":{"t":"2026-09-28T18:09:00Z","sensor":"VIIRS NOAA-20","confianza":"nominal","frp_MW":10.4,"dia_noche":"D","ec":false}},{"type":"Feature","geometry":{"type":"Point","coordinates":[-77.68116,-4.45264]},"properties":{"t":"2026-09-28T18:09:00Z","sensor":"VIIRS NOAA-20","confianza":"nominal","frp_MW":3.88,"dia_noche":"D","ec":false}},{"type":"Feature","geometry":{"type":"Point","coordinates":[-79.64544,-4.72794]},"properties":{"t":"2026-09-28T18:09:00Z","sensor":"VIIRS NOAA-20","confianza":"nominal","frp_MW":4.01,"dia_noche":"D","ec":false}},{"type":"Feature","geometry":{"type":"Point","coordinates":[-79.42474,-4.60825]},"properties":{"t":"2026-09-28T18:09:00Z","sensor":"VIIRS NOAA-20","confianza":"nominal","frp_MW":39.55,"dia_noche":"D","ec":true}},{"type":"Feature","geometry":{"type":"Point","coordinates":[-79.55885,-4.5967]},"properties":{"t":"2026-09-28T18:09:00Z","sensor":"VIIRS NOAA-20","confianza":"nominal","frp_MW":4.27,"dia_noche":"D","ec":false}},{"type":"Feature","geometry":{"type":"Point","coordinates":[-79.4584,-4.51892]},"properties":{"t":"2026-09-28T18:09:00Z","sensor":"VIIRS NOAA-20","confianza":"nominal","frp_MW":5.15,"dia_noche":"D","ec":true}},{"type":"Feature","geometry":{"type":"Point","coordinates":[-76.63432,-2.61905]},"properties":{"t":"2026-09-28T18:09:00Z","sensor":"VIIRS NOAA-20","confianza":"low","frp_MW":6.83,"dia_noche":"D","ec":false}},{"type":"Feature","geometry":{"type":"Point","coordinates":[-78.53509,-1.57771]},"properties":{"t":"2026-09-28T18:11:00Z","sensor":"VIIRS NOAA-20","confianza":"nominal","frp_MW":5.07,"dia_noche":"D","ec":true}},{"type":"Feature","geometry":{"type":"Point","coordinates":[-78.53861,-1.57825]},"properties":{"t":"2026-09-28T18:11:00Z","sensor":"VIIRS NOAA-20","confianza":"nominal","frp_MW":5.07,"dia_noche":"D","ec":true}},{"type":"Feature","geometry":{"type":"Point","coordinates":[-80.5414,-1.25596]},"properties":{"t":"2026-09-28T18:11:00Z","sensor":"VIIRS NOAA-20","confianza":"nominal","frp_MW":5.11,"dia_noche":"D","ec":true}},{"type":"Feature","geometry":{"type":"Point","coordinates":[-78.02679,0.32831]},"properties":{"t":"2026-09-28T18:11:00Z","sensor":"VIIRS NOAA-20","confianza":"nominal","frp_MW":5.32,"dia_noche":"D","ec":true}},{"type":"Feature","geometry":{"type":"Point","coordinates":[-77.84459,0.46968]},"properties":{"t":"2026-09-28T18:11:00Z","sensor":"VIIRS NOAA-20","confianza":"nominal","frp_MW":2.3,"dia_noche":"D","ec":true}},{"type":"Feature","geometry":{"type":"Point","coordinates":[-78.23593,0.5001]},"properties":{"t":"2026-09-28T18:11:00Z","sensor":"VIIRS NOAA-20","confianza":"nominal","frp_MW":6.12,"dia_noche":"D","ec":true}},{"type":"Feature","geometry":{"type":"Point","coordinates":[-75.60143,1.60963]},"properties":{"t":"2026-09-28T18:11:00Z","sensor":"VIIRS NOAA-20","confianza":"low","frp_MW":5.96,"dia_noche":"D","ec":false}},{"type":"Feature","geometry":{"type":"Point","coordinates":[-77.41512,1.51315]},"properties":{"t":"2026-09-28T18:11:00Z","sensor":"VIIRS NOAA-20","confianza":"nominal","frp_MW":3.37,"dia_noche":"D","ec":false}},{"type":"Feature","geometry":{"type":"Point","coordinates":[-77.36375,1.65336]},"properties":{"t":"2026-09-28T18:11:00Z","sensor":"VIIRS NOAA-20","confianza":"nominal","frp_MW":4.38,"dia_noche":"D","ec":false}},{"type":"Feature","geometry":{"type":"Point","coordinates":[-78.31696,-4.87785]},"properties":{"t":"2026-09-28T18:51:00Z","sensor":"VIIRS NOAA-21","confianza":"nominal","frp_MW":3.46,"dia_noche":"D","ec":false}},{"type":"Feature","geometry":{"type":"Point","coordinates":[-75.34933,-4.35447]},"properties":{"t":"2026-09-28T18:51:00Z","sensor":"VIIRS NOAA-21","confianza":"nominal","frp_MW":5.62,"dia_noche":"D","ec":false}},{"type":"Feature","geometry":{"type":"Point","coordinates":[-79.61388,-4.94983]},"properties":{"t":"2026-09-28T18:51:00Z","sensor":"VIIRS NOAA-21","confianza":"nominal","frp_MW":30.2,"dia_noche":"D","ec":false}},{"type":"Feature","geometry":{"type":"Point","coordinates":[-79.61765,-4.95041]},"properties":{"t":"2026-09-28T18:51:00Z","sensor":"VIIRS NOAA-21","confianza":"nominal","frp_MW":12.72,"dia_noche":"D","ec":false}},{"type":"Feature","geometry":{"type":"Point","coordinates":[-79.6214,-4.95099]},"properties":{"t":"2026-09-28T18:51:00Z","sensor":"VIIRS NOAA-21","confianza":"nominal","frp_MW":12.72,"dia_noche":"D","ec":false}},{"type":"Feature","geometry":{"type":"Point","coordinates":[-79.61815,-4.94704]},"properties":{"t":"2026-09-28T18:51:00Z","sensor":"VIIRS NOAA-21","confianza":"low","frp_MW":12.72,"dia_noche":"D","ec":false}},{"type":"Feature","geometry":{"type":"Point","coordinates":[-79.62185,-4.94761]},"properties":{"t":"2026-09-28T18:51:00Z","sensor":"VIIRS NOAA-21","confianza":"nominal","frp_MW":12.72,"dia_noche":"D","ec":false}},{"type":"Feature","geometry":{"type":"Point","coordinates":[-79.5231,-4.84416]},"properties":{"t":"2026-09-28T18:51:00Z","sensor":"VIIRS NOAA-21","confianza":"low","frp_MW":91.21,"dia_noche":"D","ec":false}},{"type":"Feature","geometry":{"type":"Point","coordinates":[-79.52663,-4.8447]},"properties":{"t":"2026-09-28T18:51:00Z","sensor":"VIIRS NOAA-21","confianza":"low","frp_MW":91.21,"dia_noche":"D","ec":false}},{"type":"Feature","geometry":{"type":"Point","coordinates":[-79.49887,-4.79534]},"properties":{"t":"2026-09-28T18:51:00Z","sensor":"VIIRS NOAA-21","confianza":"nominal","frp_MW":21.38,"dia_noche":"D","ec":false}},{"type":"Feature","geometry":{"type":"Point","coordinates":[-80.5408,-4.83779]},"properties":{"t":"2026-09-28T18:51:00Z","sensor":"VIIRS NOAA-21","confianza":"nominal","frp_MW":7.16,"dia_noche":"D","ec":false}},{"type":"Feature","geometry":{"type":"Point","coordinates":[-79.56961,-4.64762]},"properties":{"t":"2026-09-28T18:51:00Z","sensor":"VIIRS NOAA-21","confianza":"low","frp_MW":2.69,"dia_noche":"D","ec":false}},{"type":"Feature","geometry":{"type":"Point","coordinates":[-79.42589,-4.6046]},"properties":{"t":"2026-09-28T18:51:00Z","sensor":"VIIRS NOAA-21","confianza":"nominal","frp_MW":11.16,"dia_noche":"D","ec":true}},{"type":"Feature","geometry":{"type":"Point","coordinates":[-79.50287,-4.56442]},"properties":{"t":"2026-09-28T18:51:00Z","sensor":"VIIRS NOAA-21","confianza":"nominal","frp_MW":8.99,"dia_noche":"D","ec":false}},{"type":"Feature","geometry":{"type":"Point","coordinates":[-79.50932,-4.54354]},"properties":{"t":"2026-09-28T18:51:00Z","sensor":"VIIRS NOAA-21","confianza":"nominal","frp_MW":5.21,"dia_noche":"D","ec":false}},{"type":"Feature","geometry":{"type":"Point","coordinates":[-79.46109,-4.51525]},"properties":{"t":"2026-09-28T18:51:00Z","sensor":"VIIRS NOAA-21","confianza":"nominal","frp_MW":5.18,"dia_noche":"D","ec":true}},{"type":"Feature","geometry":{"type":"Point","coordinates":[-79.46461,-4.5158]},"properties":{"t":"2026-09-28T18:51:00Z","sensor":"VIIRS NOAA-21","confianza":"low","frp_MW":5.18,"dia_noche":"D","ec":true}},{"type":"Feature","geometry":{"type":"Point","coordinates":[-79.97464,-4.43747]},"properties":{"t":"2026-09-28T18:51:00Z","sensor":"VIIRS NOAA-21","confianza":"nominal","frp_MW":5.16,"dia_noche":"D","ec":false}},{"type":"Feature","geometry":{"type":"Point","coordinates":[-79.50613,-4.33243]},"properties":{"t":"2026-09-28T18:51:00Z","sensor":"VIIRS NOAA-21","confianza":"nominal","frp_MW":4.79,"dia_noche":"D","ec":true}},{"type":"Feature","geometry":{"type":"Point","coordinates":[-79.50989,-4.33301]},"properties":{"t":"2026-09-28T18:51:00Z","sensor":"VIIRS NOAA-21","confianza":"nominal","frp_MW":4.79,"dia_noche":"D","ec":true}},{"type":"Feature","geometry":{"type":"Point","coordinates":[-79.50661,-4.32903]},"properties":{"t":"2026-09-28T18:51:00Z","sensor":"VIIRS NOAA-21","confianza":"nominal","frp_MW":3.14,"dia_noche":"D","ec":true}},{"type":"Feature","geometry":{"type":"Point","coordinates":[-79.2956,-4.21949]},"properties":{"t":"2026-09-28T18:51:00Z","sensor":"VIIRS NOAA-21","confianza":"nominal","frp_MW":5.03,"dia_noche":"D","ec":true}},{"type":"Feature","geometry":{"type":"Point","coordinates":[-79.75342,-4.00254]},"properties":{"t":"2026-09-28T18:51:00Z","sensor":"VIIRS NOAA-21","confianza":"nominal","frp_MW":2.74,"dia_noche":"D","ec":true}},{"type":"Feature","geometry":{"type":"Point","coordinates":[-79.54344,-3.88579]},"properties":{"t":"2026-09-28T18:51:00Z","sensor":"VIIRS NOAA-21","confianza":"nominal","frp_MW":11.17,"dia_noche":"D","ec":true}},{"type":"Feature","geometry":{"type":"Point","coordinates":[-76.36012,-3.29171]},"properties":{"t":"2026-09-28T18:51:00Z","sensor":"VIIRS NOAA-21","confianza":"nominal","frp_MW":13.17,"dia_noche":"D","ec":false}},{"type":"Feature","geometry":{"type":"Point","coordinates":[-80.19631,-3.5979]},"properties":{"t":"2026-09-28T18:53:00Z","sensor":"VIIRS NOAA-21","confianza":"nominal","frp_MW":3.1,"dia_noche":"D","ec":false}},{"type":"Feature","geometry":{"type":"Point","coordinates":[-80.05993,-3.48874]},"properties":{"t":"2026-09-28T18:53:00Z","sensor":"VIIRS NOAA-21","confianza":"nominal","frp_MW":4.77,"dia_noche":"D","ec":true}},{"type":"Feature","geometry":{"type":"Point","coordinates":[-80.08043,-3.47467]},"properties":{"t":"2026-09-28T18:53:00Z","sensor":"VIIRS NOAA-21","confianza":"nominal","frp_MW":9.97,"dia_noche":"D","ec":true}},{"type":"Feature","geometry":{"type":"Point","coordinates":[-76.49516,-2.79576]},"properties":{"t":"2026-09-28T18:53:00Z","sensor":"VIIRS NOAA-21","confianza":"low","frp_MW":8.17,"dia_noche":"D","ec":false}},{"type":"Feature","geometry":{"type":"Point","coordinates":[-78.59734,-1.86655]},"properties":{"t":"2026-09-28T18:53:00Z","sensor":"VIIRS NOAA-21","confianza":"nominal","frp_MW":10.56,"dia_noche":"D","ec":true}},{"type":"Feature","geometry":{"type":"Point","coordinates":[-78.64,-1.86575]},"properties":{"t":"2026-09-28T18:53:00Z","sensor":"VIIRS NOAA-21","confianza":"nominal","frp_MW":24.42,"dia_noche":"D","ec":true}},{"type":"Feature","geometry":{"type":"Point","coordinates":[-78.6446,-1.86646]},"properties":{"t":"2026-09-28T18:53:00Z","sensor":"VIIRS NOAA-21","confianza":"low","frp_MW":24.42,"dia_noche":"D","ec":true}},{"type":"Feature","geometry":{"type":"Point","coordinates":[-78.53642,-1.79682]},"properties":{"t":"2026-09-28T18:53:00Z","sensor":"VIIRS NOAA-21","confianza":"nominal","frp_MW":10.06,"dia_noche":"D","ec":true}},{"type":"Feature","geometry":{"type":"Point","coordinates":[-80.41529,-1.2935]},"properties":{"t":"2026-09-28T18:53:00Z","sensor":"VIIRS NOAA-21","confianza":"nominal","frp_MW":3.39,"dia_noche":"D","ec":true}},{"type":"Feature","geometry":{"type":"Point","coordinates":[-79.35087,-0.93199]},"properties":{"t":"2026-09-28T18:53:00Z","sensor":"VIIRS NOAA-21","confianza":"nominal","frp_MW":5.86,"dia_noche":"D","ec":true}},{"type":"Feature","geometry":{"type":"Point","coordinates":[-80.62804,-1.10841]},"properties":{"t":"2026-09-28T18:53:00Z","sensor":"VIIRS NOAA-21","confianza":"nominal","frp_MW":5.76,"dia_noche":"D","ec":true}},{"type":"Feature","geometry":{"type":"Point","coordinates":[-80.63162,-1.10896]},"properties":{"t":"2026-09-28T18:53:00Z","sensor":"VIIRS NOAA-21","confianza":"nominal","frp_MW":5.97,"dia_noche":"D","ec":true}},{"type":"Feature","geometry":{"type":"Point","coordinates":[-80.62856,-1.10505]},"properties":{"t":"2026-09-28T18:53:00Z","sensor":"VIIRS NOAA-21","confianza":"nominal","frp_MW":5.76,"dia_noche":"D","ec":true}},{"type":"Feature","geometry":{"type":"Point","coordinates":[-80.39796,-1.02138]},"properties":{"t":"2026-09-28T18:53:00Z","sensor":"VIIRS NOAA-21","confianza":"nominal","frp_MW":2.69,"dia_noche":"D","ec":true}},{"type":"Feature","geometry":{"type":"Point","coordinates":[-79.65001,-0.77782]},"properties":{"t":"2026-09-28T18:53:00Z","sensor":"VIIRS NOAA-21","confianza":"nominal","frp_MW":3.5,"dia_noche":"D","ec":true}},{"type":"Feature","geometry":{"type":"Point","coordinates":[-80.51575,-0.88073]},"properties":{"t":"2026-09-28T18:53:00Z","sensor":"VIIRS NOAA-21","confianza":"nominal","frp_MW":16.8,"dia_noche":"D","ec":true}},{"type":"Feature","geometry":{"type":"Point","coordinates":[-80.51937,-0.88128]},"properties":{"t":"2026-09-28T18:53:00Z","sensor":"VIIRS NOAA-21","confianza":"nominal","frp_MW":13.43,"dia_noche":"D","ec":true}},{"type":"Feature","geometry":{"type":"Point","coordinates":[-80.51989,-0.8779]},"properties":{"t":"2026-09-28T18:53:00Z","sensor":"VIIRS NOAA-21","confianza":"nominal","frp_MW":13.43,"dia_noche":"D","ec":true}},{"type":"Feature","geometry":{"type":"Point","coordinates":[-80.42086,-0.80039]},"properties":{"t":"2026-09-28T18:53:00Z","sensor":"VIIRS NOAA-21","confianza":"nominal","frp_MW":3.94,"dia_noche":"D","ec":true}},{"type":"Feature","geometry":{"type":"Point","coordinates":[-80.4157,-0.78572]},"properties":{"t":"2026-09-28T18:53:00Z","sensor":"VIIRS NOAA-21","confianza":"nominal","frp_MW":5.36,"dia_noche":"D","ec":true}},{"type":"Feature","geometry":{"type":"Point","coordinates":[-80.41603,-0.78467]},"properties":{"t":"2026-09-28T18:53:00Z","sensor":"VIIRS NOAA-21","confianza":"nominal","frp_MW":5.27,"dia_noche":"D","ec":true}},{"type":"Feature","geometry":{"type":"Point","coordinates":[-80.45206,-0.79012]},"properties":{"t":"2026-09-28T18:53:00Z","sensor":"VIIRS NOAA-21","confianza":"nominal","frp_MW":2.87,"dia_noche":"D","ec":true}},{"type":"Feature","geometry":{"type":"Point","coordinates":[-80.40675,-0.77285]},"properties":{"t":"2026-09-28T18:53:00Z","sensor":"VIIRS NOAA-21","confianza":"nominal","frp_MW":11.83,"dia_noche":"D","ec":true}},{"type":"Feature","geometry":{"type":"Point","coordinates":[-80.39234,-0.69424]},"properties":{"t":"2026-09-28T18:53:00Z","sensor":"VIIRS NOAA-21","confianza":"nominal","frp_MW":4.69,"dia_noche":"D","ec":true}},{"type":"Feature","geometry":{"type":"Point","coordinates":[-80.37744,-0.6666]},"properties":{"t":"2026-09-28T18:53:00Z","sensor":"VIIRS NOAA-21","confianza":"nominal","frp_MW":3.47,"dia_noche":"D","ec":true}},{"type":"Feature","geometry":{"type":"Point","coordinates":[-80.3427,-0.57775]},"properties":{"t":"2026-09-28T18:53:00Z","sensor":"VIIRS NOAA-21","confianza":"nominal","frp_MW":4.96,"dia_noche":"D","ec":true}},{"type":"Feature","geometry":{"type":"Point","coordinates":[-80.43065,-0.46517]},"properties":{"t":"2026-09-28T18:53:00Z","sensor":"VIIRS NOAA-21","confianza":"nominal","frp_MW":3.76,"dia_noche":"D","ec":true}},{"type":"Feature","geometry":{"type":"Point","coordinates":[-75.05255,0.43835]},"properties":{"t":"2026-09-28T18:53:00Z","sensor":"VIIRS NOAA-21","confianza":"nominal","frp_MW":11.56,"dia_noche":"D","ec":false}},{"type":"Feature","geometry":{"type":"Point","coordinates":[-80.32983,-0.23904]},"properties":{"t":"2026-09-28T18:53:00Z","sensor":"VIIRS NOAA-21","confianza":"nominal","frp_MW":8.5,"dia_noche":"D","ec":true}},{"type":"Feature","geometry":{"type":"Point","coordinates":[-77.89997,0.35122]},"properties":{"t":"2026-09-28T18:53:00Z","sensor":"VIIRS NOAA-21","confianza":"nominal","frp_MW":6.79,"dia_noche":"D","ec":true}},{"type":"Feature","geometry":{"type":"Point","coordinates":[-78.23712,0.49648]},"properties":{"t":"2026-09-28T18:53:00Z","sensor":"VIIRS NOAA-21","confianza":"nominal","frp_MW":130.55,"dia_noche":"D","ec":true}},{"type":"Feature","geometry":{"type":"Point","coordinates":[-78.2325,0.50499]},"properties":{"t":"2026-09-28T18:53:00Z","sensor":"VIIRS NOAA-21","confianza":"nominal","frp_MW":15.36,"dia_noche":"D","ec":true}},{"type":"Feature","geometry":{"type":"Point","coordinates":[-79.8893,0.27271]},"properties":{"t":"2026-09-28T18:53:00Z","sensor":"VIIRS NOAA-21","confianza":"nominal","frp_MW":5.56,"dia_noche":"D","ec":true}},{"type":"Feature","geometry":{"type":"Point","coordinates":[-79.89442,0.81861]},"properties":{"t":"2026-09-28T18:53:00Z","sensor":"VIIRS NOAA-21","confianza":"nominal","frp_MW":9.65,"dia_noche":"D","ec":true}},{"type":"Feature","geometry":{"type":"Point","coordinates":[-79.78876,0.86325]},"properties":{"t":"2026-09-28T18:53:00Z","sensor":"VIIRS NOAA-21","confianza":"nominal","frp_MW":7.49,"dia_noche":"D","ec":true}},{"type":"Feature","geometry":{"type":"Point","coordinates":[-77.4173,1.5109]},"properties":{"t":"2026-09-28T18:53:00Z","sensor":"VIIRS NOAA-21","confianza":"nominal","frp_MW":4.95,"dia_noche":"D","ec":false}},{"type":"Feature","geometry":{"type":"Point","coordinates":[-77.36832,1.65551]},"properties":{"t":"2026-09-28T18:53:00Z","sensor":"VIIRS NOAA-21","confianza":"nominal","frp_MW":6.53,"dia_noche":"D","ec":false}},{"type":"Feature","geometry":{"type":"Point","coordinates":[-77.2459,1.82012]},"properties":{"t":"2026-09-28T18:53:00Z","sensor":"VIIRS NOAA-21","confianza":"nominal","frp_MW":12.68,"dia_noche":"D","ec":false}},{"type":"Feature","geometry":{"type":"Point","coordinates":[-80.42099,-0.94939]},"properties":{"t":"2026-09-28T19:30:00Z","sensor":"VIIRS Suomi NPP","confianza":"nominal","frp_MW":6.58,"dia_noche":"D","ec":true}},{"type":"Feature","geometry":{"type":"Point","coordinates":[-80.32726,-0.90452]},"properties":{"t":"2026-09-28T19:30:00Z","sensor":"VIIRS Suomi NPP","confianza":"nominal","frp_MW":4.62,"dia_noche":"D","ec":true}},{"type":"Feature","geometry":{"type":"Point","coordinates":[-80.5182,-0.87991]},"properties":{"t":"2026-09-28T19:30:00Z","sensor":"VIIRS Suomi NPP","confianza":"nominal","frp_MW":8.81,"dia_noche":"D","ec":true}},{"type":"Feature","geometry":{"type":"Point","coordinates":[-80.51654,-0.87712]},"properties":{"t":"2026-09-28T19:30:00Z","sensor":"VIIRS Suomi NPP","confianza":"nominal","frp_MW":8.06,"dia_noche":"D","ec":true}},{"type":"Feature","geometry":{"type":"Point","coordinates":[-80.34457,-0.59568]},"properties":{"t":"2026-09-28T19:30:00Z","sensor":"VIIRS Suomi NPP","confianza":"nominal","frp_MW":12.55,"dia_noche":"D","ec":true}},{"type":"Feature","geometry":{"type":"Point","coordinates":[-80.31887,-0.33118]},"properties":{"t":"2026-09-28T19:30:00Z","sensor":"VIIRS Suomi NPP","confianza":"nominal","frp_MW":12.52,"dia_noche":"D","ec":true}},{"type":"Feature","geometry":{"type":"Point","coordinates":[-80.32894,-0.24051]},"properties":{"t":"2026-09-28T19:30:00Z","sensor":"VIIRS Suomi NPP","confianza":"nominal","frp_MW":5.34,"dia_noche":"D","ec":true}},{"type":"Feature","geometry":{"type":"Point","coordinates":[-80.0168,0.16696]},"properties":{"t":"2026-09-28T19:30:00Z","sensor":"VIIRS Suomi NPP","confianza":"nominal","frp_MW":4.9,"dia_noche":"D","ec":true}},{"type":"Feature","geometry":{"type":"Point","coordinates":[-77.85523,0.51913]},"properties":{"t":"2026-09-28T19:30:00Z","sensor":"VIIRS Suomi NPP","confianza":"nominal","frp_MW":6.82,"dia_noche":"D","ec":true}},{"type":"Feature","geometry":{"type":"Point","coordinates":[-80.01641,0.16954]},"properties":{"t":"2026-09-28T19:30:00Z","sensor":"VIIRS Suomi NPP","confianza":"nominal","frp_MW":2.28,"dia_noche":"D","ec":true}},{"type":"Feature","geometry":{"type":"Point","coordinates":[-80.01947,0.16907]},"properties":{"t":"2026-09-28T19:30:00Z","sensor":"VIIRS Suomi NPP","confianza":"nominal","frp_MW":2.28,"dia_noche":"D","ec":true}},{"type":"Feature","geometry":{"type":"Point","coordinates":[-77.85576,0.52241]},"properties":{"t":"2026-09-28T19:30:00Z","sensor":"VIIRS Suomi NPP","confianza":"high","frp_MW":8.65,"dia_noche":"D","ec":true}},{"type":"Feature","geometry":{"type":"Point","coordinates":[-79.95397,0.37548]},"properties":{"t":"2026-09-28T19:30:00Z","sensor":"VIIRS Suomi NPP","confianza":"nominal","frp_MW":5.77,"dia_noche":"D","ec":true}},{"type":"Feature","geometry":{"type":"Point","coordinates":[-79.52267,-4.84741]},"properties":{"t":"2026-09-28T19:30:00Z","sensor":"VIIRS Suomi NPP","confianza":"nominal","frp_MW":22.73,"dia_noche":"D","ec":false}},{"type":"Feature","geometry":{"type":"Point","coordinates":[-79.52701,-4.84814]},"properties":{"t":"2026-09-28T19:30:00Z","sensor":"VIIRS Suomi NPP","confianza":"nominal","frp_MW":22.73,"dia_noche":"D","ec":false}},{"type":"Feature","geometry":{"type":"Point","coordinates":[-79.52303,-4.84246]},"properties":{"t":"2026-09-28T19:30:00Z","sensor":"VIIRS Suomi NPP","confianza":"nominal","frp_MW":41.14,"dia_noche":"D","ec":false}},{"type":"Feature","geometry":{"type":"Point","coordinates":[-79.56393,-4.81438]},"properties":{"t":"2026-09-28T19:30:00Z","sensor":"VIIRS Suomi NPP","confianza":"nominal","frp_MW":18.55,"dia_noche":"D","ec":false}},{"type":"Feature","geometry":{"type":"Point","coordinates":[-79.56835,-4.81513]},"properties":{"t":"2026-09-28T19:30:00Z","sensor":"VIIRS Suomi NPP","confianza":"nominal","frp_MW":9.6,"dia_noche":"D","ec":false}},{"type":"Feature","geometry":{"type":"Point","coordinates":[-79.49519,-4.79764]},"properties":{"t":"2026-09-28T19:30:00Z","sensor":"VIIRS Suomi NPP","confianza":"nominal","frp_MW":19.05,"dia_noche":"D","ec":false}},{"type":"Feature","geometry":{"type":"Point","coordinates":[-79.50031,-4.79349]},"properties":{"t":"2026-09-28T19:30:00Z","sensor":"VIIRS Suomi NPP","confianza":"nominal","frp_MW":19.05,"dia_noche":"D","ec":false}},{"type":"Feature","geometry":{"type":"Point","coordinates":[-79.49845,-4.79618]},"properties":{"t":"2026-09-28T19:30:00Z","sensor":"VIIRS Suomi NPP","confianza":"high","frp_MW":34.21,"dia_noche":"D","ec":false}},{"type":"Feature","geometry":{"type":"Point","coordinates":[-79.50163,-4.56162]},"properties":{"t":"2026-09-28T19:30:00Z","sensor":"VIIRS Suomi NPP","confianza":"nominal","frp_MW":10.53,"dia_noche":"D","ec":false}},{"type":"Feature","geometry":{"type":"Point","coordinates":[-79.29282,-4.21983]},"properties":{"t":"2026-09-28T19:30:00Z","sensor":"VIIRS Suomi NPP","confianza":"low","frp_MW":5.92,"dia_noche":"D","ec":true}},{"type":"Feature","geometry":{"type":"Point","coordinates":[-79.298,-4.22072]},"properties":{"t":"2026-09-28T19:30:00Z","sensor":"VIIRS Suomi NPP","confianza":"nominal","frp_MW":9.71,"dia_noche":"D","ec":true}},{"type":"Feature","geometry":{"type":"Point","coordinates":[-79.29392,-4.22025]},"properties":{"t":"2026-09-28T19:30:00Z","sensor":"VIIRS Suomi NPP","confianza":"nominal","frp_MW":14.57,"dia_noche":"D","ec":true}},{"type":"Feature","geometry":{"type":"Point","coordinates":[-80.29382,-3.56715]},"properties":{"t":"2026-09-28T19:30:00Z","sensor":"VIIRS Suomi NPP","confianza":"nominal","frp_MW":7.68,"dia_noche":"D","ec":false}},{"type":"Feature","geometry":{"type":"Point","coordinates":[-80.05452,-3.52269]},"properties":{"t":"2026-09-28T19:30:00Z","sensor":"VIIRS Suomi NPP","confianza":"nominal","frp_MW":3.46,"dia_noche":"D","ec":true}},{"type":"Feature","geometry":{"type":"Point","coordinates":[-80.29452,-3.56242]},"properties":{"t":"2026-09-28T19:30:00Z","sensor":"VIIRS Suomi NPP","confianza":"nominal","frp_MW":7.76,"dia_noche":"D","ec":false}},{"type":"Feature","geometry":{"type":"Point","coordinates":[-75.16109,1.06418]},"properties":{"t":"2026-09-28T20:29:00Z","sensor":"MODIS","confianza":"65","frp_MW":11.23,"dia_noche":"D","ec":false}},{"type":"Feature","geometry":{"type":"Point","coordinates":[-78.3324,-2.00703]},"properties":{"t":"2026-09-29T02:19:00Z","sensor":"MODIS","confianza":"33","frp_MW":26.31,"dia_noche":"N","ec":true}},{"type":"Feature","geometry":{"type":"Point","coordinates":[-76.65038,-0.15092]},"properties":{"t":"2026-09-29T05:53:00Z","sensor":"VIIRS NOAA-21","confianza":"nominal","frp_MW":2.52,"dia_noche":"N","ec":true}},{"type":"Feature","geometry":{"type":"Point","coordinates":[-76.65096,-0.15264]},"properties":{"t":"2026-09-29T05:53:00Z","sensor":"VIIRS NOAA-21","confianza":"nominal","frp_MW":2.5,"dia_noche":"N","ec":true}},{"type":"Feature","geometry":{"type":"Point","coordinates":[-77.66082,-0.07374]},"properties":{"t":"2026-09-29T05:53:00Z","sensor":"VIIRS NOAA-21","confianza":"nominal","frp_MW":17.34,"dia_noche":"N","ec":true}},{"type":"Feature","geometry":{"type":"Point","coordinates":[-77.65778,-0.07421]},"properties":{"t":"2026-09-29T05:53:00Z","sensor":"VIIRS NOAA-21","confianza":"nominal","frp_MW":6.02,"dia_noche":"N","ec":true}},{"type":"Feature","geometry":{"type":"Point","coordinates":[-77.66478,-0.07906]},"properties":{"t":"2026-09-29T05:53:00Z","sensor":"VIIRS NOAA-21","confianza":"high","frp_MW":17.34,"dia_noche":"N","ec":true}},{"type":"Feature","geometry":{"type":"Point","coordinates":[-77.66127,-0.07961]},"properties":{"t":"2026-09-29T05:53:00Z","sensor":"VIIRS NOAA-21","confianza":"nominal","frp_MW":17.34,"dia_noche":"N","ec":true}},{"type":"Feature","geometry":{"type":"Point","coordinates":[-77.66854,-0.07848]},"properties":{"t":"2026-09-29T05:53:00Z","sensor":"VIIRS NOAA-21","confianza":"nominal","frp_MW":7.08,"dia_noche":"N","ec":true}},{"type":"Feature","geometry":{"type":"Point","coordinates":[-77.65794,-0.08012]},"properties":{"t":"2026-09-29T05:53:00Z","sensor":"VIIRS NOAA-21","confianza":"nominal","frp_MW":6.02,"dia_noche":"N","ec":true}},{"type":"Feature","geometry":{"type":"Point","coordinates":[-77.66011,-0.08572]},"properties":{"t":"2026-09-29T05:53:00Z","sensor":"VIIRS NOAA-21","confianza":"nominal","frp_MW":1.49,"dia_noche":"N","ec":true}},{"type":"Feature","geometry":{"type":"Point","coordinates":[-77.66364,-0.07359]},"properties":{"t":"2026-09-29T05:53:00Z","sensor":"VIIRS NOAA-21","confianza":"nominal","frp_MW":13.25,"dia_noche":"N","ec":true}},{"type":"Feature","geometry":{"type":"Point","coordinates":[-77.66009,-0.07417]},"properties":{"t":"2026-09-29T05:53:00Z","sensor":"VIIRS NOAA-21","confianza":"nominal","frp_MW":13.25,"dia_noche":"N","ec":true}},{"type":"Feature","geometry":{"type":"Point","coordinates":[-77.65701,-0.07466]},"properties":{"t":"2026-09-29T05:53:00Z","sensor":"VIIRS NOAA-21","confianza":"nominal","frp_MW":3.69,"dia_noche":"N","ec":true}},{"type":"Feature","geometry":{"type":"Point","coordinates":[-77.66395,-0.07948]},"properties":{"t":"2026-09-29T05:53:00Z","sensor":"VIIRS NOAA-21","confianza":"high","frp_MW":13.25,"dia_noche":"N","ec":true}},{"type":"Feature","geometry":{"type":"Point","coordinates":[-77.66051,-0.08004]},"properties":{"t":"2026-09-29T05:53:00Z","sensor":"VIIRS NOAA-21","confianza":"high","frp_MW":13.25,"dia_noche":"N","ec":true}},{"type":"Feature","geometry":{"type":"Point","coordinates":[-77.66759,-0.07889]},"properties":{"t":"2026-09-29T05:53:00Z","sensor":"VIIRS NOAA-21","confianza":"nominal","frp_MW":11.42,"dia_noche":"N","ec":true}},{"type":"Feature","geometry":{"type":"Point","coordinates":[-77.65727,-0.08056]},"properties":{"t":"2026-09-29T05:53:00Z","sensor":"VIIRS NOAA-21","confianza":"nominal","frp_MW":3.69,"dia_noche":"N","ec":true}},{"type":"Feature","geometry":{"type":"Point","coordinates":[-77.00013,-0.2666]},"properties":{"t":"2026-09-29T05:53:00Z","sensor":"VIIRS NOAA-21","confianza":"nominal","frp_MW":4.58,"dia_noche":"N","ec":true}},{"type":"Feature","geometry":{"type":"Point","coordinates":[-76.88063,-0.33036]},"properties":{"t":"2026-09-29T05:53:00Z","sensor":"VIIRS NOAA-21","confianza":"nominal","frp_MW":1.44,"dia_noche":"N","ec":true}},{"type":"Feature","geometry":{"type":"Point","coordinates":[-76.74536,2.04918]},"properties":{"t":"2026-09-29T05:55:00Z","sensor":"VIIRS NOAA-21","confianza":"nominal","frp_MW":2.48,"dia_noche":"N","ec":false}},{"type":"Feature","geometry":{"type":"Point","coordinates":[-76.74137,2.04859]},"properties":{"t":"2026-09-29T05:55:00Z","sensor":"VIIRS NOAA-21","confianza":"nominal","frp_MW":2.48,"dia_noche":"N","ec":false}},{"type":"Feature","geometry":{"type":"Point","coordinates":[-78.36218,-1.9993]},"properties":{"t":"2026-09-29T05:55:00Z","sensor":"VIIRS NOAA-21","confianza":"high","frp_MW":19.0,"dia_noche":"N","ec":true}},{"type":"Feature","geometry":{"type":"Point","coordinates":[-78.34232,-2.0025]},"properties":{"t":"2026-09-29T05:55:00Z","sensor":"VIIRS NOAA-21","confianza":"nominal","frp_MW":19.0,"dia_noche":"N","ec":true}},{"type":"Feature","geometry":{"type":"Point","coordinates":[-78.34467,-2.00815]},"properties":{"t":"2026-09-29T05:55:00Z","sensor":"VIIRS NOAA-21","confianza":"high","frp_MW":19.0,"dia_noche":"N","ec":true}},{"type":"Feature","geometry":{"type":"Point","coordinates":[-78.34068,-2.0088]},"properties":{"t":"2026-09-29T05:55:00Z","sensor":"VIIRS NOAA-21","confianza":"high","frp_MW":26.97,"dia_noche":"N","ec":true}},{"type":"Feature","geometry":{"type":"Point","coordinates":[-78.33752,-2.00931]},"properties":{"t":"2026-09-29T05:55:00Z","sensor":"VIIRS NOAA-21","confianza":"high","frp_MW":26.97,"dia_noche":"N","ec":true}},{"type":"Feature","geometry":{"type":"Point","coordinates":[-78.36124,-2.00549]},"properties":{"t":"2026-09-29T05:55:00Z","sensor":"VIIRS NOAA-21","confianza":"nominal","frp_MW":19.0,"dia_noche":"N","ec":true}},{"type":"Feature","geometry":{"type":"Point","coordinates":[-78.33527,-2.00967]},"properties":{"t":"2026-09-29T05:55:00Z","sensor":"VIIRS NOAA-21","confianza":"nominal","frp_MW":9.79,"dia_noche":"N","ec":true}},{"type":"Feature","geometry":{"type":"Point","coordinates":[-78.36455,-2.00325]},"properties":{"t":"2026-09-29T05:55:00Z","sensor":"VIIRS NOAA-21","confianza":"nominal","frp_MW":40.93,"dia_noche":"N","ec":true}},{"type":"Feature","geometry":{"type":"Point","coordinates":[-78.3447,-2.00664]},"properties":{"t":"2026-09-29T05:55:00Z","sensor":"VIIRS NOAA-21","confianza":"nominal","frp_MW":40.93,"dia_noche":"N","ec":true}},{"type":"Feature","geometry":{"type":"Point","coordinates":[-78.34071,-2.00732]},"properties":{"t":"2026-09-29T05:55:00Z","sensor":"VIIRS NOAA-21","confianza":"high","frp_MW":31.58,"dia_noche":"N","ec":true}},{"type":"Feature","geometry":{"type":"Point","coordinates":[-78.33774,-2.00781]},"properties":{"t":"2026-09-29T05:55:00Z","sensor":"VIIRS NOAA-21","confianza":"high","frp_MW":31.58,"dia_noche":"N","ec":true}},{"type":"Feature","geometry":{"type":"Point","coordinates":[-78.33533,-2.00822]},"properties":{"t":"2026-09-29T05:55:00Z","sensor":"VIIRS NOAA-21","confianza":"nominal","frp_MW":14.92,"dia_noche":"N","ec":true}},{"type":"Feature","geometry":{"type":"Point","coordinates":[-76.39398,2.31638]},"properties":{"t":"2026-09-29T06:29:00Z","sensor":"VIIRS Suomi NPP","confianza":"nominal","frp_MW":0.49,"dia_noche":"N","ec":false}},{"type":"Feature","geometry":{"type":"Point","coordinates":[-76.39419,2.31262]},"properties":{"t":"2026-09-29T06:29:00Z","sensor":"VIIRS Suomi NPP","confianza":"nominal","frp_MW":0.49,"dia_noche":"N","ec":false}},{"type":"Feature","geometry":{"type":"Point","coordinates":[-77.11379,2.24026]},"properties":{"t":"2026-09-29T06:29:00Z","sensor":"VIIRS Suomi NPP","confianza":"nominal","frp_MW":1.38,"dia_noche":"N","ec":false}},{"type":"Feature","geometry":{"type":"Point","coordinates":[-76.74376,2.04714]},"properties":{"t":"2026-09-29T06:29:00Z","sensor":"VIIRS Suomi NPP","confianza":"nominal","frp_MW":1.39,"dia_noche":"N","ec":false}},{"type":"Feature","geometry":{"type":"Point","coordinates":[-78.31107,0.24277]},"properties":{"t":"2026-09-29T06:31:00Z","sensor":"VIIRS Suomi NPP","confianza":"nominal","frp_MW":1.05,"dia_noche":"N","ec":true}},{"type":"Feature","geometry":{"type":"Point","coordinates":[-76.77381,-0.00104]},"properties":{"t":"2026-09-29T06:31:00Z","sensor":"VIIRS Suomi NPP","confianza":"nominal","frp_MW":0.4,"dia_noche":"N","ec":true}},{"type":"Feature","geometry":{"type":"Point","coordinates":[-76.65119,-0.15084]},"properties":{"t":"2026-09-29T06:31:00Z","sensor":"VIIRS Suomi NPP","confianza":"nominal","frp_MW":1.47,"dia_noche":"N","ec":true}},{"type":"Feature","geometry":{"type":"Point","coordinates":[-77.65765,-0.07274]},"properties":{"t":"2026-09-29T06:31:00Z","sensor":"VIIRS Suomi NPP","confianza":"nominal","frp_MW":0.96,"dia_noche":"N","ec":true}},{"type":"Feature","geometry":{"type":"Point","coordinates":[-77.66232,-0.07596]},"properties":{"t":"2026-09-29T06:31:00Z","sensor":"VIIRS Suomi NPP","confianza":"nominal","frp_MW":7.52,"dia_noche":"N","ec":true}},{"type":"Feature","geometry":{"type":"Point","coordinates":[-77.6579,-0.07666]},"properties":{"t":"2026-09-29T06:31:00Z","sensor":"VIIRS Suomi NPP","confianza":"nominal","frp_MW":4.41,"dia_noche":"N","ec":true}},{"type":"Feature","geometry":{"type":"Point","coordinates":[-77.66288,-0.07983]},"properties":{"t":"2026-09-29T06:31:00Z","sensor":"VIIRS Suomi NPP","confianza":"nominal","frp_MW":7.52,"dia_noche":"N","ec":true}},{"type":"Feature","geometry":{"type":"Point","coordinates":[-77.65845,-0.08054]},"properties":{"t":"2026-09-29T06:31:00Z","sensor":"VIIRS Suomi NPP","confianza":"nominal","frp_MW":4.41,"dia_noche":"N","ec":true}},{"type":"Feature","geometry":{"type":"Point","coordinates":[-77.65422,-0.08121]},"properties":{"t":"2026-09-29T06:31:00Z","sensor":"VIIRS Suomi NPP","confianza":"nominal","frp_MW":4.41,"dia_noche":"N","ec":true}},{"type":"Feature","geometry":{"type":"Point","coordinates":[-77.65523,-0.08501]},"properties":{"t":"2026-09-29T06:31:00Z","sensor":"VIIRS Suomi NPP","confianza":"nominal","frp_MW":2.1,"dia_noche":"N","ec":true}},{"type":"Feature","geometry":{"type":"Point","coordinates":[-77.65136,-0.08563]},"properties":{"t":"2026-09-29T06:31:00Z","sensor":"VIIRS Suomi NPP","confianza":"nominal","frp_MW":1.76,"dia_noche":"N","ec":true}},{"type":"Feature","geometry":{"type":"Point","coordinates":[-77.65234,-0.08943]},"properties":{"t":"2026-09-29T06:31:00Z","sensor":"VIIRS Suomi NPP","confianza":"nominal","frp_MW":1.76,"dia_noche":"N","ec":true}},{"type":"Feature","geometry":{"type":"Point","coordinates":[-76.65626,-0.24711]},"properties":{"t":"2026-09-29T06:31:00Z","sensor":"VIIRS Suomi NPP","confianza":"nominal","frp_MW":0.77,"dia_noche":"N","ec":true}},{"type":"Feature","geometry":{"type":"Point","coordinates":[-77.00108,-0.26605]},"properties":{"t":"2026-09-29T06:31:00Z","sensor":"VIIRS Suomi NPP","confianza":"nominal","frp_MW":2.41,"dia_noche":"N","ec":true}},{"type":"Feature","geometry":{"type":"Point","coordinates":[-76.85632,-0.30816]},"properties":{"t":"2026-09-29T06:31:00Z","sensor":"VIIRS Suomi NPP","confianza":"nominal","frp_MW":0.72,"dia_noche":"N","ec":true}},{"type":"Feature","geometry":{"type":"Point","coordinates":[-76.88196,-0.33057]},"properties":{"t":"2026-09-29T06:31:00Z","sensor":"VIIRS Suomi NPP","confianza":"nominal","frp_MW":0.89,"dia_noche":"N","ec":true}},{"type":"Feature","geometry":{"type":"Point","coordinates":[-76.95377,-0.33443]},"properties":{"t":"2026-09-29T06:31:00Z","sensor":"VIIRS Suomi NPP","confianza":"nominal","frp_MW":0.68,"dia_noche":"N","ec":true}},{"type":"Feature","geometry":{"type":"Point","coordinates":[-76.87979,-0.37251]},"properties":{"t":"2026-09-29T06:31:00Z","sensor":"VIIRS Suomi NPP","confianza":"nominal","frp_MW":0.55,"dia_noche":"N","ec":true}},{"type":"Feature","geometry":{"type":"Point","coordinates":[-76.12502,-0.52945]},"properties":{"t":"2026-09-29T06:31:00Z","sensor":"VIIRS Suomi NPP","confianza":"nominal","frp_MW":0.76,"dia_noche":"N","ec":true}},{"type":"Feature","geometry":{"type":"Point","coordinates":[-78.42197,-1.04272]},"properties":{"t":"2026-09-29T06:31:00Z","sensor":"VIIRS Suomi NPP","confianza":"nominal","frp_MW":3.75,"dia_noche":"N","ec":true}},{"type":"Feature","geometry":{"type":"Point","coordinates":[-78.34508,-2.00226]},"properties":{"t":"2026-09-29T06:31:00Z","sensor":"VIIRS Suomi NPP","confianza":"nominal","frp_MW":23.57,"dia_noche":"N","ec":true}},{"type":"Feature","geometry":{"type":"Point","coordinates":[-78.33981,-2.00311]},"properties":{"t":"2026-09-29T06:31:00Z","sensor":"VIIRS Suomi NPP","confianza":"nominal","frp_MW":27.9,"dia_noche":"N","ec":true}},{"type":"Feature","geometry":{"type":"Point","coordinates":[-78.34554,-2.0062]},"properties":{"t":"2026-09-29T06:31:00Z","sensor":"VIIRS Suomi NPP","confianza":"nominal","frp_MW":23.57,"dia_noche":"N","ec":true}},{"type":"Feature","geometry":{"type":"Point","coordinates":[-78.3408,-2.00697]},"properties":{"t":"2026-09-29T06:31:00Z","sensor":"VIIRS Suomi NPP","confianza":"nominal","frp_MW":27.9,"dia_noche":"N","ec":true}},{"type":"Feature","geometry":{"type":"Point","coordinates":[-78.33661,-2.00765]},"properties":{"t":"2026-09-29T06:31:00Z","sensor":"VIIRS Suomi NPP","confianza":"nominal","frp_MW":27.9,"dia_noche":"N","ec":true}},{"type":"Feature","geometry":{"type":"Point","coordinates":[-78.33795,-2.01145]},"properties":{"t":"2026-09-29T06:31:00Z","sensor":"VIIRS Suomi NPP","confianza":"nominal","frp_MW":4.68,"dia_noche":"N","ec":true}},{"type":"Feature","geometry":{"type":"Point","coordinates":[-78.3341,-2.01208]},"properties":{"t":"2026-09-29T06:31:00Z","sensor":"VIIRS Suomi NPP","confianza":"nominal","frp_MW":2.93,"dia_noche":"N","ec":true}},{"type":"Feature","geometry":{"type":"Point","coordinates":[-76.74506,2.0474]},"properties":{"t":"2026-09-29T06:50:00Z","sensor":"VIIRS NOAA-20","confianza":"nominal","frp_MW":0.53,"dia_noche":"N","ec":false}},{"type":"Feature","geometry":{"type":"Point","coordinates":[-76.27779,0.02371]},"properties":{"t":"2026-09-29T06:50:00Z","sensor":"VIIRS NOAA-20","confianza":"nominal","frp_MW":0.65,"dia_noche":"N","ec":true}},{"type":"Feature","geometry":{"type":"Point","coordinates":[-76.86938,0.11109]},"properties":{"t":"2026-09-29T06:50:00Z","sensor":"VIIRS NOAA-20","confianza":"nominal","frp_MW":0.43,"dia_noche":"N","ec":true}},{"type":"Feature","geometry":{"type":"Point","coordinates":[-76.65205,-0.05916]},"properties":{"t":"2026-09-29T06:50:00Z","sensor":"VIIRS NOAA-20","confianza":"nominal","frp_MW":0.75,"dia_noche":"N","ec":true}},{"type":"Feature","geometry":{"type":"Point","coordinates":[-76.64932,-0.1526]},"properties":{"t":"2026-09-29T06:50:00Z","sensor":"VIIRS NOAA-20","confianza":"nominal","frp_MW":1.41,"dia_noche":"N","ec":true}},{"type":"Feature","geometry":{"type":"Point","coordinates":[-76.65146,-0.15277]},"properties":{"t":"2026-09-29T06:50:00Z","sensor":"VIIRS NOAA-20","confianza":"nominal","frp_MW":2.05,"dia_noche":"N","ec":true}},{"type":"Feature","geometry":{"type":"Point","coordinates":[-77.65782,-0.08133]},"properties":{"t":"2026-09-29T06:50:00Z","sensor":"VIIRS NOAA-20","confianza":"nominal","frp_MW":1.86,"dia_noche":"N","ec":true}},{"type":"Feature","geometry":{"type":"Point","coordinates":[-77.65371,-0.08199]},"properties":{"t":"2026-09-29T06:50:00Z","sensor":"VIIRS NOAA-20","confianza":"nominal","frp_MW":1.86,"dia_noche":"N","ec":true}},{"type":"Feature","geometry":{"type":"Point","coordinates":[-76.65717,-0.24495]},"properties":{"t":"2026-09-29T06:50:00Z","sensor":"VIIRS NOAA-20","confianza":"nominal","frp_MW":0.61,"dia_noche":"N","ec":true}},{"type":"Feature","geometry":{"type":"Point","coordinates":[-76.99852,-0.26612]},"properties":{"t":"2026-09-29T06:50:00Z","sensor":"VIIRS NOAA-20","confianza":"nominal","frp_MW":3.01,"dia_noche":"N","ec":true}},{"type":"Feature","geometry":{"type":"Point","coordinates":[-77.00469,-0.27979]},"properties":{"t":"2026-09-29T06:50:00Z","sensor":"VIIRS NOAA-20","confianza":"nominal","frp_MW":0.59,"dia_noche":"N","ec":true}},{"type":"Feature","geometry":{"type":"Point","coordinates":[-76.85796,-0.3068]},"properties":{"t":"2026-09-29T06:50:00Z","sensor":"VIIRS NOAA-20","confianza":"nominal","frp_MW":0.8,"dia_noche":"N","ec":true}},{"type":"Feature","geometry":{"type":"Point","coordinates":[-76.88248,-0.32869]},"properties":{"t":"2026-09-29T06:50:00Z","sensor":"VIIRS NOAA-20","confianza":"nominal","frp_MW":0.9,"dia_noche":"N","ec":true}},{"type":"Feature","geometry":{"type":"Point","coordinates":[-76.95345,-0.33397]},"properties":{"t":"2026-09-29T06:50:00Z","sensor":"VIIRS NOAA-20","confianza":"nominal","frp_MW":0.61,"dia_noche":"N","ec":true}},{"type":"Feature","geometry":{"type":"Point","coordinates":[-76.87933,-0.37131]},"properties":{"t":"2026-09-29T06:50:00Z","sensor":"VIIRS NOAA-20","confianza":"nominal","frp_MW":0.84,"dia_noche":"N","ec":true}},{"type":"Feature","geometry":{"type":"Point","coordinates":[-76.87198,-0.40567]},"properties":{"t":"2026-09-29T06:50:00Z","sensor":"VIIRS NOAA-20","confianza":"nominal","frp_MW":0.36,"dia_noche":"N","ec":true}},{"type":"Feature","geometry":{"type":"Point","coordinates":[-76.12579,-0.5278]},"properties":{"t":"2026-09-29T06:50:00Z","sensor":"VIIRS NOAA-20","confianza":"nominal","frp_MW":1.58,"dia_noche":"N","ec":true}},{"type":"Feature","geometry":{"type":"Point","coordinates":[-76.86102,-0.44435]},"properties":{"t":"2026-09-29T06:50:00Z","sensor":"VIIRS NOAA-20","confianza":"nominal","frp_MW":0.62,"dia_noche":"N","ec":true}},{"type":"Feature","geometry":{"type":"Point","coordinates":[-76.88995,-0.71014]},"properties":{"t":"2026-09-29T06:50:00Z","sensor":"VIIRS NOAA-20","confianza":"nominal","frp_MW":0.59,"dia_noche":"N","ec":true}},{"type":"Feature","geometry":{"type":"Point","coordinates":[-78.4222,-1.04306]},"properties":{"t":"2026-09-29T06:50:00Z","sensor":"VIIRS NOAA-20","confianza":"nominal","frp_MW":1.73,"dia_noche":"N","ec":true}},{"type":"Feature","geometry":{"type":"Point","coordinates":[-78.34348,-2.00222]},"properties":{"t":"2026-09-29T06:52:00Z","sensor":"VIIRS NOAA-20","confianza":"nominal","frp_MW":16.29,"dia_noche":"N","ec":true}},{"type":"Feature","geometry":{"type":"Point","coordinates":[-78.33984,-2.00279]},"properties":{"t":"2026-09-29T06:52:00Z","sensor":"VIIRS NOAA-20","confianza":"nominal","frp_MW":16.29,"dia_noche":"N","ec":true}},{"type":"Feature","geometry":{"type":"Point","coordinates":[-78.34415,-2.00561]},"properties":{"t":"2026-09-29T06:52:00Z","sensor":"VIIRS NOAA-20","confianza":"nominal","frp_MW":16.29,"dia_noche":"N","ec":true}},{"type":"Feature","geometry":{"type":"Point","coordinates":[-78.34035,-2.00621]},"properties":{"t":"2026-09-29T06:52:00Z","sensor":"VIIRS NOAA-20","confianza":"nominal","frp_MW":16.29,"dia_noche":"N","ec":true}},{"type":"Feature","geometry":{"type":"Point","coordinates":[-78.33631,-2.00684]},"properties":{"t":"2026-09-29T06:52:00Z","sensor":"VIIRS NOAA-20","confianza":"nominal","frp_MW":3.61,"dia_noche":"N","ec":true}},{"type":"Feature","geometry":{"type":"Point","coordinates":[-78.34048,-2.00968]},"properties":{"t":"2026-09-29T06:52:00Z","sensor":"VIIRS NOAA-20","confianza":"nominal","frp_MW":6.56,"dia_noche":"N","ec":true}},{"type":"Feature","geometry":{"type":"Point","coordinates":[-78.33647,-2.01032]},"properties":{"t":"2026-09-29T06:52:00Z","sensor":"VIIRS NOAA-20","confianza":"nominal","frp_MW":6.85,"dia_noche":"N","ec":true}},{"type":"Feature","geometry":{"type":"Point","coordinates":[-79.12469,1.1701]},"properties":{"t":"2026-09-29T07:33:00Z","sensor":"VIIRS NOAA-21","confianza":"nominal","frp_MW":8.98,"dia_noche":"N","ec":false}},{"type":"Feature","geometry":{"type":"Point","coordinates":[-78.34666,-2.00387]},"properties":{"t":"2026-09-29T08:50:00Z","sensor":"MODIS","confianza":"94","frp_MW":21.31,"dia_noche":"N","ec":true}},{"type":"Feature","geometry":{"type":"Point","coordinates":[-78.33735,-2.0053]},"properties":{"t":"2026-09-29T08:50:00Z","sensor":"MODIS","confianza":"100","frp_MW":72.34,"dia_noche":"N","ec":true}},{"type":"Feature","geometry":{"type":"Point","coordinates":[-78.32937,-2.00651]},"properties":{"t":"2026-09-29T08:50:00Z","sensor":"MODIS","confianza":"55","frp_MW":10.93,"dia_noche":"N","ec":true}},{"type":"Feature","geometry":{"type":"Point","coordinates":[-76.89035,-4.36813]},"properties":{"t":"2026-09-29T17:49:00Z","sensor":"VIIRS NOAA-20","confianza":"nominal","frp_MW":4.25,"dia_noche":"D","ec":false}},{"type":"Feature","geometry":{"type":"Point","coordinates":[-76.89162,-4.36747]},"properties":{"t":"2026-09-29T17:49:00Z","sensor":"VIIRS NOAA-20","confianza":"nominal","frp_MW":10.44,"dia_noche":"D","ec":false}},{"type":"Feature","geometry":{"type":"Point","coordinates":[-76.64944,-0.15205]},"properties":{"t":"2026-09-29T17:49:00Z","sensor":"VIIRS NOAA-20","confianza":"nominal","frp_MW":3.24,"dia_noche":"D","ec":true}},{"type":"Feature","geometry":{"type":"Point","coordinates":[-75.69169,0.57393]},"properties":{"t":"2026-09-29T17:52:00Z","sensor":"VIIRS NOAA-20","confianza":"nominal","frp_MW":6.06,"dia_noche":"D","ec":false}},{"type":"Feature","geometry":{"type":"Point","coordinates":[-75.69228,0.57776]},"properties":{"t":"2026-09-29T17:52:00Z","sensor":"VIIRS NOAA-20","confianza":"nominal","frp_MW":4.75,"dia_noche":"D","ec":false}},{"type":"Feature","geometry":{"type":"Point","coordinates":[-75.16776,0.73288]},"properties":{"t":"2026-09-29T17:52:00Z","sensor":"VIIRS NOAA-20","confianza":"nominal","frp_MW":4.75,"dia_noche":"D","ec":false}},{"type":"Feature","geometry":{"type":"Point","coordinates":[-75.21422,1.22033]},"properties":{"t":"2026-09-29T17:52:00Z","sensor":"VIIRS NOAA-20","confianza":"nominal","frp_MW":3.04,"dia_noche":"D","ec":false}},{"type":"Feature","geometry":{"type":"Point","coordinates":[-77.58931,1.43591]},"properties":{"t":"2026-09-29T17:52:00Z","sensor":"VIIRS NOAA-20","confianza":"nominal","frp_MW":5.61,"dia_noche":"D","ec":false}},{"type":"Feature","geometry":{"type":"Point","coordinates":[-77.59048,1.43406]},"properties":{"t":"2026-09-29T17:52:00Z","sensor":"VIIRS NOAA-20","confianza":"nominal","frp_MW":5.35,"dia_noche":"D","ec":false}},{"type":"Feature","geometry":{"type":"Point","coordinates":[-77.1436,1.82685]},"properties":{"t":"2026-09-29T17:52:00Z","sensor":"VIIRS NOAA-20","confianza":"nominal","frp_MW":6.57,"dia_noche":"D","ec":false}},{"type":"Feature","geometry":{"type":"Point","coordinates":[-77.14418,1.82257]},"properties":{"t":"2026-09-29T17:52:00Z","sensor":"VIIRS NOAA-20","confianza":"nominal","frp_MW":4.54,"dia_noche":"D","ec":false}},{"type":"Feature","geometry":{"type":"Point","coordinates":[-75.54401,2.38192]},"properties":{"t":"2026-09-29T17:52:00Z","sensor":"VIIRS NOAA-20","confianza":"nominal","frp_MW":3.0,"dia_noche":"D","ec":false}},{"type":"Feature","geometry":{"type":"Point","coordinates":[-76.90321,2.21153]},"properties":{"t":"2026-09-29T17:52:00Z","sensor":"VIIRS NOAA-20","confianza":"nominal","frp_MW":3.24,"dia_noche":"D","ec":false}},{"type":"Feature","geometry":{"type":"Point","coordinates":[-75.6628,2.42843]},"properties":{"t":"2026-09-29T17:52:00Z","sensor":"VIIRS NOAA-20","confianza":"low","frp_MW":6.16,"dia_noche":"D","ec":false}},{"type":"Feature","geometry":{"type":"Point","coordinates":[-76.89238,2.30068]},"properties":{"t":"2026-09-29T17:52:00Z","sensor":"VIIRS NOAA-20","confianza":"nominal","frp_MW":5.08,"dia_noche":"D","ec":false}},{"type":"Feature","geometry":{"type":"Point","coordinates":[-76.8885,2.29977]},"properties":{"t":"2026-09-29T17:52:00Z","sensor":"VIIRS NOAA-20","confianza":"nominal","frp_MW":3.55,"dia_noche":"D","ec":false}},{"type":"Feature","geometry":{"type":"Point","coordinates":[-76.83076,2.42271]},"properties":{"t":"2026-09-29T17:52:00Z","sensor":"VIIRS NOAA-20","confianza":"nominal","frp_MW":3.68,"dia_noche":"D","ec":false}},{"type":"Feature","geometry":{"type":"Point","coordinates":[-75.81609,-5.45611]},"properties":{"t":"2026-09-29T18:34:00Z","sensor":"VIIRS NOAA-21","confianza":"nominal","frp_MW":4.47,"dia_noche":"D","ec":false}},{"type":"Feature","geometry":{"type":"Point","coordinates":[-75.70055,-5.28869]},"properties":{"t":"2026-09-29T18:34:00Z","sensor":"VIIRS NOAA-21","confianza":"nominal","frp_MW":5.48,"dia_noche":"D","ec":false}},{"type":"Feature","geometry":{"type":"Point","coordinates":[-75.69368,-5.26388]},"properties":{"t":"2026-09-29T18:34:00Z","sensor":"VIIRS NOAA-21","confianza":"nominal","frp_MW":19.46,"dia_noche":"D","ec":false}},{"type":"Feature","geometry":{"type":"Point","coordinates":[-75.10956,-4.83081]},"properties":{"t":"2026-09-29T18:34:00Z","sensor":"VIIRS NOAA-21","confianza":"nominal","frp_MW":4.81,"dia_noche":"D","ec":false}},{"type":"Feature","geometry":{"type":"Point","coordinates":[-78.81461,-5.29442]},"properties":{"t":"2026-09-29T18:34:00Z","sensor":"VIIRS NOAA-21","confianza":"low","frp_MW":8.03,"dia_noche":"D","ec":false}},{"type":"Feature","geometry":{"type":"Point","coordinates":[-78.03355,-5.1702]},"properties":{"t":"2026-09-29T18:34:00Z","sensor":"VIIRS NOAA-21","confianza":"nominal","frp_MW":6.35,"dia_noche":"D","ec":false}},{"type":"Feature","geometry":{"type":"Point","coordinates":[-75.04519,-4.49115]},"properties":{"t":"2026-09-29T18:34:00Z","sensor":"VIIRS NOAA-21","confianza":"nominal","frp_MW":3.75,"dia_noche":"D","ec":false}},{"type":"Feature","geometry":{"type":"Point","coordinates":[-75.26273,-4.27617]},"properties":{"t":"2026-09-29T18:34:00Z","sensor":"VIIRS NOAA-21","confianza":"nominal","frp_MW":2.53,"dia_noche":"D","ec":false}},{"type":"Feature","geometry":{"type":"Point","coordinates":[-77.74184,-3.90295]},"properties":{"t":"2026-09-29T18:34:00Z","sensor":"VIIRS NOAA-21","confianza":"low","frp_MW":11.26,"dia_noche":"D","ec":false}},{"type":"Feature","geometry":{"type":"Point","coordinates":[-79.75057,-4.00087]},"properties":{"t":"2026-09-29T18:34:00Z","sensor":"VIIRS NOAA-21","confianza":"low","frp_MW":10.12,"dia_noche":"D","ec":true}},{"type":"Feature","geometry":{"type":"Point","coordinates":[-76.40521,-3.17997]},"properties":{"t":"2026-09-29T18:34:00Z","sensor":"VIIRS NOAA-21","confianza":"low","frp_MW":6.27,"dia_noche":"D","ec":false}},{"type":"Feature","geometry":{"type":"Point","coordinates":[-77.86817,-3.24578]},"properties":{"t":"2026-09-29T18:34:00Z","sensor":"VIIRS NOAA-21","confianza":"low","frp_MW":5.4,"dia_noche":"D","ec":false}},{"type":"Feature","geometry":{"type":"Point","coordinates":[-77.87167,-3.2463]},"properties":{"t":"2026-09-29T18:34:00Z","sensor":"VIIRS NOAA-21","confianza":"low","frp_MW":5.4,"dia_noche":"D","ec":false}},{"type":"Feature","geometry":{"type":"Point","coordinates":[-76.39508,-2.95072]},"properties":{"t":"2026-09-29T18:34:00Z","sensor":"VIIRS NOAA-21","confianza":"low","frp_MW":8.77,"dia_noche":"D","ec":false}},{"type":"Feature","geometry":{"type":"Point","coordinates":[-76.38869,-2.94636]},"properties":{"t":"2026-09-29T18:34:00Z","sensor":"VIIRS NOAA-21","confianza":"low","frp_MW":12.18,"dia_noche":"D","ec":false}},{"type":"Feature","geometry":{"type":"Point","coordinates":[-76.40155,-2.89026]},"properties":{"t":"2026-09-29T18:34:00Z","sensor":"VIIRS NOAA-21","confianza":"low","frp_MW":3.51,"dia_noche":"D","ec":false}},{"type":"Feature","geometry":{"type":"Point","coordinates":[-76.20294,-2.84648]},"properties":{"t":"2026-09-29T18:34:00Z","sensor":"VIIRS NOAA-21","confianza":"nominal","frp_MW":4.23,"dia_noche":"D","ec":false}},{"type":"Feature","geometry":{"type":"Point","coordinates":[-78.84686,-3.06652]},"properties":{"t":"2026-09-29T18:34:00Z","sensor":"VIIRS NOAA-21","confianza":"low","frp_MW":8.53,"dia_noche":"D","ec":true}},{"type":"Feature","geometry":{"type":"Point","coordinates":[-78.85058,-3.06707]},"properties":{"t":"2026-09-29T18:34:00Z","sensor":"VIIRS NOAA-21","confianza":"low","frp_MW":8.53,"dia_noche":"D","ec":true}},{"type":"Feature","geometry":{"type":"Point","coordinates":[-76.63424,-2.61687]},"properties":{"t":"2026-09-29T18:34:00Z","sensor":"VIIRS NOAA-21","confianza":"low","frp_MW":5.38,"dia_noche":"D","ec":false}},{"type":"Feature","geometry":{"type":"Point","coordinates":[-76.63523,-2.61026]},"properties":{"t":"2026-09-29T18:34:00Z","sensor":"VIIRS NOAA-21","confianza":"nominal","frp_MW":8.08,"dia_noche":"D","ec":false}},{"type":"Feature","geometry":{"type":"Point","coordinates":[-78.83958,-2.83768]},"properties":{"t":"2026-09-29T18:34:00Z","sensor":"VIIRS NOAA-21","confianza":"nominal","frp_MW":5.98,"dia_noche":"D","ec":true}},{"type":"Feature","geometry":{"type":"Point","coordinates":[-78.88534,-2.7323]},"properties":{"t":"2026-09-29T18:34:00Z","sensor":"VIIRS NOAA-21","confianza":"low","frp_MW":8.09,"dia_noche":"D","ec":true}},{"type":"Feature","geometry":{"type":"Point","coordinates":[-78.66336,-2.45945]},"properties":{"t":"2026-09-29T18:34:00Z","sensor":"VIIRS NOAA-21","confianza":"nominal","frp_MW":15.82,"dia_noche":"D","ec":true}},{"type":"Feature","geometry":{"type":"Point","coordinates":[-78.63251,-2.34246]},"properties":{"t":"2026-09-29T18:34:00Z","sensor":"VIIRS NOAA-21","confianza":"nominal","frp_MW":7.34,"dia_noche":"D","ec":true}},{"type":"Feature","geometry":{"type":"Point","coordinates":[-78.54253,-1.62835]},"properties":{"t":"2026-09-29T18:34:00Z","sensor":"VIIRS NOAA-21","confianza":"nominal","frp_MW":14.91,"dia_noche":"D","ec":true}},{"type":"Feature","geometry":{"type":"Point","coordinates":[-77.84354,-1.11445]},"properties":{"t":"2026-09-29T18:34:00Z","sensor":"VIIRS NOAA-21","confianza":"nominal","frp_MW":4.77,"dia_noche":"D","ec":true}},{"type":"Feature","geometry":{"type":"Point","coordinates":[-77.26112,-0.95085]},"properties":{"t":"2026-09-29T18:34:00Z","sensor":"VIIRS NOAA-21","confianza":"nominal","frp_MW":9.69,"dia_noche":"D","ec":true}},{"type":"Feature","geometry":{"type":"Point","coordinates":[-78.42183,-1.04603]},"properties":{"t":"2026-09-29T18:34:00Z","sensor":"VIIRS NOAA-21","confianza":"nominal","frp_MW":5.52,"dia_noche":"D","ec":true}},{"type":"Feature","geometry":{"type":"Point","coordinates":[-77.06849,-0.68034]},"properties":{"t":"2026-09-29T18:34:00Z","sensor":"VIIRS NOAA-21","confianza":"nominal","frp_MW":13.95,"dia_noche":"D","ec":true}},{"type":"Feature","geometry":{"type":"Point","coordinates":[-77.20441,-0.64025]},"properties":{"t":"2026-09-29T18:34:00Z","sensor":"VIIRS NOAA-21","confianza":"nominal","frp_MW":3.96,"dia_noche":"D","ec":true}},{"type":"Feature","geometry":{"type":"Point","coordinates":[-76.29946,-0.48538]},"properties":{"t":"2026-09-29T18:34:00Z","sensor":"VIIRS NOAA-21","confianza":"low","frp_MW":2.89,"dia_noche":"D","ec":true}},{"type":"Feature","geometry":{"type":"Point","coordinates":[-79.37297,-0.94396]},"properties":{"t":"2026-09-29T18:34:00Z","sensor":"VIIRS NOAA-21","confianza":"nominal","frp_MW":5.94,"dia_noche":"D","ec":true}},{"type":"Feature","geometry":{"type":"Point","coordinates":[-76.69818,-0.44733]},"properties":{"t":"2026-09-29T18:34:00Z","sensor":"VIIRS NOAA-21","confianza":"low","frp_MW":8.3,"dia_noche":"D","ec":true}},{"type":"Feature","geometry":{"type":"Point","coordinates":[-76.70164,-0.44786]},"properties":{"t":"2026-09-29T18:34:00Z","sensor":"VIIRS NOAA-21","confianza":"low","frp_MW":15.33,"dia_noche":"D","ec":true}},{"type":"Feature","geometry":{"type":"Point","coordinates":[-77.12159,-0.49787]},"properties":{"t":"2026-09-29T18:34:00Z","sensor":"VIIRS NOAA-21","confianza":"nominal","frp_MW":3.46,"dia_noche":"D","ec":true}},{"type":"Feature","geometry":{"type":"Point","coordinates":[-76.65083,-0.38909]},"properties":{"t":"2026-09-29T18:34:00Z","sensor":"VIIRS NOAA-21","confianza":"nominal","frp_MW":3.33,"dia_noche":"D","ec":true}},{"type":"Feature","geometry":{"type":"Point","coordinates":[-76.56043,-0.32771]},"properties":{"t":"2026-09-29T18:34:00Z","sensor":"VIIRS NOAA-21","confianza":"nominal","frp_MW":3.0,"dia_noche":"D","ec":true}},{"type":"Feature","geometry":{"type":"Point","coordinates":[-76.85676,-0.29803]},"properties":{"t":"2026-09-29T18:34:00Z","sensor":"VIIRS NOAA-21","confianza":"low","frp_MW":8.02,"dia_noche":"D","ec":true}},{"type":"Feature","geometry":{"type":"Point","coordinates":[-76.99945,-0.26517]},"properties":{"t":"2026-09-29T18:34:00Z","sensor":"VIIRS NOAA-21","confianza":"nominal","frp_MW":5.22,"dia_noche":"D","ec":true}},{"type":"Feature","geometry":{"type":"Point","coordinates":[-76.83092,2.42511]},"properties":{"t":"2026-09-29T18:36:00Z","sensor":"VIIRS NOAA-21","confianza":"nominal","frp_MW":1.8,"dia_noche":"D","ec":false}},{"type":"Feature","geometry":{"type":"Point","coordinates":[-76.96156,2.40534]},"properties":{"t":"2026-09-29T18:36:00Z","sensor":"VIIRS NOAA-21","confianza":"nominal","frp_MW":7.64,"dia_noche":"D","ec":false}},{"type":"Feature","geometry":{"type":"Point","coordinates":[-76.93618,2.42623]},"properties":{"t":"2026-09-29T18:36:00Z","sensor":"VIIRS NOAA-21","confianza":"nominal","frp_MW":2.04,"dia_noche":"D","ec":false}},{"type":"Feature","geometry":{"type":"Point","coordinates":[-76.9758,2.42363]},"properties":{"t":"2026-09-29T18:36:00Z","sensor":"VIIRS NOAA-21","confianza":"nominal","frp_MW":5.12,"dia_noche":"D","ec":false}},{"type":"Feature","geometry":{"type":"Point","coordinates":[-76.2329,0.16097]},"properties":{"t":"2026-09-29T18:36:00Z","sensor":"VIIRS NOAA-21","confianza":"nominal","frp_MW":3.66,"dia_noche":"D","ec":true}},{"type":"Feature","geometry":{"type":"Point","coordinates":[-76.46975,0.1247]},"properties":{"t":"2026-09-29T18:36:00Z","sensor":"VIIRS NOAA-21","confianza":"nominal","frp_MW":3.55,"dia_noche":"D","ec":true}},{"type":"Feature","geometry":{"type":"Point","coordinates":[-76.97343,0.20092]},"properties":{"t":"2026-09-29T18:36:00Z","sensor":"VIIRS NOAA-21","confianza":"nominal","frp_MW":2.04,"dia_noche":"D","ec":true}},{"type":"Feature","geometry":{"type":"Point","coordinates":[-76.215,0.37783]},"properties":{"t":"2026-09-29T18:36:00Z","sensor":"VIIRS NOAA-21","confianza":"nominal","frp_MW":4.19,"dia_noche":"D","ec":true}},{"type":"Feature","geometry":{"type":"Point","coordinates":[-75.67711,0.58312]},"properties":{"t":"2026-09-29T18:36:00Z","sensor":"VIIRS NOAA-21","confianza":"nominal","frp_MW":7.82,"dia_noche":"D","ec":false}},{"type":"Feature","geometry":{"type":"Point","coordinates":[-75.68082,0.58255]},"properties":{"t":"2026-09-29T18:36:00Z","sensor":"VIIRS NOAA-21","confianza":"nominal","frp_MW":7.82,"dia_noche":"D","ec":false}},{"type":"Feature","geometry":{"type":"Point","coordinates":[-76.92867,0.39114]},"properties":{"t":"2026-09-29T18:36:00Z","sensor":"VIIRS NOAA-21","confianza":"nominal","frp_MW":3.59,"dia_noche":"D","ec":false}},{"type":"Feature","geometry":{"type":"Point","coordinates":[-75.67761,0.58655]},"properties":{"t":"2026-09-29T18:36:00Z","sensor":"VIIRS NOAA-21","confianza":"nominal","frp_MW":7.82,"dia_noche":"D","ec":false}},{"type":"Feature","geometry":{"type":"Point","coordinates":[-75.68132,0.58598]},"properties":{"t":"2026-09-29T18:36:00Z","sensor":"VIIRS NOAA-21","confianza":"nominal","frp_MW":7.82,"dia_noche":"D","ec":false}},{"type":"Feature","geometry":{"type":"Point","coordinates":[-75.67711,0.58663]},"properties":{"t":"2026-09-29T18:36:00Z","sensor":"VIIRS NOAA-21","confianza":"nominal","frp_MW":6.12,"dia_noche":"D","ec":false}},{"type":"Feature","geometry":{"type":"Point","coordinates":[-75.68082,0.58607]},"properties":{"t":"2026-09-29T18:36:00Z","sensor":"VIIRS NOAA-21","confianza":"nominal","frp_MW":6.12,"dia_noche":"D","ec":false}},{"type":"Feature","geometry":{"type":"Point","coordinates":[-76.90554,0.42536]},"properties":{"t":"2026-09-29T18:36:00Z","sensor":"VIIRS NOAA-21","confianza":"low","frp_MW":6.05,"dia_noche":"D","ec":false}},{"type":"Feature","geometry":{"type":"Point","coordinates":[-76.34627,0.52036]},"properties":{"t":"2026-09-29T18:36:00Z","sensor":"VIIRS NOAA-21","confianza":"nominal","frp_MW":8.93,"dia_noche":"D","ec":false}},{"type":"Feature","geometry":{"type":"Point","coordinates":[-75.16705,0.73457]},"properties":{"t":"2026-09-29T18:36:00Z","sensor":"VIIRS NOAA-21","confianza":"nominal","frp_MW":4.56,"dia_noche":"D","ec":false}},{"type":"Feature","geometry":{"type":"Point","coordinates":[-75.64914,0.67855]},"properties":{"t":"2026-09-29T18:36:00Z","sensor":"VIIRS NOAA-21","confianza":"nominal","frp_MW":2.29,"dia_noche":"D","ec":false}},{"type":"Feature","geometry":{"type":"Point","coordinates":[-75.60693,0.7026]},"properties":{"t":"2026-09-29T18:36:00Z","sensor":"VIIRS NOAA-21","confianza":"nominal","frp_MW":4.22,"dia_noche":"D","ec":false}},{"type":"Feature","geometry":{"type":"Point","coordinates":[-76.25702,0.62549]},"properties":{"t":"2026-09-29T18:36:00Z","sensor":"VIIRS NOAA-21","confianza":"nominal","frp_MW":3.5,"dia_noche":"D","ec":false}},{"type":"Feature","geometry":{"type":"Point","coordinates":[-76.67509,0.59297]},"properties":{"t":"2026-09-29T18:36:00Z","sensor":"VIIRS NOAA-21","confianza":"nominal","frp_MW":3.34,"dia_noche":"D","ec":false}},{"type":"Feature","geometry":{"type":"Point","coordinates":[-75.36599,0.82365]},"properties":{"t":"2026-09-29T18:36:00Z","sensor":"VIIRS NOAA-21","confianza":"nominal","frp_MW":2.78,"dia_noche":"D","ec":false}},{"type":"Feature","geometry":{"type":"Point","coordinates":[-75.87204,0.74974]},"properties":{"t":"2026-09-29T18:36:00Z","sensor":"VIIRS NOAA-21","confianza":"nominal","frp_MW":12.98,"dia_noche":"D","ec":false}},{"type":"Feature","geometry":{"type":"Point","coordinates":[-76.34917,0.68024]},"properties":{"t":"2026-09-29T18:36:00Z","sensor":"VIIRS NOAA-21","confianza":"nominal","frp_MW":4.5,"dia_noche":"D","ec":false}},{"type":"Feature","geometry":{"type":"Point","coordinates":[-76.34967,0.6836]},"properties":{"t":"2026-09-29T18:36:00Z","sensor":"VIIRS NOAA-21","confianza":"nominal","frp_MW":10.71,"dia_noche":"D","ec":false}},{"type":"Feature","geometry":{"type":"Point","coordinates":[-76.38521,0.67817]},"properties":{"t":"2026-09-29T18:36:00Z","sensor":"VIIRS NOAA-21","confianza":"nominal","frp_MW":12.35,"dia_noche":"D","ec":false}},{"type":"Feature","geometry":{"type":"Point","coordinates":[-76.04654,0.76589]},"properties":{"t":"2026-09-29T18:36:00Z","sensor":"VIIRS NOAA-21","confianza":"nominal","frp_MW":8.32,"dia_noche":"D","ec":false}},{"type":"Feature","geometry":{"type":"Point","coordinates":[-75.06597,0.9169]},"properties":{"t":"2026-09-29T18:36:00Z","sensor":"VIIRS NOAA-21","confianza":"nominal","frp_MW":10.58,"dia_noche":"D","ec":false}},{"type":"Feature","geometry":{"type":"Point","coordinates":[-76.2392,0.77129]},"properties":{"t":"2026-09-29T18:36:00Z","sensor":"VIIRS NOAA-21","confianza":"nominal","frp_MW":2.28,"dia_noche":"D","ec":false}},{"type":"Feature","geometry":{"type":"Point","coordinates":[-76.3886,0.76919]},"properties":{"t":"2026-09-29T18:36:00Z","sensor":"VIIRS NOAA-21","confianza":"nominal","frp_MW":24.92,"dia_noche":"D","ec":false}},{"type":"Feature","geometry":{"type":"Point","coordinates":[-76.38605,0.77644]},"properties":{"t":"2026-09-29T18:36:00Z","sensor":"VIIRS NOAA-21","confianza":"nominal","frp_MW":28.48,"dia_noche":"D","ec":false}},{"type":"Feature","geometry":{"type":"Point","coordinates":[-76.15804,0.81816]},"properties":{"t":"2026-09-29T18:36:00Z","sensor":"VIIRS NOAA-21","confianza":"nominal","frp_MW":9.61,"dia_noche":"D","ec":false}},{"type":"Feature","geometry":{"type":"Point","coordinates":[-76.07178,0.83481]},"properties":{"t":"2026-09-29T18:36:00Z","sensor":"VIIRS NOAA-21","confianza":"nominal","frp_MW":5.07,"dia_noche":"D","ec":false}},{"type":"Feature","geometry":{"type":"Point","coordinates":[-75.12589,0.9942]},"properties":{"t":"2026-09-29T18:36:00Z","sensor":"VIIRS NOAA-21","confianza":"nominal","frp_MW":7.73,"dia_noche":"D","ec":false}},{"type":"Feature","geometry":{"type":"Point","coordinates":[-76.23124,0.83648]},"properties":{"t":"2026-09-29T18:36:00Z","sensor":"VIIRS NOAA-21","confianza":"nominal","frp_MW":7.55,"dia_noche":"D","ec":false}},{"type":"Feature","geometry":{"type":"Point","coordinates":[-76.23174,0.83985]},"properties":{"t":"2026-09-29T18:36:00Z","sensor":"VIIRS NOAA-21","confianza":"nominal","frp_MW":7.55,"dia_noche":"D","ec":false}},{"type":"Feature","geometry":{"type":"Point","coordinates":[-75.81381,0.9097]},"properties":{"t":"2026-09-29T18:36:00Z","sensor":"VIIRS NOAA-21","confianza":"nominal","frp_MW":4.95,"dia_noche":"D","ec":false}},{"type":"Feature","geometry":{"type":"Point","coordinates":[-76.53733,0.8143]},"properties":{"t":"2026-09-29T18:36:00Z","sensor":"VIIRS NOAA-21","confianza":"nominal","frp_MW":2.97,"dia_noche":"D","ec":false}},{"type":"Feature","geometry":{"type":"Point","coordinates":[-76.42204,0.84205]},"properties":{"t":"2026-09-29T18:36:00Z","sensor":"VIIRS NOAA-21","confianza":"nominal","frp_MW":14.41,"dia_noche":"D","ec":false}},{"type":"Feature","geometry":{"type":"Point","coordinates":[-75.7899,0.95179]},"properties":{"t":"2026-09-29T18:36:00Z","sensor":"VIIRS NOAA-21","confianza":"nominal","frp_MW":11.59,"dia_noche":"D","ec":false}},{"type":"Feature","geometry":{"type":"Point","coordinates":[-76.65349,0.8206]},"properties":{"t":"2026-09-29T18:36:00Z","sensor":"VIIRS NOAA-21","confianza":"nominal","frp_MW":3.0,"dia_noche":"D","ec":false}},{"type":"Feature","geometry":{"type":"Point","coordinates":[-76.29668,0.8817]},"properties":{"t":"2026-09-29T18:36:00Z","sensor":"VIIRS NOAA-21","confianza":"nominal","frp_MW":7.89,"dia_noche":"D","ec":false}},{"type":"Feature","geometry":{"type":"Point","coordinates":[-76.07896,0.92868]},"properties":{"t":"2026-09-29T18:36:00Z","sensor":"VIIRS NOAA-21","confianza":"nominal","frp_MW":14.32,"dia_noche":"D","ec":false}},{"type":"Feature","geometry":{"type":"Point","coordinates":[-76.22079,0.91395]},"properties":{"t":"2026-09-29T18:36:00Z","sensor":"VIIRS NOAA-21","confianza":"nominal","frp_MW":2.81,"dia_noche":"D","ec":false}},{"type":"Feature","geometry":{"type":"Point","coordinates":[-75.0733,1.10027]},"properties":{"t":"2026-09-29T18:36:00Z","sensor":"VIIRS NOAA-21","confianza":"nominal","frp_MW":18.73,"dia_noche":"D","ec":false}},{"type":"Feature","geometry":{"type":"Point","coordinates":[-76.07504,0.97902]},"properties":{"t":"2026-09-29T18:36:00Z","sensor":"VIIRS NOAA-21","confianza":"nominal","frp_MW":21.22,"dia_noche":"D","ec":false}},{"type":"Feature","geometry":{"type":"Point","coordinates":[-76.07867,0.97847]},"properties":{"t":"2026-09-29T18:36:00Z","sensor":"VIIRS NOAA-21","confianza":"nominal","frp_MW":21.22,"dia_noche":"D","ec":false}},{"type":"Feature","geometry":{"type":"Point","coordinates":[-75.9969,1.00469]},"properties":{"t":"2026-09-29T18:36:00Z","sensor":"VIIRS NOAA-21","confianza":"nominal","frp_MW":6.35,"dia_noche":"D","ec":false}},{"type":"Feature","geometry":{"type":"Point","coordinates":[-75.13428,1.27226]},"properties":{"t":"2026-09-29T18:36:00Z","sensor":"VIIRS NOAA-21","confianza":"nominal","frp_MW":5.96,"dia_noche":"D","ec":false}},{"type":"Feature","geometry":{"type":"Point","coordinates":[-75.19955,1.36014]},"properties":{"t":"2026-09-29T18:36:00Z","sensor":"VIIRS NOAA-21","confianza":"nominal","frp_MW":10.34,"dia_noche":"D","ec":false}},{"type":"Feature","geometry":{"type":"Point","coordinates":[-75.20923,1.56518]},"properties":{"t":"2026-09-29T18:36:00Z","sensor":"VIIRS NOAA-21","confianza":"nominal","frp_MW":4.54,"dia_noche":"D","ec":false}},{"type":"Feature","geometry":{"type":"Point","coordinates":[-75.62148,1.72048]},"properties":{"t":"2026-09-29T18:36:00Z","sensor":"VIIRS NOAA-21","confianza":"nominal","frp_MW":3.56,"dia_noche":"D","ec":false}},{"type":"Feature","geometry":{"type":"Point","coordinates":[-77.14185,1.824]},"properties":{"t":"2026-09-29T18:36:00Z","sensor":"VIIRS NOAA-21","confianza":"nominal","frp_MW":3.06,"dia_noche":"D","ec":false}},{"type":"Feature","geometry":{"type":"Point","coordinates":[-77.14237,1.82731]},"properties":{"t":"2026-09-29T18:36:00Z","sensor":"VIIRS NOAA-21","confianza":"nominal","frp_MW":3.28,"dia_noche":"D","ec":false}},{"type":"Feature","geometry":{"type":"Point","coordinates":[-77.09754,1.90543]},"properties":{"t":"2026-09-29T18:36:00Z","sensor":"VIIRS NOAA-21","confianza":"nominal","frp_MW":3.89,"dia_noche":"D","ec":false}},{"type":"Feature","geometry":{"type":"Point","coordinates":[-77.16654,1.93913]},"properties":{"t":"2026-09-29T18:36:00Z","sensor":"VIIRS NOAA-21","confianza":"nominal","frp_MW":4.86,"dia_noche":"D","ec":false}},{"type":"Feature","geometry":{"type":"Point","coordinates":[-75.54646,2.38015]},"properties":{"t":"2026-09-29T18:36:00Z","sensor":"VIIRS NOAA-21","confianza":"low","frp_MW":7.72,"dia_noche":"D","ec":false}},{"type":"Feature","geometry":{"type":"Point","coordinates":[-76.84055,2.28075]},"properties":{"t":"2026-09-29T18:36:00Z","sensor":"VIIRS NOAA-21","confianza":"low","frp_MW":25.47,"dia_noche":"D","ec":false}},{"type":"Feature","geometry":{"type":"Point","coordinates":[-77.11463,2.25985]},"properties":{"t":"2026-09-29T18:36:00Z","sensor":"VIIRS NOAA-21","confianza":"nominal","frp_MW":2.97,"dia_noche":"D","ec":false}},{"type":"Feature","geometry":{"type":"Point","coordinates":[-76.89056,2.30394]},"properties":{"t":"2026-09-29T18:36:00Z","sensor":"VIIRS NOAA-21","confianza":"nominal","frp_MW":14.93,"dia_noche":"D","ec":false}},{"type":"Feature","geometry":{"type":"Point","coordinates":[-75.93596,2.45517]},"properties":{"t":"2026-09-29T18:36:00Z","sensor":"VIIRS NOAA-21","confianza":"nominal","frp_MW":22.73,"dia_noche":"D","ec":false}},{"type":"Feature","geometry":{"type":"Point","coordinates":[-77.00851,2.31674]},"properties":{"t":"2026-09-29T18:36:00Z","sensor":"VIIRS NOAA-21","confianza":"nominal","frp_MW":6.86,"dia_noche":"D","ec":false}},{"type":"Feature","geometry":{"type":"Point","coordinates":[-76.91915,-5.21429]},"properties":{"t":"2026-09-29T19:10:00Z","sensor":"VIIRS Suomi NPP","confianza":"nominal","frp_MW":0.43,"dia_noche":"D","ec":false}},{"type":"Feature","geometry":{"type":"Point","coordinates":[-78.03493,-5.17051]},"properties":{"t":"2026-09-29T19:10:00Z","sensor":"VIIRS Suomi NPP","confianza":"nominal","frp_MW":4.39,"dia_noche":"D","ec":false}},{"type":"Feature","geometry":{"type":"Point","coordinates":[-76.52628,-4.90787]},"properties":{"t":"2026-09-29T19:10:00Z","sensor":"VIIRS Suomi NPP","confianza":"nominal","frp_MW":5.76,"dia_noche":"D","ec":false}},{"type":"Feature","geometry":{"type":"Point","coordinates":[-78.80286,-5.27832]},"properties":{"t":"2026-09-29T19:10:00Z","sensor":"VIIRS Suomi NPP","confianza":"nominal","frp_MW":14.0,"dia_noche":"D","ec":false}},{"type":"Feature","geometry":{"type":"Point","coordinates":[-78.88805,-5.19919]},"properties":{"t":"2026-09-29T19:10:00Z","sensor":"VIIRS Suomi NPP","confianza":"nominal","frp_MW":4.74,"dia_noche":"D","ec":false}},{"type":"Feature","geometry":{"type":"Point","coordinates":[-78.89189,-5.1998]},"properties":{"t":"2026-09-29T19:10:00Z","sensor":"VIIRS Suomi NPP","confianza":"nominal","frp_MW":4.74,"dia_noche":"D","ec":false}},{"type":"Feature","geometry":{"type":"Point","coordinates":[-78.88868,-5.19549]},"properties":{"t":"2026-09-29T19:10:00Z","sensor":"VIIRS Suomi NPP","confianza":"nominal","frp_MW":4.74,"dia_noche":"D","ec":false}},{"type":"Feature","geometry":{"type":"Point","coordinates":[-78.89247,-5.19609]},"properties":{"t":"2026-09-29T19:10:00Z","sensor":"VIIRS Suomi NPP","confianza":"nominal","frp_MW":4.74,"dia_noche":"D","ec":false}},{"type":"Feature","geometry":{"type":"Point","coordinates":[-78.84428,-5.15799]},"properties":{"t":"2026-09-29T19:10:00Z","sensor":"VIIRS Suomi NPP","confianza":"nominal","frp_MW":15.17,"dia_noche":"D","ec":false}},{"type":"Feature","geometry":{"type":"Point","coordinates":[-78.95091,-5.17516]},"properties":{"t":"2026-09-29T19:10:00Z","sensor":"VIIRS Suomi NPP","confianza":"nominal","frp_MW":3.94,"dia_noche":"D","ec":false}},{"type":"Feature","geometry":{"type":"Point","coordinates":[-78.84489,-5.15429]},"properties":{"t":"2026-09-29T19:10:00Z","sensor":"VIIRS Suomi NPP","confianza":"nominal","frp_MW":22.28,"dia_noche":"D","ec":false}},{"type":"Feature","geometry":{"type":"Point","coordinates":[-76.83752,-4.81227]},"properties":{"t":"2026-09-29T19:10:00Z","sensor":"VIIRS Suomi NPP","confianza":"nominal","frp_MW":5.71,"dia_noche":"D","ec":false}},{"type":"Feature","geometry":{"type":"Point","coordinates":[-76.83667,-4.81258]},"properties":{"t":"2026-09-29T19:10:00Z","sensor":"VIIRS Suomi NPP","confianza":"nominal","frp_MW":6.5,"dia_noche":"D","ec":false}},{"type":"Feature","geometry":{"type":"Point","coordinates":[-78.0479,-4.95239]},"properties":{"t":"2026-09-29T19:10:00Z","sensor":"VIIRS Suomi NPP","confianza":"nominal","frp_MW":2.42,"dia_noche":"D","ec":false}},{"type":"Feature","geometry":{"type":"Point","coordinates":[-78.16853,-4.88373]},"properties":{"t":"2026-09-29T19:10:00Z","sensor":"VIIRS Suomi NPP","confianza":"nominal","frp_MW":2.99,"dia_noche":"D","ec":false}},{"type":"Feature","geometry":{"type":"Point","coordinates":[-78.06516,-4.83119]},"properties":{"t":"2026-09-29T19:10:00Z","sensor":"VIIRS Suomi NPP","confianza":"nominal","frp_MW":4.22,"dia_noche":"D","ec":false}},{"type":"Feature","geometry":{"type":"Point","coordinates":[-78.18158,-4.74967]},"properties":{"t":"2026-09-29T19:10:00Z","sensor":"VIIRS Suomi NPP","confianza":"nominal","frp_MW":5.69,"dia_noche":"D","ec":false}},{"type":"Feature","geometry":{"type":"Point","coordinates":[-77.89043,-4.65802]},"properties":{"t":"2026-09-29T19:10:00Z","sensor":"VIIRS Suomi NPP","confianza":"nominal","frp_MW":4.55,"dia_noche":"D","ec":false}},{"type":"Feature","geometry":{"type":"Point","coordinates":[-77.89108,-4.65407]},"properties":{"t":"2026-09-29T19:10:00Z","sensor":"VIIRS Suomi NPP","confianza":"nominal","frp_MW":4.55,"dia_noche":"D","ec":false}},{"type":"Feature","geometry":{"type":"Point","coordinates":[-77.88857,-4.65552]},"properties":{"t":"2026-09-29T19:10:00Z","sensor":"VIIRS Suomi NPP","confianza":"nominal","frp_MW":5.5,"dia_noche":"D","ec":false}},{"type":"Feature","geometry":{"type":"Point","coordinates":[-79.49918,-4.54625]},"properties":{"t":"2026-09-29T19:10:00Z","sensor":"VIIRS Suomi NPP","confianza":"low","frp_MW":13.37,"dia_noche":"D","ec":false}},{"type":"Feature","geometry":{"type":"Point","coordinates":[-79.50326,-4.54689]},"properties":{"t":"2026-09-29T19:10:00Z","sensor":"VIIRS Suomi NPP","confianza":"low","frp_MW":11.6,"dia_noche":"D","ec":false}},{"type":"Feature","geometry":{"type":"Point","coordinates":[-79.49966,-4.54263]},"properties":{"t":"2026-09-29T19:10:00Z","sensor":"VIIRS Suomi NPP","confianza":"nominal","frp_MW":13.37,"dia_noche":"D","ec":false}},{"type":"Feature","geometry":{"type":"Point","coordinates":[-79.5162,-4.53414]},"properties":{"t":"2026-09-29T19:10:00Z","sensor":"VIIRS Suomi NPP","confianza":"nominal","frp_MW":6.47,"dia_noche":"D","ec":false}},{"type":"Feature","geometry":{"type":"Point","coordinates":[-79.51298,-4.52623]},"properties":{"t":"2026-09-29T19:10:00Z","sensor":"VIIRS Suomi NPP","confianza":"nominal","frp_MW":3.6,"dia_noche":"D","ec":false}},{"type":"Feature","geometry":{"type":"Point","coordinates":[-78.84665,-3.06591]},"properties":{"t":"2026-09-29T19:10:00Z","sensor":"VIIRS Suomi NPP","confianza":"nominal","frp_MW":16.73,"dia_noche":"D","ec":true}},{"type":"Feature","geometry":{"type":"Point","coordinates":[-78.75713,-2.88087]},"properties":{"t":"2026-09-29T19:10:00Z","sensor":"VIIRS Suomi NPP","confianza":"nominal","frp_MW":10.02,"dia_noche":"D","ec":true}},{"type":"Feature","geometry":{"type":"Point","coordinates":[-75.7889,-2.38255]},"properties":{"t":"2026-09-29T19:10:00Z","sensor":"VIIRS Suomi NPP","confianza":"nominal","frp_MW":2.74,"dia_noche":"D","ec":false}},{"type":"Feature","geometry":{"type":"Point","coordinates":[-75.78741,-2.38184]},"properties":{"t":"2026-09-29T19:10:00Z","sensor":"VIIRS Suomi NPP","confianza":"nominal","frp_MW":3.65,"dia_noche":"D","ec":false}},{"type":"Feature","geometry":{"type":"Point","coordinates":[-78.83694,-2.83674]},"properties":{"t":"2026-09-29T19:10:00Z","sensor":"VIIRS Suomi NPP","confianza":"nominal","frp_MW":3.85,"dia_noche":"D","ec":true}},{"type":"Feature","geometry":{"type":"Point","coordinates":[-77.39198,-2.48961]},"properties":{"t":"2026-09-29T19:13:00Z","sensor":"VIIRS Suomi NPP","confianza":"nominal","frp_MW":4.67,"dia_noche":"D","ec":true}},{"type":"Feature","geometry":{"type":"Point","coordinates":[-78.69301,-1.82257]},"properties":{"t":"2026-09-29T19:13:00Z","sensor":"VIIRS Suomi NPP","confianza":"low","frp_MW":19.72,"dia_noche":"D","ec":true}},{"type":"Feature","geometry":{"type":"Point","coordinates":[-78.58469,-1.77333]},"properties":{"t":"2026-09-29T19:13:00Z","sensor":"VIIRS Suomi NPP","confianza":"nominal","frp_MW":9.06,"dia_noche":"D","ec":true}},{"type":"Feature","geometry":{"type":"Point","coordinates":[-78.5895,-1.77409]},"properties":{"t":"2026-09-29T19:13:00Z","sensor":"VIIRS Suomi NPP","confianza":"nominal","frp_MW":9.06,"dia_noche":"D","ec":true}},{"type":"Feature","geometry":{"type":"Point","coordinates":[-78.65929,-1.757]},"properties":{"t":"2026-09-29T19:13:00Z","sensor":"VIIRS Suomi NPP","confianza":"low","frp_MW":7.18,"dia_noche":"D","ec":true}},{"type":"Feature","geometry":{"type":"Point","coordinates":[-78.6561,-1.75734]},"properties":{"t":"2026-09-29T19:13:00Z","sensor":"VIIRS Suomi NPP","confianza":"nominal","frp_MW":13.93,"dia_noche":"D","ec":true}},{"type":"Feature","geometry":{"type":"Point","coordinates":[-78.54234,-1.63044]},"properties":{"t":"2026-09-29T19:13:00Z","sensor":"VIIRS Suomi NPP","confianza":"nominal","frp_MW":14.3,"dia_noche":"D","ec":true}},{"type":"Feature","geometry":{"type":"Point","coordinates":[-78.54252,-1.62641]},"properties":{"t":"2026-09-29T19:13:00Z","sensor":"VIIRS Suomi NPP","confianza":"nominal","frp_MW":14.3,"dia_noche":"D","ec":true}},{"type":"Feature","geometry":{"type":"Point","coordinates":[-78.71055,-1.65754]},"properties":{"t":"2026-09-29T19:13:00Z","sensor":"VIIRS Suomi NPP","confianza":"low","frp_MW":5.2,"dia_noche":"D","ec":true}},{"type":"Feature","geometry":{"type":"Point","coordinates":[-78.54469,-1.62816]},"properties":{"t":"2026-09-29T19:13:00Z","sensor":"VIIRS Suomi NPP","confianza":"nominal","frp_MW":26.46,"dia_noche":"D","ec":true}},{"type":"Feature","geometry":{"type":"Point","coordinates":[-76.69835,-0.44782]},"properties":{"t":"2026-09-29T19:13:00Z","sensor":"VIIRS Suomi NPP","confianza":"low","frp_MW":4.86,"dia_noche":"D","ec":true}},{"type":"Feature","geometry":{"type":"Point","coordinates":[-76.70299,-0.44854]},"properties":{"t":"2026-09-29T19:13:00Z","sensor":"VIIRS Suomi NPP","confianza":"nominal","frp_MW":10.64,"dia_noche":"D","ec":true}},{"type":"Feature","geometry":{"type":"Point","coordinates":[-76.2671,-0.09351]},"properties":{"t":"2026-09-29T19:13:00Z","sensor":"VIIRS Suomi NPP","confianza":"nominal","frp_MW":3.75,"dia_noche":"D","ec":true}},{"type":"Feature","geometry":{"type":"Point","coordinates":[-75.92143,0.06886]},"properties":{"t":"2026-09-29T19:13:00Z","sensor":"VIIRS Suomi NPP","confianza":"nominal","frp_MW":4.54,"dia_noche":"D","ec":true}},{"type":"Feature","geometry":{"type":"Point","coordinates":[-75.9232,0.07124]},"properties":{"t":"2026-09-29T19:13:00Z","sensor":"VIIRS Suomi NPP","confianza":"nominal","frp_MW":6.85,"dia_noche":"D","ec":true}},{"type":"Feature","geometry":{"type":"Point","coordinates":[-76.28578,0.38195]},"properties":{"t":"2026-09-29T19:13:00Z","sensor":"VIIRS Suomi NPP","confianza":"nominal","frp_MW":13.04,"dia_noche":"D","ec":true}},{"type":"Feature","geometry":{"type":"Point","coordinates":[-76.49773,0.62218]},"properties":{"t":"2026-09-29T19:13:00Z","sensor":"VIIRS Suomi NPP","confianza":"nominal","frp_MW":9.46,"dia_noche":"D","ec":false}},{"type":"Feature","geometry":{"type":"Point","coordinates":[-76.67498,0.59424]},"properties":{"t":"2026-09-29T19:13:00Z","sensor":"VIIRS Suomi NPP","confianza":"nominal","frp_MW":7.25,"dia_noche":"D","ec":false}},{"type":"Feature","geometry":{"type":"Point","coordinates":[-76.67779,0.5916]},"properties":{"t":"2026-09-29T19:13:00Z","sensor":"VIIRS Suomi NPP","confianza":"nominal","frp_MW":4.56,"dia_noche":"D","ec":false}},{"type":"Feature","geometry":{"type":"Point","coordinates":[-76.49586,0.62362]},"properties":{"t":"2026-09-29T19:13:00Z","sensor":"VIIRS Suomi NPP","confianza":"nominal","frp_MW":6.36,"dia_noche":"D","ec":false}},{"type":"Feature","geometry":{"type":"Point","coordinates":[-76.34854,0.67992]},"properties":{"t":"2026-09-29T19:13:00Z","sensor":"VIIRS Suomi NPP","confianza":"nominal","frp_MW":9.05,"dia_noche":"D","ec":false}},{"type":"Feature","geometry":{"type":"Point","coordinates":[-76.34917,0.68472]},"properties":{"t":"2026-09-29T19:13:00Z","sensor":"VIIRS Suomi NPP","confianza":"nominal","frp_MW":9.05,"dia_noche":"D","ec":false}},{"type":"Feature","geometry":{"type":"Point","coordinates":[-76.38515,0.67923]},"properties":{"t":"2026-09-29T19:13:00Z","sensor":"VIIRS Suomi NPP","confianza":"nominal","frp_MW":1.77,"dia_noche":"D","ec":false}},{"type":"Feature","geometry":{"type":"Point","coordinates":[-75.42435,0.9042]},"properties":{"t":"2026-09-29T19:13:00Z","sensor":"VIIRS Suomi NPP","confianza":"nominal","frp_MW":4.78,"dia_noche":"D","ec":false}},{"type":"Feature","geometry":{"type":"Point","coordinates":[-76.42783,0.75552]},"properties":{"t":"2026-09-29T19:13:00Z","sensor":"VIIRS Suomi NPP","confianza":"nominal","frp_MW":3.24,"dia_noche":"D","ec":false}},{"type":"Feature","geometry":{"type":"Point","coordinates":[-76.38788,0.76674]},"properties":{"t":"2026-09-29T19:13:00Z","sensor":"VIIRS Suomi NPP","confianza":"nominal","frp_MW":8.19,"dia_noche":"D","ec":false}},{"type":"Feature","geometry":{"type":"Point","coordinates":[-75.42449,0.90639]},"properties":{"t":"2026-09-29T19:13:00Z","sensor":"VIIRS Suomi NPP","confianza":"nominal","frp_MW":2.32,"dia_noche":"D","ec":false}},{"type":"Feature","geometry":{"type":"Point","coordinates":[-75.42749,0.90594]},"properties":{"t":"2026-09-29T19:13:00Z","sensor":"VIIRS Suomi NPP","confianza":"nominal","frp_MW":2.32,"dia_noche":"D","ec":false}},{"type":"Feature","geometry":{"type":"Point","coordinates":[-76.4263,0.75574]},"properties":{"t":"2026-09-29T19:13:00Z","sensor":"VIIRS Suomi NPP","confianza":"nominal","frp_MW":4.24,"dia_noche":"D","ec":false}},{"type":"Feature","geometry":{"type":"Point","coordinates":[-76.38622,0.76666]},"properties":{"t":"2026-09-29T19:13:00Z","sensor":"VIIRS Suomi NPP","confianza":"nominal","frp_MW":8.82,"dia_noche":"D","ec":false}},{"type":"Feature","geometry":{"type":"Point","coordinates":[-76.38696,0.77144]},"properties":{"t":"2026-09-29T19:13:00Z","sensor":"VIIRS Suomi NPP","confianza":"nominal","frp_MW":8.59,"dia_noche":"D","ec":false}},{"type":"Feature","geometry":{"type":"Point","coordinates":[-76.0823,0.82249]},"properties":{"t":"2026-09-29T19:13:00Z","sensor":"VIIRS Suomi NPP","confianza":"nominal","frp_MW":6.01,"dia_noche":"D","ec":false}},{"type":"Feature","geometry":{"type":"Point","coordinates":[-76.08302,0.82737]},"properties":{"t":"2026-09-29T19:13:00Z","sensor":"VIIRS Suomi NPP","confianza":"nominal","frp_MW":6.97,"dia_noche":"D","ec":false}},{"type":"Feature","geometry":{"type":"Point","coordinates":[-76.07501,0.98117]},"properties":{"t":"2026-09-29T19:13:00Z","sensor":"VIIRS Suomi NPP","confianza":"nominal","frp_MW":24.42,"dia_noche":"D","ec":false}},{"type":"Feature","geometry":{"type":"Point","coordinates":[-76.08039,0.98033]},"properties":{"t":"2026-09-29T19:13:00Z","sensor":"VIIRS Suomi NPP","confianza":"nominal","frp_MW":22.01,"dia_noche":"D","ec":false}},{"type":"Feature","geometry":{"type":"Point","coordinates":[-75.53928,1.12415]},"properties":{"t":"2026-09-29T19:13:00Z","sensor":"VIIRS Suomi NPP","confianza":"nominal","frp_MW":2.7,"dia_noche":"D","ec":false}},{"type":"Feature","geometry":{"type":"Point","coordinates":[-75.15961,1.22973]},"properties":{"t":"2026-09-29T19:13:00Z","sensor":"VIIRS Suomi NPP","confianza":"high","frp_MW":6.25,"dia_noche":"D","ec":false}},{"type":"Feature","geometry":{"type":"Point","coordinates":[-77.0891,1.63715]},"properties":{"t":"2026-09-29T19:13:00Z","sensor":"VIIRS Suomi NPP","confianza":"nominal","frp_MW":14.01,"dia_noche":"D","ec":false}},{"type":"Feature","geometry":{"type":"Point","coordinates":[-77.10201,2.07885]},"properties":{"t":"2026-09-29T19:13:00Z","sensor":"VIIRS Suomi NPP","confianza":"nominal","frp_MW":3.64,"dia_noche":"D","ec":false}},{"type":"Feature","geometry":{"type":"Point","coordinates":[-76.9039,2.20592]},"properties":{"t":"2026-09-29T19:13:00Z","sensor":"VIIRS Suomi NPP","confianza":"nominal","frp_MW":3.77,"dia_noche":"D","ec":false}},{"type":"Feature","geometry":{"type":"Point","coordinates":[-76.90433,2.21067]},"properties":{"t":"2026-09-29T19:13:00Z","sensor":"VIIRS Suomi NPP","confianza":"nominal","frp_MW":3.77,"dia_noche":"D","ec":false}},{"type":"Feature","geometry":{"type":"Point","coordinates":[-76.89233,2.3007]},"properties":{"t":"2026-09-29T19:13:00Z","sensor":"VIIRS Suomi NPP","confianza":"nominal","frp_MW":5.16,"dia_noche":"D","ec":false}},{"type":"Feature","geometry":{"type":"Point","coordinates":[-76.9603,2.40738]},"properties":{"t":"2026-09-29T19:13:00Z","sensor":"VIIRS Suomi NPP","confianza":"nominal","frp_MW":9.07,"dia_noche":"D","ec":false}},{"type":"Feature","geometry":{"type":"Point","coordinates":[-78.94369,-5.44195]},"properties":{"t":"2026-09-29T19:30:00Z","sensor":"VIIRS NOAA-20","confianza":"nominal","frp_MW":2.89,"dia_noche":"D","ec":false}},{"type":"Feature","geometry":{"type":"Point","coordinates":[-78.83086,-5.31524]},"properties":{"t":"2026-09-29T19:30:00Z","sensor":"VIIRS NOAA-20","confianza":"nominal","frp_MW":2.62,"dia_noche":"D","ec":false}},{"type":"Feature","geometry":{"type":"Point","coordinates":[-78.80126,-5.28082]},"properties":{"t":"2026-09-29T19:30:00Z","sensor":"VIIRS NOAA-20","confianza":"nominal","frp_MW":3.89,"dia_noche":"D","ec":false}},{"type":"Feature","geometry":{"type":"Point","coordinates":[-78.88726,-5.20198]},"properties":{"t":"2026-09-29T19:30:00Z","sensor":"VIIRS NOAA-20","confianza":"nominal","frp_MW":4.52,"dia_noche":"D","ec":false}},{"type":"Feature","geometry":{"type":"Point","coordinates":[-78.88824,-5.20012]},"properties":{"t":"2026-09-29T19:30:00Z","sensor":"VIIRS NOAA-20","confianza":"nominal","frp_MW":8.7,"dia_noche":"D","ec":false}},{"type":"Feature","geometry":{"type":"Point","coordinates":[-78.04752,-4.95053]},"properties":{"t":"2026-09-29T19:30:00Z","sensor":"VIIRS NOAA-20","confianza":"nominal","frp_MW":3.73,"dia_noche":"D","ec":false}},{"type":"Feature","geometry":{"type":"Point","coordinates":[-78.0452,-4.95447]},"properties":{"t":"2026-09-29T19:30:00Z","sensor":"VIIRS NOAA-20","confianza":"nominal","frp_MW":6.38,"dia_noche":"D","ec":false}},{"type":"Feature","geometry":{"type":"Point","coordinates":[-78.06491,-4.83218]},"properties":{"t":"2026-09-29T19:30:00Z","sensor":"VIIRS NOAA-20","confianza":"nominal","frp_MW":1.33,"dia_noche":"D","ec":false}},{"type":"Feature","geometry":{"type":"Point","coordinates":[-79.49358,-4.54452]},"properties":{"t":"2026-09-29T19:30:00Z","sensor":"VIIRS NOAA-20","confianza":"high","frp_MW":23.94,"dia_noche":"D","ec":false}},{"type":"Feature","geometry":{"type":"Point","coordinates":[-79.4995,-4.54552]},"properties":{"t":"2026-09-29T19:30:00Z","sensor":"VIIRS NOAA-20","confianza":"nominal","frp_MW":23.94,"dia_noche":"D","ec":false}},{"type":"Feature","geometry":{"type":"Point","coordinates":[-78.58097,-1.77731]},"properties":{"t":"2026-09-29T19:32:00Z","sensor":"VIIRS NOAA-20","confianza":"high","frp_MW":15.09,"dia_noche":"D","ec":true}},{"type":"Feature","geometry":{"type":"Point","coordinates":[-78.58475,-1.77793]},"properties":{"t":"2026-09-29T19:32:00Z","sensor":"VIIRS NOAA-20","confianza":"high","frp_MW":23.54,"dia_noche":"D","ec":true}},{"type":"Feature","geometry":{"type":"Point","coordinates":[-78.58643,-1.77193]},"properties":{"t":"2026-09-29T19:32:00Z","sensor":"VIIRS NOAA-20","confianza":"nominal","frp_MW":9.57,"dia_noche":"D","ec":true}},{"type":"Feature","geometry":{"type":"Point","coordinates":[-80.30106,-2.03124]},"properties":{"t":"2026-09-29T19:32:00Z","sensor":"VIIRS NOAA-20","confianza":"nominal","frp_MW":2.89,"dia_noche":"D","ec":true}},{"type":"Feature","geometry":{"type":"Point","coordinates":[-78.68933,-1.70703]},"properties":{"t":"2026-09-29T19:32:00Z","sensor":"VIIRS NOAA-20","confianza":"nominal","frp_MW":3.2,"dia_noche":"D","ec":true}},{"type":"Feature","geometry":{"type":"Point","coordinates":[-78.54226,-1.63264]},"properties":{"t":"2026-09-29T19:32:00Z","sensor":"VIIRS NOAA-20","confianza":"high","frp_MW":14.89,"dia_noche":"D","ec":true}},{"type":"Feature","geometry":{"type":"Point","coordinates":[-78.54171,-1.62624]},"properties":{"t":"2026-09-29T19:32:00Z","sensor":"VIIRS NOAA-20","confianza":"nominal","frp_MW":14.89,"dia_noche":"D","ec":true}},{"type":"Feature","geometry":{"type":"Point","coordinates":[-78.54376,-1.63309]},"properties":{"t":"2026-09-29T19:32:00Z","sensor":"VIIRS NOAA-20","confianza":"nominal","frp_MW":12.08,"dia_noche":"D","ec":true}},{"type":"Feature","geometry":{"type":"Point","coordinates":[-78.54333,-1.62672]},"properties":{"t":"2026-09-29T19:32:00Z","sensor":"VIIRS NOAA-20","confianza":"high","frp_MW":17.05,"dia_noche":"D","ec":true}},{"type":"Feature","geometry":{"type":"Point","coordinates":[-78.57756,-1.57555]},"properties":{"t":"2026-09-29T19:32:00Z","sensor":"VIIRS NOAA-20","confianza":"low","frp_MW":5.57,"dia_noche":"D","ec":true}},{"type":"Feature","geometry":{"type":"Point","coordinates":[-76.64567,-0.15588]},"properties":{"t":"2026-09-29T19:32:00Z","sensor":"VIIRS NOAA-20","confianza":"nominal","frp_MW":3.98,"dia_noche":"D","ec":true}},{"type":"Feature","geometry":{"type":"Point","coordinates":[-79.07692,-5.05861]},"properties":{"t":"2026-09-29T21:04:00Z","sensor":"MODIS","confianza":"79","frp_MW":11.07,"dia_noche":"D","ec":false}},{"type":"Feature","geometry":{"type":"Point","coordinates":[-78.85006,-3.06438]},"properties":{"t":"2026-09-29T21:06:00Z","sensor":"MODIS","confianza":"75","frp_MW":11.93,"dia_noche":"D","ec":true}},{"type":"Feature","geometry":{"type":"Point","coordinates":[-80.15702,-2.35253]},"properties":{"t":"2026-09-29T21:06:00Z","sensor":"MODIS","confianza":"44","frp_MW":6.57,"dia_noche":"D","ec":true}},{"type":"Feature","geometry":{"type":"Point","coordinates":[-78.54245,-1.63201]},"properties":{"t":"2026-09-29T21:06:00Z","sensor":"MODIS","confianza":"83","frp_MW":23.95,"dia_noche":"D","ec":true}},{"type":"Feature","geometry":{"type":"Point","coordinates":[-76.46991,-0.3336]},"properties":{"t":"2026-09-29T21:06:00Z","sensor":"MODIS","confianza":"64","frp_MW":11.55,"dia_noche":"D","ec":true}},{"type":"Feature","geometry":{"type":"Point","coordinates":[-78.31081,0.31473]},"properties":{"t":"2026-09-29T21:06:00Z","sensor":"MODIS","confianza":"42","frp_MW":10.23,"dia_noche":"D","ec":true}},{"type":"Feature","geometry":{"type":"Point","coordinates":[-77.85104,0.4643]},"properties":{"t":"2026-09-29T21:06:00Z","sensor":"MODIS","confianza":"73","frp_MW":25.15,"dia_noche":"D","ec":true}},{"type":"Feature","geometry":{"type":"Point","coordinates":[-77.86119,0.46281]},"properties":{"t":"2026-09-29T21:06:00Z","sensor":"MODIS","confianza":"62","frp_MW":18.78,"dia_noche":"D","ec":true}},{"type":"Feature","geometry":{"type":"Point","coordinates":[-78.23888,0.49026]},"properties":{"t":"2026-09-29T21:06:00Z","sensor":"MODIS","confianza":"65","frp_MW":12.72,"dia_noche":"D","ec":true}},{"type":"Feature","geometry":{"type":"Point","coordinates":[-78.24999,0.48863]},"properties":{"t":"2026-09-29T21:06:00Z","sensor":"MODIS","confianza":"53","frp_MW":11.48,"dia_noche":"D","ec":true}},{"type":"Feature","geometry":{"type":"Point","coordinates":[-77.61414,1.27932]},"properties":{"t":"2026-09-29T21:06:00Z","sensor":"MODIS","confianza":"38","frp_MW":7.88,"dia_noche":"D","ec":false}},{"type":"Feature","geometry":{"type":"Point","coordinates":[-77.65795,-0.07504]},"properties":{"t":"2026-09-30T01:20:00Z","sensor":"MODIS","confianza":"73","frp_MW":46.31,"dia_noche":"N","ec":true}},{"type":"Feature","geometry":{"type":"Point","coordinates":[-78.33399,-2.01335]},"properties":{"t":"2026-09-30T01:20:00Z","sensor":"MODIS","confianza":"99","frp_MW":123.06,"dia_noche":"N","ec":true}},{"type":"Feature","geometry":{"type":"Point","coordinates":[-78.36948,-2.01804]},"properties":{"t":"2026-09-30T01:20:00Z","sensor":"MODIS","confianza":"100","frp_MW":177.31,"dia_noche":"N","ec":true}},{"type":"Feature","geometry":{"type":"Point","coordinates":[-78.33318,-1.99794]},"properties":{"t":"2026-09-30T01:20:00Z","sensor":"MODIS","confianza":"81","frp_MW":81.38,"dia_noche":"N","ec":true}},{"type":"Feature","geometry":{"type":"Point","coordinates":[-78.37048,-2.00282]},"properties":{"t":"2026-09-30T01:20:00Z","sensor":"MODIS","confianza":"100","frp_MW":251.68,"dia_noche":"N","ec":true}},{"type":"Feature","geometry":{"type":"Point","coordinates":[-78.33936,-2.01482]},"properties":{"t":"2026-09-30T01:20:00Z","sensor":"MODIS","confianza":"92","frp_MW":107.17,"dia_noche":"N","ec":true}},{"type":"Feature","geometry":{"type":"Point","coordinates":[-78.37635,-2.02002]},"properties":{"t":"2026-09-30T01:20:00Z","sensor":"MODIS","confianza":"37","frp_MW":49.68,"dia_noche":"N","ec":true}},{"type":"Feature","geometry":{"type":"Point","coordinates":[-78.33732,-1.9992]},"properties":{"t":"2026-09-30T01:20:00Z","sensor":"MODIS","confianza":"100","frp_MW":248.07,"dia_noche":"N","ec":true}},{"type":"Feature","geometry":{"type":"Point","coordinates":[-78.37702,-2.00474]},"properties":{"t":"2026-09-30T01:20:00Z","sensor":"MODIS","confianza":"100","frp_MW":218.02,"dia_noche":"N","ec":true}},{"type":"Feature","geometry":{"type":"Point","coordinates":[-77.65343,-0.08057]},"properties":{"t":"2026-09-30T01:20:00Z","sensor":"MODIS","confianza":"58","frp_MW":35.59,"dia_noche":"N","ec":true}},{"type":"Feature","geometry":{"type":"Point","coordinates":[-77.67608,-0.08364]},"properties":{"t":"2026-09-30T01:20:00Z","sensor":"MODIS","confianza":"75","frp_MW":49.35,"dia_noche":"N","ec":true}},{"type":"Feature","geometry":{"type":"Point","coordinates":[-76.64851,-0.15224]},"properties":{"t":"2026-09-30T06:12:00Z","sensor":"VIIRS Suomi NPP","confianza":"nominal","frp_MW":2.3,"dia_noche":"N","ec":true}},{"type":"Feature","geometry":{"type":"Point","coordinates":[-76.65663,-0.19668]},"properties":{"t":"2026-09-30T06:12:00Z","sensor":"VIIRS Suomi NPP","confianza":"nominal","frp_MW":1.35,"dia_noche":"N","ec":true}},{"type":"Feature","geometry":{"type":"Point","coordinates":[-77.66125,-0.07658]},"properties":{"t":"2026-09-30T06:12:00Z","sensor":"VIIRS Suomi NPP","confianza":"nominal","frp_MW":1.95,"dia_noche":"N","ec":true}},{"type":"Feature","geometry":{"type":"Point","coordinates":[-77.66241,-0.08188]},"properties":{"t":"2026-09-30T06:12:00Z","sensor":"VIIRS Suomi NPP","confianza":"nominal","frp_MW":4.07,"dia_noche":"N","ec":true}},{"type":"Feature","geometry":{"type":"Point","coordinates":[-77.66518,-0.08143]},"properties":{"t":"2026-09-30T06:12:00Z","sensor":"VIIRS Suomi NPP","confianza":"nominal","frp_MW":4.09,"dia_noche":"N","ec":true}},{"type":"Feature","geometry":{"type":"Point","coordinates":[-77.6597,-0.08231]},"properties":{"t":"2026-09-30T06:12:00Z","sensor":"VIIRS Suomi NPP","confianza":"nominal","frp_MW":4.07,"dia_noche":"N","ec":true}},{"type":"Feature","geometry":{"type":"Point","coordinates":[-77.65707,-0.08273]},"properties":{"t":"2026-09-30T06:12:00Z","sensor":"VIIRS Suomi NPP","confianza":"nominal","frp_MW":2.64,"dia_noche":"N","ec":true}},{"type":"Feature","geometry":{"type":"Point","coordinates":[-77.0002,-0.26386]},"properties":{"t":"2026-09-30T06:12:00Z","sensor":"VIIRS Suomi NPP","confianza":"nominal","frp_MW":2.62,"dia_noche":"N","ec":true}},{"type":"Feature","geometry":{"type":"Point","coordinates":[-76.99429,-0.26482]},"properties":{"t":"2026-09-30T06:12:00Z","sensor":"VIIRS Suomi NPP","confianza":"nominal","frp_MW":1.64,"dia_noche":"N","ec":true}},{"type":"Feature","geometry":{"type":"Point","coordinates":[-76.88072,-0.3747]},"properties":{"t":"2026-09-30T06:12:00Z","sensor":"VIIRS Suomi NPP","confianza":"nominal","frp_MW":0.97,"dia_noche":"N","ec":true}},{"type":"Feature","geometry":{"type":"Point","coordinates":[-76.12505,-0.52777]},"properties":{"t":"2026-09-30T06:12:00Z","sensor":"VIIRS Suomi NPP","confianza":"nominal","frp_MW":1.46,"dia_noche":"N","ec":true}},{"type":"Feature","geometry":{"type":"Point","coordinates":[-78.39204,-1.98576]},"properties":{"t":"2026-09-30T06:12:00Z","sensor":"VIIRS Suomi NPP","confianza":"nominal","frp_MW":1.26,"dia_noche":"N","ec":true}},{"type":"Feature","geometry":{"type":"Point","coordinates":[-78.3884,-1.98636]},"properties":{"t":"2026-09-30T06:12:00Z","sensor":"VIIRS Suomi NPP","confianza":"nominal","frp_MW":1.26,"dia_noche":"N","ec":true}},{"type":"Feature","geometry":{"type":"Point","coordinates":[-78.39507,-1.99085]},"properties":{"t":"2026-09-30T06:12:00Z","sensor":"VIIRS Suomi NPP","confianza":"nominal","frp_MW":2.75,"dia_noche":"N","ec":true}},{"type":"Feature","geometry":{"type":"Point","coordinates":[-78.39141,-1.99145]},"properties":{"t":"2026-09-30T06:12:00Z","sensor":"VIIRS Suomi NPP","confianza":"nominal","frp_MW":1.26,"dia_noche":"N","ec":true}},{"type":"Feature","geometry":{"type":"Point","coordinates":[-78.38757,-1.99209]},"properties":{"t":"2026-09-30T06:12:00Z","sensor":"VIIRS Suomi NPP","confianza":"nominal","frp_MW":1.26,"dia_noche":"N","ec":true}},{"type":"Feature","geometry":{"type":"Point","coordinates":[-78.38358,-1.99275]},"properties":{"t":"2026-09-30T06:12:00Z","sensor":"VIIRS Suomi NPP","confianza":"nominal","frp_MW":2.02,"dia_noche":"N","ec":true}},{"type":"Feature","geometry":{"type":"Point","coordinates":[-78.36356,-1.99606]},"properties":{"t":"2026-09-30T06:12:00Z","sensor":"VIIRS Suomi NPP","confianza":"nominal","frp_MW":1.89,"dia_noche":"N","ec":true}},{"type":"Feature","geometry":{"type":"Point","coordinates":[-78.35476,-1.99751]},"properties":{"t":"2026-09-30T06:12:00Z","sensor":"VIIRS Suomi NPP","confianza":"nominal","frp_MW":1.89,"dia_noche":"N","ec":true}},{"type":"Feature","geometry":{"type":"Point","coordinates":[-78.34491,-1.99914]},"properties":{"t":"2026-09-30T06:12:00Z","sensor":"VIIRS Suomi NPP","confianza":"nominal","frp_MW":2.66,"dia_noche":"N","ec":true}},{"type":"Feature","geometry":{"type":"Point","coordinates":[-78.34081,-1.99982]},"properties":{"t":"2026-09-30T06:12:00Z","sensor":"VIIRS Suomi NPP","confianza":"nominal","frp_MW":2.66,"dia_noche":"N","ec":true}},{"type":"Feature","geometry":{"type":"Point","coordinates":[-78.3375,-2.00036]},"properties":{"t":"2026-09-30T06:12:00Z","sensor":"VIIRS Suomi NPP","confianza":"nominal","frp_MW":1.15,"dia_noche":"N","ec":true}},{"type":"Feature","geometry":{"type":"Point","coordinates":[-78.33491,-2.00079]},"properties":{"t":"2026-09-30T06:12:00Z","sensor":"VIIRS Suomi NPP","confianza":"nominal","frp_MW":1.15,"dia_noche":"N","ec":true}},{"type":"Feature","geometry":{"type":"Point","coordinates":[-78.38278,-1.99847]},"properties":{"t":"2026-09-30T06:12:00Z","sensor":"VIIRS Suomi NPP","confianza":"nominal","frp_MW":1.96,"dia_noche":"N","ec":true}},{"type":"Feature","geometry":{"type":"Point","coordinates":[-78.36285,-2.00175]},"properties":{"t":"2026-09-30T06:12:00Z","sensor":"VIIRS Suomi NPP","confianza":"nominal","frp_MW":50.71,"dia_noche":"N","ec":true}},{"type":"Feature","geometry":{"type":"Point","coordinates":[-78.34714,-2.00433]},"properties":{"t":"2026-09-30T06:12:00Z","sensor":"VIIRS Suomi NPP","confianza":"high","frp_MW":50.71,"dia_noche":"N","ec":true}},{"type":"Feature","geometry":{"type":"Point","coordinates":[-78.3371,-2.00599]},"properties":{"t":"2026-09-30T06:12:00Z","sensor":"VIIRS Suomi NPP","confianza":"nominal","frp_MW":32.22,"dia_noche":"N","ec":true}},{"type":"Feature","geometry":{"type":"Point","coordinates":[-78.33504,-2.00634]},"properties":{"t":"2026-09-30T06:12:00Z","sensor":"VIIRS Suomi NPP","confianza":"nominal","frp_MW":32.22,"dia_noche":"N","ec":true}},{"type":"Feature","geometry":{"type":"Point","coordinates":[-78.39838,-1.99589]},"properties":{"t":"2026-09-30T06:12:00Z","sensor":"VIIRS Suomi NPP","confianza":"nominal","frp_MW":1.29,"dia_noche":"N","ec":true}},{"type":"Feature","geometry":{"type":"Point","coordinates":[-78.39483,-1.99648]},"properties":{"t":"2026-09-30T06:12:00Z","sensor":"VIIRS Suomi NPP","confianza":"nominal","frp_MW":1.29,"dia_noche":"N","ec":true}},{"type":"Feature","geometry":{"type":"Point","coordinates":[-78.39101,-1.99711]},"properties":{"t":"2026-09-30T06:12:00Z","sensor":"VIIRS Suomi NPP","confianza":"nominal","frp_MW":2.29,"dia_noche":"N","ec":true}},{"type":"Feature","geometry":{"type":"Point","coordinates":[-78.38697,-1.99777]},"properties":{"t":"2026-09-30T06:12:00Z","sensor":"VIIRS Suomi NPP","confianza":"nominal","frp_MW":2.29,"dia_noche":"N","ec":true}},{"type":"Feature","geometry":{"type":"Point","coordinates":[-78.3785,-1.99917]},"properties":{"t":"2026-09-30T06:12:00Z","sensor":"VIIRS Suomi NPP","confianza":"nominal","frp_MW":1.96,"dia_noche":"N","ec":true}},{"type":"Feature","geometry":{"type":"Point","coordinates":[-78.36926,-2.0007]},"properties":{"t":"2026-09-30T06:12:00Z","sensor":"VIIRS Suomi NPP","confianza":"nominal","frp_MW":3.25,"dia_noche":"N","ec":true}},{"type":"Feature","geometry":{"type":"Point","coordinates":[-78.33326,-2.00663]},"properties":{"t":"2026-09-30T06:12:00Z","sensor":"VIIRS Suomi NPP","confianza":"nominal","frp_MW":4.12,"dia_noche":"N","ec":true}},{"type":"Feature","geometry":{"type":"Point","coordinates":[-78.33147,-2.00693]},"properties":{"t":"2026-09-30T06:12:00Z","sensor":"VIIRS Suomi NPP","confianza":"nominal","frp_MW":4.12,"dia_noche":"N","ec":true}},{"type":"Feature","geometry":{"type":"Point","coordinates":[-78.36414,-2.00712]},"properties":{"t":"2026-09-30T06:12:00Z","sensor":"VIIRS Suomi NPP","confianza":"nominal","frp_MW":50.71,"dia_noche":"N","ec":true}},{"type":"Feature","geometry":{"type":"Point","coordinates":[-78.35505,-2.00861]},"properties":{"t":"2026-09-30T06:12:00Z","sensor":"VIIRS Suomi NPP","confianza":"nominal","frp_MW":50.71,"dia_noche":"N","ec":true}},{"type":"Feature","geometry":{"type":"Point","coordinates":[-78.34659,-2.00999]},"properties":{"t":"2026-09-30T06:12:00Z","sensor":"VIIRS Suomi NPP","confianza":"nominal","frp_MW":180.77,"dia_noche":"N","ec":true}},{"type":"Feature","geometry":{"type":"Point","coordinates":[-78.3428,-2.01062]},"properties":{"t":"2026-09-30T06:12:00Z","sensor":"VIIRS Suomi NPP","confianza":"high","frp_MW":180.77,"dia_noche":"N","ec":true}},{"type":"Feature","geometry":{"type":"Point","coordinates":[-78.33998,-2.01108]},"properties":{"t":"2026-09-30T06:12:00Z","sensor":"VIIRS Suomi NPP","confianza":"high","frp_MW":32.22,"dia_noche":"N","ec":true}},{"type":"Feature","geometry":{"type":"Point","coordinates":[-78.33735,-2.01152]},"properties":{"t":"2026-09-30T06:12:00Z","sensor":"VIIRS Suomi NPP","confianza":"nominal","frp_MW":32.22,"dia_noche":"N","ec":true}},{"type":"Feature","geometry":{"type":"Point","coordinates":[-78.33534,-2.01185]},"properties":{"t":"2026-09-30T06:12:00Z","sensor":"VIIRS Suomi NPP","confianza":"nominal","frp_MW":4.12,"dia_noche":"N","ec":true}},{"type":"Feature","geometry":{"type":"Point","coordinates":[-78.39568,-2.00193]},"properties":{"t":"2026-09-30T06:12:00Z","sensor":"VIIRS Suomi NPP","confianza":"nominal","frp_MW":1.29,"dia_noche":"N","ec":true}},{"type":"Feature","geometry":{"type":"Point","coordinates":[-78.39151,-2.00261]},"properties":{"t":"2026-09-30T06:12:00Z","sensor":"VIIRS Suomi NPP","confianza":"nominal","frp_MW":2.29,"dia_noche":"N","ec":true}},{"type":"Feature","geometry":{"type":"Point","coordinates":[-78.3871,-2.00334]},"properties":{"t":"2026-09-30T06:12:00Z","sensor":"VIIRS Suomi NPP","confianza":"nominal","frp_MW":2.29,"dia_noche":"N","ec":true}},{"type":"Feature","geometry":{"type":"Point","coordinates":[-78.38286,-2.00404]},"properties":{"t":"2026-09-30T06:12:00Z","sensor":"VIIRS Suomi NPP","confianza":"nominal","frp_MW":1.96,"dia_noche":"N","ec":true}},{"type":"Feature","geometry":{"type":"Point","coordinates":[-78.37868,-2.00473]},"properties":{"t":"2026-09-30T06:12:00Z","sensor":"VIIRS Suomi NPP","confianza":"nominal","frp_MW":1.96,"dia_noche":"N","ec":true}},{"type":"Feature","geometry":{"type":"Point","coordinates":[-78.36999,-2.00616]},"properties":{"t":"2026-09-30T06:12:00Z","sensor":"VIIRS Suomi NPP","confianza":"nominal","frp_MW":3.25,"dia_noche":"N","ec":true}},{"type":"Feature","geometry":{"type":"Point","coordinates":[-78.33338,-2.01218]},"properties":{"t":"2026-09-30T06:12:00Z","sensor":"VIIRS Suomi NPP","confianza":"nominal","frp_MW":4.12,"dia_noche":"N","ec":true}},{"type":"Feature","geometry":{"type":"Point","coordinates":[-78.3315,-2.01249]},"properties":{"t":"2026-09-30T06:12:00Z","sensor":"VIIRS Suomi NPP","confianza":"nominal","frp_MW":3.32,"dia_noche":"N","ec":true}},{"type":"Feature","geometry":{"type":"Point","coordinates":[-78.39248,-2.00804]},"properties":{"t":"2026-09-30T06:12:00Z","sensor":"VIIRS Suomi NPP","confianza":"nominal","frp_MW":1.23,"dia_noche":"N","ec":true}},{"type":"Feature","geometry":{"type":"Point","coordinates":[-78.38831,-2.00873]},"properties":{"t":"2026-09-30T06:12:00Z","sensor":"VIIRS Suomi NPP","confianza":"nominal","frp_MW":1.23,"dia_noche":"N","ec":true}},{"type":"Feature","geometry":{"type":"Point","coordinates":[-78.38428,-2.00939]},"properties":{"t":"2026-09-30T06:12:00Z","sensor":"VIIRS Suomi NPP","confianza":"nominal","frp_MW":1.17,"dia_noche":"N","ec":true}},{"type":"Feature","geometry":{"type":"Point","coordinates":[-78.38022,-2.01006]},"properties":{"t":"2026-09-30T06:12:00Z","sensor":"VIIRS Suomi NPP","confianza":"nominal","frp_MW":1.17,"dia_noche":"N","ec":true}},{"type":"Feature","geometry":{"type":"Point","coordinates":[-77.03645,1.40115]},"properties":{"t":"2026-09-30T06:31:00Z","sensor":"VIIRS NOAA-20","confianza":"nominal","frp_MW":1.19,"dia_noche":"N","ec":false}},{"type":"Feature","geometry":{"type":"Point","coordinates":[-77.03606,1.40189]},"properties":{"t":"2026-09-30T06:31:00Z","sensor":"VIIRS NOAA-20","confianza":"nominal","frp_MW":0.91,"dia_noche":"N","ec":false}},{"type":"Feature","geometry":{"type":"Point","coordinates":[-77.887,0.44745]},"properties":{"t":"2026-09-30T06:31:00Z","sensor":"VIIRS NOAA-20","confianza":"nominal","frp_MW":1.69,"dia_noche":"N","ec":true}},{"type":"Feature","geometry":{"type":"Point","coordinates":[-77.89046,0.44824]},"properties":{"t":"2026-09-30T06:31:00Z","sensor":"VIIRS NOAA-20","confianza":"nominal","frp_MW":1.01,"dia_noche":"N","ec":true}},{"type":"Feature","geometry":{"type":"Point","coordinates":[-77.88618,0.44754]},"properties":{"t":"2026-09-30T06:31:00Z","sensor":"VIIRS NOAA-20","confianza":"nominal","frp_MW":1.01,"dia_noche":"N","ec":true}},{"type":"Feature","geometry":{"type":"Point","coordinates":[-78.31384,0.24341]},"properties":{"t":"2026-09-30T06:31:00Z","sensor":"VIIRS NOAA-20","confianza":"nominal","frp_MW":1.04,"dia_noche":"N","ec":true}},{"type":"Feature","geometry":{"type":"Point","coordinates":[-76.77565,-0.00316]},"properties":{"t":"2026-09-30T06:31:00Z","sensor":"VIIRS NOAA-20","confianza":"nominal","frp_MW":0.57,"dia_noche":"N","ec":true}},{"type":"Feature","geometry":{"type":"Point","coordinates":[-76.6505,-0.15229]},"properties":{"t":"2026-09-30T06:31:00Z","sensor":"VIIRS NOAA-20","confianza":"nominal","frp_MW":1.62,"dia_noche":"N","ec":true}},{"type":"Feature","geometry":{"type":"Point","coordinates":[-77.66042,-0.07342]},"properties":{"t":"2026-09-30T06:31:00Z","sensor":"VIIRS NOAA-20","confianza":"nominal","frp_MW":0.71,"dia_noche":"N","ec":true}},{"type":"Feature","geometry":{"type":"Point","coordinates":[-77.66086,-0.07692]},"properties":{"t":"2026-09-30T06:31:00Z","sensor":"VIIRS NOAA-20","confianza":"nominal","frp_MW":8.93,"dia_noche":"N","ec":true}},{"type":"Feature","geometry":{"type":"Point","coordinates":[-77.66141,-0.08041]},"properties":{"t":"2026-09-30T06:31:00Z","sensor":"VIIRS NOAA-20","confianza":"nominal","frp_MW":8.93,"dia_noche":"N","ec":true}},{"type":"Feature","geometry":{"type":"Point","coordinates":[-77.65774,-0.08099]},"properties":{"t":"2026-09-30T06:31:00Z","sensor":"VIIRS NOAA-20","confianza":"nominal","frp_MW":8.93,"dia_noche":"N","ec":true}},{"type":"Feature","geometry":{"type":"Point","coordinates":[-77.65417,-0.08155]},"properties":{"t":"2026-09-30T06:31:00Z","sensor":"VIIRS NOAA-20","confianza":"nominal","frp_MW":2.26,"dia_noche":"N","ec":true}},{"type":"Feature","geometry":{"type":"Point","coordinates":[-77.64758,-0.0826]},"properties":{"t":"2026-09-30T06:31:00Z","sensor":"VIIRS NOAA-20","confianza":"nominal","frp_MW":0.61,"dia_noche":"N","ec":true}},{"type":"Feature","geometry":{"type":"Point","coordinates":[-76.80685,-0.32768]},"properties":{"t":"2026-09-30T06:31:00Z","sensor":"VIIRS NOAA-20","confianza":"nominal","frp_MW":0.21,"dia_noche":"N","ec":true}},{"type":"Feature","geometry":{"type":"Point","coordinates":[-76.88135,-0.3298]},"properties":{"t":"2026-09-30T06:31:00Z","sensor":"VIIRS NOAA-20","confianza":"nominal","frp_MW":0.59,"dia_noche":"N","ec":true}},{"type":"Feature","geometry":{"type":"Point","coordinates":[-76.88072,-0.37266]},"properties":{"t":"2026-09-30T06:31:00Z","sensor":"VIIRS NOAA-20","confianza":"nominal","frp_MW":0.62,"dia_noche":"N","ec":true}},{"type":"Feature","geometry":{"type":"Point","coordinates":[-76.81258,-0.38702]},"properties":{"t":"2026-09-30T06:31:00Z","sensor":"VIIRS NOAA-20","confianza":"nominal","frp_MW":0.9,"dia_noche":"N","ec":true}},{"type":"Feature","geometry":{"type":"Point","coordinates":[-76.12724,-0.52697]},"properties":{"t":"2026-09-30T06:31:00Z","sensor":"VIIRS NOAA-20","confianza":"nominal","frp_MW":0.52,"dia_noche":"N","ec":true}},{"type":"Feature","geometry":{"type":"Point","coordinates":[-76.86242,-0.44502]},"properties":{"t":"2026-09-30T06:31:00Z","sensor":"VIIRS NOAA-20","confianza":"nominal","frp_MW":0.47,"dia_noche":"N","ec":true}},{"type":"Feature","geometry":{"type":"Point","coordinates":[-75.56734,-0.83996]},"properties":{"t":"2026-09-30T06:31:00Z","sensor":"VIIRS NOAA-20","confianza":"nominal","frp_MW":0.61,"dia_noche":"N","ec":true}},{"type":"Feature","geometry":{"type":"Point","coordinates":[-78.54692,-1.62648]},"properties":{"t":"2026-09-30T06:31:00Z","sensor":"VIIRS NOAA-20","confianza":"nominal","frp_MW":5.35,"dia_noche":"N","ec":true}},{"type":"Feature","geometry":{"type":"Point","coordinates":[-78.59402,-1.86919]},"properties":{"t":"2026-09-30T06:31:00Z","sensor":"VIIRS NOAA-20","confianza":"nominal","frp_MW":0.72,"dia_noche":"N","ec":true}},{"type":"Feature","geometry":{"type":"Point","coordinates":[-78.34804,-1.99556]},"properties":{"t":"2026-09-30T06:31:00Z","sensor":"VIIRS NOAA-20","confianza":"nominal","frp_MW":1.54,"dia_noche":"N","ec":true}},{"type":"Feature","geometry":{"type":"Point","coordinates":[-78.34361,-1.99628]},"properties":{"t":"2026-09-30T06:31:00Z","sensor":"VIIRS NOAA-20","confianza":"nominal","frp_MW":1.91,"dia_noche":"N","ec":true}},{"type":"Feature","geometry":{"type":"Point","coordinates":[-78.3395,-1.99694]},"properties":{"t":"2026-09-30T06:31:00Z","sensor":"VIIRS NOAA-20","confianza":"nominal","frp_MW":1.91,"dia_noche":"N","ec":true}},{"type":"Feature","geometry":{"type":"Point","coordinates":[-78.34341,-1.99993]},"properties":{"t":"2026-09-30T06:31:00Z","sensor":"VIIRS NOAA-20","confianza":"nominal","frp_MW":1.91,"dia_noche":"N","ec":true}},{"type":"Feature","geometry":{"type":"Point","coordinates":[-78.3528,-1.9984]},"properties":{"t":"2026-09-30T06:31:00Z","sensor":"VIIRS NOAA-20","confianza":"nominal","frp_MW":1.54,"dia_noche":"N","ec":true}},{"type":"Feature","geometry":{"type":"Point","coordinates":[-78.34789,-1.9992]},"properties":{"t":"2026-09-30T06:31:00Z","sensor":"VIIRS NOAA-20","confianza":"nominal","frp_MW":1.54,"dia_noche":"N","ec":true}},{"type":"Feature","geometry":{"type":"Point","coordinates":[-78.33932,-2.00058]},"properties":{"t":"2026-09-30T06:31:00Z","sensor":"VIIRS NOAA-20","confianza":"nominal","frp_MW":1.91,"dia_noche":"N","ec":true}},{"type":"Feature","geometry":{"type":"Point","coordinates":[-78.33564,-2.00118]},"properties":{"t":"2026-09-30T06:31:00Z","sensor":"VIIRS NOAA-20","confianza":"nominal","frp_MW":1.18,"dia_noche":"N","ec":true}},{"type":"Feature","geometry":{"type":"Point","coordinates":[-78.34771,-2.00284]},"properties":{"t":"2026-09-30T06:31:00Z","sensor":"VIIRS NOAA-20","confianza":"nominal","frp_MW":3.32,"dia_noche":"N","ec":true}},{"type":"Feature","geometry":{"type":"Point","coordinates":[-78.34327,-2.00356]},"properties":{"t":"2026-09-30T06:31:00Z","sensor":"VIIRS NOAA-20","confianza":"nominal","frp_MW":90.6,"dia_noche":"N","ec":true}},{"type":"Feature","geometry":{"type":"Point","coordinates":[-78.33936,-2.00419]},"properties":{"t":"2026-09-30T06:31:00Z","sensor":"VIIRS NOAA-20","confianza":"nominal","frp_MW":90.6,"dia_noche":"N","ec":true}},{"type":"Feature","geometry":{"type":"Point","coordinates":[-78.35291,-2.002]},"properties":{"t":"2026-09-30T06:31:00Z","sensor":"VIIRS NOAA-20","confianza":"nominal","frp_MW":3.32,"dia_noche":"N","ec":true}},{"type":"Feature","geometry":{"type":"Point","coordinates":[-78.33584,-2.00475]},"properties":{"t":"2026-09-30T06:31:00Z","sensor":"VIIRS NOAA-20","confianza":"nominal","frp_MW":13.4,"dia_noche":"N","ec":true}},{"type":"Feature","geometry":{"type":"Point","coordinates":[-78.34843,-2.00633]},"properties":{"t":"2026-09-30T06:31:00Z","sensor":"VIIRS NOAA-20","confianza":"nominal","frp_MW":3.32,"dia_noche":"N","ec":true}},{"type":"Feature","geometry":{"type":"Point","coordinates":[-78.34406,-2.00704]},"properties":{"t":"2026-09-30T06:31:00Z","sensor":"VIIRS NOAA-20","confianza":"nominal","frp_MW":90.6,"dia_noche":"N","ec":true}},{"type":"Feature","geometry":{"type":"Point","coordinates":[-78.34025,-2.00765]},"properties":{"t":"2026-09-30T06:31:00Z","sensor":"VIIRS NOAA-20","confianza":"high","frp_MW":90.6,"dia_noche":"N","ec":true}},{"type":"Feature","geometry":{"type":"Point","coordinates":[-78.33668,-2.00822]},"properties":{"t":"2026-09-30T06:31:00Z","sensor":"VIIRS NOAA-20","confianza":"nominal","frp_MW":13.4,"dia_noche":"N","ec":true}},{"type":"Feature","geometry":{"type":"Point","coordinates":[-78.33344,-2.00875]},"properties":{"t":"2026-09-30T06:31:00Z","sensor":"VIIRS NOAA-20","confianza":"nominal","frp_MW":13.4,"dia_noche":"N","ec":true}},{"type":"Feature","geometry":{"type":"Point","coordinates":[-78.35343,-2.00553]},"properties":{"t":"2026-09-30T06:31:00Z","sensor":"VIIRS NOAA-20","confianza":"nominal","frp_MW":3.32,"dia_noche":"N","ec":true}},{"type":"Feature","geometry":{"type":"Point","coordinates":[-78.34516,-2.01047]},"properties":{"t":"2026-09-30T06:31:00Z","sensor":"VIIRS NOAA-20","confianza":"nominal","frp_MW":2.69,"dia_noche":"N","ec":true}},{"type":"Feature","geometry":{"type":"Point","coordinates":[-78.34132,-2.01109]},"properties":{"t":"2026-09-30T06:31:00Z","sensor":"VIIRS NOAA-20","confianza":"nominal","frp_MW":2.69,"dia_noche":"N","ec":true}},{"type":"Feature","geometry":{"type":"Point","coordinates":[-78.35439,-2.00898]},"properties":{"t":"2026-09-30T06:31:00Z","sensor":"VIIRS NOAA-20","confianza":"nominal","frp_MW":1.6,"dia_noche":"N","ec":true}},{"type":"Feature","geometry":{"type":"Point","coordinates":[-78.34962,-2.00975]},"properties":{"t":"2026-09-30T06:31:00Z","sensor":"VIIRS NOAA-20","confianza":"nominal","frp_MW":1.6,"dia_noche":"N","ec":true}},{"type":"Feature","geometry":{"type":"Point","coordinates":[-78.33766,-2.01167]},"properties":{"t":"2026-09-30T06:31:00Z","sensor":"VIIRS NOAA-20","confianza":"nominal","frp_MW":2.31,"dia_noche":"N","ec":true}},{"type":"Feature","geometry":{"type":"Point","coordinates":[-78.3343,-2.01221]},"properties":{"t":"2026-09-30T06:31:00Z","sensor":"VIIRS NOAA-20","confianza":"nominal","frp_MW":2.31,"dia_noche":"N","ec":true}},{"type":"Feature","geometry":{"type":"Point","coordinates":[-78.33106,-2.01273]},"properties":{"t":"2026-09-30T06:31:00Z","sensor":"VIIRS NOAA-20","confianza":"nominal","frp_MW":1.79,"dia_noche":"N","ec":true}},{"type":"Feature","geometry":{"type":"Point","coordinates":[-78.35075,-2.01318]},"properties":{"t":"2026-09-30T06:31:00Z","sensor":"VIIRS NOAA-20","confianza":"nominal","frp_MW":1.6,"dia_noche":"N","ec":true}},{"type":"Feature","geometry":{"type":"Point","coordinates":[-78.34637,-2.01388]},"properties":{"t":"2026-09-30T06:31:00Z","sensor":"VIIRS NOAA-20","confianza":"nominal","frp_MW":2.69,"dia_noche":"N","ec":true}},{"type":"Feature","geometry":{"type":"Point","coordinates":[-78.34252,-2.0145]},"properties":{"t":"2026-09-30T06:31:00Z","sensor":"VIIRS NOAA-20","confianza":"nominal","frp_MW":2.69,"dia_noche":"N","ec":true}},{"type":"Feature","geometry":{"type":"Point","coordinates":[-79.33423,-3.91489]},"properties":{"t":"2026-09-30T06:31:00Z","sensor":"VIIRS NOAA-20","confianza":"nominal","frp_MW":0.72,"dia_noche":"N","ec":true}},{"type":"Feature","geometry":{"type":"Point","coordinates":[-76.64909,-0.1558]},"properties":{"t":"2026-09-30T07:16:00Z","sensor":"VIIRS NOAA-21","confianza":"nominal","frp_MW":2.52,"dia_noche":"N","ec":true}},{"type":"Feature","geometry":{"type":"Point","coordinates":[-77.6545,-0.08268]},"properties":{"t":"2026-09-30T07:16:00Z","sensor":"VIIRS NOAA-21","confianza":"nominal","frp_MW":11.35,"dia_noche":"N","ec":true}},{"type":"Feature","geometry":{"type":"Point","coordinates":[-77.64133,-0.08468]},"properties":{"t":"2026-09-30T07:16:00Z","sensor":"VIIRS NOAA-21","confianza":"high","frp_MW":15.89,"dia_noche":"N","ec":true}},{"type":"Feature","geometry":{"type":"Point","coordinates":[-76.9976,-0.26625]},"properties":{"t":"2026-09-30T07:16:00Z","sensor":"VIIRS NOAA-21","confianza":"nominal","frp_MW":1.11,"dia_noche":"N","ec":true}},{"type":"Feature","geometry":{"type":"Point","coordinates":[-78.54486,-1.62363]},"properties":{"t":"2026-09-30T07:16:00Z","sensor":"VIIRS NOAA-21","confianza":"high","frp_MW":7.35,"dia_noche":"N","ec":true}},{"type":"Feature","geometry":{"type":"Point","coordinates":[-78.5423,-1.62402]},"properties":{"t":"2026-09-30T07:16:00Z","sensor":"VIIRS NOAA-21","confianza":"nominal","frp_MW":7.35,"dia_noche":"N","ec":true}},{"type":"Feature","geometry":{"type":"Point","coordinates":[-78.54736,-1.62324]},"properties":{"t":"2026-09-30T07:16:00Z","sensor":"VIIRS NOAA-21","confianza":"nominal","frp_MW":9.94,"dia_noche":"N","ec":true}},{"type":"Feature","geometry":{"type":"Point","coordinates":[-78.54823,-1.62875]},"properties":{"t":"2026-09-30T07:16:00Z","sensor":"VIIRS NOAA-21","confianza":"nominal","frp_MW":9.94,"dia_noche":"N","ec":true}},{"type":"Feature","geometry":{"type":"Point","coordinates":[-78.54594,-1.62911]},"properties":{"t":"2026-09-30T07:16:00Z","sensor":"VIIRS NOAA-21","confianza":"nominal","frp_MW":7.35,"dia_noche":"N","ec":true}},{"type":"Feature","geometry":{"type":"Point","coordinates":[-78.54359,-1.62948]},"properties":{"t":"2026-09-30T07:16:00Z","sensor":"VIIRS NOAA-21","confianza":"nominal","frp_MW":7.35,"dia_noche":"N","ec":true}},{"type":"Feature","geometry":{"type":"Point","coordinates":[-78.54613,-1.62351]},"properties":{"t":"2026-09-30T07:16:00Z","sensor":"VIIRS NOAA-21","confianza":"nominal","frp_MW":15.76,"dia_noche":"N","ec":true}},{"type":"Feature","geometry":{"type":"Point","coordinates":[-78.54358,-1.62389]},"properties":{"t":"2026-09-30T07:16:00Z","sensor":"VIIRS NOAA-21","confianza":"high","frp_MW":8.69,"dia_noche":"N","ec":true}},{"type":"Feature","geometry":{"type":"Point","coordinates":[-78.54099,-1.62427]},"properties":{"t":"2026-09-30T07:16:00Z","sensor":"VIIRS NOAA-21","confianza":"nominal","frp_MW":8.69,"dia_noche":"N","ec":true}},{"type":"Feature","geometry":{"type":"Point","coordinates":[-78.54936,-1.62867]},"properties":{"t":"2026-09-30T07:16:00Z","sensor":"VIIRS NOAA-21","confianza":"nominal","frp_MW":6.1,"dia_noche":"N","ec":true}},{"type":"Feature","geometry":{"type":"Point","coordinates":[-78.54713,-1.62901]},"properties":{"t":"2026-09-30T07:16:00Z","sensor":"VIIRS NOAA-21","confianza":"nominal","frp_MW":6.1,"dia_noche":"N","ec":true}},{"type":"Feature","geometry":{"type":"Point","coordinates":[-78.54478,-1.62936]},"properties":{"t":"2026-09-30T07:16:00Z","sensor":"VIIRS NOAA-21","confianza":"nominal","frp_MW":3.17,"dia_noche":"N","ec":true}},{"type":"Feature","geometry":{"type":"Point","coordinates":[-78.3409,-2.00379]},"properties":{"t":"2026-09-30T07:16:00Z","sensor":"VIIRS NOAA-21","confianza":"nominal","frp_MW":8.49,"dia_noche":"N","ec":true}},{"type":"Feature","geometry":{"type":"Point","coordinates":[-78.31683,-2.00725]},"properties":{"t":"2026-09-30T07:16:00Z","sensor":"VIIRS NOAA-21","confianza":"nominal","frp_MW":8.49,"dia_noche":"N","ec":true}},{"type":"Feature","geometry":{"type":"Point","coordinates":[-78.31343,-2.01349]},"properties":{"t":"2026-09-30T07:16:00Z","sensor":"VIIRS NOAA-21","confianza":"nominal","frp_MW":8.49,"dia_noche":"N","ec":true}},{"type":"Feature","geometry":{"type":"Point","coordinates":[-78.33867,-2.00986]},"properties":{"t":"2026-09-30T07:16:00Z","sensor":"VIIRS NOAA-21","confianza":"nominal","frp_MW":8.49,"dia_noche":"N","ec":true}},{"type":"Feature","geometry":{"type":"Point","coordinates":[-78.30598,-2.01458]},"properties":{"t":"2026-09-30T07:16:00Z","sensor":"VIIRS NOAA-21","confianza":"nominal","frp_MW":5.77,"dia_noche":"N","ec":true}},{"type":"Feature","geometry":{"type":"Point","coordinates":[-78.34859,-2.00264]},"properties":{"t":"2026-09-30T13:40:00Z","sensor":"MODIS","confianza":"94","frp_MW":133.3,"dia_noche":"D","ec":true}},{"type":"Feature","geometry":{"type":"Point","coordinates":[-78.33738,-2.00423]},"properties":{"t":"2026-09-30T13:40:00Z","sensor":"MODIS","confianza":"75","frp_MW":311.12,"dia_noche":"D","ec":true}},{"type":"Feature","geometry":{"type":"Point","coordinates":[-91.37524,-0.21816]},"properties":{"t":"2026-09-30T15:16:00Z","sensor":"MODIS","confianza":"0","frp_MW":33.03,"dia_noche":"D","ec":true}},{"type":"Feature","geometry":{"type":"Point","coordinates":[-76.80405,-5.44479]},"properties":{"t":"2026-09-30T18:13:00Z","sensor":"VIIRS NOAA-21","confianza":"nominal","frp_MW":6.36,"dia_noche":"D","ec":false}},{"type":"Feature","geometry":{"type":"Point","coordinates":[-76.80479,-5.44517]},"properties":{"t":"2026-09-30T18:13:00Z","sensor":"VIIRS NOAA-21","confianza":"nominal","frp_MW":5.98,"dia_noche":"D","ec":false}},{"type":"Feature","geometry":{"type":"Point","coordinates":[-76.58138,-5.37898]},"properties":{"t":"2026-09-30T18:13:00Z","sensor":"VIIRS NOAA-21","confianza":"nominal","frp_MW":5.63,"dia_noche":"D","ec":false}},{"type":"Feature","geometry":{"type":"Point","coordinates":[-76.84943,-5.41838]},"properties":{"t":"2026-09-30T18:13:00Z","sensor":"VIIRS NOAA-21","confianza":"nominal","frp_MW":10.85,"dia_noche":"D","ec":false}},{"type":"Feature","geometry":{"type":"Point","coordinates":[-76.79211,-5.35587]},"properties":{"t":"2026-09-30T18:13:00Z","sensor":"VIIRS NOAA-21","confianza":"nominal","frp_MW":12.25,"dia_noche":"D","ec":false}},{"type":"Feature","geometry":{"type":"Point","coordinates":[-76.65165,-5.31514]},"properties":{"t":"2026-09-30T18:13:00Z","sensor":"VIIRS NOAA-21","confianza":"nominal","frp_MW":4.72,"dia_noche":"D","ec":false}},{"type":"Feature","geometry":{"type":"Point","coordinates":[-76.64926,-5.31357]},"properties":{"t":"2026-09-30T18:13:00Z","sensor":"VIIRS NOAA-21","confianza":"nominal","frp_MW":4.24,"dia_noche":"D","ec":false}},{"type":"Feature","geometry":{"type":"Point","coordinates":[-76.77061,-5.25284]},"properties":{"t":"2026-09-30T18:13:00Z","sensor":"VIIRS NOAA-21","confianza":"nominal","frp_MW":2.55,"dia_noche":"D","ec":false}},{"type":"Feature","geometry":{"type":"Point","coordinates":[-78.5974,-5.44321]},"properties":{"t":"2026-09-30T18:13:00Z","sensor":"VIIRS NOAA-21","confianza":"low","frp_MW":9.03,"dia_noche":"D","ec":false}},{"type":"Feature","geometry":{"type":"Point","coordinates":[-76.99095,-5.19331]},"properties":{"t":"2026-09-30T18:13:00Z","sensor":"VIIRS NOAA-21","confianza":"nominal","frp_MW":3.6,"dia_noche":"D","ec":false}},{"type":"Feature","geometry":{"type":"Point","coordinates":[-78.48047,-5.40304]},"properties":{"t":"2026-09-30T18:13:00Z","sensor":"VIIRS NOAA-21","confianza":"nominal","frp_MW":19.09,"dia_noche":"D","ec":false}},{"type":"Feature","geometry":{"type":"Point","coordinates":[-79.14155,-5.35502]},"properties":{"t":"2026-09-30T18:13:00Z","sensor":"VIIRS NOAA-21","confianza":"nominal","frp_MW":6.36,"dia_noche":"D","ec":false}},{"type":"Feature","geometry":{"type":"Point","coordinates":[-79.14363,-5.35503]},"properties":{"t":"2026-09-30T18:13:00Z","sensor":"VIIRS NOAA-21","confianza":"nominal","frp_MW":4.52,"dia_noche":"D","ec":false}},{"type":"Feature","geometry":{"type":"Point","coordinates":[-78.14697,-5.19872]},"properties":{"t":"2026-09-30T18:13:00Z","sensor":"VIIRS NOAA-21","confianza":"nominal","frp_MW":4.74,"dia_noche":"D","ec":false}},{"type":"Feature","geometry":{"type":"Point","coordinates":[-78.7938,-5.26545]},"properties":{"t":"2026-09-30T18:13:00Z","sensor":"VIIRS NOAA-21","confianza":"nominal","frp_MW":6.89,"dia_noche":"D","ec":false}},{"type":"Feature","geometry":{"type":"Point","coordinates":[-78.0481,-5.14348]},"properties":{"t":"2026-09-30T18:13:00Z","sensor":"VIIRS NOAA-21","confianza":"nominal","frp_MW":25.49,"dia_noche":"D","ec":false}},{"type":"Feature","geometry":{"type":"Point","coordinates":[-78.05209,-5.14406]},"properties":{"t":"2026-09-30T18:13:00Z","sensor":"VIIRS NOAA-21","confianza":"nominal","frp_MW":25.49,"dia_noche":"D","ec":false}},{"type":"Feature","geometry":{"type":"Point","coordinates":[-78.78683,-5.24541]},"properties":{"t":"2026-09-30T18:13:00Z","sensor":"VIIRS NOAA-21","confianza":"nominal","frp_MW":24.99,"dia_noche":"D","ec":false}},{"type":"Feature","geometry":{"type":"Point","coordinates":[-78.40863,-5.09228]},"properties":{"t":"2026-09-30T18:13:00Z","sensor":"VIIRS NOAA-21","confianza":"nominal","frp_MW":16.88,"dia_noche":"D","ec":false}},{"type":"Feature","geometry":{"type":"Point","coordinates":[-77.94423,-4.9801]},"properties":{"t":"2026-09-30T18:13:00Z","sensor":"VIIRS NOAA-21","confianza":"nominal","frp_MW":7.5,"dia_noche":"D","ec":false}},{"type":"Feature","geometry":{"type":"Point","coordinates":[-77.94852,-4.98071]},"properties":{"t":"2026-09-30T18:13:00Z","sensor":"VIIRS NOAA-21","confianza":"nominal","frp_MW":6.93,"dia_noche":"D","ec":false}},{"type":"Feature","geometry":{"type":"Point","coordinates":[-77.96497,-4.95621]},"properties":{"t":"2026-09-30T18:13:00Z","sensor":"VIIRS NOAA-21","confianza":"nominal","frp_MW":3.83,"dia_noche":"D","ec":false}},{"type":"Feature","geometry":{"type":"Point","coordinates":[-77.96476,-4.9557]},"properties":{"t":"2026-09-30T18:13:00Z","sensor":"VIIRS NOAA-21","confianza":"nominal","frp_MW":3.62,"dia_noche":"D","ec":false}},{"type":"Feature","geometry":{"type":"Point","coordinates":[-79.1451,-5.04736]},"properties":{"t":"2026-09-30T18:15:00Z","sensor":"VIIRS NOAA-21","confianza":"nominal","frp_MW":5.04,"dia_noche":"D","ec":false}},{"type":"Feature","geometry":{"type":"Point","coordinates":[-78.73819,-4.97091]},"properties":{"t":"2026-09-30T18:15:00Z","sensor":"VIIRS NOAA-21","confianza":"nominal","frp_MW":6.04,"dia_noche":"D","ec":false}},{"type":"Feature","geometry":{"type":"Point","coordinates":[-79.05932,-5.00628]},"properties":{"t":"2026-09-30T18:15:00Z","sensor":"VIIRS NOAA-21","confianza":"nominal","frp_MW":4.07,"dia_noche":"D","ec":false}},{"type":"Feature","geometry":{"type":"Point","coordinates":[-78.73658,-4.97129]},"properties":{"t":"2026-09-30T18:15:00Z","sensor":"VIIRS NOAA-21","confianza":"nominal","frp_MW":5.05,"dia_noche":"D","ec":false}},{"type":"Feature","geometry":{"type":"Point","coordinates":[-79.13567,-4.84037]},"properties":{"t":"2026-09-30T18:15:00Z","sensor":"VIIRS NOAA-21","confianza":"nominal","frp_MW":17.08,"dia_noche":"D","ec":true}},{"type":"Feature","geometry":{"type":"Point","coordinates":[-77.85524,-4.59734]},"properties":{"t":"2026-09-30T18:15:00Z","sensor":"VIIRS NOAA-21","confianza":"nominal","frp_MW":5.02,"dia_noche":"D","ec":false}},{"type":"Feature","geometry":{"type":"Point","coordinates":[-76.72528,-4.27243]},"properties":{"t":"2026-09-30T18:15:00Z","sensor":"VIIRS NOAA-21","confianza":"nominal","frp_MW":2.08,"dia_noche":"D","ec":false}},{"type":"Feature","geometry":{"type":"Point","coordinates":[-78.47924,-4.45504]},"properties":{"t":"2026-09-30T18:15:00Z","sensor":"VIIRS NOAA-21","confianza":"nominal","frp_MW":5.98,"dia_noche":"D","ec":false}},{"type":"Feature","geometry":{"type":"Point","coordinates":[-79.50723,-4.57026]},"properties":{"t":"2026-09-30T18:15:00Z","sensor":"VIIRS NOAA-21","confianza":"nominal","frp_MW":8.14,"dia_noche":"D","ec":false}},{"type":"Feature","geometry":{"type":"Point","coordinates":[-79.49926,-4.52959]},"properties":{"t":"2026-09-30T18:15:00Z","sensor":"VIIRS NOAA-21","confianza":"low","frp_MW":4.65,"dia_noche":"D","ec":false}},{"type":"Feature","geometry":{"type":"Point","coordinates":[-79.50304,-4.52639]},"properties":{"t":"2026-09-30T18:15:00Z","sensor":"VIIRS NOAA-21","confianza":"low","frp_MW":4.78,"dia_noche":"D","ec":false}},{"type":"Feature","geometry":{"type":"Point","coordinates":[-76.75801,-3.86446]},"properties":{"t":"2026-09-30T18:15:00Z","sensor":"VIIRS NOAA-21","confianza":"nominal","frp_MW":3.87,"dia_noche":"D","ec":false}},{"type":"Feature","geometry":{"type":"Point","coordinates":[-79.3155,-3.95463]},"properties":{"t":"2026-09-30T18:15:00Z","sensor":"VIIRS NOAA-21","confianza":"low","frp_MW":5.33,"dia_noche":"D","ec":true}},{"type":"Feature","geometry":{"type":"Point","coordinates":[-79.32205,-3.95561]},"properties":{"t":"2026-09-30T18:15:00Z","sensor":"VIIRS NOAA-21","confianza":"nominal","frp_MW":5.33,"dia_noche":"D","ec":true}},{"type":"Feature","geometry":{"type":"Point","coordinates":[-79.23018,-3.90827]},"properties":{"t":"2026-09-30T18:15:00Z","sensor":"VIIRS NOAA-21","confianza":"nominal","frp_MW":6.17,"dia_noche":"D","ec":true}},{"type":"Feature","geometry":{"type":"Point","coordinates":[-79.43681,-3.93364]},"properties":{"t":"2026-09-30T18:15:00Z","sensor":"VIIRS NOAA-21","confianza":"nominal","frp_MW":12.13,"dia_noche":"D","ec":true}},{"type":"Feature","geometry":{"type":"Point","coordinates":[-77.54195,-3.49441]},"properties":{"t":"2026-09-30T18:15:00Z","sensor":"VIIRS NOAA-21","confianza":"nominal","frp_MW":4.47,"dia_noche":"D","ec":false}},{"type":"Feature","geometry":{"type":"Point","coordinates":[-76.35725,-3.29056]},"properties":{"t":"2026-09-30T18:15:00Z","sensor":"VIIRS NOAA-21","confianza":"low","frp_MW":15.13,"dia_noche":"D","ec":false}},{"type":"Feature","geometry":{"type":"Point","coordinates":[-76.3578,-3.28672]},"properties":{"t":"2026-09-30T18:15:00Z","sensor":"VIIRS NOAA-21","confianza":"low","frp_MW":5.32,"dia_noche":"D","ec":false}},{"type":"Feature","geometry":{"type":"Point","coordinates":[-77.51782,-3.28074]},"properties":{"t":"2026-09-30T18:15:00Z","sensor":"VIIRS NOAA-21","confianza":"nominal","frp_MW":9.06,"dia_noche":"D","ec":false}},{"type":"Feature","geometry":{"type":"Point","coordinates":[-77.86914,-3.24519]},"properties":{"t":"2026-09-30T18:15:00Z","sensor":"VIIRS NOAA-21","confianza":"low","frp_MW":6.99,"dia_noche":"D","ec":false}},{"type":"Feature","geometry":{"type":"Point","coordinates":[-77.60682,-2.0499]},"properties":{"t":"2026-09-30T18:15:00Z","sensor":"VIIRS NOAA-21","confianza":"nominal","frp_MW":6.03,"dia_noche":"D","ec":true}},{"type":"Feature","geometry":{"type":"Point","coordinates":[-77.72694,-1.99336]},"properties":{"t":"2026-09-30T18:15:00Z","sensor":"VIIRS NOAA-21","confianza":"nominal","frp_MW":4.71,"dia_noche":"D","ec":true}},{"type":"Feature","geometry":{"type":"Point","coordinates":[-78.54573,-1.62408]},"properties":{"t":"2026-09-30T18:15:00Z","sensor":"VIIRS NOAA-21","confianza":"nominal","frp_MW":27.99,"dia_noche":"D","ec":true}},{"type":"Feature","geometry":{"type":"Point","coordinates":[-78.54173,-1.57726]},"properties":{"t":"2026-09-30T18:15:00Z","sensor":"VIIRS NOAA-21","confianza":"nominal","frp_MW":14.69,"dia_noche":"D","ec":true}},{"type":"Feature","geometry":{"type":"Point","coordinates":[-75.43282,-0.89514]},"properties":{"t":"2026-09-30T18:15:00Z","sensor":"VIIRS NOAA-21","confianza":"low","frp_MW":13.48,"dia_noche":"D","ec":true}},{"type":"Feature","geometry":{"type":"Point","coordinates":[-75.43334,-0.89159]},"properties":{"t":"2026-09-30T18:15:00Z","sensor":"VIIRS NOAA-21","confianza":"low","frp_MW":13.48,"dia_noche":"D","ec":true}},{"type":"Feature","geometry":{"type":"Point","coordinates":[-78.83162,-1.34721]},"properties":{"t":"2026-09-30T18:15:00Z","sensor":"VIIRS NOAA-21","confianza":"nominal","frp_MW":3.95,"dia_noche":"D","ec":true}},{"type":"Feature","geometry":{"type":"Point","coordinates":[-78.6134,-1.27012]},"properties":{"t":"2026-09-30T18:15:00Z","sensor":"VIIRS NOAA-21","confianza":"low","frp_MW":2.35,"dia_noche":"D","ec":true}},{"type":"Feature","geometry":{"type":"Point","coordinates":[-77.88338,-1.15043]},"properties":{"t":"2026-09-30T18:15:00Z","sensor":"VIIRS NOAA-21","confianza":"nominal","frp_MW":3.79,"dia_noche":"D","ec":true}},{"type":"Feature","geometry":{"type":"Point","coordinates":[-78.53415,-1.22483]},"properties":{"t":"2026-09-30T18:15:00Z","sensor":"VIIRS NOAA-21","confianza":"nominal","frp_MW":5.68,"dia_noche":"D","ec":true}},{"type":"Feature","geometry":{"type":"Point","coordinates":[-77.22414,-0.86362]},"properties":{"t":"2026-09-30T18:15:00Z","sensor":"VIIRS NOAA-21","confianza":"nominal","frp_MW":5.23,"dia_noche":"D","ec":true}},{"type":"Feature","geometry":{"type":"Point","coordinates":[-77.2254,-0.85578]},"properties":{"t":"2026-09-30T18:15:00Z","sensor":"VIIRS NOAA-21","confianza":"nominal","frp_MW":5.06,"dia_noche":"D","ec":true}},{"type":"Feature","geometry":{"type":"Point","coordinates":[-77.22371,-0.85535]},"properties":{"t":"2026-09-30T18:15:00Z","sensor":"VIIRS NOAA-21","confianza":"nominal","frp_MW":4.01,"dia_noche":"D","ec":true}},{"type":"Feature","geometry":{"type":"Point","coordinates":[-77.00161,-0.65282]},"properties":{"t":"2026-09-30T18:15:00Z","sensor":"VIIRS NOAA-21","confianza":"low","frp_MW":7.84,"dia_noche":"D","ec":true}},{"type":"Feature","geometry":{"type":"Point","coordinates":[-76.40728,-0.50118]},"properties":{"t":"2026-09-30T18:15:00Z","sensor":"VIIRS NOAA-21","confianza":"low","frp_MW":13.32,"dia_noche":"D","ec":true}},{"type":"Feature","geometry":{"type":"Point","coordinates":[-76.40535,-0.50251]},"properties":{"t":"2026-09-30T18:15:00Z","sensor":"VIIRS NOAA-21","confianza":"low","frp_MW":10.31,"dia_noche":"D","ec":true}},{"type":"Feature","geometry":{"type":"Point","coordinates":[-76.20946,-0.43818]},"properties":{"t":"2026-09-30T18:15:00Z","sensor":"VIIRS NOAA-21","confianza":"low","frp_MW":7.11,"dia_noche":"D","ec":true}},{"type":"Feature","geometry":{"type":"Point","coordinates":[-76.69888,-0.44771]},"properties":{"t":"2026-09-30T18:15:00Z","sensor":"VIIRS NOAA-21","confianza":"low","frp_MW":6.74,"dia_noche":"D","ec":true}},{"type":"Feature","geometry":{"type":"Point","coordinates":[-76.70348,-0.4484]},"properties":{"t":"2026-09-30T18:15:00Z","sensor":"VIIRS NOAA-21","confianza":"low","frp_MW":15.38,"dia_noche":"D","ec":true}},{"type":"Feature","geometry":{"type":"Point","coordinates":[-76.70228,-0.44797]},"properties":{"t":"2026-09-30T18:15:00Z","sensor":"VIIRS NOAA-21","confianza":"low","frp_MW":14.05,"dia_noche":"D","ec":true}},{"type":"Feature","geometry":{"type":"Point","coordinates":[-76.98521,-0.47263]},"properties":{"t":"2026-09-30T18:15:00Z","sensor":"VIIRS NOAA-21","confianza":"low","frp_MW":9.76,"dia_noche":"D","ec":true}},{"type":"Feature","geometry":{"type":"Point","coordinates":[-76.99052,-0.46953]},"properties":{"t":"2026-09-30T18:15:00Z","sensor":"VIIRS NOAA-21","confianza":"low","frp_MW":16.32,"dia_noche":"D","ec":true}},{"type":"Feature","geometry":{"type":"Point","coordinates":[-76.99165,-0.46183]},"properties":{"t":"2026-09-30T18:15:00Z","sensor":"VIIRS NOAA-21","confianza":"low","frp_MW":7.61,"dia_noche":"D","ec":true}},{"type":"Feature","geometry":{"type":"Point","coordinates":[-76.99222,-0.45798]},"properties":{"t":"2026-09-30T18:15:00Z","sensor":"VIIRS NOAA-21","confianza":"low","frp_MW":7.61,"dia_noche":"D","ec":true}},{"type":"Feature","geometry":{"type":"Point","coordinates":[-76.46701,-0.354]},"properties":{"t":"2026-09-30T18:15:00Z","sensor":"VIIRS NOAA-21","confianza":"nominal","frp_MW":9.95,"dia_noche":"D","ec":true}},{"type":"Feature","geometry":{"type":"Point","coordinates":[-76.56238,-0.32648]},"properties":{"t":"2026-09-30T18:15:00Z","sensor":"VIIRS NOAA-21","confianza":"nominal","frp_MW":7.05,"dia_noche":"D","ec":true}},{"type":"Feature","geometry":{"type":"Point","coordinates":[-76.84021,-0.27137]},"properties":{"t":"2026-09-30T18:15:00Z","sensor":"VIIRS NOAA-21","confianza":"nominal","frp_MW":15.95,"dia_noche":"D","ec":true}},{"type":"Feature","geometry":{"type":"Point","coordinates":[-77.00151,-0.26587]},"properties":{"t":"2026-09-30T18:15:00Z","sensor":"VIIRS NOAA-21","confianza":"nominal","frp_MW":2.16,"dia_noche":"D","ec":true}},{"type":"Feature","geometry":{"type":"Point","coordinates":[-76.694,-0.16392]},"properties":{"t":"2026-09-30T18:15:00Z","sensor":"VIIRS NOAA-21","confianza":"low","frp_MW":13.26,"dia_noche":"D","ec":true}},{"type":"Feature","geometry":{"type":"Point","coordinates":[-76.69855,-0.16461]},"properties":{"t":"2026-09-30T18:15:00Z","sensor":"VIIRS NOAA-21","confianza":"low","frp_MW":13.26,"dia_noche":"D","ec":true}},{"type":"Feature","geometry":{"type":"Point","coordinates":[-76.69456,-0.16016]},"properties":{"t":"2026-09-30T18:15:00Z","sensor":"VIIRS NOAA-21","confianza":"low","frp_MW":18.96,"dia_noche":"D","ec":true}},{"type":"Feature","geometry":{"type":"Point","coordinates":[-76.33749,0.10025]},"properties":{"t":"2026-09-30T18:15:00Z","sensor":"VIIRS NOAA-21","confianza":"nominal","frp_MW":2.52,"dia_noche":"D","ec":true}},{"type":"Feature","geometry":{"type":"Point","coordinates":[-76.69151,0.08429]},"properties":{"t":"2026-09-30T18:15:00Z","sensor":"VIIRS NOAA-21","confianza":"nominal","frp_MW":3.29,"dia_noche":"D","ec":true}},{"type":"Feature","geometry":{"type":"Point","coordinates":[-76.88541,0.08213]},"properties":{"t":"2026-09-30T18:15:00Z","sensor":"VIIRS NOAA-21","confianza":"low","frp_MW":6.52,"dia_noche":"D","ec":true}},{"type":"Feature","geometry":{"type":"Point","coordinates":[-76.88597,0.08592]},"properties":{"t":"2026-09-30T18:15:00Z","sensor":"VIIRS NOAA-21","confianza":"low","frp_MW":6.52,"dia_noche":"D","ec":true}},{"type":"Feature","geometry":{"type":"Point","coordinates":[-76.64694,0.36339]},"properties":{"t":"2026-09-30T18:15:00Z","sensor":"VIIRS NOAA-21","confianza":"low","frp_MW":6.44,"dia_noche":"D","ec":false}},{"type":"Feature","geometry":{"type":"Point","coordinates":[-76.64748,0.36712]},"properties":{"t":"2026-09-30T18:15:00Z","sensor":"VIIRS NOAA-21","confianza":"low","frp_MW":17.99,"dia_noche":"D","ec":false}},{"type":"Feature","geometry":{"type":"Point","coordinates":[-76.41686,0.41403]},"properties":{"t":"2026-09-30T18:15:00Z","sensor":"VIIRS NOAA-21","confianza":"low","frp_MW":12.5,"dia_noche":"D","ec":false}},{"type":"Feature","geometry":{"type":"Point","coordinates":[-76.72276,0.38229]},"properties":{"t":"2026-09-30T18:15:00Z","sensor":"VIIRS NOAA-21","confianza":"nominal","frp_MW":9.03,"dia_noche":"D","ec":false}},{"type":"Feature","geometry":{"type":"Point","coordinates":[-76.24996,0.50731]},"properties":{"t":"2026-09-30T18:15:00Z","sensor":"VIIRS NOAA-21","confianza":"low","frp_MW":21.49,"dia_noche":"D","ec":false}},{"type":"Feature","geometry":{"type":"Point","coordinates":[-76.31422,0.53091]},"properties":{"t":"2026-09-30T18:15:00Z","sensor":"VIIRS NOAA-21","confianza":"nominal","frp_MW":3.03,"dia_noche":"D","ec":false}},{"type":"Feature","geometry":{"type":"Point","coordinates":[-76.70464,0.48975]},"properties":{"t":"2026-09-30T18:15:00Z","sensor":"VIIRS NOAA-21","confianza":"nominal","frp_MW":4.17,"dia_noche":"D","ec":false}},{"type":"Feature","geometry":{"type":"Point","coordinates":[-76.79953,0.47905]},"properties":{"t":"2026-09-30T18:15:00Z","sensor":"VIIRS NOAA-21","confianza":"nominal","frp_MW":11.37,"dia_noche":"D","ec":false}},{"type":"Feature","geometry":{"type":"Point","coordinates":[-77.96056,0.31768]},"properties":{"t":"2026-09-30T18:15:00Z","sensor":"VIIRS NOAA-21","confianza":"nominal","frp_MW":9.83,"dia_noche":"D","ec":true}},{"type":"Feature","geometry":{"type":"Point","coordinates":[-77.96408,0.31715]},"properties":{"t":"2026-09-30T18:15:00Z","sensor":"VIIRS NOAA-21","confianza":"nominal","frp_MW":12.91,"dia_noche":"D","ec":true}},{"type":"Feature","geometry":{"type":"Point","coordinates":[-77.96633,0.3292]},"properties":{"t":"2026-09-30T18:15:00Z","sensor":"VIIRS NOAA-21","confianza":"nominal","frp_MW":3.19,"dia_noche":"D","ec":true}},{"type":"Feature","geometry":{"type":"Point","coordinates":[-76.78364,0.5275]},"properties":{"t":"2026-09-30T18:15:00Z","sensor":"VIIRS NOAA-21","confianza":"low","frp_MW":9.8,"dia_noche":"D","ec":false}},{"type":"Feature","geometry":{"type":"Point","coordinates":[-76.78743,0.52821]},"properties":{"t":"2026-09-30T18:15:00Z","sensor":"VIIRS NOAA-21","confianza":"nominal","frp_MW":13.33,"dia_noche":"D","ec":false}},{"type":"Feature","geometry":{"type":"Point","coordinates":[-78.24599,0.31951]},"properties":{"t":"2026-09-30T18:15:00Z","sensor":"VIIRS NOAA-21","confianza":"nominal","frp_MW":32.79,"dia_noche":"D","ec":true}},{"type":"Feature","geometry":{"type":"Point","coordinates":[-78.24958,0.31895]},"properties":{"t":"2026-09-30T18:15:00Z","sensor":"VIIRS NOAA-21","confianza":"nominal","frp_MW":20.04,"dia_noche":"D","ec":true}},{"type":"Feature","geometry":{"type":"Point","coordinates":[-78.24665,0.32362]},"properties":{"t":"2026-09-30T18:15:00Z","sensor":"VIIRS NOAA-21","confianza":"nominal","frp_MW":32.79,"dia_noche":"D","ec":true}},{"type":"Feature","geometry":{"type":"Point","coordinates":[-78.32704,0.31107]},"properties":{"t":"2026-09-30T18:15:00Z","sensor":"VIIRS NOAA-21","confianza":"nominal","frp_MW":10.6,"dia_noche":"D","ec":true}},{"type":"Feature","geometry":{"type":"Point","coordinates":[-76.5193,0.6721]},"properties":{"t":"2026-09-30T18:15:00Z","sensor":"VIIRS NOAA-21","confianza":"low","frp_MW":9.05,"dia_noche":"D","ec":false}},{"type":"Feature","geometry":{"type":"Point","coordinates":[-76.5184,0.67142]},"properties":{"t":"2026-09-30T18:15:00Z","sensor":"VIIRS NOAA-21","confianza":"nominal","frp_MW":9.65,"dia_noche":"D","ec":false}},{"type":"Feature","geometry":{"type":"Point","coordinates":[-76.7094,0.65663]},"properties":{"t":"2026-09-30T18:15:00Z","sensor":"VIIRS NOAA-21","confianza":"nominal","frp_MW":4.57,"dia_noche":"D","ec":false}},{"type":"Feature","geometry":{"type":"Point","coordinates":[-76.03663,0.76534]},"properties":{"t":"2026-09-30T18:15:00Z","sensor":"VIIRS NOAA-21","confianza":"low","frp_MW":11.91,"dia_noche":"D","ec":false}},{"type":"Feature","geometry":{"type":"Point","coordinates":[-76.53856,0.68713]},"properties":{"t":"2026-09-30T18:15:00Z","sensor":"VIIRS NOAA-21","confianza":"nominal","frp_MW":34.76,"dia_noche":"D","ec":false}},{"type":"Feature","geometry":{"type":"Point","coordinates":[-75.96774,0.77972]},"properties":{"t":"2026-09-30T18:15:00Z","sensor":"VIIRS NOAA-21","confianza":"low","frp_MW":11.31,"dia_noche":"D","ec":false}},{"type":"Feature","geometry":{"type":"Point","coordinates":[-76.04946,0.76702]},"properties":{"t":"2026-09-30T18:15:00Z","sensor":"VIIRS NOAA-21","confianza":"low","frp_MW":3.12,"dia_noche":"D","ec":false}},{"type":"Feature","geometry":{"type":"Point","coordinates":[-77.87075,0.49491]},"properties":{"t":"2026-09-30T18:15:00Z","sensor":"VIIRS NOAA-21","confianza":"nominal","frp_MW":14.66,"dia_noche":"D","ec":true}},{"type":"Feature","geometry":{"type":"Point","coordinates":[-76.29338,0.7477]},"properties":{"t":"2026-09-30T18:15:00Z","sensor":"VIIRS NOAA-21","confianza":"nominal","frp_MW":6.05,"dia_noche":"D","ec":false}},{"type":"Feature","geometry":{"type":"Point","coordinates":[-76.01583,0.79424]},"properties":{"t":"2026-09-30T18:15:00Z","sensor":"VIIRS NOAA-21","confianza":"nominal","frp_MW":38.67,"dia_noche":"D","ec":false}},{"type":"Feature","geometry":{"type":"Point","coordinates":[-76.01638,0.79782]},"properties":{"t":"2026-09-30T18:15:00Z","sensor":"VIIRS NOAA-21","confianza":"nominal","frp_MW":4.92,"dia_noche":"D","ec":false}},{"type":"Feature","geometry":{"type":"Point","coordinates":[-75.91557,0.84616]},"properties":{"t":"2026-09-30T18:15:00Z","sensor":"VIIRS NOAA-21","confianza":"nominal","frp_MW":12.69,"dia_noche":"D","ec":false}},{"type":"Feature","geometry":{"type":"Point","coordinates":[-76.67059,0.73113]},"properties":{"t":"2026-09-30T18:15:00Z","sensor":"VIIRS NOAA-21","confianza":"nominal","frp_MW":13.23,"dia_noche":"D","ec":false}},{"type":"Feature","geometry":{"type":"Point","coordinates":[-75.81168,0.86561]},"properties":{"t":"2026-09-30T18:15:00Z","sensor":"VIIRS NOAA-21","confianza":"nominal","frp_MW":11.33,"dia_noche":"D","ec":false}},{"type":"Feature","geometry":{"type":"Point","coordinates":[-75.98965,0.8422]},"properties":{"t":"2026-09-30T18:15:00Z","sensor":"VIIRS NOAA-21","confianza":"low","frp_MW":3.29,"dia_noche":"D","ec":false}},{"type":"Feature","geometry":{"type":"Point","coordinates":[-76.17749,0.83213]},"properties":{"t":"2026-09-30T18:15:00Z","sensor":"VIIRS NOAA-21","confianza":"nominal","frp_MW":5.02,"dia_noche":"D","ec":false}},{"type":"Feature","geometry":{"type":"Point","coordinates":[-75.9441,0.87101]},"properties":{"t":"2026-09-30T18:15:00Z","sensor":"VIIRS NOAA-21","confianza":"nominal","frp_MW":7.34,"dia_noche":"D","ec":false}},{"type":"Feature","geometry":{"type":"Point","coordinates":[-75.9431,0.87045]},"properties":{"t":"2026-09-30T18:15:00Z","sensor":"VIIRS NOAA-21","confianza":"nominal","frp_MW":6.41,"dia_noche":"D","ec":false}},{"type":"Feature","geometry":{"type":"Point","coordinates":[-76.69574,0.75994]},"properties":{"t":"2026-09-30T18:15:00Z","sensor":"VIIRS NOAA-21","confianza":"nominal","frp_MW":10.96,"dia_noche":"D","ec":false}},{"type":"Feature","geometry":{"type":"Point","coordinates":[-76.0751,0.86081]},"properties":{"t":"2026-09-30T18:15:00Z","sensor":"VIIRS NOAA-21","confianza":"nominal","frp_MW":19.28,"dia_noche":"D","ec":false}},{"type":"Feature","geometry":{"type":"Point","coordinates":[-76.22977,0.84778]},"properties":{"t":"2026-09-30T18:15:00Z","sensor":"VIIRS NOAA-21","confianza":"nominal","frp_MW":4.63,"dia_noche":"D","ec":false}},{"type":"Feature","geometry":{"type":"Point","coordinates":[-76.09419,0.87622]},"properties":{"t":"2026-09-30T18:15:00Z","sensor":"VIIRS NOAA-21","confianza":"nominal","frp_MW":8.34,"dia_noche":"D","ec":false}},{"type":"Feature","geometry":{"type":"Point","coordinates":[-75.39783,0.99112]},"properties":{"t":"2026-09-30T18:15:00Z","sensor":"VIIRS NOAA-21","confianza":"low","frp_MW":8.22,"dia_noche":"D","ec":false}},{"type":"Feature","geometry":{"type":"Point","coordinates":[-76.27773,0.88115]},"properties":{"t":"2026-09-30T18:15:00Z","sensor":"VIIRS NOAA-21","confianza":"nominal","frp_MW":10.65,"dia_noche":"D","ec":false}},{"type":"Feature","geometry":{"type":"Point","coordinates":[-76.16937,1.04324]},"properties":{"t":"2026-09-30T18:15:00Z","sensor":"VIIRS NOAA-21","confianza":"nominal","frp_MW":5.37,"dia_noche":"D","ec":false}},{"type":"Feature","geometry":{"type":"Point","coordinates":[-75.5536,1.35037]},"properties":{"t":"2026-09-30T18:15:00Z","sensor":"VIIRS NOAA-21","confianza":"nominal","frp_MW":19.3,"dia_noche":"D","ec":false}},{"type":"Feature","geometry":{"type":"Point","coordinates":[-75.55412,1.35386]},"properties":{"t":"2026-09-30T18:15:00Z","sensor":"VIIRS NOAA-21","confianza":"nominal","frp_MW":36.44,"dia_noche":"D","ec":false}},{"type":"Feature","geometry":{"type":"Point","coordinates":[-75.61305,1.61755]},"properties":{"t":"2026-09-30T18:15:00Z","sensor":"VIIRS NOAA-21","confianza":"low","frp_MW":13.79,"dia_noche":"D","ec":false}},{"type":"Feature","geometry":{"type":"Point","coordinates":[-75.5907,1.62813]},"properties":{"t":"2026-09-30T18:15:00Z","sensor":"VIIRS NOAA-21","confianza":"low","frp_MW":6.28,"dia_noche":"D","ec":false}},{"type":"Feature","geometry":{"type":"Point","coordinates":[-75.59459,1.62754]},"properties":{"t":"2026-09-30T18:15:00Z","sensor":"VIIRS NOAA-21","confianza":"low","frp_MW":6.28,"dia_noche":"D","ec":false}},{"type":"Feature","geometry":{"type":"Point","coordinates":[-76.61562,-5.39166]},"properties":{"t":"2026-09-30T18:51:00Z","sensor":"VIIRS Suomi NPP","confianza":"nominal","frp_MW":3.2,"dia_noche":"D","ec":false}},{"type":"Feature","geometry":{"type":"Point","coordinates":[-76.58123,-5.37949]},"properties":{"t":"2026-09-30T18:51:00Z","sensor":"VIIRS Suomi NPP","confianza":"nominal","frp_MW":9.06,"dia_noche":"D","ec":false}},{"type":"Feature","geometry":{"type":"Point","coordinates":[-76.84608,-5.41689]},"properties":{"t":"2026-09-30T18:51:00Z","sensor":"VIIRS Suomi NPP","confianza":"nominal","frp_MW":3.96,"dia_noche":"D","ec":false}},{"type":"Feature","geometry":{"type":"Point","coordinates":[-76.76827,-5.24865]},"properties":{"t":"2026-09-30T18:51:00Z","sensor":"VIIRS Suomi NPP","confianza":"nominal","frp_MW":8.22,"dia_noche":"D","ec":false}},{"type":"Feature","geometry":{"type":"Point","coordinates":[-76.78034,-5.24025]},"properties":{"t":"2026-09-30T18:51:00Z","sensor":"VIIRS Suomi NPP","confianza":"low","frp_MW":4.58,"dia_noche":"D","ec":false}},{"type":"Feature","geometry":{"type":"Point","coordinates":[-76.77939,-5.22297]},"properties":{"t":"2026-09-30T18:51:00Z","sensor":"VIIRS Suomi NPP","confianza":"nominal","frp_MW":19.72,"dia_noche":"D","ec":false}},{"type":"Feature","geometry":{"type":"Point","coordinates":[-76.76151,-5.1567]},"properties":{"t":"2026-09-30T18:51:00Z","sensor":"VIIRS Suomi NPP","confianza":"nominal","frp_MW":6.08,"dia_noche":"D","ec":false}},{"type":"Feature","geometry":{"type":"Point","coordinates":[-78.48132,-5.40298]},"properties":{"t":"2026-09-30T18:51:00Z","sensor":"VIIRS Suomi NPP","confianza":"nominal","frp_MW":3.05,"dia_noche":"D","ec":false}},{"type":"Feature","geometry":{"type":"Point","coordinates":[-78.48172,-5.39963]},"properties":{"t":"2026-09-30T18:51:00Z","sensor":"VIIRS Suomi NPP","confianza":"nominal","frp_MW":3.05,"dia_noche":"D","ec":false}},{"type":"Feature","geometry":{"type":"Point","coordinates":[-78.80409,-5.44139]},"properties":{"t":"2026-09-30T18:51:00Z","sensor":"VIIRS Suomi NPP","confianza":"low","frp_MW":3.24,"dia_noche":"D","ec":false}},{"type":"Feature","geometry":{"type":"Point","coordinates":[-78.45008,-5.33083]},"properties":{"t":"2026-09-30T18:51:00Z","sensor":"VIIRS Suomi NPP","confianza":"nominal","frp_MW":11.64,"dia_noche":"D","ec":false}},{"type":"Feature","geometry":{"type":"Point","coordinates":[-78.42057,-5.3127]},"properties":{"t":"2026-09-30T18:51:00Z","sensor":"VIIRS Suomi NPP","confianza":"nominal","frp_MW":13.32,"dia_noche":"D","ec":false}},{"type":"Feature","geometry":{"type":"Point","coordinates":[-75.0871,-4.77572]},"properties":{"t":"2026-09-30T18:51:00Z","sensor":"VIIRS Suomi NPP","confianza":"low","frp_MW":3.78,"dia_noche":"D","ec":false}},{"type":"Feature","geometry":{"type":"Point","coordinates":[-78.25488,-5.22963]},"properties":{"t":"2026-09-30T18:51:00Z","sensor":"VIIRS Suomi NPP","confianza":"nominal","frp_MW":3.22,"dia_noche":"D","ec":false}},{"type":"Feature","geometry":{"type":"Point","coordinates":[-78.04833,-5.14469]},"properties":{"t":"2026-09-30T18:51:00Z","sensor":"VIIRS Suomi NPP","confianza":"nominal","frp_MW":32.11,"dia_noche":"D","ec":false}},{"type":"Feature","geometry":{"type":"Point","coordinates":[-78.04886,-5.14138]},"properties":{"t":"2026-09-30T18:51:00Z","sensor":"VIIRS Suomi NPP","confianza":"nominal","frp_MW":10.09,"dia_noche":"D","ec":false}},{"type":"Feature","geometry":{"type":"Point","coordinates":[-78.05232,-5.1419]},"properties":{"t":"2026-09-30T18:51:00Z","sensor":"VIIRS Suomi NPP","confianza":"nominal","frp_MW":10.09,"dia_noche":"D","ec":false}},{"type":"Feature","geometry":{"type":"Point","coordinates":[-78.04641,-5.13421]},"properties":{"t":"2026-09-30T18:51:00Z","sensor":"VIIRS Suomi NPP","confianza":"nominal","frp_MW":5.33,"dia_noche":"D","ec":false}},{"type":"Feature","geometry":{"type":"Point","coordinates":[-78.78359,-5.2461]},"properties":{"t":"2026-09-30T18:51:00Z","sensor":"VIIRS Suomi NPP","confianza":"nominal","frp_MW":5.16,"dia_noche":"D","ec":false}},{"type":"Feature","geometry":{"type":"Point","coordinates":[-78.06178,-5.12636]},"properties":{"t":"2026-09-30T18:51:00Z","sensor":"VIIRS Suomi NPP","confianza":"nominal","frp_MW":4.25,"dia_noche":"D","ec":false}},{"type":"Feature","geometry":{"type":"Point","coordinates":[-76.59361,-4.89016]},"properties":{"t":"2026-09-30T18:51:00Z","sensor":"VIIRS Suomi NPP","confianza":"nominal","frp_MW":6.41,"dia_noche":"D","ec":false}},{"type":"Feature","geometry":{"type":"Point","coordinates":[-77.42904,-4.98236]},"properties":{"t":"2026-09-30T18:51:00Z","sensor":"VIIRS Suomi NPP","confianza":"nominal","frp_MW":8.68,"dia_noche":"D","ec":false}},{"type":"Feature","geometry":{"type":"Point","coordinates":[-79.02937,-5.21966]},"properties":{"t":"2026-09-30T18:51:00Z","sensor":"VIIRS Suomi NPP","confianza":"nominal","frp_MW":5.96,"dia_noche":"D","ec":false}},{"type":"Feature","geometry":{"type":"Point","coordinates":[-78.40762,-5.09444]},"properties":{"t":"2026-09-30T18:51:00Z","sensor":"VIIRS Suomi NPP","confianza":"nominal","frp_MW":5.77,"dia_noche":"D","ec":false}},{"type":"Feature","geometry":{"type":"Point","coordinates":[-76.63367,-4.81896]},"properties":{"t":"2026-09-30T18:51:00Z","sensor":"VIIRS Suomi NPP","confianza":"nominal","frp_MW":2.62,"dia_noche":"D","ec":false}},{"type":"Feature","geometry":{"type":"Point","coordinates":[-78.77721,-5.14025]},"properties":{"t":"2026-09-30T18:51:00Z","sensor":"VIIRS Suomi NPP","confianza":"nominal","frp_MW":3.23,"dia_noche":"D","ec":false}},{"type":"Feature","geometry":{"type":"Point","coordinates":[-78.43649,-5.04769]},"properties":{"t":"2026-09-30T18:51:00Z","sensor":"VIIRS Suomi NPP","confianza":"nominal","frp_MW":2.25,"dia_noche":"D","ec":false}},{"type":"Feature","geometry":{"type":"Point","coordinates":[-76.92435,-4.79007]},"properties":{"t":"2026-09-30T18:51:00Z","sensor":"VIIRS Suomi NPP","confianza":"nominal","frp_MW":6.24,"dia_noche":"D","ec":false}},{"type":"Feature","geometry":{"type":"Point","coordinates":[-78.32173,-4.98702]},"properties":{"t":"2026-09-30T18:51:00Z","sensor":"VIIRS Suomi NPP","confianza":"nominal","frp_MW":3.22,"dia_noche":"D","ec":false}},{"type":"Feature","geometry":{"type":"Point","coordinates":[-79.09093,-5.09006]},"properties":{"t":"2026-09-30T18:51:00Z","sensor":"VIIRS Suomi NPP","confianza":"nominal","frp_MW":5.95,"dia_noche":"D","ec":false}},{"type":"Feature","geometry":{"type":"Point","coordinates":[-78.76587,-5.02717]},"properties":{"t":"2026-09-30T18:51:00Z","sensor":"VIIRS Suomi NPP","confianza":"nominal","frp_MW":2.81,"dia_noche":"D","ec":false}},{"type":"Feature","geometry":{"type":"Point","coordinates":[-79.1258,-5.07806]},"properties":{"t":"2026-09-30T18:51:00Z","sensor":"VIIRS Suomi NPP","confianza":"nominal","frp_MW":6.27,"dia_noche":"D","ec":false}},{"type":"Feature","geometry":{"type":"Point","coordinates":[-77.92782,-4.87258]},"properties":{"t":"2026-09-30T18:51:00Z","sensor":"VIIRS Suomi NPP","confianza":"nominal","frp_MW":6.67,"dia_noche":"D","ec":false}},{"type":"Feature","geometry":{"type":"Point","coordinates":[-79.1293,-5.05099]},"properties":{"t":"2026-09-30T18:51:00Z","sensor":"VIIRS Suomi NPP","confianza":"nominal","frp_MW":4.75,"dia_noche":"D","ec":false}},{"type":"Feature","geometry":{"type":"Point","coordinates":[-79.08095,-5.03682]},"properties":{"t":"2026-09-30T18:51:00Z","sensor":"VIIRS Suomi NPP","confianza":"nominal","frp_MW":2.36,"dia_noche":"D","ec":false}},{"type":"Feature","geometry":{"type":"Point","coordinates":[-78.96019,-5.00999]},"properties":{"t":"2026-09-30T18:51:00Z","sensor":"VIIRS Suomi NPP","confianza":"nominal","frp_MW":12.68,"dia_noche":"D","ec":false}},{"type":"Feature","geometry":{"type":"Point","coordinates":[-78.96063,-5.00662]},"properties":{"t":"2026-09-30T18:51:00Z","sensor":"VIIRS Suomi NPP","confianza":"nominal","frp_MW":12.68,"dia_noche":"D","ec":false}},{"type":"Feature","geometry":{"type":"Point","coordinates":[-77.94973,-4.84899]},"properties":{"t":"2026-09-30T18:51:00Z","sensor":"VIIRS Suomi NPP","confianza":"nominal","frp_MW":2.01,"dia_noche":"D","ec":false}},{"type":"Feature","geometry":{"type":"Point","coordinates":[-78.96107,-5.00325]},"properties":{"t":"2026-09-30T18:51:00Z","sensor":"VIIRS Suomi NPP","confianza":"nominal","frp_MW":2.22,"dia_noche":"D","ec":false}},{"type":"Feature","geometry":{"type":"Point","coordinates":[-77.96457,-4.84447]},"properties":{"t":"2026-09-30T18:51:00Z","sensor":"VIIRS Suomi NPP","confianza":"nominal","frp_MW":3.99,"dia_noche":"D","ec":false}},{"type":"Feature","geometry":{"type":"Point","coordinates":[-77.91524,-4.81995]},"properties":{"t":"2026-09-30T18:51:00Z","sensor":"VIIRS Suomi NPP","confianza":"nominal","frp_MW":1.8,"dia_noche":"D","ec":false}},{"type":"Feature","geometry":{"type":"Point","coordinates":[-78.99972,-4.91633]},"properties":{"t":"2026-09-30T18:51:00Z","sensor":"VIIRS Suomi NPP","confianza":"nominal","frp_MW":2.48,"dia_noche":"D","ec":true}},{"type":"Feature","geometry":{"type":"Point","coordinates":[-78.6098,-4.81103]},"properties":{"t":"2026-09-30T18:51:00Z","sensor":"VIIRS Suomi NPP","confianza":"nominal","frp_MW":1.79,"dia_noche":"D","ec":false}},{"type":"Feature","geometry":{"type":"Point","coordinates":[-79.09583,-4.87102]},"properties":{"t":"2026-09-30T18:51:00Z","sensor":"VIIRS Suomi NPP","confianza":"nominal","frp_MW":5.56,"dia_noche":"D","ec":true}},{"type":"Feature","geometry":{"type":"Point","coordinates":[-79.13663,-4.83927]},"properties":{"t":"2026-09-30T18:51:00Z","sensor":"VIIRS Suomi NPP","confianza":"nominal","frp_MW":15.78,"dia_noche":"D","ec":true}},{"type":"Feature","geometry":{"type":"Point","coordinates":[-79.11784,-4.82264]},"properties":{"t":"2026-09-30T18:51:00Z","sensor":"VIIRS Suomi NPP","confianza":"nominal","frp_MW":1.95,"dia_noche":"D","ec":true}},{"type":"Feature","geometry":{"type":"Point","coordinates":[-77.95422,-4.64006]},"properties":{"t":"2026-09-30T18:51:00Z","sensor":"VIIRS Suomi NPP","confianza":"nominal","frp_MW":2.72,"dia_noche":"D","ec":false}},{"type":"Feature","geometry":{"type":"Point","coordinates":[-79.05369,-4.78385]},"properties":{"t":"2026-09-30T18:51:00Z","sensor":"VIIRS Suomi NPP","confianza":"nominal","frp_MW":4.38,"dia_noche":"D","ec":true}},{"type":"Feature","geometry":{"type":"Point","coordinates":[-77.74753,-4.58127]},"properties":{"t":"2026-09-30T18:51:00Z","sensor":"VIIRS Suomi NPP","confianza":"nominal","frp_MW":2.42,"dia_noche":"D","ec":false}},{"type":"Feature","geometry":{"type":"Point","coordinates":[-77.72933,-4.56151]},"properties":{"t":"2026-09-30T18:51:00Z","sensor":"VIIRS Suomi NPP","confianza":"nominal","frp_MW":2.45,"dia_noche":"D","ec":false}},{"type":"Feature","geometry":{"type":"Point","coordinates":[-77.50607,-4.51708]},"properties":{"t":"2026-09-30T18:51:00Z","sensor":"VIIRS Suomi NPP","confianza":"nominal","frp_MW":3.03,"dia_noche":"D","ec":false}},{"type":"Feature","geometry":{"type":"Point","coordinates":[-77.50658,-4.51376]},"properties":{"t":"2026-09-30T18:51:00Z","sensor":"VIIRS Suomi NPP","confianza":"nominal","frp_MW":3.03,"dia_noche":"D","ec":false}},{"type":"Feature","geometry":{"type":"Point","coordinates":[-75.15162,-4.05423]},"properties":{"t":"2026-09-30T18:51:00Z","sensor":"VIIRS Suomi NPP","confianza":"nominal","frp_MW":2.29,"dia_noche":"D","ec":false}},{"type":"Feature","geometry":{"type":"Point","coordinates":[-76.91618,-4.25096]},"properties":{"t":"2026-09-30T18:51:00Z","sensor":"VIIRS Suomi NPP","confianza":"nominal","frp_MW":1.93,"dia_noche":"D","ec":false}},{"type":"Feature","geometry":{"type":"Point","coordinates":[-79.50868,-4.57405]},"properties":{"t":"2026-09-30T18:51:00Z","sensor":"VIIRS Suomi NPP","confianza":"low","frp_MW":3.58,"dia_noche":"D","ec":false}},{"type":"Feature","geometry":{"type":"Point","coordinates":[-75.26297,-3.91603]},"properties":{"t":"2026-09-30T18:51:00Z","sensor":"VIIRS Suomi NPP","confianza":"nominal","frp_MW":5.25,"dia_noche":"D","ec":false}},{"type":"Feature","geometry":{"type":"Point","coordinates":[-79.50112,-4.53106]},"properties":{"t":"2026-09-30T18:51:00Z","sensor":"VIIRS Suomi NPP","confianza":"low","frp_MW":20.81,"dia_noche":"D","ec":false}},{"type":"Feature","geometry":{"type":"Point","coordinates":[-79.50464,-4.53159]},"properties":{"t":"2026-09-30T18:51:00Z","sensor":"VIIRS Suomi NPP","confianza":"low","frp_MW":20.81,"dia_noche":"D","ec":false}},{"type":"Feature","geometry":{"type":"Point","coordinates":[-79.50185,-4.52769]},"properties":{"t":"2026-09-30T18:51:00Z","sensor":"VIIRS Suomi NPP","confianza":"nominal","frp_MW":20.81,"dia_noche":"D","ec":false}},{"type":"Feature","geometry":{"type":"Point","coordinates":[-79.45033,-4.34915]},"properties":{"t":"2026-09-30T18:51:00Z","sensor":"VIIRS Suomi NPP","confianza":"nominal","frp_MW":12.86,"dia_noche":"D","ec":true}},{"type":"Feature","geometry":{"type":"Point","coordinates":[-77.76394,-4.0091]},"properties":{"t":"2026-09-30T18:51:00Z","sensor":"VIIRS Suomi NPP","confianza":"nominal","frp_MW":3.2,"dia_noche":"D","ec":false}},{"type":"Feature","geometry":{"type":"Point","coordinates":[-79.24899,-3.9778]},"properties":{"t":"2026-09-30T18:51:00Z","sensor":"VIIRS Suomi NPP","confianza":"nominal","frp_MW":4.07,"dia_noche":"D","ec":true}},{"type":"Feature","geometry":{"type":"Point","coordinates":[-79.31916,-3.95914]},"properties":{"t":"2026-09-30T18:51:00Z","sensor":"VIIRS Suomi NPP","confianza":"nominal","frp_MW":8.07,"dia_noche":"D","ec":true}},{"type":"Feature","geometry":{"type":"Point","coordinates":[-79.31971,-3.95578]},"properties":{"t":"2026-09-30T18:51:00Z","sensor":"VIIRS Suomi NPP","confianza":"nominal","frp_MW":28.7,"dia_noche":"D","ec":true}},{"type":"Feature","geometry":{"type":"Point","coordinates":[-79.74624,-4.00667]},"properties":{"t":"2026-09-30T18:51:00Z","sensor":"VIIRS Suomi NPP","confianza":"nominal","frp_MW":4.67,"dia_noche":"D","ec":true}},{"type":"Feature","geometry":{"type":"Point","coordinates":[-79.74987,-4.00722]},"properties":{"t":"2026-09-30T18:51:00Z","sensor":"VIIRS Suomi NPP","confianza":"nominal","frp_MW":4.67,"dia_noche":"D","ec":true}},{"type":"Feature","geometry":{"type":"Point","coordinates":[-79.75029,-4.00379]},"properties":{"t":"2026-09-30T18:51:00Z","sensor":"VIIRS Suomi NPP","confianza":"nominal","frp_MW":4.67,"dia_noche":"D","ec":true}},{"type":"Feature","geometry":{"type":"Point","coordinates":[-79.23127,-3.90797]},"properties":{"t":"2026-09-30T18:51:00Z","sensor":"VIIRS Suomi NPP","confianza":"nominal","frp_MW":6.06,"dia_noche":"D","ec":true}},{"type":"Feature","geometry":{"type":"Point","coordinates":[-76.35989,-3.29322]},"properties":{"t":"2026-09-30T18:51:00Z","sensor":"VIIRS Suomi NPP","confianza":"nominal","frp_MW":9.94,"dia_noche":"D","ec":false}},{"type":"Feature","geometry":{"type":"Point","coordinates":[-78.67706,-3.46559]},"properties":{"t":"2026-09-30T18:51:00Z","sensor":"VIIRS Suomi NPP","confianza":"nominal","frp_MW":6.06,"dia_noche":"D","ec":true}},{"type":"Feature","geometry":{"type":"Point","coordinates":[-77.51717,-3.28121]},"properties":{"t":"2026-09-30T18:51:00Z","sensor":"VIIRS Suomi NPP","confianza":"nominal","frp_MW":2.45,"dia_noche":"D","ec":false}},{"type":"Feature","geometry":{"type":"Point","coordinates":[-78.58083,-3.40371]},"properties":{"t":"2026-09-30T18:51:00Z","sensor":"VIIRS Suomi NPP","confianza":"low","frp_MW":5.06,"dia_noche":"D","ec":true}},{"type":"Feature","geometry":{"type":"Point","coordinates":[-79.30302,-3.47257]},"properties":{"t":"2026-09-30T18:51:00Z","sensor":"VIIRS Suomi NPP","confianza":"nominal","frp_MW":2.75,"dia_noche":"D","ec":true}},{"type":"Feature","geometry":{"type":"Point","coordinates":[-79.30645,-3.47309]},"properties":{"t":"2026-09-30T18:51:00Z","sensor":"VIIRS Suomi NPP","confianza":"nominal","frp_MW":2.75,"dia_noche":"D","ec":true}},{"type":"Feature","geometry":{"type":"Point","coordinates":[-77.86633,-3.2503]},"properties":{"t":"2026-09-30T18:51:00Z","sensor":"VIIRS Suomi NPP","confianza":"low","frp_MW":4.6,"dia_noche":"D","ec":false}},{"type":"Feature","geometry":{"type":"Point","coordinates":[-77.87028,-3.24751]},"properties":{"t":"2026-09-30T18:51:00Z","sensor":"VIIRS Suomi NPP","confianza":"low","frp_MW":10.44,"dia_noche":"D","ec":false}},{"type":"Feature","geometry":{"type":"Point","coordinates":[-76.48911,-2.80004]},"properties":{"t":"2026-09-30T18:51:00Z","sensor":"VIIRS Suomi NPP","confianza":"low","frp_MW":4.36,"dia_noche":"D","ec":false}},{"type":"Feature","geometry":{"type":"Point","coordinates":[-77.60748,-2.80151]},"properties":{"t":"2026-09-30T18:51:00Z","sensor":"VIIRS Suomi NPP","confianza":"nominal","frp_MW":3.19,"dia_noche":"D","ec":true}},{"type":"Feature","geometry":{"type":"Point","coordinates":[-77.52952,-2.66443]},"properties":{"t":"2026-09-30T18:51:00Z","sensor":"VIIRS Suomi NPP","confianza":"nominal","frp_MW":25.43,"dia_noche":"D","ec":true}},{"type":"Feature","geometry":{"type":"Point","coordinates":[-78.18201,-2.63585]},"properties":{"t":"2026-09-30T18:51:00Z","sensor":"VIIRS Suomi NPP","confianza":"nominal","frp_MW":2.5,"dia_noche":"D","ec":true}},{"type":"Feature","geometry":{"type":"Point","coordinates":[-77.60489,-2.05067]},"properties":{"t":"2026-09-30T18:51:00Z","sensor":"VIIRS Suomi NPP","confianza":"nominal","frp_MW":4.83,"dia_noche":"D","ec":true}},{"type":"Feature","geometry":{"type":"Point","coordinates":[-80.88358,-2.3058]},"properties":{"t":"2026-09-30T18:51:00Z","sensor":"VIIRS Suomi NPP","confianza":"low","frp_MW":9.02,"dia_noche":"D","ec":true}},{"type":"Feature","geometry":{"type":"Point","coordinates":[-78.00761,-1.82496]},"properties":{"t":"2026-09-30T18:51:00Z","sensor":"VIIRS Suomi NPP","confianza":"nominal","frp_MW":4.93,"dia_noche":"D","ec":true}},{"type":"Feature","geometry":{"type":"Point","coordinates":[-77.49985,-1.74054]},"properties":{"t":"2026-09-30T18:51:00Z","sensor":"VIIRS Suomi NPP","confianza":"nominal","frp_MW":3.77,"dia_noche":"D","ec":true}},{"type":"Feature","geometry":{"type":"Point","coordinates":[-78.63679,-1.80972]},"properties":{"t":"2026-09-30T18:51:00Z","sensor":"VIIRS Suomi NPP","confianza":"nominal","frp_MW":3.96,"dia_noche":"D","ec":true}},{"type":"Feature","geometry":{"type":"Point","coordinates":[-78.65049,-1.81182]},"properties":{"t":"2026-09-30T18:51:00Z","sensor":"VIIRS Suomi NPP","confianza":"nominal","frp_MW":7.73,"dia_noche":"D","ec":true}},{"type":"Feature","geometry":{"type":"Point","coordinates":[-78.54646,-1.62327]},"properties":{"t":"2026-09-30T18:51:00Z","sensor":"VIIRS Suomi NPP","confianza":"high","frp_MW":108.18,"dia_noche":"D","ec":true}},{"type":"Feature","geometry":{"type":"Point","coordinates":[-78.54304,-1.62275]},"properties":{"t":"2026-09-30T18:51:00Z","sensor":"VIIRS Suomi NPP","confianza":"nominal","frp_MW":29.89,"dia_noche":"D","ec":true}},{"type":"Feature","geometry":{"type":"Point","coordinates":[-78.54697,-1.61997]},"properties":{"t":"2026-09-30T18:51:00Z","sensor":"VIIRS Suomi NPP","confianza":"nominal","frp_MW":52.72,"dia_noche":"D","ec":true}},{"type":"Feature","geometry":{"type":"Point","coordinates":[-78.54006,-1.57856]},"properties":{"t":"2026-09-30T18:51:00Z","sensor":"VIIRS Suomi NPP","confianza":"nominal","frp_MW":9.4,"dia_noche":"D","ec":true}},{"type":"Feature","geometry":{"type":"Point","coordinates":[-78.51182,-1.50997]},"properties":{"t":"2026-09-30T18:51:00Z","sensor":"VIIRS Suomi NPP","confianza":"nominal","frp_MW":3.12,"dia_noche":"D","ec":true}},{"type":"Feature","geometry":{"type":"Point","coordinates":[-78.50745,-1.49239]},"properties":{"t":"2026-09-30T18:51:00Z","sensor":"VIIRS Suomi NPP","confianza":"nominal","frp_MW":6.32,"dia_noche":"D","ec":true}},{"type":"Feature","geometry":{"type":"Point","coordinates":[-78.51087,-1.49291]},"properties":{"t":"2026-09-30T18:51:00Z","sensor":"VIIRS Suomi NPP","confianza":"nominal","frp_MW":4.74,"dia_noche":"D","ec":true}},{"type":"Feature","geometry":{"type":"Point","coordinates":[-78.50794,-1.48908]},"properties":{"t":"2026-09-30T18:51:00Z","sensor":"VIIRS Suomi NPP","confianza":"nominal","frp_MW":6.32,"dia_noche":"D","ec":true}},{"type":"Feature","geometry":{"type":"Point","coordinates":[-78.51137,-1.4896]},"properties":{"t":"2026-09-30T18:51:00Z","sensor":"VIIRS Suomi NPP","confianza":"nominal","frp_MW":4.74,"dia_noche":"D","ec":true}},{"type":"Feature","geometry":{"type":"Point","coordinates":[-78.68439,-1.28585]},"properties":{"t":"2026-09-30T18:51:00Z","sensor":"VIIRS Suomi NPP","confianza":"low","frp_MW":3.5,"dia_noche":"D","ec":true}},{"type":"Feature","geometry":{"type":"Point","coordinates":[-77.89529,-1.1586]},"properties":{"t":"2026-09-30T18:51:00Z","sensor":"VIIRS Suomi NPP","confianza":"nominal","frp_MW":5.64,"dia_noche":"D","ec":true}},{"type":"Feature","geometry":{"type":"Point","coordinates":[-78.53211,-1.22538]},"properties":{"t":"2026-09-30T18:51:00Z","sensor":"VIIRS Suomi NPP","confianza":"nominal","frp_MW":13.55,"dia_noche":"D","ec":true}},{"type":"Feature","geometry":{"type":"Point","coordinates":[-78.53262,-1.22208]},"properties":{"t":"2026-09-30T18:51:00Z","sensor":"VIIRS Suomi NPP","confianza":"nominal","frp_MW":13.55,"dia_noche":"D","ec":true}},{"type":"Feature","geometry":{"type":"Point","coordinates":[-77.53358,-0.9714]},"properties":{"t":"2026-09-30T18:51:00Z","sensor":"VIIRS Suomi NPP","confianza":"nominal","frp_MW":2.29,"dia_noche":"D","ec":true}},{"type":"Feature","geometry":{"type":"Point","coordinates":[-76.91965,-0.84599]},"properties":{"t":"2026-09-30T18:51:00Z","sensor":"VIIRS Suomi NPP","confianza":"nominal","frp_MW":2.38,"dia_noche":"D","ec":true}},{"type":"Feature","geometry":{"type":"Point","coordinates":[-77.33092,-0.89207]},"properties":{"t":"2026-09-30T18:51:00Z","sensor":"VIIRS Suomi NPP","confianza":"low","frp_MW":3.01,"dia_noche":"D","ec":true}},{"type":"Feature","geometry":{"type":"Point","coordinates":[-76.82912,-0.79697]},"properties":{"t":"2026-09-30T18:51:00Z","sensor":"VIIRS Suomi NPP","confianza":"nominal","frp_MW":4.06,"dia_noche":"D","ec":true}},{"type":"Feature","geometry":{"type":"Point","coordinates":[-76.86405,-0.79212]},"properties":{"t":"2026-09-30T18:51:00Z","sensor":"VIIRS Suomi NPP","confianza":"nominal","frp_MW":58.93,"dia_noche":"D","ec":true}},{"type":"Feature","geometry":{"type":"Point","coordinates":[-76.86457,-0.7887]},"properties":{"t":"2026-09-30T18:51:00Z","sensor":"VIIRS Suomi NPP","confianza":"nominal","frp_MW":97.62,"dia_noche":"D","ec":true}},{"type":"Feature","geometry":{"type":"Point","coordinates":[-77.01173,-0.78319]},"properties":{"t":"2026-09-30T18:51:00Z","sensor":"VIIRS Suomi NPP","confianza":"nominal","frp_MW":4.47,"dia_noche":"D","ec":true}},{"type":"Feature","geometry":{"type":"Point","coordinates":[-76.75919,-0.734]},"properties":{"t":"2026-09-30T18:51:00Z","sensor":"VIIRS Suomi NPP","confianza":"nominal","frp_MW":3.42,"dia_noche":"D","ec":true}},{"type":"Feature","geometry":{"type":"Point","coordinates":[-76.0358,-0.52595]},"properties":{"t":"2026-09-30T18:51:00Z","sensor":"VIIRS Suomi NPP","confianza":"low","frp_MW":9.85,"dia_noche":"D","ec":true}},{"type":"Feature","geometry":{"type":"Point","coordinates":[-77.00102,-0.65616]},"properties":{"t":"2026-09-30T18:51:00Z","sensor":"VIIRS Suomi NPP","confianza":"nominal","frp_MW":2.25,"dia_noche":"D","ec":true}},{"type":"Feature","geometry":{"type":"Point","coordinates":[-76.99788,-0.65218]},"properties":{"t":"2026-09-30T18:51:00Z","sensor":"VIIRS Suomi NPP","confianza":"nominal","frp_MW":9.01,"dia_noche":"D","ec":true}},{"type":"Feature","geometry":{"type":"Point","coordinates":[-77.00154,-0.65274]},"properties":{"t":"2026-09-30T18:51:00Z","sensor":"VIIRS Suomi NPP","confianza":"nominal","frp_MW":10.86,"dia_noche":"D","ec":true}},{"type":"Feature","geometry":{"type":"Point","coordinates":[-76.71864,-0.59868]},"properties":{"t":"2026-09-30T18:51:00Z","sensor":"VIIRS Suomi NPP","confianza":"nominal","frp_MW":5.18,"dia_noche":"D","ec":true}},{"type":"Feature","geometry":{"type":"Point","coordinates":[-76.69902,-0.44843]},"properties":{"t":"2026-09-30T18:51:00Z","sensor":"VIIRS Suomi NPP","confianza":"low","frp_MW":13.95,"dia_noche":"D","ec":true}},{"type":"Feature","geometry":{"type":"Point","coordinates":[-76.69972,-0.44659]},"properties":{"t":"2026-09-30T18:51:00Z","sensor":"VIIRS Suomi NPP","confianza":"nominal","frp_MW":4.65,"dia_noche":"D","ec":true}},{"type":"Feature","geometry":{"type":"Point","coordinates":[-76.70347,-0.44716]},"properties":{"t":"2026-09-30T18:51:00Z","sensor":"VIIRS Suomi NPP","confianza":"low","frp_MW":4.65,"dia_noche":"D","ec":true}},{"type":"Feature","geometry":{"type":"Point","coordinates":[-76.63333,-0.37631]},"properties":{"t":"2026-09-30T18:51:00Z","sensor":"VIIRS Suomi NPP","confianza":"low","frp_MW":2.58,"dia_noche":"D","ec":true}},{"type":"Feature","geometry":{"type":"Point","coordinates":[-76.99499,-0.42841]},"properties":{"t":"2026-09-30T18:51:00Z","sensor":"VIIRS Suomi NPP","confianza":"low","frp_MW":3.57,"dia_noche":"D","ec":true}},{"type":"Feature","geometry":{"type":"Point","coordinates":[-76.5633,-0.32642]},"properties":{"t":"2026-09-30T18:51:00Z","sensor":"VIIRS Suomi NPP","confianza":"nominal","frp_MW":2.83,"dia_noche":"D","ec":true}},{"type":"Feature","geometry":{"type":"Point","coordinates":[-76.23151,-0.19174]},"properties":{"t":"2026-09-30T18:51:00Z","sensor":"VIIRS Suomi NPP","confianza":"nominal","frp_MW":9.24,"dia_noche":"D","ec":true}},{"type":"Feature","geometry":{"type":"Point","coordinates":[-76.99802,-0.26513]},"properties":{"t":"2026-09-30T18:51:00Z","sensor":"VIIRS Suomi NPP","confianza":"nominal","frp_MW":3.41,"dia_noche":"D","ec":true}},{"type":"Feature","geometry":{"type":"Point","coordinates":[-76.7649,-0.22268]},"properties":{"t":"2026-09-30T18:51:00Z","sensor":"VIIRS Suomi NPP","confianza":"nominal","frp_MW":2.2,"dia_noche":"D","ec":true}},{"type":"Feature","geometry":{"type":"Point","coordinates":[-76.95624,-0.21671]},"properties":{"t":"2026-09-30T18:51:00Z","sensor":"VIIRS Suomi NPP","confianza":"nominal","frp_MW":1.63,"dia_noche":"D","ec":true}},{"type":"Feature","geometry":{"type":"Point","coordinates":[-76.69323,-0.1622]},"properties":{"t":"2026-09-30T18:51:00Z","sensor":"VIIRS Suomi NPP","confianza":"nominal","frp_MW":12.69,"dia_noche":"D","ec":true}},{"type":"Feature","geometry":{"type":"Point","coordinates":[-76.69701,-0.16279]},"properties":{"t":"2026-09-30T18:51:00Z","sensor":"VIIRS Suomi NPP","confianza":"nominal","frp_MW":20.82,"dia_noche":"D","ec":true}},{"type":"Feature","geometry":{"type":"Point","coordinates":[-76.64831,-0.15174]},"properties":{"t":"2026-09-30T18:51:00Z","sensor":"VIIRS Suomi NPP","confianza":"nominal","frp_MW":2.71,"dia_noche":"D","ec":true}},{"type":"Feature","geometry":{"type":"Point","coordinates":[-76.82436,-0.13048]},"properties":{"t":"2026-09-30T18:51:00Z","sensor":"VIIRS Suomi NPP","confianza":"nominal","frp_MW":4.05,"dia_noche":"D","ec":true}},{"type":"Feature","geometry":{"type":"Point","coordinates":[-76.53162,-0.06826]},"properties":{"t":"2026-09-30T18:51:00Z","sensor":"VIIRS Suomi NPP","confianza":"nominal","frp_MW":4.39,"dia_noche":"D","ec":true}},{"type":"Feature","geometry":{"type":"Point","coordinates":[-75.89632,0.03948]},"properties":{"t":"2026-09-30T18:51:00Z","sensor":"VIIRS Suomi NPP","confianza":"nominal","frp_MW":5.72,"dia_noche":"D","ec":true}},{"type":"Feature","geometry":{"type":"Point","coordinates":[-76.90257,-0.02038]},"properties":{"t":"2026-09-30T18:51:00Z","sensor":"VIIRS Suomi NPP","confianza":"nominal","frp_MW":2.74,"dia_noche":"D","ec":true}},{"type":"Feature","geometry":{"type":"Point","coordinates":[-77.65443,-0.08343]},"properties":{"t":"2026-09-30T18:51:00Z","sensor":"VIIRS Suomi NPP","confianza":"nominal","frp_MW":22.71,"dia_noche":"D","ec":true}},{"type":"Feature","geometry":{"type":"Point","coordinates":[-77.65871,-0.08066]},"properties":{"t":"2026-09-30T18:51:00Z","sensor":"VIIRS Suomi NPP","confianza":"high","frp_MW":22.71,"dia_noche":"D","ec":true}},{"type":"Feature","geometry":{"type":"Point","coordinates":[-77.6551,-0.08011]},"properties":{"t":"2026-09-30T18:51:00Z","sensor":"VIIRS Suomi NPP","confianza":"nominal","frp_MW":22.71,"dia_noche":"D","ec":true}},{"type":"Feature","geometry":{"type":"Point","coordinates":[-76.23152,0.16134]},"properties":{"t":"2026-09-30T18:51:00Z","sensor":"VIIRS Suomi NPP","confianza":"nominal","frp_MW":6.25,"dia_noche":"D","ec":true}},{"type":"Feature","geometry":{"type":"Point","coordinates":[-76.88409,0.08374]},"properties":{"t":"2026-09-30T18:51:00Z","sensor":"VIIRS Suomi NPP","confianza":"low","frp_MW":5.91,"dia_noche":"D","ec":true}},{"type":"Feature","geometry":{"type":"Point","coordinates":[-76.87122,0.09979]},"properties":{"t":"2026-09-30T18:51:00Z","sensor":"VIIRS Suomi NPP","confianza":"nominal","frp_MW":2.94,"dia_noche":"D","ec":true}},{"type":"Feature","geometry":{"type":"Point","coordinates":[-76.50553,0.22711]},"properties":{"t":"2026-09-30T18:51:00Z","sensor":"VIIRS Suomi NPP","confianza":"nominal","frp_MW":7.05,"dia_noche":"D","ec":true}},{"type":"Feature","geometry":{"type":"Point","coordinates":[-76.50602,0.23062]},"properties":{"t":"2026-09-30T18:51:00Z","sensor":"VIIRS Suomi NPP","confianza":"nominal","frp_MW":3.52,"dia_noche":"D","ec":true}},{"type":"Feature","geometry":{"type":"Point","coordinates":[-76.97378,0.19561]},"properties":{"t":"2026-09-30T18:51:00Z","sensor":"VIIRS Suomi NPP","confianza":"nominal","frp_MW":10.7,"dia_noche":"D","ec":true}},{"type":"Feature","geometry":{"type":"Point","coordinates":[-76.77877,0.25014]},"properties":{"t":"2026-09-30T18:51:00Z","sensor":"VIIRS Suomi NPP","confianza":"nominal","frp_MW":1.65,"dia_noche":"D","ec":true}},{"type":"Feature","geometry":{"type":"Point","coordinates":[-76.27074,0.34259]},"properties":{"t":"2026-09-30T18:51:00Z","sensor":"VIIRS Suomi NPP","confianza":"nominal","frp_MW":8.64,"dia_noche":"D","ec":true}},{"type":"Feature","geometry":{"type":"Point","coordinates":[-76.60947,0.31537]},"properties":{"t":"2026-09-30T18:51:00Z","sensor":"VIIRS Suomi NPP","confianza":"nominal","frp_MW":2.69,"dia_noche":"D","ec":false}},{"type":"Feature","geometry":{"type":"Point","coordinates":[-76.40157,0.38754]},"properties":{"t":"2026-09-30T18:51:00Z","sensor":"VIIRS Suomi NPP","confianza":"nominal","frp_MW":3.49,"dia_noche":"D","ec":false}},{"type":"Feature","geometry":{"type":"Point","coordinates":[-76.64767,0.36436]},"properties":{"t":"2026-09-30T18:51:00Z","sensor":"VIIRS Suomi NPP","confianza":"nominal","frp_MW":3.46,"dia_noche":"D","ec":false}},{"type":"Feature","geometry":{"type":"Point","coordinates":[-76.14735,0.45173]},"properties":{"t":"2026-09-30T18:51:00Z","sensor":"VIIRS Suomi NPP","confianza":"nominal","frp_MW":3.67,"dia_noche":"D","ec":false}},{"type":"Feature","geometry":{"type":"Point","coordinates":[-76.41367,0.41451]},"properties":{"t":"2026-09-30T18:51:00Z","sensor":"VIIRS Suomi NPP","confianza":"nominal","frp_MW":7.14,"dia_noche":"D","ec":false}},{"type":"Feature","geometry":{"type":"Point","coordinates":[-76.72061,0.38165]},"properties":{"t":"2026-09-30T18:51:00Z","sensor":"VIIRS Suomi NPP","confianza":"nominal","frp_MW":5.99,"dia_noche":"D","ec":false}},{"type":"Feature","geometry":{"type":"Point","coordinates":[-76.72443,0.38107]},"properties":{"t":"2026-09-30T18:51:00Z","sensor":"VIIRS Suomi NPP","confianza":"nominal","frp_MW":8.46,"dia_noche":"D","ec":false}},{"type":"Feature","geometry":{"type":"Point","coordinates":[-76.31403,0.4479]},"properties":{"t":"2026-09-30T18:51:00Z","sensor":"VIIRS Suomi NPP","confianza":"nominal","frp_MW":12.27,"dia_noche":"D","ec":false}},{"type":"Feature","geometry":{"type":"Point","coordinates":[-75.67634,0.58315]},"properties":{"t":"2026-09-30T18:51:00Z","sensor":"VIIRS Suomi NPP","confianza":"nominal","frp_MW":2.9,"dia_noche":"D","ec":false}},{"type":"Feature","geometry":{"type":"Point","coordinates":[-76.24989,0.50761]},"properties":{"t":"2026-09-30T18:51:00Z","sensor":"VIIRS Suomi NPP","confianza":"nominal","frp_MW":3.54,"dia_noche":"D","ec":false}},{"type":"Feature","geometry":{"type":"Point","coordinates":[-76.25387,0.50701]},"properties":{"t":"2026-09-30T18:51:00Z","sensor":"VIIRS Suomi NPP","confianza":"nominal","frp_MW":3.54,"dia_noche":"D","ec":false}},{"type":"Feature","geometry":{"type":"Point","coordinates":[-76.79748,0.47781]},"properties":{"t":"2026-09-30T18:53:00Z","sensor":"VIIRS Suomi NPP","confianza":"nominal","frp_MW":8.44,"dia_noche":"D","ec":false}},{"type":"Feature","geometry":{"type":"Point","coordinates":[-77.96093,0.31608]},"properties":{"t":"2026-09-30T18:53:00Z","sensor":"VIIRS Suomi NPP","confianza":"low","frp_MW":11.02,"dia_noche":"D","ec":true}},{"type":"Feature","geometry":{"type":"Point","coordinates":[-77.96442,0.31554]},"properties":{"t":"2026-09-30T18:53:00Z","sensor":"VIIRS Suomi NPP","confianza":"nominal","frp_MW":11.02,"dia_noche":"D","ec":true}},{"type":"Feature","geometry":{"type":"Point","coordinates":[-77.96134,0.31943]},"properties":{"t":"2026-09-30T18:53:00Z","sensor":"VIIRS Suomi NPP","confianza":"nominal","frp_MW":11.02,"dia_noche":"D","ec":true}},{"type":"Feature","geometry":{"type":"Point","coordinates":[-76.42627,0.57835]},"properties":{"t":"2026-09-30T18:53:00Z","sensor":"VIIRS Suomi NPP","confianza":"nominal","frp_MW":4.74,"dia_noche":"D","ec":false}},{"type":"Feature","geometry":{"type":"Point","coordinates":[-76.68652,0.54262]},"properties":{"t":"2026-09-30T18:53:00Z","sensor":"VIIRS Suomi NPP","confianza":"nominal","frp_MW":3.97,"dia_noche":"D","ec":false}},{"type":"Feature","geometry":{"type":"Point","coordinates":[-76.7857,0.52761]},"properties":{"t":"2026-09-30T18:53:00Z","sensor":"VIIRS Suomi NPP","confianza":"nominal","frp_MW":5.37,"dia_noche":"D","ec":false}},{"type":"Feature","geometry":{"type":"Point","coordinates":[-77.03088,0.49401]},"properties":{"t":"2026-09-30T18:53:00Z","sensor":"VIIRS Suomi NPP","confianza":"nominal","frp_MW":2.81,"dia_noche":"D","ec":false}},{"type":"Feature","geometry":{"type":"Point","coordinates":[-78.24665,0.31945]},"properties":{"t":"2026-09-30T18:53:00Z","sensor":"VIIRS Suomi NPP","confianza":"nominal","frp_MW":25.54,"dia_noche":"D","ec":true}},{"type":"Feature","geometry":{"type":"Point","coordinates":[-75.7075,0.70909]},"properties":{"t":"2026-09-30T18:53:00Z","sensor":"VIIRS Suomi NPP","confianza":"nominal","frp_MW":6.78,"dia_noche":"D","ec":false}},{"type":"Feature","geometry":{"type":"Point","coordinates":[-75.71174,0.70845]},"properties":{"t":"2026-09-30T18:53:00Z","sensor":"VIIRS Suomi NPP","confianza":"nominal","frp_MW":6.78,"dia_noche":"D","ec":false}},{"type":"Feature","geometry":{"type":"Point","coordinates":[-78.24715,0.32277]},"properties":{"t":"2026-09-30T18:53:00Z","sensor":"VIIRS Suomi NPP","confianza":"nominal","frp_MW":25.54,"dia_noche":"D","ec":true}},{"type":"Feature","geometry":{"type":"Point","coordinates":[-78.24764,0.32609]},"properties":{"t":"2026-09-30T18:53:00Z","sensor":"VIIRS Suomi NPP","confianza":"nominal","frp_MW":3.46,"dia_noche":"D","ec":true}},{"type":"Feature","geometry":{"type":"Point","coordinates":[-75.67882,0.72093]},"properties":{"t":"2026-09-30T18:53:00Z","sensor":"VIIRS Suomi NPP","confianza":"nominal","frp_MW":16.39,"dia_noche":"D","ec":false}},{"type":"Feature","geometry":{"type":"Point","coordinates":[-76.67586,0.57633]},"properties":{"t":"2026-09-30T18:53:00Z","sensor":"VIIRS Suomi NPP","confianza":"nominal","frp_MW":3.35,"dia_noche":"D","ec":false}},{"type":"Feature","geometry":{"type":"Point","coordinates":[-76.72179,0.56932]},"properties":{"t":"2026-09-30T18:53:00Z","sensor":"VIIRS Suomi NPP","confianza":"nominal","frp_MW":4.7,"dia_noche":"D","ec":false}},{"type":"Feature","geometry":{"type":"Point","coordinates":[-75.76123,0.74945]},"properties":{"t":"2026-09-30T18:53:00Z","sensor":"VIIRS Suomi NPP","confianza":"nominal","frp_MW":11.15,"dia_noche":"D","ec":false}},{"type":"Feature","geometry":{"type":"Point","coordinates":[-76.51835,0.6327]},"properties":{"t":"2026-09-30T18:53:00Z","sensor":"VIIRS Suomi NPP","confianza":"nominal","frp_MW":2.33,"dia_noche":"D","ec":false}},{"type":"Feature","geometry":{"type":"Point","coordinates":[-75.95002,0.75358]},"properties":{"t":"2026-09-30T18:53:00Z","sensor":"VIIRS Suomi NPP","confianza":"nominal","frp_MW":16.25,"dia_noche":"D","ec":false}},{"type":"Feature","geometry":{"type":"Point","coordinates":[-75.9498,0.75424]},"properties":{"t":"2026-09-30T18:53:00Z","sensor":"VIIRS Suomi NPP","confianza":"nominal","frp_MW":19.54,"dia_noche":"D","ec":false}},{"type":"Feature","geometry":{"type":"Point","coordinates":[-76.6862,0.64337]},"properties":{"t":"2026-09-30T18:53:00Z","sensor":"VIIRS Suomi NPP","confianza":"nominal","frp_MW":3.7,"dia_noche":"D","ec":false}},{"type":"Feature","geometry":{"type":"Point","coordinates":[-75.69922,0.80311]},"properties":{"t":"2026-09-30T18:53:00Z","sensor":"VIIRS Suomi NPP","confianza":"nominal","frp_MW":9.63,"dia_noche":"D","ec":false}},{"type":"Feature","geometry":{"type":"Point","coordinates":[-75.70349,0.80246]},"properties":{"t":"2026-09-30T18:53:00Z","sensor":"VIIRS Suomi NPP","confianza":"nominal","frp_MW":26.09,"dia_noche":"D","ec":false}},{"type":"Feature","geometry":{"type":"Point","coordinates":[-75.70032,0.81043]},"properties":{"t":"2026-09-30T18:53:00Z","sensor":"VIIRS Suomi NPP","confianza":"nominal","frp_MW":14.15,"dia_noche":"D","ec":false}},{"type":"Feature","geometry":{"type":"Point","coordinates":[-76.03958,0.76282]},"properties":{"t":"2026-09-30T18:53:00Z","sensor":"VIIRS Suomi NPP","confianza":"nominal","frp_MW":2.36,"dia_noche":"D","ec":false}},{"type":"Feature","geometry":{"type":"Point","coordinates":[-76.53472,0.68776]},"properties":{"t":"2026-09-30T18:53:00Z","sensor":"VIIRS Suomi NPP","confianza":"nominal","frp_MW":5.93,"dia_noche":"D","ec":false}},{"type":"Feature","geometry":{"type":"Point","coordinates":[-76.53861,0.68717]},"properties":{"t":"2026-09-30T18:53:00Z","sensor":"VIIRS Suomi NPP","confianza":"nominal","frp_MW":5.93,"dia_noche":"D","ec":false}},{"type":"Feature","geometry":{"type":"Point","coordinates":[-76.04012,0.76641]},"properties":{"t":"2026-09-30T18:53:00Z","sensor":"VIIRS Suomi NPP","confianza":"nominal","frp_MW":2.36,"dia_noche":"D","ec":false}},{"type":"Feature","geometry":{"type":"Point","coordinates":[-76.04832,0.76517]},"properties":{"t":"2026-09-30T18:53:00Z","sensor":"VIIRS Suomi NPP","confianza":"nominal","frp_MW":1.51,"dia_noche":"D","ec":false}},{"type":"Feature","geometry":{"type":"Point","coordinates":[-75.96244,0.78189]},"properties":{"t":"2026-09-30T18:53:00Z","sensor":"VIIRS Suomi NPP","confianza":"nominal","frp_MW":9.15,"dia_noche":"D","ec":false}},{"type":"Feature","geometry":{"type":"Point","coordinates":[-75.96658,0.78126]},"properties":{"t":"2026-09-30T18:53:00Z","sensor":"VIIRS Suomi NPP","confianza":"nominal","frp_MW":7.08,"dia_noche":"D","ec":false}},{"type":"Feature","geometry":{"type":"Point","coordinates":[-77.87077,0.49498]},"properties":{"t":"2026-09-30T18:53:00Z","sensor":"VIIRS Suomi NPP","confianza":"nominal","frp_MW":8.57,"dia_noche":"D","ec":true}},{"type":"Feature","geometry":{"type":"Point","coordinates":[-76.2936,0.74612]},"properties":{"t":"2026-09-30T18:53:00Z","sensor":"VIIRS Suomi NPP","confianza":"nominal","frp_MW":9.9,"dia_noche":"D","ec":false}},{"type":"Feature","geometry":{"type":"Point","coordinates":[-76.01461,0.79239]},"properties":{"t":"2026-09-30T18:53:00Z","sensor":"VIIRS Suomi NPP","confianza":"nominal","frp_MW":6.49,"dia_noche":"D","ec":false}},{"type":"Feature","geometry":{"type":"Point","coordinates":[-76.01514,0.796]},"properties":{"t":"2026-09-30T18:53:00Z","sensor":"VIIRS Suomi NPP","confianza":"nominal","frp_MW":7.99,"dia_noche":"D","ec":false}},{"type":"Feature","geometry":{"type":"Point","coordinates":[-76.05069,0.80896]},"properties":{"t":"2026-09-30T18:53:00Z","sensor":"VIIRS Suomi NPP","confianza":"nominal","frp_MW":4.16,"dia_noche":"D","ec":false}},{"type":"Feature","geometry":{"type":"Point","coordinates":[-75.9124,0.84508]},"properties":{"t":"2026-09-30T18:53:00Z","sensor":"VIIRS Suomi NPP","confianza":"nominal","frp_MW":4.12,"dia_noche":"D","ec":false}},{"type":"Feature","geometry":{"type":"Point","coordinates":[-75.81242,0.86429]},"properties":{"t":"2026-09-30T18:53:00Z","sensor":"VIIRS Suomi NPP","confianza":"nominal","frp_MW":7.85,"dia_noche":"D","ec":false}},{"type":"Feature","geometry":{"type":"Point","coordinates":[-75.67712,0.88902]},"properties":{"t":"2026-09-30T18:53:00Z","sensor":"VIIRS Suomi NPP","confianza":"nominal","frp_MW":2.25,"dia_noche":"D","ec":false}},{"type":"Feature","geometry":{"type":"Point","coordinates":[-76.64166,0.73949]},"properties":{"t":"2026-09-30T18:53:00Z","sensor":"VIIRS Suomi NPP","confianza":"nominal","frp_MW":6.19,"dia_noche":"D","ec":false}},{"type":"Feature","geometry":{"type":"Point","coordinates":[-75.99451,0.85945]},"properties":{"t":"2026-09-30T18:53:00Z","sensor":"VIIRS Suomi NPP","confianza":"nominal","frp_MW":2.08,"dia_noche":"D","ec":false}},{"type":"Feature","geometry":{"type":"Point","coordinates":[-76.1746,0.83236]},"properties":{"t":"2026-09-30T18:53:00Z","sensor":"VIIRS Suomi NPP","confianza":"nominal","frp_MW":32.23,"dia_noche":"D","ec":false}},{"type":"Feature","geometry":{"type":"Point","coordinates":[-76.03687,0.86045]},"properties":{"t":"2026-09-30T18:53:00Z","sensor":"VIIRS Suomi NPP","confianza":"nominal","frp_MW":7.31,"dia_noche":"D","ec":false}},{"type":"Feature","geometry":{"type":"Point","coordinates":[-76.07485,0.86208]},"properties":{"t":"2026-09-30T18:53:00Z","sensor":"VIIRS Suomi NPP","confianza":"nominal","frp_MW":27.88,"dia_noche":"D","ec":false}},{"type":"Feature","geometry":{"type":"Point","coordinates":[-76.58115,0.78546]},"properties":{"t":"2026-09-30T18:53:00Z","sensor":"VIIRS Suomi NPP","confianza":"nominal","frp_MW":4.23,"dia_noche":"D","ec":false}},{"type":"Feature","geometry":{"type":"Point","coordinates":[-76.0754,0.86567]},"properties":{"t":"2026-09-30T18:53:00Z","sensor":"VIIRS Suomi NPP","confianza":"nominal","frp_MW":8.17,"dia_noche":"D","ec":false}},{"type":"Feature","geometry":{"type":"Point","coordinates":[-75.74313,0.92718]},"properties":{"t":"2026-09-30T18:53:00Z","sensor":"VIIRS Suomi NPP","confianza":"nominal","frp_MW":4.02,"dia_noche":"D","ec":false}},{"type":"Feature","geometry":{"type":"Point","coordinates":[-76.66897,0.79003]},"properties":{"t":"2026-09-30T18:53:00Z","sensor":"VIIRS Suomi NPP","confianza":"nominal","frp_MW":7.94,"dia_noche":"D","ec":false}},{"type":"Feature","geometry":{"type":"Point","coordinates":[-76.38361,0.85883]},"properties":{"t":"2026-09-30T18:53:00Z","sensor":"VIIRS Suomi NPP","confianza":"nominal","frp_MW":2.74,"dia_noche":"D","ec":false}},{"type":"Feature","geometry":{"type":"Point","coordinates":[-76.2969,0.87942]},"properties":{"t":"2026-09-30T18:53:00Z","sensor":"VIIRS Suomi NPP","confianza":"nominal","frp_MW":4.57,"dia_noche":"D","ec":false}},{"type":"Feature","geometry":{"type":"Point","coordinates":[-76.55862,0.84636]},"properties":{"t":"2026-09-30T18:53:00Z","sensor":"VIIRS Suomi NPP","confianza":"nominal","frp_MW":2.51,"dia_noche":"D","ec":false}},{"type":"Feature","geometry":{"type":"Point","coordinates":[-76.25245,0.91179]},"properties":{"t":"2026-09-30T18:53:00Z","sensor":"VIIRS Suomi NPP","confianza":"nominal","frp_MW":12.53,"dia_noche":"D","ec":false}},{"type":"Feature","geometry":{"type":"Point","coordinates":[-76.25298,0.91536]},"properties":{"t":"2026-09-30T18:53:00Z","sensor":"VIIRS Suomi NPP","confianza":"nominal","frp_MW":12.53,"dia_noche":"D","ec":false}},{"type":"Feature","geometry":{"type":"Point","coordinates":[-76.39674,0.89304]},"properties":{"t":"2026-09-30T18:53:00Z","sensor":"VIIRS Suomi NPP","confianza":"nominal","frp_MW":3.65,"dia_noche":"D","ec":false}},{"type":"Feature","geometry":{"type":"Point","coordinates":[-76.23803,0.93076]},"properties":{"t":"2026-09-30T18:53:00Z","sensor":"VIIRS Suomi NPP","confianza":"nominal","frp_MW":7.52,"dia_noche":"D","ec":false}},{"type":"Feature","geometry":{"type":"Point","coordinates":[-76.48098,0.91944]},"properties":{"t":"2026-09-30T18:53:00Z","sensor":"VIIRS Suomi NPP","confianza":"nominal","frp_MW":4.65,"dia_noche":"D","ec":false}},{"type":"Feature","geometry":{"type":"Point","coordinates":[-76.72425,0.89677]},"properties":{"t":"2026-09-30T18:53:00Z","sensor":"VIIRS Suomi NPP","confianza":"nominal","frp_MW":1.9,"dia_noche":"D","ec":false}},{"type":"Feature","geometry":{"type":"Point","coordinates":[-76.23017,1.01598]},"properties":{"t":"2026-09-30T18:53:00Z","sensor":"VIIRS Suomi NPP","confianza":"nominal","frp_MW":3.4,"dia_noche":"D","ec":false}},{"type":"Feature","geometry":{"type":"Point","coordinates":[-76.05173,1.05096]},"properties":{"t":"2026-09-30T18:53:00Z","sensor":"VIIRS Suomi NPP","confianza":"nominal","frp_MW":4.7,"dia_noche":"D","ec":false}},{"type":"Feature","geometry":{"type":"Point","coordinates":[-76.30197,1.02933]},"properties":{"t":"2026-09-30T18:53:00Z","sensor":"VIIRS Suomi NPP","confianza":"nominal","frp_MW":3.68,"dia_noche":"D","ec":false}},{"type":"Feature","geometry":{"type":"Point","coordinates":[-76.29552,1.04123]},"properties":{"t":"2026-09-30T18:53:00Z","sensor":"VIIRS Suomi NPP","confianza":"nominal","frp_MW":8.98,"dia_noche":"D","ec":false}},{"type":"Feature","geometry":{"type":"Point","coordinates":[-76.3533,1.04341]},"properties":{"t":"2026-09-30T18:53:00Z","sensor":"VIIRS Suomi NPP","confianza":"nominal","frp_MW":2.6,"dia_noche":"D","ec":false}},{"type":"Feature","geometry":{"type":"Point","coordinates":[-75.85882,1.13318]},"properties":{"t":"2026-09-30T18:53:00Z","sensor":"VIIRS Suomi NPP","confianza":"nominal","frp_MW":10.58,"dia_noche":"D","ec":false}},{"type":"Feature","geometry":{"type":"Point","coordinates":[-75.86306,1.13254]},"properties":{"t":"2026-09-30T18:53:00Z","sensor":"VIIRS Suomi NPP","confianza":"nominal","frp_MW":5.23,"dia_noche":"D","ec":false}},{"type":"Feature","geometry":{"type":"Point","coordinates":[-75.55153,1.35233]},"properties":{"t":"2026-09-30T18:53:00Z","sensor":"VIIRS Suomi NPP","confianza":"nominal","frp_MW":43.74,"dia_noche":"D","ec":false}},{"type":"Feature","geometry":{"type":"Point","coordinates":[-75.55211,1.35604]},"properties":{"t":"2026-09-30T18:53:00Z","sensor":"VIIRS Suomi NPP","confianza":"nominal","frp_MW":43.74,"dia_noche":"D","ec":false}},{"type":"Feature","geometry":{"type":"Point","coordinates":[-75.55072,1.35425]},"properties":{"t":"2026-09-30T18:53:00Z","sensor":"VIIRS Suomi NPP","confianza":"nominal","frp_MW":87.66,"dia_noche":"D","ec":false}},{"type":"Feature","geometry":{"type":"Point","coordinates":[-75.73817,1.35634]},"properties":{"t":"2026-09-30T18:53:00Z","sensor":"VIIRS Suomi NPP","confianza":"nominal","frp_MW":7.24,"dia_noche":"D","ec":false}},{"type":"Feature","geometry":{"type":"Point","coordinates":[-75.4462,1.5159]},"properties":{"t":"2026-09-30T18:53:00Z","sensor":"VIIRS Suomi NPP","confianza":"nominal","frp_MW":20.36,"dia_noche":"D","ec":false}},{"type":"Feature","geometry":{"type":"Point","coordinates":[-75.76987,1.89503]},"properties":{"t":"2026-09-30T18:53:00Z","sensor":"VIIRS Suomi NPP","confianza":"nominal","frp_MW":7.01,"dia_noche":"D","ec":false}},{"type":"Feature","geometry":{"type":"Point","coordinates":[-77.12056,1.70143]},"properties":{"t":"2026-09-30T18:53:00Z","sensor":"VIIRS Suomi NPP","confianza":"nominal","frp_MW":4.04,"dia_noche":"D","ec":false}},{"type":"Feature","geometry":{"type":"Point","coordinates":[-77.121,1.7049]},"properties":{"t":"2026-09-30T18:53:00Z","sensor":"VIIRS Suomi NPP","confianza":"nominal","frp_MW":4.04,"dia_noche":"D","ec":false}},{"type":"Feature","geometry":{"type":"Point","coordinates":[-76.653,-5.49616]},"properties":{"t":"2026-09-30T19:10:00Z","sensor":"VIIRS NOAA-20","confianza":"nominal","frp_MW":6.72,"dia_noche":"D","ec":false}},{"type":"Feature","geometry":{"type":"Point","coordinates":[-76.53899,-5.35438]},"properties":{"t":"2026-09-30T19:10:00Z","sensor":"VIIRS NOAA-20","confianza":"nominal","frp_MW":5.47,"dia_noche":"D","ec":false}},{"type":"Feature","geometry":{"type":"Point","coordinates":[-76.77959,-5.23754]},"properties":{"t":"2026-09-30T19:10:00Z","sensor":"VIIRS NOAA-20","confianza":"nominal","frp_MW":2.67,"dia_noche":"D","ec":false}},{"type":"Feature","geometry":{"type":"Point","coordinates":[-78.45,-5.48888]},"properties":{"t":"2026-09-30T19:10:00Z","sensor":"VIIRS NOAA-20","confianza":"nominal","frp_MW":2.13,"dia_noche":"D","ec":false}},{"type":"Feature","geometry":{"type":"Point","coordinates":[-76.75893,-5.15541]},"properties":{"t":"2026-09-30T19:10:00Z","sensor":"VIIRS NOAA-20","confianza":"nominal","frp_MW":5.79,"dia_noche":"D","ec":false}},{"type":"Feature","geometry":{"type":"Point","coordinates":[-78.48138,-5.40295]},"properties":{"t":"2026-09-30T19:10:00Z","sensor":"VIIRS NOAA-20","confianza":"nominal","frp_MW":2.12,"dia_noche":"D","ec":false}},{"type":"Feature","geometry":{"type":"Point","coordinates":[-78.42052,-5.31477]},"properties":{"t":"2026-09-30T19:10:00Z","sensor":"VIIRS NOAA-20","confianza":"nominal","frp_MW":6.36,"dia_noche":"D","ec":false}},{"type":"Feature","geometry":{"type":"Point","coordinates":[-78.13449,-2.52473]},"properties":{"t":"2026-09-30T19:10:00Z","sensor":"VIIRS NOAA-20","confianza":"nominal","frp_MW":3.56,"dia_noche":"D","ec":true}},{"type":"Feature","geometry":{"type":"Point","coordinates":[-78.54437,-1.62269]},"properties":{"t":"2026-09-30T19:10:00Z","sensor":"VIIRS NOAA-20","confianza":"high","frp_MW":295.21,"dia_noche":"D","ec":true}},{"type":"Feature","geometry":{"type":"Point","coordinates":[-78.54067,-1.6221]},"properties":{"t":"2026-09-30T19:10:00Z","sensor":"VIIRS NOAA-20","confianza":"nominal","frp_MW":14.72,"dia_noche":"D","ec":true}},{"type":"Feature","geometry":{"type":"Point","coordinates":[-78.54453,-1.62446]},"properties":{"t":"2026-09-30T19:10:00Z","sensor":"VIIRS NOAA-20","confianza":"high","frp_MW":307.07,"dia_noche":"D","ec":true}},{"type":"Feature","geometry":{"type":"Point","coordinates":[-78.50642,-1.4947]},"properties":{"t":"2026-09-30T19:10:00Z","sensor":"VIIRS NOAA-20","confianza":"nominal","frp_MW":8.46,"dia_noche":"D","ec":true}},{"type":"Feature","geometry":{"type":"Point","coordinates":[-78.51015,-1.4953]},"properties":{"t":"2026-09-30T19:10:00Z","sensor":"VIIRS NOAA-20","confianza":"nominal","frp_MW":8.46,"dia_noche":"D","ec":true}},{"type":"Feature","geometry":{"type":"Point","coordinates":[-78.50535,-1.49204]},"properties":{"t":"2026-09-30T19:10:00Z","sensor":"VIIRS NOAA-20","confianza":"nominal","frp_MW":20.09,"dia_noche":"D","ec":true}},{"type":"Feature","geometry":{"type":"Point","coordinates":[-78.50909,-1.49262]},"properties":{"t":"2026-09-30T19:10:00Z","sensor":"VIIRS NOAA-20","confianza":"nominal","frp_MW":20.09,"dia_noche":"D","ec":true}},{"type":"Feature","geometry":{"type":"Point","coordinates":[-77.8429,-1.34601]},"properties":{"t":"2026-09-30T19:10:00Z","sensor":"VIIRS NOAA-20","confianza":"nominal","frp_MW":5.75,"dia_noche":"D","ec":true}},{"type":"Feature","geometry":{"type":"Point","coordinates":[-78.51943,-1.35875]},"properties":{"t":"2026-09-30T19:10:00Z","sensor":"VIIRS NOAA-20","confianza":"low","frp_MW":2.24,"dia_noche":"D","ec":true}},{"type":"Feature","geometry":{"type":"Point","coordinates":[-78.53333,-1.22519]},"properties":{"t":"2026-09-30T19:10:00Z","sensor":"VIIRS NOAA-20","confianza":"nominal","frp_MW":24.28,"dia_noche":"D","ec":true}},{"type":"Feature","geometry":{"type":"Point","coordinates":[-77.01141,-0.78353]},"properties":{"t":"2026-09-30T19:10:00Z","sensor":"VIIRS NOAA-20","confianza":"nominal","frp_MW":4.84,"dia_noche":"D","ec":true}},{"type":"Feature","geometry":{"type":"Point","coordinates":[-76.75025,-0.6875]},"properties":{"t":"2026-09-30T19:10:00Z","sensor":"VIIRS NOAA-20","confianza":"nominal","frp_MW":3.29,"dia_noche":"D","ec":true}},{"type":"Feature","geometry":{"type":"Point","coordinates":[-76.94902,-0.58442]},"properties":{"t":"2026-09-30T19:10:00Z","sensor":"VIIRS NOAA-20","confianza":"nominal","frp_MW":12.1,"dia_noche":"D","ec":true}},{"type":"Feature","geometry":{"type":"Point","coordinates":[-76.952,-0.58489]},"properties":{"t":"2026-09-30T19:10:00Z","sensor":"VIIRS NOAA-20","confianza":"nominal","frp_MW":12.54,"dia_noche":"D","ec":true}},{"type":"Feature","geometry":{"type":"Point","coordinates":[-76.955,-0.58535]},"properties":{"t":"2026-09-30T19:10:00Z","sensor":"VIIRS NOAA-20","confianza":"nominal","frp_MW":12.54,"dia_noche":"D","ec":true}},{"type":"Feature","geometry":{"type":"Point","coordinates":[-76.70056,-0.44903]},"properties":{"t":"2026-09-30T19:10:00Z","sensor":"VIIRS NOAA-20","confianza":"low","frp_MW":6.36,"dia_noche":"D","ec":true}},{"type":"Feature","geometry":{"type":"Point","coordinates":[-76.45759,-0.40613]},"properties":{"t":"2026-09-30T19:10:00Z","sensor":"VIIRS NOAA-20","confianza":"nominal","frp_MW":5.62,"dia_noche":"D","ec":true}},{"type":"Feature","geometry":{"type":"Point","coordinates":[-77.04431,-0.48656]},"properties":{"t":"2026-09-30T19:10:00Z","sensor":"VIIRS NOAA-20","confianza":"nominal","frp_MW":1.69,"dia_noche":"D","ec":true}},{"type":"Feature","geometry":{"type":"Point","coordinates":[-76.73877,-0.22936]},"properties":{"t":"2026-09-30T19:10:00Z","sensor":"VIIRS NOAA-20","confianza":"nominal","frp_MW":2.56,"dia_noche":"D","ec":true}},{"type":"Feature","geometry":{"type":"Point","coordinates":[-76.95383,-0.21556]},"properties":{"t":"2026-09-30T19:10:00Z","sensor":"VIIRS NOAA-20","confianza":"high","frp_MW":5.79,"dia_noche":"D","ec":true}},{"type":"Feature","geometry":{"type":"Point","coordinates":[-76.69436,-0.16394]},"properties":{"t":"2026-09-30T19:10:00Z","sensor":"VIIRS NOAA-20","confianza":"high","frp_MW":8.48,"dia_noche":"D","ec":true}},{"type":"Feature","geometry":{"type":"Point","coordinates":[-76.66942,0.06046]},"properties":{"t":"2026-09-30T19:10:00Z","sensor":"VIIRS NOAA-20","confianza":"nominal","frp_MW":2.31,"dia_noche":"D","ec":true}},{"type":"Feature","geometry":{"type":"Point","coordinates":[-77.65412,-0.08062]},"properties":{"t":"2026-09-30T19:10:00Z","sensor":"VIIRS NOAA-20","confianza":"nominal","frp_MW":24.66,"dia_noche":"D","ec":true}},{"type":"Feature","geometry":{"type":"Point","coordinates":[-77.64562,-0.08111]},"properties":{"t":"2026-09-30T19:10:00Z","sensor":"VIIRS NOAA-20","confianza":"nominal","frp_MW":14.58,"dia_noche":"D","ec":true}},{"type":"Feature","geometry":{"type":"Point","coordinates":[-76.50211,0.22591]},"properties":{"t":"2026-09-30T19:10:00Z","sensor":"VIIRS NOAA-20","confianza":"nominal","frp_MW":4.38,"dia_noche":"D","ec":true}},{"type":"Feature","geometry":{"type":"Point","coordinates":[-76.41468,0.27749]},"properties":{"t":"2026-09-30T19:10:00Z","sensor":"VIIRS NOAA-20","confianza":"nominal","frp_MW":3.58,"dia_noche":"D","ec":false}},{"type":"Feature","geometry":{"type":"Point","coordinates":[-76.97321,0.19601]},"properties":{"t":"2026-09-30T19:10:00Z","sensor":"VIIRS NOAA-20","confianza":"nominal","frp_MW":4.39,"dia_noche":"D","ec":true}},{"type":"Feature","geometry":{"type":"Point","coordinates":[-76.26891,0.34431]},"properties":{"t":"2026-09-30T19:10:00Z","sensor":"VIIRS NOAA-20","confianza":"nominal","frp_MW":6.4,"dia_noche":"D","ec":true}},{"type":"Feature","geometry":{"type":"Point","coordinates":[-76.14539,0.45461]},"properties":{"t":"2026-09-30T19:10:00Z","sensor":"VIIRS NOAA-20","confianza":"high","frp_MW":10.09,"dia_noche":"D","ec":false}},{"type":"Feature","geometry":{"type":"Point","coordinates":[-76.14889,0.45406]},"properties":{"t":"2026-09-30T19:10:00Z","sensor":"VIIRS NOAA-20","confianza":"nominal","frp_MW":10.09,"dia_noche":"D","ec":false}},{"type":"Feature","geometry":{"type":"Point","coordinates":[-76.41275,0.41265]},"properties":{"t":"2026-09-30T19:10:00Z","sensor":"VIIRS NOAA-20","confianza":"nominal","frp_MW":2.97,"dia_noche":"D","ec":false}},{"type":"Feature","geometry":{"type":"Point","coordinates":[-76.71947,0.3806]},"properties":{"t":"2026-09-30T19:10:00Z","sensor":"VIIRS NOAA-20","confianza":"nominal","frp_MW":4.57,"dia_noche":"D","ec":false}},{"type":"Feature","geometry":{"type":"Point","coordinates":[-76.72267,0.38009]},"properties":{"t":"2026-09-30T19:10:00Z","sensor":"VIIRS NOAA-20","confianza":"nominal","frp_MW":5.16,"dia_noche":"D","ec":false}},{"type":"Feature","geometry":{"type":"Point","coordinates":[-76.31441,0.45014]},"properties":{"t":"2026-09-30T19:10:00Z","sensor":"VIIRS NOAA-20","confianza":"high","frp_MW":9.12,"dia_noche":"D","ec":false}},{"type":"Feature","geometry":{"type":"Point","coordinates":[-76.31548,0.44692]},"properties":{"t":"2026-09-30T19:10:00Z","sensor":"VIIRS NOAA-20","confianza":"high","frp_MW":8.55,"dia_noche":"D","ec":false}},{"type":"Feature","geometry":{"type":"Point","coordinates":[-77.96378,0.31634]},"properties":{"t":"2026-09-30T19:10:00Z","sensor":"VIIRS NOAA-20","confianza":"nominal","frp_MW":18.92,"dia_noche":"D","ec":true}},{"type":"Feature","geometry":{"type":"Point","coordinates":[-77.96088,0.31672]},"properties":{"t":"2026-09-30T19:10:00Z","sensor":"VIIRS NOAA-20","confianza":"nominal","frp_MW":15.04,"dia_noche":"D","ec":true}},{"type":"Feature","geometry":{"type":"Point","coordinates":[-77.9662,0.31592]},"properties":{"t":"2026-09-30T19:10:00Z","sensor":"VIIRS NOAA-20","confianza":"nominal","frp_MW":15.04,"dia_noche":"D","ec":true}},{"type":"Feature","geometry":{"type":"Point","coordinates":[-76.68384,0.54198]},"properties":{"t":"2026-09-30T19:10:00Z","sensor":"VIIRS NOAA-20","confianza":"nominal","frp_MW":4.77,"dia_noche":"D","ec":false}},{"type":"Feature","geometry":{"type":"Point","coordinates":[-76.29864,0.61209]},"properties":{"t":"2026-09-30T19:10:00Z","sensor":"VIIRS NOAA-20","confianza":"nominal","frp_MW":2.34,"dia_noche":"D","ec":false}},{"type":"Feature","geometry":{"type":"Point","coordinates":[-75.61871,0.72841]},"properties":{"t":"2026-09-30T19:10:00Z","sensor":"VIIRS NOAA-20","confianza":"nominal","frp_MW":2.88,"dia_noche":"D","ec":false}},{"type":"Feature","geometry":{"type":"Point","coordinates":[-75.7618,0.74649]},"properties":{"t":"2026-09-30T19:10:00Z","sensor":"VIIRS NOAA-20","confianza":"nominal","frp_MW":5.93,"dia_noche":"D","ec":false}},{"type":"Feature","geometry":{"type":"Point","coordinates":[-75.75949,0.75041]},"properties":{"t":"2026-09-30T19:10:00Z","sensor":"VIIRS NOAA-20","confianza":"nominal","frp_MW":6.68,"dia_noche":"D","ec":false}},{"type":"Feature","geometry":{"type":"Point","coordinates":[-76.00723,0.73581]},"properties":{"t":"2026-09-30T19:10:00Z","sensor":"VIIRS NOAA-20","confianza":"nominal","frp_MW":6.77,"dia_noche":"D","ec":false}},{"type":"Feature","geometry":{"type":"Point","coordinates":[-76.01085,0.73526]},"properties":{"t":"2026-09-30T19:10:00Z","sensor":"VIIRS NOAA-20","confianza":"nominal","frp_MW":6.77,"dia_noche":"D","ec":false}},{"type":"Feature","geometry":{"type":"Point","coordinates":[-75.70049,0.79967]},"properties":{"t":"2026-09-30T19:10:00Z","sensor":"VIIRS NOAA-20","confianza":"low","frp_MW":7.94,"dia_noche":"D","ec":false}},{"type":"Feature","geometry":{"type":"Point","coordinates":[-75.69746,0.80591]},"properties":{"t":"2026-09-30T19:10:00Z","sensor":"VIIRS NOAA-20","confianza":"nominal","frp_MW":7.94,"dia_noche":"D","ec":false}},{"type":"Feature","geometry":{"type":"Point","coordinates":[-78.2592,0.41295]},"properties":{"t":"2026-09-30T19:10:00Z","sensor":"VIIRS NOAA-20","confianza":"nominal","frp_MW":8.36,"dia_noche":"D","ec":true}},{"type":"Feature","geometry":{"type":"Point","coordinates":[-76.03739,0.76509]},"properties":{"t":"2026-09-30T19:10:00Z","sensor":"VIIRS NOAA-20","confianza":"nominal","frp_MW":6.19,"dia_noche":"D","ec":false}},{"type":"Feature","geometry":{"type":"Point","coordinates":[-76.53623,0.68821]},"properties":{"t":"2026-09-30T19:10:00Z","sensor":"VIIRS NOAA-20","confianza":"nominal","frp_MW":5.22,"dia_noche":"D","ec":false}},{"type":"Feature","geometry":{"type":"Point","coordinates":[-76.01529,0.79111]},"properties":{"t":"2026-09-30T19:10:00Z","sensor":"VIIRS NOAA-20","confianza":"nominal","frp_MW":4.27,"dia_noche":"D","ec":false}},{"type":"Feature","geometry":{"type":"Point","coordinates":[-75.9147,0.84665]},"properties":{"t":"2026-09-30T19:10:00Z","sensor":"VIIRS NOAA-20","confianza":"nominal","frp_MW":5.29,"dia_noche":"D","ec":false}},{"type":"Feature","geometry":{"type":"Point","coordinates":[-76.17503,0.82884]},"properties":{"t":"2026-09-30T19:10:00Z","sensor":"VIIRS NOAA-20","confianza":"nominal","frp_MW":3.97,"dia_noche":"D","ec":false}},{"type":"Feature","geometry":{"type":"Point","coordinates":[-76.03581,0.85568]},"properties":{"t":"2026-09-30T19:10:00Z","sensor":"VIIRS NOAA-20","confianza":"nominal","frp_MW":3.4,"dia_noche":"D","ec":false}},{"type":"Feature","geometry":{"type":"Point","coordinates":[-76.17577,0.83432]},"properties":{"t":"2026-09-30T19:10:00Z","sensor":"VIIRS NOAA-20","confianza":"low","frp_MW":9.98,"dia_noche":"D","ec":false}},{"type":"Feature","geometry":{"type":"Point","coordinates":[-76.07344,0.86121]},"properties":{"t":"2026-09-30T19:10:00Z","sensor":"VIIRS NOAA-20","confianza":"high","frp_MW":13.49,"dia_noche":"D","ec":false}},{"type":"Feature","geometry":{"type":"Point","coordinates":[-76.077,0.86067]},"properties":{"t":"2026-09-30T19:10:00Z","sensor":"VIIRS NOAA-20","confianza":"nominal","frp_MW":9.26,"dia_noche":"D","ec":false}},{"type":"Feature","geometry":{"type":"Point","coordinates":[-75.98367,0.88066]},"properties":{"t":"2026-09-30T19:10:00Z","sensor":"VIIRS NOAA-20","confianza":"nominal","frp_MW":3.74,"dia_noche":"D","ec":false}},{"type":"Feature","geometry":{"type":"Point","coordinates":[-76.67031,0.79127]},"properties":{"t":"2026-09-30T19:10:00Z","sensor":"VIIRS NOAA-20","confianza":"nominal","frp_MW":3.9,"dia_noche":"D","ec":false}},{"type":"Feature","geometry":{"type":"Point","coordinates":[-76.38283,0.85792]},"properties":{"t":"2026-09-30T19:10:00Z","sensor":"VIIRS NOAA-20","confianza":"nominal","frp_MW":4.77,"dia_noche":"D","ec":false}},{"type":"Feature","geometry":{"type":"Point","coordinates":[-76.2967,0.87696]},"properties":{"t":"2026-09-30T19:10:00Z","sensor":"VIIRS NOAA-20","confianza":"nominal","frp_MW":4.29,"dia_noche":"D","ec":false}},{"type":"Feature","geometry":{"type":"Point","coordinates":[-76.29659,0.87856]},"properties":{"t":"2026-09-30T19:10:00Z","sensor":"VIIRS NOAA-20","confianza":"nominal","frp_MW":6.8,"dia_noche":"D","ec":false}},{"type":"Feature","geometry":{"type":"Point","coordinates":[-76.06717,0.97491]},"properties":{"t":"2026-09-30T19:10:00Z","sensor":"VIIRS NOAA-20","confianza":"nominal","frp_MW":4.64,"dia_noche":"D","ec":false}},{"type":"Feature","geometry":{"type":"Point","coordinates":[-75.72923,1.08764]},"properties":{"t":"2026-09-30T19:10:00Z","sensor":"VIIRS NOAA-20","confianza":"nominal","frp_MW":3.05,"dia_noche":"D","ec":false}},{"type":"Feature","geometry":{"type":"Point","coordinates":[-76.29586,1.0416]},"properties":{"t":"2026-09-30T19:10:00Z","sensor":"VIIRS NOAA-20","confianza":"nominal","frp_MW":3.26,"dia_noche":"D","ec":false}},{"type":"Feature","geometry":{"type":"Point","coordinates":[-78.04514,-5.14437]},"properties":{"t":"2026-09-30T19:13:00Z","sensor":"VIIRS NOAA-20","confianza":"nominal","frp_MW":6.89,"dia_noche":"D","ec":false}},{"type":"Feature","geometry":{"type":"Point","coordinates":[-78.04958,-5.14511]},"properties":{"t":"2026-09-30T19:13:00Z","sensor":"VIIRS NOAA-20","confianza":"nominal","frp_MW":7.62,"dia_noche":"D","ec":false}},{"type":"Feature","geometry":{"type":"Point","coordinates":[-76.63328,-4.82]},"properties":{"t":"2026-09-30T19:13:00Z","sensor":"VIIRS NOAA-20","confianza":"nominal","frp_MW":6.05,"dia_noche":"D","ec":false}},{"type":"Feature","geometry":{"type":"Point","coordinates":[-76.69245,-4.82492]},"properties":{"t":"2026-09-30T19:13:00Z","sensor":"VIIRS NOAA-20","confianza":"nominal","frp_MW":7.28,"dia_noche":"D","ec":false}},{"type":"Feature","geometry":{"type":"Point","coordinates":[-78.9877,-5.19129]},"properties":{"t":"2026-09-30T19:13:00Z","sensor":"VIIRS NOAA-20","confianza":"low","frp_MW":3.58,"dia_noche":"D","ec":false}},{"type":"Feature","geometry":{"type":"Point","coordinates":[-78.24095,-5.01339]},"properties":{"t":"2026-09-30T19:13:00Z","sensor":"VIIRS NOAA-20","confianza":"nominal","frp_MW":13.0,"dia_noche":"D","ec":false}},{"type":"Feature","geometry":{"type":"Point","coordinates":[-78.32365,-4.98703]},"properties":{"t":"2026-09-30T19:13:00Z","sensor":"VIIRS NOAA-20","confianza":"nominal","frp_MW":3.24,"dia_noche":"D","ec":false}},{"type":"Feature","geometry":{"type":"Point","coordinates":[-79.14156,-5.05795]},"properties":{"t":"2026-09-30T19:13:00Z","sensor":"VIIRS NOAA-20","confianza":"nominal","frp_MW":7.54,"dia_noche":"D","ec":false}},{"type":"Feature","geometry":{"type":"Point","coordinates":[-77.94645,-4.85299]},"properties":{"t":"2026-09-30T19:13:00Z","sensor":"VIIRS NOAA-20","confianza":"nominal","frp_MW":2.45,"dia_noche":"D","ec":false}},{"type":"Feature","geometry":{"type":"Point","coordinates":[-77.96499,-4.84693]},"properties":{"t":"2026-09-30T19:13:00Z","sensor":"VIIRS NOAA-20","confianza":"nominal","frp_MW":4.23,"dia_noche":"D","ec":false}},{"type":"Feature","geometry":{"type":"Point","coordinates":[-78.00074,-4.8437]},"properties":{"t":"2026-09-30T19:13:00Z","sensor":"VIIRS NOAA-20","confianza":"nominal","frp_MW":3.36,"dia_noche":"D","ec":false}},{"type":"Feature","geometry":{"type":"Point","coordinates":[-77.91547,-4.82067]},"properties":{"t":"2026-09-30T19:13:00Z","sensor":"VIIRS NOAA-20","confianza":"nominal","frp_MW":8.32,"dia_noche":"D","ec":false}},{"type":"Feature","geometry":{"type":"Point","coordinates":[-79.06541,-4.99972]},"properties":{"t":"2026-09-30T19:13:00Z","sensor":"VIIRS NOAA-20","confianza":"nominal","frp_MW":5.2,"dia_noche":"D","ec":false}},{"type":"Feature","geometry":{"type":"Point","coordinates":[-78.97981,-4.93094]},"properties":{"t":"2026-09-30T19:13:00Z","sensor":"VIIRS NOAA-20","confianza":"nominal","frp_MW":10.07,"dia_noche":"D","ec":false}},{"type":"Feature","geometry":{"type":"Point","coordinates":[-78.98011,-4.93245]},"properties":{"t":"2026-09-30T19:13:00Z","sensor":"VIIRS NOAA-20","confianza":"nominal","frp_MW":7.52,"dia_noche":"D","ec":false}},{"type":"Feature","geometry":{"type":"Point","coordinates":[-79.12873,-4.9435]},"properties":{"t":"2026-09-30T19:13:00Z","sensor":"VIIRS NOAA-20","confianza":"nominal","frp_MW":2.67,"dia_noche":"D","ec":true}},{"type":"Feature","geometry":{"type":"Point","coordinates":[-78.99706,-4.91828]},"properties":{"t":"2026-09-30T19:13:00Z","sensor":"VIIRS NOAA-20","confianza":"nominal","frp_MW":6.62,"dia_noche":"D","ec":true}},{"type":"Feature","geometry":{"type":"Point","coordinates":[-79.00063,-4.91885]},"properties":{"t":"2026-09-30T19:13:00Z","sensor":"VIIRS NOAA-20","confianza":"nominal","frp_MW":4.85,"dia_noche":"D","ec":true}},{"type":"Feature","geometry":{"type":"Point","coordinates":[-79.0929,-4.87491]},"properties":{"t":"2026-09-30T19:13:00Z","sensor":"VIIRS NOAA-20","confianza":"nominal","frp_MW":2.95,"dia_noche":"D","ec":true}},{"type":"Feature","geometry":{"type":"Point","coordinates":[-79.0882,-4.85735]},"properties":{"t":"2026-09-30T19:13:00Z","sensor":"VIIRS NOAA-20","confianza":"nominal","frp_MW":6.92,"dia_noche":"D","ec":true}},{"type":"Feature","geometry":{"type":"Point","coordinates":[-79.1485,-4.86731]},"properties":{"t":"2026-09-30T19:13:00Z","sensor":"VIIRS NOAA-20","confianza":"nominal","frp_MW":3.59,"dia_noche":"D","ec":true}},{"type":"Feature","geometry":{"type":"Point","coordinates":[-79.13641,-4.84048]},"properties":{"t":"2026-09-30T19:13:00Z","sensor":"VIIRS NOAA-20","confianza":"nominal","frp_MW":2.63,"dia_noche":"D","ec":true}},{"type":"Feature","geometry":{"type":"Point","coordinates":[-79.11823,-4.82084]},"properties":{"t":"2026-09-30T19:13:00Z","sensor":"VIIRS NOAA-20","confianza":"nominal","frp_MW":3.84,"dia_noche":"D","ec":true}},{"type":"Feature","geometry":{"type":"Point","coordinates":[-77.74729,-4.58133]},"properties":{"t":"2026-09-30T19:13:00Z","sensor":"VIIRS NOAA-20","confianza":"nominal","frp_MW":2.65,"dia_noche":"D","ec":false}},{"type":"Feature","geometry":{"type":"Point","coordinates":[-79.05379,-4.78527]},"properties":{"t":"2026-09-30T19:13:00Z","sensor":"VIIRS NOAA-20","confianza":"nominal","frp_MW":4.9,"dia_noche":"D","ec":true}},{"type":"Feature","geometry":{"type":"Point","coordinates":[-79.60196,-4.661]},"properties":{"t":"2026-09-30T19:13:00Z","sensor":"VIIRS NOAA-20","confianza":"nominal","frp_MW":10.29,"dia_noche":"D","ec":false}},{"type":"Feature","geometry":{"type":"Point","coordinates":[-79.50704,-4.5743]},"properties":{"t":"2026-09-30T19:13:00Z","sensor":"VIIRS NOAA-20","confianza":"nominal","frp_MW":4.45,"dia_noche":"D","ec":false}},{"type":"Feature","geometry":{"type":"Point","coordinates":[-79.42049,-4.53176]},"properties":{"t":"2026-09-30T19:13:00Z","sensor":"VIIRS NOAA-20","confianza":"nominal","frp_MW":36.86,"dia_noche":"D","ec":true}},{"type":"Feature","geometry":{"type":"Point","coordinates":[-79.42365,-4.53227]},"properties":{"t":"2026-09-30T19:13:00Z","sensor":"VIIRS NOAA-20","confianza":"nominal","frp_MW":36.86,"dia_noche":"D","ec":true}},{"type":"Feature","geometry":{"type":"Point","coordinates":[-79.50219,-4.53664]},"properties":{"t":"2026-09-30T19:13:00Z","sensor":"VIIRS NOAA-20","confianza":"nominal","frp_MW":7.18,"dia_noche":"D","ec":false}},{"type":"Feature","geometry":{"type":"Point","coordinates":[-79.49762,-4.5318]},"properties":{"t":"2026-09-30T19:13:00Z","sensor":"VIIRS NOAA-20","confianza":"nominal","frp_MW":7.18,"dia_noche":"D","ec":false}},{"type":"Feature","geometry":{"type":"Point","coordinates":[-79.50197,-4.5325]},"properties":{"t":"2026-09-30T19:13:00Z","sensor":"VIIRS NOAA-20","confianza":"nominal","frp_MW":7.18,"dia_noche":"D","ec":false}},{"type":"Feature","geometry":{"type":"Point","coordinates":[-79.49737,-4.52766]},"properties":{"t":"2026-09-30T19:13:00Z","sensor":"VIIRS NOAA-20","confianza":"low","frp_MW":4.43,"dia_noche":"D","ec":false}},{"type":"Feature","geometry":{"type":"Point","coordinates":[-79.50159,-4.52834]},"properties":{"t":"2026-09-30T19:13:00Z","sensor":"VIIRS NOAA-20","confianza":"nominal","frp_MW":4.43,"dia_noche":"D","ec":false}},{"type":"Feature","geometry":{"type":"Point","coordinates":[-79.40075,-4.44906]},"properties":{"t":"2026-09-30T19:13:00Z","sensor":"VIIRS NOAA-20","confianza":"nominal","frp_MW":13.41,"dia_noche":"D","ec":true}},{"type":"Feature","geometry":{"type":"Point","coordinates":[-79.69736,-4.37543]},"properties":{"t":"2026-09-30T19:13:00Z","sensor":"VIIRS NOAA-20","confianza":"nominal","frp_MW":9.18,"dia_noche":"D","ec":true}},{"type":"Feature","geometry":{"type":"Point","coordinates":[-79.33426,-4.01762]},"properties":{"t":"2026-09-30T19:13:00Z","sensor":"VIIRS NOAA-20","confianza":"nominal","frp_MW":2.32,"dia_noche":"D","ec":true}},{"type":"Feature","geometry":{"type":"Point","coordinates":[-79.3344,-4.01785]},"properties":{"t":"2026-09-30T19:13:00Z","sensor":"VIIRS NOAA-20","confianza":"nominal","frp_MW":2.74,"dia_noche":"D","ec":true}},{"type":"Feature","geometry":{"type":"Point","coordinates":[-79.75081,-4.00579]},"properties":{"t":"2026-09-30T19:13:00Z","sensor":"VIIRS NOAA-20","confianza":"nominal","frp_MW":8.23,"dia_noche":"D","ec":true}},{"type":"Feature","geometry":{"type":"Point","coordinates":[-79.43415,-3.93796]},"properties":{"t":"2026-09-30T19:13:00Z","sensor":"VIIRS NOAA-20","confianza":"nominal","frp_MW":12.81,"dia_noche":"D","ec":true}},{"type":"Feature","geometry":{"type":"Point","coordinates":[-79.43518,-3.93398]},"properties":{"t":"2026-09-30T19:13:00Z","sensor":"VIIRS NOAA-20","confianza":"nominal","frp_MW":3.04,"dia_noche":"D","ec":true}},{"type":"Feature","geometry":{"type":"Point","coordinates":[-76.35739,-3.28964]},"properties":{"t":"2026-09-30T19:13:00Z","sensor":"VIIRS NOAA-20","confianza":"nominal","frp_MW":5.72,"dia_noche":"D","ec":false}},{"type":"Feature","geometry":{"type":"Point","coordinates":[-78.69102,-3.47092]},"properties":{"t":"2026-09-30T19:13:00Z","sensor":"VIIRS NOAA-20","confianza":"nominal","frp_MW":3.51,"dia_noche":"D","ec":true}},{"type":"Feature","geometry":{"type":"Point","coordinates":[-79.30667,-3.47501]},"properties":{"t":"2026-09-30T19:13:00Z","sensor":"VIIRS NOAA-20","confianza":"nominal","frp_MW":4.76,"dia_noche":"D","ec":true}},{"type":"Feature","geometry":{"type":"Point","coordinates":[-77.87144,-3.24748]},"properties":{"t":"2026-09-30T19:13:00Z","sensor":"VIIRS NOAA-20","confianza":"low","frp_MW":7.03,"dia_noche":"D","ec":false}},{"type":"Feature","geometry":{"type":"Point","coordinates":[-79.95853,-3.37628]},"properties":{"t":"2026-09-30T19:13:00Z","sensor":"VIIRS NOAA-20","confianza":"nominal","frp_MW":5.71,"dia_noche":"D","ec":true}},{"type":"Feature","geometry":{"type":"Point","coordinates":[-79.95914,-3.37232]},"properties":{"t":"2026-09-30T19:13:00Z","sensor":"VIIRS NOAA-20","confianza":"nominal","frp_MW":5.71,"dia_noche":"D","ec":true}},{"type":"Feature","geometry":{"type":"Point","coordinates":[-76.63513,-2.62111]},"properties":{"t":"2026-09-30T19:13:00Z","sensor":"VIIRS NOAA-20","confianza":"nominal","frp_MW":4.48,"dia_noche":"D","ec":false}},{"type":"Feature","geometry":{"type":"Point","coordinates":[-76.6338,-2.61058]},"properties":{"t":"2026-09-30T19:13:00Z","sensor":"VIIRS NOAA-20","confianza":"nominal","frp_MW":5.05,"dia_noche":"D","ec":false}},{"type":"Feature","geometry":{"type":"Point","coordinates":[-76.63622,-2.61145]},"properties":{"t":"2026-09-30T19:13:00Z","sensor":"VIIRS NOAA-20","confianza":"nominal","frp_MW":3.96,"dia_noche":"D","ec":false}},{"type":"Feature","geometry":{"type":"Point","coordinates":[-77.52583,-2.66482]},"properties":{"t":"2026-09-30T19:13:00Z","sensor":"VIIRS NOAA-20","confianza":"nominal","frp_MW":16.53,"dia_noche":"D","ec":true}},{"type":"Feature","geometry":{"type":"Point","coordinates":[-77.53092,-2.66565]},"properties":{"t":"2026-09-30T19:13:00Z","sensor":"VIIRS NOAA-20","confianza":"nominal","frp_MW":16.53,"dia_noche":"D","ec":true}},{"type":"Feature","geometry":{"type":"Point","coordinates":[-75.18729,1.62012]},"properties":{"t":"2026-09-30T19:13:00Z","sensor":"VIIRS NOAA-20","confianza":"high","frp_MW":29.38,"dia_noche":"D","ec":false}},{"type":"Feature","geometry":{"type":"Point","coordinates":[-75.19151,1.61949]},"properties":{"t":"2026-09-30T19:13:00Z","sensor":"VIIRS NOAA-20","confianza":"nominal","frp_MW":24.32,"dia_noche":"D","ec":false}},{"type":"Feature","geometry":{"type":"Point","coordinates":[-76.14254,0.45188]},"properties":{"t":"2026-09-30T20:06:00Z","sensor":"MODIS","confianza":"54","frp_MW":75.7,"dia_noche":"D","ec":false}},{"type":"Feature","geometry":{"type":"Point","coordinates":[-77.65534,-0.08269]},"properties":{"t":"2026-10-01T01:58:00Z","sensor":"MODIS","confianza":"100","frp_MW":45.17,"dia_noche":"N","ec":true}},{"type":"Feature","geometry":{"type":"Point","coordinates":[-77.66616,-0.08415]},"properties":{"t":"2026-10-01T01:58:00Z","sensor":"MODIS","confianza":"81","frp_MW":15.87,"dia_noche":"N","ec":true}},{"type":"Feature","geometry":{"type":"Point","coordinates":[-77.65656,-0.07319]},"properties":{"t":"2026-10-01T01:58:00Z","sensor":"MODIS","confianza":"65","frp_MW":12.26,"dia_noche":"N","ec":true}},{"type":"Feature","geometry":{"type":"Point","coordinates":[-77.00146,-0.26169]},"properties":{"t":"2026-10-01T05:55:00Z","sensor":"VIIRS Suomi NPP","confianza":"nominal","frp_MW":1.68,"dia_noche":"N","ec":true}},{"type":"Feature","geometry":{"type":"Point","coordinates":[-77.00269,-0.26859]},"properties":{"t":"2026-10-01T05:55:00Z","sensor":"VIIRS Suomi NPP","confianza":"nominal","frp_MW":1.68,"dia_noche":"N","ec":true}},{"type":"Feature","geometry":{"type":"Point","coordinates":[-77.0012,-0.26774]},"properties":{"t":"2026-10-01T05:55:00Z","sensor":"VIIRS Suomi NPP","confianza":"nominal","frp_MW":3.72,"dia_noche":"N","ec":true}},{"type":"Feature","geometry":{"type":"Point","coordinates":[-76.65,-0.15071]},"properties":{"t":"2026-10-01T06:12:00Z","sensor":"VIIRS NOAA-20","confianza":"nominal","frp_MW":2.45,"dia_noche":"N","ec":true}},{"type":"Feature","geometry":{"type":"Point","coordinates":[-77.00265,-0.26254]},"properties":{"t":"2026-10-01T06:14:00Z","sensor":"VIIRS NOAA-20","confianza":"nominal","frp_MW":2.18,"dia_noche":"N","ec":true}},{"type":"Feature","geometry":{"type":"Point","coordinates":[-77.00163,-0.26537]},"properties":{"t":"2026-10-01T06:14:00Z","sensor":"VIIRS NOAA-20","confianza":"nominal","frp_MW":3.56,"dia_noche":"N","ec":true}},{"type":"Feature","geometry":{"type":"Point","coordinates":[-76.8819,-0.3302]},"properties":{"t":"2026-10-01T06:14:00Z","sensor":"VIIRS NOAA-20","confianza":"nominal","frp_MW":1.21,"dia_noche":"N","ec":true}},{"type":"Feature","geometry":{"type":"Point","coordinates":[-76.12576,-0.52815]},"properties":{"t":"2026-10-01T06:14:00Z","sensor":"VIIRS NOAA-20","confianza":"nominal","frp_MW":1.14,"dia_noche":"N","ec":true}},{"type":"Feature","geometry":{"type":"Point","coordinates":[-76.8625,-0.44127]},"properties":{"t":"2026-10-01T06:14:00Z","sensor":"VIIRS NOAA-20","confianza":"nominal","frp_MW":1.0,"dia_noche":"N","ec":true}},{"type":"Feature","geometry":{"type":"Point","coordinates":[-78.33866,-2.00632]},"properties":{"t":"2026-10-01T06:14:00Z","sensor":"VIIRS NOAA-20","confianza":"nominal","frp_MW":11.98,"dia_noche":"N","ec":true}},{"type":"Feature","geometry":{"type":"Point","coordinates":[-80.38139,-2.47612]},"properties":{"t":"2026-10-01T06:14:00Z","sensor":"VIIRS NOAA-20","confianza":"high","frp_MW":9.29,"dia_noche":"N","ec":true}},{"type":"Feature","geometry":{"type":"Point","coordinates":[-80.3849,-2.47555]},"properties":{"t":"2026-10-01T06:14:00Z","sensor":"VIIRS NOAA-20","confianza":"nominal","frp_MW":9.29,"dia_noche":"N","ec":true}},{"type":"Feature","geometry":{"type":"Point","coordinates":[-80.38239,-2.48155]},"properties":{"t":"2026-10-01T06:14:00Z","sensor":"VIIRS NOAA-20","confianza":"nominal","frp_MW":4.16,"dia_noche":"N","ec":true}},{"type":"Feature","geometry":{"type":"Point","coordinates":[-76.88162,-0.33021]},"properties":{"t":"2026-10-01T06:59:00Z","sensor":"VIIRS NOAA-21","confianza":"nominal","frp_MW":2.04,"dia_noche":"N","ec":true}},{"type":"Feature","geometry":{"type":"Point","coordinates":[-76.84088,-0.37709]},"properties":{"t":"2026-10-01T06:59:00Z","sensor":"VIIRS NOAA-21","confianza":"nominal","frp_MW":0.8,"dia_noche":"N","ec":true}},{"type":"Feature","geometry":{"type":"Point","coordinates":[-76.63374,-0.37569]},"properties":{"t":"2026-10-01T07:33:00Z","sensor":"VIIRS Suomi NPP","confianza":"nominal","frp_MW":2.82,"dia_noche":"N","ec":true}},{"type":"Feature","geometry":{"type":"Point","coordinates":[-76.57153,-4.66227]},"properties":{"t":"2026-10-01T17:56:00Z","sensor":"VIIRS NOAA-21","confianza":"nominal","frp_MW":8.39,"dia_noche":"D","ec":false}},{"type":"Feature","geometry":{"type":"Point","coordinates":[-76.57518,-4.66279]},"properties":{"t":"2026-10-01T17:56:00Z","sensor":"VIIRS NOAA-21","confianza":"nominal","frp_MW":8.39,"dia_noche":"D","ec":false}},{"type":"Feature","geometry":{"type":"Point","coordinates":[-75.48223,-4.29224]},"properties":{"t":"2026-10-01T17:56:00Z","sensor":"VIIRS NOAA-21","confianza":"nominal","frp_MW":2.6,"dia_noche":"D","ec":false}},{"type":"Feature","geometry":{"type":"Point","coordinates":[-79.66521,-1.25125]},"properties":{"t":"2026-10-01T18:34:00Z","sensor":"VIIRS Suomi NPP","confianza":"nominal","frp_MW":3.28,"dia_noche":"D","ec":true}},{"type":"Feature","geometry":{"type":"Point","coordinates":[-80.62994,-1.10968]},"properties":{"t":"2026-10-01T18:34:00Z","sensor":"VIIRS Suomi NPP","confianza":"nominal","frp_MW":3.38,"dia_noche":"D","ec":true}},{"type":"Feature","geometry":{"type":"Point","coordinates":[-80.37769,-0.55785]},"properties":{"t":"2026-10-01T18:34:00Z","sensor":"VIIRS Suomi NPP","confianza":"nominal","frp_MW":5.27,"dia_noche":"D","ec":true}},{"type":"Feature","geometry":{"type":"Point","coordinates":[-75.04842,1.19862]},"properties":{"t":"2026-10-01T18:34:00Z","sensor":"VIIRS Suomi NPP","confianza":"nominal","frp_MW":5.4,"dia_noche":"D","ec":false}},{"type":"Feature","geometry":{"type":"Point","coordinates":[-75.61201,1.61531]},"properties":{"t":"2026-10-01T18:34:00Z","sensor":"VIIRS Suomi NPP","confianza":"low","frp_MW":4.93,"dia_noche":"D","ec":false}},{"type":"Feature","geometry":{"type":"Point","coordinates":[-78.92475,-5.41185]},"properties":{"t":"2026-10-01T18:51:00Z","sensor":"VIIRS NOAA-20","confianza":"nominal","frp_MW":7.24,"dia_noche":"D","ec":false}},{"type":"Feature","geometry":{"type":"Point","coordinates":[-78.81631,-5.12708]},"properties":{"t":"2026-10-01T18:51:00Z","sensor":"VIIRS NOAA-20","confianza":"nominal","frp_MW":3.1,"dia_noche":"D","ec":false}},{"type":"Feature","geometry":{"type":"Point","coordinates":[-77.21176,-4.32261]},"properties":{"t":"2026-10-01T18:51:00Z","sensor":"VIIRS NOAA-20","confianza":"nominal","frp_MW":4.13,"dia_noche":"D","ec":false}},{"type":"Feature","geometry":{"type":"Point","coordinates":[-75.04889,1.19876]},"properties":{"t":"2026-10-01T18:53:00Z","sensor":"VIIRS NOAA-20","confianza":"nominal","frp_MW":9.14,"dia_noche":"D","ec":false}},{"type":"Feature","geometry":{"type":"Point","coordinates":[-79.51001,-1.70674]},"properties":{"t":"2026-10-01T18:53:00Z","sensor":"VIIRS NOAA-20","confianza":"nominal","frp_MW":5.29,"dia_noche":"D","ec":true}},{"type":"Feature","geometry":{"type":"Point","coordinates":[-80.46011,-0.74178]},"properties":{"t":"2026-10-01T18:53:00Z","sensor":"VIIRS NOAA-20","confianza":"nominal","frp_MW":3.93,"dia_noche":"D","ec":true}},{"type":"Feature","geometry":{"type":"Point","coordinates":[-80.46355,-0.74231]},"properties":{"t":"2026-10-01T18:53:00Z","sensor":"VIIRS NOAA-20","confianza":"nominal","frp_MW":3.93,"dia_noche":"D","ec":true}},{"type":"Feature","geometry":{"type":"Point","coordinates":[-80.37318,-0.55859]},"properties":{"t":"2026-10-01T18:53:00Z","sensor":"VIIRS NOAA-20","confianza":"nominal","frp_MW":4.37,"dia_noche":"D","ec":true}},{"type":"Feature","geometry":{"type":"Point","coordinates":[-80.37662,-0.55911]},"properties":{"t":"2026-10-01T18:53:00Z","sensor":"VIIRS NOAA-20","confianza":"nominal","frp_MW":3.79,"dia_noche":"D","ec":true}},{"type":"Feature","geometry":{"type":"Point","coordinates":[-80.36881,-0.51736]},"properties":{"t":"2026-10-01T18:53:00Z","sensor":"VIIRS NOAA-20","confianza":"nominal","frp_MW":3.46,"dia_noche":"D","ec":true}},{"type":"Feature","geometry":{"type":"Point","coordinates":[-80.44981,-0.85712]},"properties":{"t":"2026-10-01T19:38:00Z","sensor":"VIIRS NOAA-21","confianza":"nominal","frp_MW":9.05,"dia_noche":"D","ec":true}},{"type":"Feature","geometry":{"type":"Point","coordinates":[-79.7714,-0.66809]},"properties":{"t":"2026-10-01T19:38:00Z","sensor":"VIIRS NOAA-21","confianza":"nominal","frp_MW":9.0,"dia_noche":"D","ec":true}},{"type":"Feature","geometry":{"type":"Point","coordinates":[-80.43539,-0.776]},"properties":{"t":"2026-10-01T19:38:00Z","sensor":"VIIRS NOAA-21","confianza":"nominal","frp_MW":13.17,"dia_noche":"D","ec":true}},{"type":"Feature","geometry":{"type":"Point","coordinates":[-80.43543,-0.77302]},"properties":{"t":"2026-10-01T19:38:00Z","sensor":"VIIRS NOAA-21","confianza":"nominal","frp_MW":14.61,"dia_noche":"D","ec":true}},{"type":"Feature","geometry":{"type":"Point","coordinates":[-80.42258,-0.70191]},"properties":{"t":"2026-10-01T19:38:00Z","sensor":"VIIRS NOAA-21","confianza":"nominal","frp_MW":10.15,"dia_noche":"D","ec":true}},{"type":"Feature","geometry":{"type":"Point","coordinates":[-75.84572,1.86695]},"properties":{"t":"2026-10-01T20:44:00Z","sensor":"MODIS","confianza":"72","frp_MW":8.21,"dia_noche":"D","ec":false}},{"type":"Feature","geometry":{"type":"Point","coordinates":[-75.85437,1.86568]},"properties":{"t":"2026-10-01T20:44:00Z","sensor":"MODIS","confianza":"73","frp_MW":9.27,"dia_noche":"D","ec":false}},{"type":"Feature","geometry":{"type":"Point","coordinates":[-79.91824,-1.14898]},"properties":{"t":"2026-10-01T20:44:00Z","sensor":"MODIS","confianza":"67","frp_MW":23.13,"dia_noche":"D","ec":true}},{"type":"Feature","geometry":{"type":"Point","coordinates":[-77.66027,-0.08398]},"properties":{"t":"2026-10-01T20:44:00Z","sensor":"MODIS","confianza":"83","frp_MW":29.6,"dia_noche":"D","ec":true}},{"type":"Feature","geometry":{"type":"Point","coordinates":[-78.37862,-1.99342]},"properties":{"t":"2026-10-02T05:53:00Z","sensor":"VIIRS NOAA-20","confianza":"nominal","frp_MW":8.52,"dia_noche":"N","ec":true}},{"type":"Feature","geometry":{"type":"Point","coordinates":[-78.37666,-2.00045]},"properties":{"t":"2026-10-02T05:53:00Z","sensor":"VIIRS NOAA-20","confianza":"nominal","frp_MW":28.17,"dia_noche":"N","ec":true}},{"type":"Feature","geometry":{"type":"Point","coordinates":[-78.34502,-2.00572]},"properties":{"t":"2026-10-02T05:53:00Z","sensor":"VIIRS NOAA-20","confianza":"high","frp_MW":28.17,"dia_noche":"N","ec":true}},{"type":"Feature","geometry":{"type":"Point","coordinates":[-78.34048,-2.00649]},"properties":{"t":"2026-10-02T05:53:00Z","sensor":"VIIRS NOAA-20","confianza":"nominal","frp_MW":23.31,"dia_noche":"N","ec":true}},{"type":"Feature","geometry":{"type":"Point","coordinates":[-78.33695,-2.00708]},"properties":{"t":"2026-10-02T05:53:00Z","sensor":"VIIRS NOAA-20","confianza":"nominal","frp_MW":23.31,"dia_noche":"N","ec":true}},{"type":"Feature","geometry":{"type":"Point","coordinates":[-78.3344,-2.00752]},"properties":{"t":"2026-10-02T05:53:00Z","sensor":"VIIRS NOAA-20","confianza":"nominal","frp_MW":21.8,"dia_noche":"N","ec":true}},{"type":"Feature","geometry":{"type":"Point","coordinates":[-78.3428,-2.00462]},"properties":{"t":"2026-10-02T06:37:00Z","sensor":"VIIRS NOAA-21","confianza":"nominal","frp_MW":17.56,"dia_noche":"N","ec":true}},{"type":"Feature","geometry":{"type":"Point","coordinates":[-78.33937,-2.00515]},"properties":{"t":"2026-10-02T06:37:00Z","sensor":"VIIRS NOAA-21","confianza":"nominal","frp_MW":17.56,"dia_noche":"N","ec":true}},{"type":"Feature","geometry":{"type":"Point","coordinates":[-78.34324,-2.0079]},"properties":{"t":"2026-10-02T06:37:00Z","sensor":"VIIRS NOAA-21","confianza":"nominal","frp_MW":17.56,"dia_noche":"N","ec":true}},{"type":"Feature","geometry":{"type":"Point","coordinates":[-78.3398,-2.00843]},"properties":{"t":"2026-10-02T06:37:00Z","sensor":"VIIRS NOAA-21","confianza":"nominal","frp_MW":17.56,"dia_noche":"N","ec":true}},{"type":"Feature","geometry":{"type":"Point","coordinates":[-78.33631,-2.00897]},"properties":{"t":"2026-10-02T06:37:00Z","sensor":"VIIRS NOAA-21","confianza":"nominal","frp_MW":6.9,"dia_noche":"N","ec":true}},{"type":"Feature","geometry":{"type":"Point","coordinates":[-78.33276,-2.00951]},"properties":{"t":"2026-10-02T06:37:00Z","sensor":"VIIRS NOAA-21","confianza":"nominal","frp_MW":6.9,"dia_noche":"N","ec":true}},{"type":"Feature","geometry":{"type":"Point","coordinates":[-78.33675,-2.01225]},"properties":{"t":"2026-10-02T06:37:00Z","sensor":"VIIRS NOAA-21","confianza":"nominal","frp_MW":5.17,"dia_noche":"N","ec":true}},{"type":"Feature","geometry":{"type":"Point","coordinates":[-78.33321,-2.01279]},"properties":{"t":"2026-10-02T06:37:00Z","sensor":"VIIRS NOAA-21","confianza":"nominal","frp_MW":5.17,"dia_noche":"N","ec":true}},{"type":"Feature","geometry":{"type":"Point","coordinates":[-78.34022,-2.01172]},"properties":{"t":"2026-10-02T06:37:00Z","sensor":"VIIRS NOAA-21","confianza":"nominal","frp_MW":1.17,"dia_noche":"N","ec":true}},{"type":"Feature","geometry":{"type":"Point","coordinates":[-78.34186,-2.0047]},"properties":{"t":"2026-10-02T07:16:00Z","sensor":"VIIRS Suomi NPP","confianza":"nominal","frp_MW":4.73,"dia_noche":"N","ec":true}}]}