{"type":"FeatureCollection","nivel":"ffgs_microcuencas","features":[{"type":"Feature","properties":{"codigo":1007400501},"geometry":{"type":"Polygon","coordinates":[[[-78.81194,1.22944],[-78.74194,1.26667],[-78.74028,1.25556],[-78.75833,1.235],[-78.75722,1.21111],[-78.78333,1.18194],[-78.80083,1.17611],[-78.81361,1.16083],[-78.88194,1.14611],[-78.9,1.12917],[-78.89917,1.10361],[-78.9175,1.10083],[-78.93361,1.08028],[-78.94111,1.07944],[-78.945,1.08917],[-78.95694,1.08472],[-78.97083,1.12139],[-78.94778,1.12944],[-78.93889,1.15222],[-78.94306,1.16778],[-78.93056,1.18361],[-78.93667,1.21667],[-78.9275,1.22472],[-78.92917,1.21556],[-78.90861,1.22528],[-78.89361,1.205],[-78.86972,1.20694],[-78.85944,1.19611],[-78.83,1.22944],[-78.81194,1.22944]]]}},{"type":"Feature","properties":{"codigo":1007400528},"geometry":{"type":"Polygon","coordinates":[[[-78.74194,1.26667],[-78.72472,1.25861],[-78.725,1.27639],[-78.71694,1.2725],[-78.70639,1.2875],[-78.69083,1.29111],[-78.685,1.27528],[-78.67167,1.26972],[-78.66333,1.27917],[-78.65361,1.27361],[-78.65944,1.26417],[-78.64778,1.25639],[-78.64028,1.26194],[-78.61083,1.21361],[-78.64083,1.21222],[-78.71528,1.18139],[-78.71389,1.20306],[-78.72778,1.20556],[-78.73333,1.18583],[-78.75,1.1875],[-78.75833,1.235],[-78.74028,1.25556],[-78.74194,1.26667]]]}},{"type":"Feature","properties":{"codigo":1007400500},"geometry":{"type":"Polygon","coordinates":[[[-78.86667,1.1975],[-78.85861,1.21861],[-78.87444,1.21583],[-78.885,1.22667],[-78.88333,1.24889],[-78.89667,1.25528],[-78.91194,1.25167],[-78.90833,1.26611],[-78.92972,1.27361],[-78.92889,1.29139],[-78.91667,1.29472],[-78.90972,1.28861],[-78.88861,1.3075],[-78.88194,1.30389],[-78.88361,1.28472],[-78.85833,1.28611],[-78.85222,1.29889],[-78.85056,1.28444],[-78.82,1.27472],[-78.81583,1.26111],[-78.79833,1.26472],[-78.78111,1.25694],[-78.75083,1.26389],[-78.81194,1.22944],[-78.83,1.22944],[-78.85583,1.19778],[-78.86667,1.1975]]]}},{"type":"Feature","properties":{"codigo":1007400527},"geometry":{"type":"Polygon","coordinates":[[[-78.75722,1.21111],[-78.75306,1.18889],[-78.74361,1.18611],[-78.74833,1.17722],[-78.74083,1.15],[-78.72306,1.12917],[-78.74361,1.11694],[-78.76722,1.12389],[-78.76833,1.15722],[-78.78972,1.16972],[-78.77278,1.20028],[-78.76639,1.1975],[-78.75722,1.21111]]]}},{"type":"Feature","properties":{"codigo":1007400440},"geometry":{"type":"Polygon","coordinates":[[[-78.50944,1.18861],[-78.50722,1.19917],[-78.49556,1.20583],[-78.48833,1.20083],[-78.49028,1.18222],[-78.50472,1.19389],[-78.50944,1.18861]]]}},{"type":"Feature","properties":{"codigo":1007400447},"geometry":{"type":"Polygon","coordinates":[[[-78.51694,1.16389],[-78.50472,1.19389],[-78.4925,1.18389],[-78.50083,1.15083],[-78.48417,1.11944],[-78.49556,1.08778],[-78.49389,1.06944],[-78.50778,1.05028],[-78.53556,1.03694],[-78.51389,0.98806],[-78.51639,0.96528],[-78.49333,0.94528],[-78.47194,0.94167],[-78.46528,0.92972],[-78.45111,0.92583],[-78.38972,0.96278],[-78.36083,0.94694],[-78.35194,0.91],[-78.36833,0.89778],[-78.3975,0.90556],[-78.41667,0.89694],[-78.50306,0.84028],[-78.51472,0.84194],[-78.53139,0.86167],[-78.52861,0.87806],[-78.54333,0.90417],[-78.54417,0.92417],[-78.5575,0.92889],[-78.56222,0.95083],[-78.555,0.97278],[-78.5575,1.02417],[-78.53167,1.07917],[-78.55722,1.11583],[-78.54361,1.14528],[-78.51694,1.16389]]]}},{"type":"Feature","properties":{"codigo":1007400446},"geometry":{"type":"Polygon","coordinates":[[[-78.49222,1.1825],[-78.47778,1.18417],[-78.48194,1.17139],[-78.44861,1.14528],[-78.43889,1.12111],[-78.38694,1.0825],[-78.37417,1.08472],[-78.35861,1.0575],[-78.35972,1.04083],[-78.34694,1.03417],[-78.34444,1.0075],[-78.33583,0.99722],[-78.34194,0.98194],[-78.33389,0.95167],[-78.35083,0.92056],[-78.36083,0.94694],[-78.38972,0.96278],[-78.45111,0.92583],[-78.46528,0.92972],[-78.47194,0.94167],[-78.49333,0.94528],[-78.51639,0.96528],[-78.51389,0.98806],[-78.53583,1.03472],[-78.52139,1.04861],[-78.50778,1.05028],[-78.49389,1.06944],[-78.49556,1.08778],[-78.48417,1.11944],[-78.50083,1.15083],[-78.49222,1.1825]]]}},{"type":"Feature","properties":{"codigo":1007400529},"geometry":{"type":"Polygon","coordinates":[[[-78.74833,1.17722],[-78.72889,1.19111],[-78.72778,1.20556],[-78.71389,1.20306],[-78.71806,1.17722],[-78.74111,1.15806],[-78.74833,1.17722]]]}},{"type":"Feature","properties":{"codigo":1007400530},"geometry":{"type":"Polygon","coordinates":[[[-78.71611,1.18167],[-78.62917,1.21444],[-78.60694,1.21556],[-78.58806,1.20417],[-78.57889,1.1775],[-78.56806,1.16972],[-78.57361,1.16278],[-78.56139,1.12556],[-78.56583,1.11056],[-78.55056,1.08917],[-78.55667,1.01583],[-78.58417,1.06944],[-78.61028,1.08833],[-78.61444,1.10111],[-78.62361,1.09694],[-78.63694,1.10583],[-78.68778,1.16417],[-78.69806,1.15861],[-78.7225,1.16917],[-78.71611,1.18167]]]}},{"type":"Feature","properties":{"codigo":1007400524},"geometry":{"type":"Polygon","coordinates":[[[-78.78444,1.18167],[-78.78944,1.16861],[-78.77639,1.16389],[-78.80944,1.14194],[-78.83639,1.10222],[-78.83833,1.06917],[-78.82222,1.05556],[-78.84389,1.03417],[-78.83972,1.00556],[-78.84944,0.98889],[-78.86944,0.99333],[-78.8775,0.98778],[-78.8725,0.95917],[-78.89472,0.92],[-78.90278,0.92833],[-78.9,0.95028],[-78.91222,0.95806],[-78.91194,0.97167],[-78.955,0.97889],[-78.95222,1.01056],[-78.96778,1.02139],[-78.96111,1.05889],[-78.97417,1.07417],[-78.98556,1.07556],[-78.98639,1.08611],[-78.96611,1.09306],[-78.96361,1.08583],[-78.945,1.08917],[-78.94111,1.07944],[-78.93361,1.08028],[-78.9175,1.10083],[-78.89556,1.1075],[-78.9,1.12917],[-78.88194,1.14611],[-78.81361,1.16083],[-78.80083,1.17611],[-78.78444,1.18167]]]}},{"type":"Feature","properties":{"codigo":1007400531},"geometry":{"type":"Polygon","coordinates":[[[-78.74139,1.15806],[-78.725,1.17056],[-78.69806,1.15861],[-78.68778,1.16417],[-78.6475,1.115],[-78.62611,1.0975],[-78.61444,1.10111],[-78.61028,1.08833],[-78.58417,1.06944],[-78.55639,1.015],[-78.56056,0.96028],[-78.59,0.99028],[-78.59306,1.00583],[-78.60528,1.01194],[-78.60528,1.02722],[-78.61444,1.02667],[-78.62611,1.05139],[-78.64722,1.06083],[-78.65444,1.07667],[-78.66278,1.07583],[-78.66556,1.09139],[-78.67611,1.08972],[-78.68833,1.10444],[-78.70778,1.11139],[-78.70833,1.12389],[-78.72333,1.12167],[-78.74139,1.15806]]]}},{"type":"Feature","properties":{"codigo":1007400526},"geometry":{"type":"Polygon","coordinates":[[[-78.77639,1.16389],[-78.76833,1.15722],[-78.76417,1.11],[-78.74556,1.10333],[-78.73306,1.07694],[-78.77,1.06611],[-78.78222,1.07472],[-78.78444,1.06944],[-78.78722,1.06944],[-78.78889,1.07611],[-78.82722,1.05944],[-78.83861,1.07028],[-78.83639,1.10222],[-78.80944,1.14194],[-78.77639,1.16389]]]}},{"type":"Feature","properties":{"codigo":1007400532},"geometry":{"type":"Polygon","coordinates":[[[-78.76528,1.12306],[-78.74361,1.11694],[-78.7275,1.12778],[-78.72333,1.12167],[-78.70944,1.12444],[-78.70778,1.11139],[-78.68833,1.10444],[-78.67611,1.08972],[-78.66556,1.09139],[-78.66278,1.07583],[-78.65444,1.07667],[-78.64722,1.06083],[-78.62611,1.05139],[-78.61444,1.02667],[-78.60528,1.02722],[-78.60528,1.01194],[-78.59306,1.00583],[-78.59,0.99028],[-78.57167,0.9675],[-78.56583,0.96972],[-78.5575,0.92861],[-78.5875,0.94611],[-78.60889,0.97444],[-78.65389,0.99417],[-78.67139,1.02194],[-78.70194,1.04194],[-78.71722,1.07083],[-78.73,1.07472],[-78.74556,1.10333],[-78.76333,1.10833],[-78.76528,1.12306]]]}},{"type":"Feature","properties":{"codigo":1007400502},"geometry":{"type":"Polygon","coordinates":[[[-78.95722,1.08889],[-79.02528,1.09556],[-79.03333,1.11972],[-79.05833,1.11667],[-79.04889,1.14306],[-79.06139,1.15083],[-79.07222,1.1475],[-79.08111,1.16389],[-79.08111,1.17667],[-79.05056,1.22194],[-79.01833,1.22472],[-79.01194,1.21056],[-79.00361,1.22306],[-78.99444,1.21667],[-78.99722,1.20167],[-78.98389,1.20194],[-78.98556,1.18639],[-78.97667,1.19194],[-78.96583,1.18167],[-78.97917,1.15444],[-78.96333,1.1475],[-78.9625,1.12556],[-78.96778,1.12694],[-78.97111,1.11861],[-78.95722,1.08889]]]}},{"type":"Feature","properties":{"codigo":1007400503},"geometry":{"type":"Polygon","coordinates":[[[-79.00917,1.09083],[-78.99111,1.0925],[-78.98556,1.07556],[-78.96361,1.065],[-78.96778,1.02139],[-78.95222,1.01056],[-78.95583,0.98056],[-78.91167,0.97139],[-78.89611,0.92194],[-78.90306,0.90472],[-78.92306,0.91806],[-78.92722,0.93389],[-78.94194,0.9325],[-78.94611,0.94889],[-78.96222,0.95806],[-78.9725,0.95528],[-78.99667,0.98944],[-79.01667,0.98361],[-79.03389,0.99917],[-79.05611,0.98167],[-79.10889,0.98306],[-79.11167,0.99472],[-79.10361,1.00333],[-79.10944,1.03056],[-79.09667,1.03806],[-79.06917,1.03056],[-79.07333,1.05472],[-79.01667,1.08056],[-79.00917,1.09083]]]}},{"type":"Feature","properties":{"codigo":1007400445},"geometry":{"type":"Polygon","coordinates":[[[-78.37444,1.08472],[-78.40417,1.11944],[-78.40472,1.13528],[-78.41722,1.135],[-78.41028,1.15056],[-78.40083,1.14333],[-78.37139,1.14333],[-78.355,1.13278],[-78.33694,1.13417],[-78.31333,1.11722],[-78.29667,1.04611],[-78.30083,1.03278],[-78.28194,1.01833],[-78.27611,0.99889],[-78.25833,0.98889],[-78.25944,0.95861],[-78.245,0.92889],[-78.22389,0.91167],[-78.22194,0.89056],[-78.20583,0.87778],[-78.19694,0.83944],[-78.21583,0.84472],[-78.22833,0.83639],[-78.23778,0.84111],[-78.24694,0.86472],[-78.28361,0.86222],[-78.29472,0.8675],[-78.29694,0.88167],[-78.33167,0.88833],[-78.33306,0.90278],[-78.35361,0.90444],[-78.35472,0.92028],[-78.33389,0.95167],[-78.34194,0.98194],[-78.33583,0.99722],[-78.37444,1.08472]]]}},{"type":"Feature","properties":{"codigo":1007400533},"geometry":{"type":"Polygon","coordinates":[[[-78.81583,1.05972],[-78.78889,1.07611],[-78.78722,1.06944],[-78.78222,1.07472],[-78.77,1.06611],[-78.73139,1.08139],[-78.70778,1.06],[-78.70194,1.04194],[-78.67028,1.02083],[-78.65389,0.99417],[-78.60583,0.97222],[-78.5875,0.94611],[-78.54472,0.92528],[-78.54278,0.91222],[-78.56556,0.91944],[-78.57167,0.91],[-78.62083,0.91472],[-78.67611,0.94944],[-78.69333,0.94556],[-78.69556,0.96472],[-78.71611,0.96639],[-78.70639,0.9825],[-78.72306,1.01083],[-78.76667,1.02139],[-78.78111,1.03556],[-78.77917,1.04694],[-78.81139,1.05083],[-78.81583,1.05972]]]}},{"type":"Feature","properties":{"codigo":1007400525},"geometry":{"type":"Polygon","coordinates":[[[-78.8225,1.05778],[-78.79889,1.05028],[-78.81667,1.03],[-78.83472,1.04694],[-78.8225,1.05778]]]}},{"type":"Feature","properties":{"codigo":1007400548},"geometry":{"type":"Polygon","coordinates":[[[-79.35778,1.02306],[-79.34,1.05194],[-79.29889,1.07889],[-79.2875,1.05806],[-79.29583,1.03833],[-79.28778,1.02639],[-79.29528,1.02],[-79.28444,0.99889],[-79.2925,0.99361],[-79.28111,0.99056],[-79.27472,0.95667],[-79.25556,0.94389],[-79.23306,0.94056],[-79.22694,0.90667],[-79.20417,0.89333],[-79.22,0.85639],[-79.23361,0.85694],[-79.24583,0.86917],[-79.26833,0.85528],[-79.30889,0.86139],[-79.30389,0.86639],[-79.31889,0.885],[-79.32611,0.91306],[-79.36111,0.93833],[-79.33972,0.97583],[-79.35972,0.98972],[-79.35222,0.99861],[-79.35778,1.02306]]]}},{"type":"Feature","properties":{"codigo":1007400564},"geometry":{"type":"Polygon","coordinates":[[[-79.4025,1.05833],[-79.37611,1.07],[-79.36389,1.05583],[-79.36972,1.03472],[-79.35194,1.03278],[-79.35778,1.02306],[-79.35222,0.99861],[-79.35972,0.98972],[-79.33972,0.97583],[-79.36111,0.93833],[-79.32611,0.91306],[-79.31889,0.885],[-79.30389,0.86639],[-79.30889,0.86139],[-79.26833,0.85528],[-79.24444,0.86889],[-79.21389,0.84694],[-79.18778,0.84333],[-79.2025,0.81361],[-79.22611,0.80333],[-79.3,0.81111],[-79.29806,0.82833],[-79.32028,0.83583],[-79.32556,0.84778],[-79.33917,0.85333],[-79.3525,0.88194],[-79.37556,0.89722],[-79.38139,0.92306],[-79.40889,0.93528],[-79.39528,0.96917],[-79.40556,0.97667],[-79.39861,1.0025],[-79.40333,1.02028],[-79.39333,1.03556],[-79.4025,1.05833]]]}},{"type":"Feature","properties":{"codigo":1007400534},"geometry":{"type":"Polygon","coordinates":[[[-78.83278,1.04444],[-78.8225,1.02944],[-78.79861,1.05056],[-78.77972,1.04722],[-78.78111,1.03556],[-78.76667,1.02139],[-78.72306,1.01083],[-78.70694,0.98583],[-78.71417,0.96361],[-78.72361,0.96444],[-78.7325,0.95222],[-78.74861,0.95306],[-78.75861,0.97528],[-78.77222,0.97833],[-78.77028,0.99306],[-78.77778,1.00139],[-78.79194,1.00056],[-78.81833,1.01694],[-78.83944,1.00806],[-78.84389,1.03417],[-78.83278,1.04444]]]}},{"type":"Feature","properties":{"codigo":1007400547},"geometry":{"type":"Polygon","coordinates":[[[-79.18028,1.00972],[-79.22583,1.02083],[-79.23028,1.03639],[-79.22389,1.0475],[-79.23417,1.06722],[-79.21167,1.0825],[-79.20639,1.06722],[-79.1875,1.06583],[-79.17778,1.07778],[-79.16194,1.06806],[-79.14083,1.06806],[-79.13917,1.06111],[-79.13444,1.065],[-79.13083,1.05167],[-79.11889,1.04583],[-79.1225,1.03583],[-79.10389,1.01889],[-79.10361,1.00194],[-79.11167,0.99472],[-79.10889,0.98444],[-79.12722,0.98028],[-79.1375,0.98639],[-79.13889,1.00917],[-79.15806,1.01361],[-79.16611,1.02528],[-79.17861,1.02528],[-79.18028,1.00972]]]}},{"type":"Feature","properties":{"codigo":1007400536},"geometry":{"type":"Polygon","coordinates":[[[-78.83944,1.00806],[-78.82417,1.01583],[-78.83111,0.99556],[-78.81917,0.99056],[-78.81556,0.96111],[-78.82778,0.94278],[-78.81806,0.93583],[-78.81556,0.92028],[-78.79083,0.91278],[-78.78611,0.89528],[-78.74833,0.87806],[-78.71806,0.89194],[-78.69083,0.87833],[-78.67194,0.885],[-78.70722,0.85028],[-78.70806,0.83583],[-78.7225,0.83083],[-78.72528,0.82167],[-78.73806,0.82222],[-78.74472,0.80472],[-78.78028,0.8125],[-78.795,0.83306],[-78.82361,0.84167],[-78.84472,0.85556],[-78.84778,0.86833],[-78.8675,0.87056],[-78.90361,0.90194],[-78.8725,0.95917],[-78.8775,0.98778],[-78.86944,0.99333],[-78.84944,0.98889],[-78.83944,1.00806]]]}},{"type":"Feature","properties":{"codigo":1007400554},"geometry":{"type":"Polygon","coordinates":[[[-79.29583,1.03833],[-79.27917,1.07694],[-79.26583,1.08306],[-79.26583,1.07639],[-79.25472,1.07472],[-79.26,1.05528],[-79.24472,1.04722],[-79.24861,1.03028],[-79.23444,1.01083],[-79.21611,1.00611],[-79.19556,1.01556],[-79.18028,1.00972],[-79.17528,1.02611],[-79.14028,1.01056],[-79.13611,0.99],[-79.15111,0.95611],[-79.17861,0.95917],[-79.19389,0.94889],[-79.19889,0.92806],[-79.22389,0.92],[-79.23361,0.92861],[-79.23306,0.94056],[-79.26556,0.94861],[-79.275,0.95722],[-79.27528,0.97222],[-79.28167,0.97167],[-79.28111,0.99056],[-79.2925,0.99361],[-79.28444,0.99889],[-79.29528,1.02],[-79.28778,1.02639],[-79.29583,1.03833]]]}},{"type":"Feature","properties":{"codigo":1007400504},"geometry":{"type":"Polygon","coordinates":[[[-79.13694,0.98611],[-79.09167,0.97889],[-79.07417,0.98556],[-79.05611,0.98167],[-79.03389,0.99917],[-79.02389,0.99333],[-79.02,0.97],[-79.03667,0.94889],[-79.03111,0.93556],[-79.04111,0.92],[-79.04139,0.89972],[-79.05194,0.90361],[-79.05361,0.92333],[-79.07528,0.94361],[-79.10667,0.94611],[-79.12361,0.96028],[-79.15389,0.95167],[-79.13694,0.98611]]]}},{"type":"Feature","properties":{"codigo":1007400535},"geometry":{"type":"Polygon","coordinates":[[[-78.82417,1.01583],[-78.77111,0.99611],[-78.77222,0.97833],[-78.75861,0.97528],[-78.74861,0.95306],[-78.7325,0.95222],[-78.72361,0.96444],[-78.69639,0.96528],[-78.69333,0.94556],[-78.67778,0.95],[-78.62083,0.91472],[-78.59333,0.91444],[-78.615,0.90472],[-78.64778,0.90417],[-78.68139,0.87944],[-78.71778,0.89194],[-78.74417,0.87806],[-78.75667,0.87944],[-78.78611,0.89528],[-78.79111,0.91306],[-78.81556,0.92028],[-78.81806,0.93583],[-78.82778,0.94278],[-78.81556,0.96111],[-78.81917,0.99056],[-78.83111,0.99556],[-78.82417,1.01583]]]}},{"type":"Feature","properties":{"codigo":1007400555},"geometry":{"type":"Polygon","coordinates":[[[-79.40806,1.07139],[-79.39333,1.03806],[-79.40333,1.02028],[-79.39861,1.0025],[-79.40556,0.97667],[-79.39722,0.97639],[-79.39778,0.95861],[-79.40861,0.93639],[-79.43694,0.93056],[-79.45444,0.94722],[-79.44083,0.96722],[-79.45083,0.9725],[-79.45472,1.00639],[-79.44056,1.01639],[-79.43,1.04944],[-79.41917,1.05389],[-79.42083,1.07139],[-79.40806,1.07139]]]}},{"type":"Feature","properties":{"codigo":1007400505},"geometry":{"type":"Polygon","coordinates":[[[-79.15444,0.95306],[-79.12361,0.96028],[-79.10667,0.94611],[-79.08639,0.9475],[-79.07111,0.93639],[-79.07639,0.92472],[-79.11944,0.91278],[-79.14861,0.92444],[-79.15806,0.87333],[-79.21,0.8775],[-79.20417,0.89333],[-79.22694,0.90667],[-79.22722,0.92139],[-79.19889,0.92806],[-79.19389,0.94889],[-79.17861,0.95917],[-79.15444,0.95306]]]}},{"type":"Feature","properties":{"codigo":1007400567},"geometry":{"type":"Polygon","coordinates":[[[-79.675,0.95444],[-79.65528,0.9425],[-79.65694,0.91639],[-79.68417,0.89028],[-79.67611,0.88028],[-79.68139,0.84444],[-79.67111,0.83528],[-79.67611,0.81556],[-79.6675,0.80833],[-79.67889,0.77667],[-79.6725,0.76139],[-79.65,0.74389],[-79.63528,0.70389],[-79.62111,0.69472],[-79.62111,0.67889],[-79.61222,0.67083],[-79.61806,0.66083],[-79.62944,0.66583],[-79.63806,0.68917],[-79.64861,0.68917],[-79.66083,0.70917],[-79.67972,0.69972],[-79.69778,0.71611],[-79.73111,0.72639],[-79.7625,0.71222],[-79.77056,0.69889],[-79.79361,0.7075],[-79.78583,0.73417],[-79.79528,0.74694],[-79.79278,0.75722],[-79.76167,0.79028],[-79.75944,0.80917],[-79.74667,0.8225],[-79.75611,0.85139],[-79.74389,0.8975],[-79.72806,0.90694],[-79.70694,0.94528],[-79.69528,0.95111],[-79.68639,0.94333],[-79.675,0.95444]]]}},{"type":"Feature","properties":{"codigo":1007400566},"geometry":{"type":"Polygon","coordinates":[[[-79.64889,0.91806],[-79.65528,0.9425],[-79.665,0.94889],[-79.65861,0.96667],[-79.64806,0.96333],[-79.63333,0.97083],[-79.63306,0.99333],[-79.63167,0.95306],[-79.575,0.92333],[-79.57417,0.91028],[-79.58139,0.89861],[-79.60917,0.90083],[-79.61306,0.90917],[-79.64889,0.91806]]]}},{"type":"Feature","properties":{"codigo":1007400556},"geometry":{"type":"Polygon","coordinates":[[[-79.43056,0.93028],[-79.41389,0.93889],[-79.38167,0.92333],[-79.37556,0.89722],[-79.3525,0.88194],[-79.34111,0.85528],[-79.32556,0.84778],[-79.32028,0.83583],[-79.29806,0.82833],[-79.31528,0.78861],[-79.35333,0.77861],[-79.36222,0.79278],[-79.39139,0.80222],[-79.40306,0.84222],[-79.39972,0.87278],[-79.42778,0.88778],[-79.41944,0.91306],[-79.43056,0.93028]]]}},{"type":"Feature","properties":{"codigo":1007400557},"geometry":{"type":"Polygon","coordinates":[[[-79.4775,0.92278],[-79.43972,0.93889],[-79.41972,0.91583],[-79.42833,0.89222],[-79.42361,0.88056],[-79.40972,0.88167],[-79.39972,0.87278],[-79.40417,0.85444],[-79.39583,0.82389],[-79.42639,0.83722],[-79.43917,0.82611],[-79.45611,0.82417],[-79.4675,0.83389],[-79.46889,0.84944],[-79.4825,0.85528],[-79.47861,0.86944],[-79.485,0.87972],[-79.47333,0.90028],[-79.48056,0.90861],[-79.4775,0.92278]]]}},{"type":"Feature","properties":{"codigo":1007400538},"geometry":{"type":"Polygon","coordinates":[[[-78.59333,0.91444],[-78.57167,0.91],[-78.56556,0.91944],[-78.54111,0.91],[-78.52861,0.87806],[-78.53167,0.86222],[-78.51417,0.84194],[-78.51167,0.80556],[-78.53361,0.78083],[-78.54222,0.79194],[-78.56889,0.79833],[-78.57861,0.82222],[-78.61139,0.84806],[-78.62944,0.84361],[-78.67472,0.8525],[-78.68889,0.84556],[-78.70028,0.85417],[-78.64778,0.90417],[-78.615,0.90472],[-78.59333,0.91444]]]}},{"type":"Feature","properties":{"codigo":1007400442},"geometry":{"type":"Polygon","coordinates":[[[-78.41583,1.13917],[-78.42972,1.155],[-78.42694,1.16139],[-78.39167,1.16944],[-78.3775,1.18722],[-78.35694,1.18917],[-78.34528,1.20389],[-78.30444,1.19778],[-78.30139,1.18306],[-78.28417,1.17861],[-78.27083,1.12472],[-78.25583,1.11139],[-78.23889,1.10972],[-78.19556,1.05611],[-78.1875,1.00694],[-78.17556,0.9975],[-78.14333,1.00333],[-78.14222,0.98333],[-78.12111,0.97],[-78.11167,0.97306],[-78.09833,0.95944],[-78.09278,0.96944],[-78.08222,0.96917],[-78.07528,0.98389],[-78.06333,0.98528],[-78.04444,0.95917],[-78.05639,0.92889],[-78.06917,0.91694],[-78.08222,0.92139],[-78.09083,0.90722],[-78.11444,0.90056],[-78.12083,0.86111],[-78.13694,0.85778],[-78.1775,0.82722],[-78.18222,0.84056],[-78.19694,0.83972],[-78.20556,0.87722],[-78.22194,0.89056],[-78.22389,0.91167],[-78.245,0.92889],[-78.26083,0.96417],[-78.25833,0.98889],[-78.27611,0.99889],[-78.28194,1.01833],[-78.30083,1.03278],[-78.29667,1.04611],[-78.31333,1.11722],[-78.325,1.12917],[-78.355,1.13278],[-78.37139,1.14333],[-78.40083,1.14333],[-78.41028,1.15056],[-78.41583,1.13917]]]}},{"type":"Feature","properties":{"codigo":1007400509},"geometry":{"type":"Polygon","coordinates":[[[-79.02361,0.99056],[-79.01361,0.98333],[-78.99667,0.98944],[-78.9725,0.95528],[-78.96222,0.95806],[-78.94611,0.94889],[-78.94194,0.9325],[-78.92722,0.93389],[-78.92306,0.91806],[-78.89944,0.90167],[-78.89611,0.88417],[-78.91306,0.85306],[-78.92278,0.85417],[-78.92917,0.84556],[-78.96389,0.85806],[-78.97528,0.84833],[-78.98222,0.86028],[-78.99028,0.85944],[-78.99722,0.83889],[-79.02694,0.82778],[-79.035,0.83139],[-79.03083,0.84472],[-79.0425,0.87833],[-79.03556,0.89306],[-79.04111,0.92],[-79.03111,0.93556],[-79.03667,0.94889],[-79.02,0.97],[-79.02361,0.99056]]]}},{"type":"Feature","properties":{"codigo":1007400506},"geometry":{"type":"Polygon","coordinates":[[[-79.07111,0.93639],[-79.05361,0.92333],[-79.05194,0.90361],[-79.03556,0.89444],[-79.0425,0.87833],[-79.03083,0.84472],[-79.035,0.83139],[-79.025,0.82028],[-79.02694,0.80194],[-79.0475,0.79167],[-79.06139,0.75167],[-79.08889,0.77639],[-79.10111,0.80639],[-79.13583,0.80972],[-79.145,0.82472],[-79.16167,0.81972],[-79.17306,0.79556],[-79.205,0.80778],[-79.18583,0.84],[-79.21778,0.85194],[-79.20889,0.87667],[-79.15806,0.87333],[-79.14861,0.92444],[-79.11944,0.91278],[-79.07639,0.92472],[-79.07111,0.93639]]]}},{"type":"Feature","properties":{"codigo":1007400570},"geometry":{"type":"Polygon","coordinates":[[[-79.65694,0.9325],[-79.64889,0.91806],[-79.61306,0.90917],[-79.60917,0.90083],[-79.57806,0.90111],[-79.55667,0.88583],[-79.53139,0.88528],[-79.53639,0.86889],[-79.52889,0.85528],[-79.54306,0.84667],[-79.54528,0.8275],[-79.51389,0.78583],[-79.50417,0.78389],[-79.5,0.74972],[-79.49083,0.74167],[-79.48944,0.68917],[-79.465,0.65139],[-79.47111,0.64417],[-79.49,0.63972],[-79.50889,0.65],[-79.51472,0.66861],[-79.53333,0.665],[-79.56028,0.68222],[-79.60917,0.64639],[-79.61833,0.65222],[-79.61222,0.67083],[-79.62111,0.67889],[-79.62111,0.69472],[-79.63528,0.70389],[-79.65,0.74389],[-79.6725,0.76139],[-79.67889,0.77667],[-79.6675,0.80833],[-79.67611,0.81556],[-79.67111,0.83528],[-79.68139,0.84444],[-79.67611,0.88028],[-79.68417,0.89028],[-79.65694,0.91639],[-79.65694,0.9325]]]}},{"type":"Feature","properties":{"codigo":1007400565},"geometry":{"type":"Polygon","coordinates":[[[-79.53139,0.885],[-79.51889,0.89111],[-79.52917,0.91972],[-79.52139,0.95389],[-79.53444,0.9825],[-79.52222,0.98833],[-79.50806,1.02056],[-79.48194,1.00472],[-79.47,0.98056],[-79.47611,0.96722],[-79.47278,0.94167],[-79.48083,0.93306],[-79.48056,0.90861],[-79.47333,0.90028],[-79.485,0.87667],[-79.47861,0.86944],[-79.48167,0.85361],[-79.46917,0.84972],[-79.465,0.83722],[-79.47194,0.82806],[-79.50056,0.83361],[-79.51139,0.80417],[-79.50889,0.78639],[-79.54528,0.8275],[-79.54306,0.84667],[-79.52889,0.85528],[-79.53639,0.86889],[-79.53139,0.885]]]}},{"type":"Feature","properties":{"codigo":1007400453},"geometry":{"type":"Polygon","coordinates":[[[-78.45389,0.87583],[-78.3975,0.90556],[-78.36972,0.89778],[-78.35389,0.90556],[-78.33194,0.90194],[-78.33167,0.88833],[-78.29694,0.88167],[-78.29472,0.8675],[-78.28361,0.86222],[-78.24472,0.86278],[-78.23778,0.84111],[-78.2275,0.83667],[-78.23472,0.8225],[-78.23056,0.81389],[-78.26889,0.74444],[-78.26667,0.68778],[-78.27389,0.67694],[-78.29083,0.67556],[-78.28722,0.70556],[-78.30306,0.72694],[-78.30306,0.74917],[-78.35333,0.76],[-78.38861,0.77944],[-78.39417,0.79111],[-78.42111,0.80139],[-78.44056,0.86139],[-78.45389,0.87583]]]}},{"type":"Feature","properties":{"codigo":1007400444},"geometry":{"type":"Polygon","coordinates":[[[-78.12083,0.86111],[-78.115,0.89944],[-78.09917,0.90528],[-78.09278,0.8925],[-78.07278,0.885],[-78.06083,0.84556],[-78.04722,0.83583],[-78.00667,0.8225],[-77.99472,0.80361],[-77.9725,0.78944],[-77.96056,0.79333],[-77.95833,0.80472],[-77.9425,0.80528],[-77.96056,0.76972],[-77.95778,0.75528],[-77.97889,0.75583],[-77.99861,0.74056],[-78.03722,0.74083],[-78.03778,0.72861],[-78.04833,0.72667],[-78.06333,0.73917],[-78.07861,0.73917],[-78.08972,0.81417],[-78.12083,0.86111]]]}},{"type":"Feature","properties":{"codigo":1007400537},"geometry":{"type":"Polygon","coordinates":[[[-78.70028,0.855],[-78.69611,0.83694],[-78.66583,0.79583],[-78.67222,0.78361],[-78.69667,0.79583],[-78.69611,0.81528],[-78.71222,0.81611],[-78.72306,0.82778],[-78.7075,0.83639],[-78.70028,0.855]]]}},{"type":"Feature","properties":{"codigo":1007400510},"geometry":{"type":"Polygon","coordinates":[[[-78.96778,0.85417],[-78.95583,0.8575],[-78.94583,0.8475],[-78.92917,0.84556],[-78.92278,0.85417],[-78.91417,0.8525],[-78.89028,0.8925],[-78.8675,0.87056],[-78.8525,0.87167],[-78.84444,0.85528],[-78.79194,0.82611],[-78.80167,0.80944],[-78.81639,0.80556],[-78.83194,0.81389],[-78.8425,0.80861],[-78.86167,0.82333],[-78.88278,0.8125],[-78.89111,0.81833],[-78.92139,0.81417],[-78.91889,0.79417],[-78.93278,0.80028],[-78.94528,0.79583],[-78.95278,0.80278],[-78.9475,0.81194],[-78.96528,0.82944],[-78.96778,0.85417]]]}},{"type":"Feature","properties":{"codigo":1007400448},"geometry":{"type":"Polygon","coordinates":[[[-78.51417,0.84194],[-78.48806,0.84528],[-78.45389,0.87611],[-78.44056,0.86139],[-78.42111,0.80139],[-78.45861,0.80444],[-78.50333,0.78833],[-78.5175,0.81833],[-78.51417,0.84194]]]}},{"type":"Feature","properties":{"codigo":1007400454},"geometry":{"type":"Polygon","coordinates":[[[-78.2275,0.83667],[-78.21583,0.84472],[-78.2025,0.83806],[-78.18889,0.84278],[-78.17722,0.82722],[-78.13694,0.85778],[-78.11722,0.85972],[-78.08972,0.81417],[-78.08056,0.77722],[-78.08444,0.74556],[-78.09861,0.75722],[-78.125,0.76167],[-78.13389,0.77222],[-78.16139,0.75611],[-78.18722,0.76722],[-78.21889,0.7525],[-78.25667,0.76194],[-78.25444,0.77889],[-78.23861,0.78917],[-78.2275,0.83667]]]}},{"type":"Feature","properties":{"codigo":1007400523},"geometry":{"type":"Polygon","coordinates":[[[-79.02694,0.82778],[-78.99722,0.83889],[-78.99028,0.85944],[-78.98222,0.86028],[-78.97528,0.84833],[-78.96778,0.85417],[-78.96528,0.82944],[-78.9475,0.81111],[-78.97361,0.77111],[-78.97917,0.74694],[-79.00083,0.73333],[-79.00444,0.70972],[-79.02139,0.71806],[-79.03944,0.70667],[-79.04389,0.72222],[-79.06056,0.72528],[-79.06111,0.75639],[-79.0475,0.79167],[-79.02694,0.80194],[-79.02694,0.82778]]]}},{"type":"Feature","properties":{"codigo":1007400559},"geometry":{"type":"Polygon","coordinates":[[[-79.41806,0.82944],[-79.4025,0.83028],[-79.39139,0.80222],[-79.36222,0.79278],[-79.35528,0.77944],[-79.39139,0.76222],[-79.40806,0.77056],[-79.42444,0.76083],[-79.42083,0.77306],[-79.43722,0.79667],[-79.42333,0.80833],[-79.41806,0.82944]]]}},{"type":"Feature","properties":{"codigo":1007400558},"geometry":{"type":"Polygon","coordinates":[[[-79.46611,0.83278],[-79.45139,0.82361],[-79.42694,0.83722],[-79.4175,0.83111],[-79.42333,0.80833],[-79.43722,0.79667],[-79.42083,0.77306],[-79.43639,0.74],[-79.43139,0.725],[-79.43694,0.70639],[-79.41333,0.68444],[-79.42167,0.63917],[-79.43306,0.6325],[-79.46778,0.65194],[-79.4725,0.66889],[-79.48667,0.68056],[-79.49389,0.71083],[-79.49083,0.74167],[-79.5,0.74972],[-79.50917,0.78861],[-79.51139,0.80417],[-79.50056,0.83361],[-79.485,0.82722],[-79.46611,0.83278]]]}},{"type":"Feature","properties":{"codigo":1007704697},"geometry":{"type":"Polygon","coordinates":[[[-77.70694,0.84361],[-77.71556,0.81222],[-77.72667,0.79889],[-77.74917,0.79444],[-77.74861,0.78167],[-77.76083,0.77556],[-77.76639,0.75417],[-77.78639,0.73472],[-77.78833,0.68667],[-77.81389,0.68167],[-77.82167,0.6875],[-77.82806,0.67917],[-77.84222,0.68528],[-77.86972,0.67444],[-77.89639,0.69306],[-77.88889,0.71],[-77.87,0.70722],[-77.84667,0.74444],[-77.82583,0.75583],[-77.80361,0.82472],[-77.78028,0.82111],[-77.75972,0.83722],[-77.74583,0.83139],[-77.72167,0.84583],[-77.70694,0.84361]]]}},{"type":"Feature","properties":{"codigo":1007704695},"geometry":{"type":"Polygon","coordinates":[[[-77.71389,0.81694],[-77.70444,0.84972],[-77.69139,0.84444],[-77.685,0.82806],[-77.69722,0.82972],[-77.71389,0.81694]]]}},{"type":"Feature","properties":{"codigo":1007400563},"geometry":{"type":"Polygon","coordinates":[[[-79.30028,0.81139],[-79.28333,0.805],[-79.28306,0.78833],[-79.26472,0.77083],[-79.29222,0.725],[-79.30111,0.72361],[-79.29833,0.68667],[-79.3175,0.68361],[-79.33306,0.69444],[-79.34333,0.68639],[-79.35639,0.695],[-79.38083,0.69556],[-79.37778,0.71528],[-79.39111,0.71444],[-79.39667,0.73833],[-79.39167,0.76389],[-79.31528,0.78861],[-79.30028,0.81139]]]}},{"type":"Feature","properties":{"codigo":1007400522},"geometry":{"type":"Polygon","coordinates":[[[-78.79194,0.82667],[-78.78028,0.8125],[-78.7475,0.805],[-78.76583,0.73583],[-78.75778,0.71639],[-78.74861,0.71417],[-78.77028,0.69722],[-78.82972,0.76083],[-78.85167,0.74917],[-78.89361,0.75389],[-78.90028,0.75861],[-78.89389,0.76306],[-78.89972,0.7775],[-78.92583,0.79361],[-78.91639,0.79806],[-78.92139,0.81417],[-78.89111,0.81833],[-78.88278,0.8125],[-78.86083,0.82333],[-78.8425,0.80861],[-78.83194,0.81389],[-78.81639,0.80556],[-78.80167,0.80944],[-78.79194,0.82667]]]}},{"type":"Feature","properties":{"codigo":1007400540},"geometry":{"type":"Polygon","coordinates":[[[-78.76361,0.72639],[-78.73778,0.8225],[-78.7175,0.82667],[-78.71278,0.81639],[-78.69556,0.81472],[-78.69667,0.79583],[-78.68583,0.785],[-78.67306,0.78333],[-78.67222,0.75778],[-78.66361,0.74611],[-78.63972,0.75056],[-78.62083,0.73278],[-78.59278,0.73167],[-78.57417,0.74028],[-78.54694,0.72528],[-78.55556,0.71083],[-78.60417,0.68222],[-78.62611,0.69056],[-78.66139,0.67417],[-78.67389,0.65889],[-78.70083,0.66806],[-78.70944,0.66389],[-78.71639,0.66778],[-78.72,0.69528],[-78.76361,0.72639]]]}},{"type":"Feature","properties":{"codigo":1007400507},"geometry":{"type":"Polygon","coordinates":[[[-79.28333,0.805],[-79.22611,0.80333],[-79.20889,0.81222],[-79.18861,0.79694],[-79.17306,0.79556],[-79.16167,0.81972],[-79.145,0.82472],[-79.13583,0.80972],[-79.10111,0.80639],[-79.08472,0.76778],[-79.09583,0.75389],[-79.11444,0.75667],[-79.10833,0.73056],[-79.12111,0.71639],[-79.14278,0.72667],[-79.14917,0.71028],[-79.16972,0.69806],[-79.17694,0.67028],[-79.19667,0.66444],[-79.19722,0.63472],[-79.21556,0.62083],[-79.21417,0.60972],[-79.23361,0.60639],[-79.23306,0.61917],[-79.24361,0.62278],[-79.26111,0.64917],[-79.26778,0.67889],[-79.28444,0.67444],[-79.29806,0.68472],[-79.30111,0.72361],[-79.29222,0.725],[-79.26472,0.76722],[-79.28306,0.78833],[-79.28333,0.805]]]}},{"type":"Feature","properties":{"codigo":1007400452},"geometry":{"type":"Polygon","coordinates":[[[-78.44417,0.80306],[-78.39417,0.79111],[-78.38861,0.77944],[-78.35333,0.76],[-78.30361,0.74972],[-78.30306,0.72694],[-78.2875,0.70694],[-78.28944,0.68306],[-78.37944,0.71028],[-78.38889,0.72806],[-78.44,0.75139],[-78.44417,0.80306]]]}},{"type":"Feature","properties":{"codigo":1007400511},"geometry":{"type":"Polygon","coordinates":[[[-78.95278,0.80306],[-78.94528,0.79583],[-78.92917,0.79944],[-78.92278,0.78722],[-78.89972,0.7775],[-78.89389,0.76306],[-78.91944,0.7475],[-78.94444,0.75333],[-78.97889,0.74778],[-78.97361,0.77111],[-78.95278,0.80306]]]}},{"type":"Feature","properties":{"codigo":1007400449},"geometry":{"type":"Polygon","coordinates":[[[-78.51167,0.80417],[-78.50333,0.78833],[-78.44417,0.80333],[-78.44028,0.75472],[-78.47778,0.75639],[-78.50556,0.73722],[-78.51778,0.7375],[-78.51833,0.75583],[-78.53583,0.77222],[-78.51167,0.80417]]]}},{"type":"Feature","properties":{"codigo":1007400539},"geometry":{"type":"Polygon","coordinates":[[[-78.67306,0.78333],[-78.66583,0.79583],[-78.69611,0.83694],[-78.69444,0.84722],[-78.67472,0.8525],[-78.62944,0.84361],[-78.61222,0.84833],[-78.57861,0.82222],[-78.56889,0.79833],[-78.53889,0.78972],[-78.53222,0.76306],[-78.51833,0.75583],[-78.51778,0.73722],[-78.53722,0.72056],[-78.57417,0.74028],[-78.59278,0.73167],[-78.62083,0.73278],[-78.63972,0.75056],[-78.66361,0.74611],[-78.67222,0.75778],[-78.67306,0.78333]]]}},{"type":"Feature","properties":{"codigo":1007400560},"geometry":{"type":"Polygon","coordinates":[[[-79.42444,0.76083],[-79.40806,0.77056],[-79.39278,0.76556],[-79.39361,0.72],[-79.37778,0.71528],[-79.38083,0.69556],[-79.35639,0.695],[-79.34333,0.68639],[-79.33278,0.69444],[-79.32389,0.68806],[-79.37083,0.65694],[-79.38139,0.6575],[-79.40639,0.61583],[-79.41944,0.61833],[-79.42556,0.63528],[-79.41333,0.68444],[-79.43694,0.70639],[-79.43139,0.725],[-79.43639,0.74],[-79.42444,0.76083]]]}},{"type":"Feature","properties":{"codigo":1007400451},"geometry":{"type":"Polygon","coordinates":[[[-78.45944,0.75556],[-78.44306,0.75778],[-78.43028,0.745],[-78.39028,0.72889],[-78.37944,0.71028],[-78.29889,0.68972],[-78.285,0.66417],[-78.28444,0.625],[-78.24833,0.60444],[-78.24583,0.59472],[-78.26083,0.58333],[-78.27056,0.55194],[-78.29417,0.54444],[-78.32722,0.5175],[-78.33278,0.48556],[-78.33917,0.48444],[-78.35167,0.51056],[-78.36806,0.51611],[-78.37889,0.55639],[-78.38917,0.56333],[-78.3725,0.59444],[-78.36778,0.62889],[-78.40083,0.68583],[-78.43056,0.71278],[-78.43306,0.725],[-78.45472,0.73639],[-78.45944,0.75556]]]}},{"type":"Feature","properties":{"codigo":1007400455},"geometry":{"type":"Polygon","coordinates":[[[-78.25667,0.76194],[-78.21889,0.7525],[-78.18722,0.76722],[-78.1625,0.75611],[-78.18167,0.72611],[-78.21333,0.71028],[-78.22194,0.6975],[-78.22583,0.6275],[-78.24667,0.60083],[-78.28444,0.625],[-78.285,0.66417],[-78.29111,0.66972],[-78.26667,0.68778],[-78.26889,0.74444],[-78.25667,0.76194]]]}},{"type":"Feature","properties":{"codigo":1007400508},"geometry":{"type":"Polygon","coordinates":[[[-79.0875,0.77472],[-79.06139,0.75167],[-79.06028,0.72472],[-79.04389,0.72222],[-79.03528,0.70278],[-79.04,0.68972],[-79.07417,0.65917],[-79.07583,0.62472],[-79.09583,0.61889],[-79.10556,0.59917],[-79.1175,0.60611],[-79.12028,0.61861],[-79.17667,0.61333],[-79.19972,0.63694],[-79.19667,0.66444],[-79.17694,0.67028],[-79.17028,0.69722],[-79.14917,0.71028],[-79.14333,0.72639],[-79.12167,0.71611],[-79.11,0.72722],[-79.11444,0.75667],[-79.09222,0.75611],[-79.0875,0.77472]]]}},{"type":"Feature","properties":{"codigo":1007400521},"geometry":{"type":"Polygon","coordinates":[[[-78.91944,0.7475],[-78.90083,0.75861],[-78.875,0.74806],[-78.85167,0.74917],[-78.82972,0.76083],[-78.81889,0.74306],[-78.795,0.73028],[-78.79472,0.71861],[-78.78083,0.71361],[-78.77417,0.69722],[-78.74083,0.71444],[-78.73917,0.70389],[-78.72,0.69528],[-78.71639,0.66778],[-78.70639,0.66528],[-78.69667,0.64778],[-78.69694,0.61667],[-78.70833,0.60278],[-78.75222,0.58667],[-78.79417,0.60444],[-78.82944,0.60361],[-78.83556,0.62167],[-78.85861,0.63139],[-78.83917,0.64833],[-78.84472,0.65944],[-78.86611,0.65389],[-78.87611,0.66389],[-78.89111,0.65778],[-78.89222,0.66556],[-78.90111,0.66111],[-78.90944,0.66778],[-78.91278,0.67861],[-78.92194,0.67667],[-78.92639,0.68444],[-78.93444,0.67972],[-78.93556,0.70167],[-78.92694,0.71083],[-78.91944,0.7475]]]}},{"type":"Feature","properties":{"codigo":1007400512},"geometry":{"type":"Polygon","coordinates":[[[-78.97889,0.74778],[-78.94444,0.75333],[-78.91917,0.7475],[-78.93944,0.67583],[-78.95139,0.675],[-78.95639,0.69],[-78.97083,0.68611],[-78.98,0.69611],[-79.00694,0.69917],[-79.01056,0.70833],[-78.99917,0.71917],[-79.00083,0.73333],[-78.97889,0.74778]]]}},{"type":"Feature","properties":{"codigo":1007400456},"geometry":{"type":"Polygon","coordinates":[[[-78.1625,0.75611],[-78.13389,0.77222],[-78.125,0.76167],[-78.09861,0.75722],[-78.07806,0.73889],[-78.06333,0.73917],[-78.04611,0.71972],[-78.05028,0.67833],[-78.08194,0.65861],[-78.10389,0.65778],[-78.14056,0.68722],[-78.17222,0.68639],[-78.18028,0.69972],[-78.20528,0.71139],[-78.18111,0.72667],[-78.1625,0.75611]]]}},{"type":"Feature","properties":{"codigo":1007400450},"geometry":{"type":"Polygon","coordinates":[[[-78.51778,0.7375],[-78.50556,0.73722],[-78.48222,0.755],[-78.45972,0.75639],[-78.45472,0.73639],[-78.43306,0.725],[-78.43056,0.71278],[-78.40083,0.68583],[-78.36639,0.62056],[-78.38889,0.56833],[-78.42722,0.58583],[-78.44111,0.61528],[-78.46111,0.62917],[-78.47417,0.66944],[-78.49111,0.68972],[-78.49278,0.70722],[-78.50833,0.70889],[-78.52472,0.7275],[-78.51778,0.7375]]]}},{"type":"Feature","properties":{"codigo":1007400465},"geometry":{"type":"Polygon","coordinates":[[[-78.04889,0.72694],[-78.03778,0.72861],[-78.03722,0.74083],[-77.99417,0.74167],[-77.97889,0.75583],[-77.95917,0.75444],[-77.93278,0.7375],[-77.90194,0.73861],[-77.88972,0.72861],[-77.89639,0.69306],[-77.87972,0.68028],[-77.87917,0.66111],[-77.89167,0.63722],[-77.89028,0.62444],[-77.91056,0.61111],[-77.9175,0.58361],[-77.93917,0.57389],[-77.9575,0.53917],[-77.97889,0.53833],[-78.02528,0.51528],[-78.07333,0.47583],[-78.05056,0.53528],[-78.02306,0.54694],[-78.00083,0.56833],[-77.99361,0.59139],[-78.00611,0.61972],[-77.99194,0.6825],[-78.0,0.69111],[-78.02889,0.68472],[-78.04472,0.6975],[-78.04889,0.72694]]]}},{"type":"Feature","properties":{"codigo":1007400471},"geometry":{"type":"Polygon","coordinates":[[[-77.74694,0.72167],[-77.73194,0.73694],[-77.67611,0.73722],[-77.6725,0.70361],[-77.64861,0.68583],[-77.68722,0.65167],[-77.69694,0.61528],[-77.69167,0.60972],[-77.70528,0.59667],[-77.76472,0.59778],[-77.72806,0.62139],[-77.72472,0.65333],[-77.71333,0.66167],[-77.71833,0.70194],[-77.74694,0.72167]]]}},{"type":"Feature","properties":{"codigo":1007400542},"geometry":{"type":"Polygon","coordinates":[[[-78.5475,0.72444],[-78.52056,0.72722],[-78.50833,0.70889],[-78.49278,0.70722],[-78.49111,0.68972],[-78.47417,0.66944],[-78.46111,0.62917],[-78.44111,0.61528],[-78.42944,0.59194],[-78.43,0.57444],[-78.45389,0.53917],[-78.46444,0.53972],[-78.46611,0.53278],[-78.49861,0.54611],[-78.50194,0.55694],[-78.52917,0.56056],[-78.57056,0.61056],[-78.57278,0.62778],[-78.61028,0.62472],[-78.61639,0.64722],[-78.62694,0.65417],[-78.64972,0.64917],[-78.66333,0.66583],[-78.66139,0.67417],[-78.62611,0.69056],[-78.60444,0.68222],[-78.58972,0.68861],[-78.58083,0.70056],[-78.55556,0.71083],[-78.5475,0.72444]]]}},{"type":"Feature","properties":{"codigo":1007400470},"geometry":{"type":"Polygon","coordinates":[[[-77.78389,0.71889],[-77.74667,0.72167],[-77.72056,0.705],[-77.71389,0.68972],[-77.71333,0.66167],[-77.72472,0.65333],[-77.72806,0.62139],[-77.76667,0.5975],[-77.77639,0.61611],[-77.80444,0.63111],[-77.80861,0.65611],[-77.82806,0.67389],[-77.82167,0.6875],[-77.81333,0.68167],[-77.78361,0.69083],[-77.78389,0.71889]]]}},{"type":"Feature","properties":{"codigo":1007400735},"geometry":{"type":"Polygon","coordinates":[[[-79.76611,0.78639],[-79.79278,0.75722],[-79.78833,0.71556],[-79.80722,0.705],[-79.80639,0.6725],[-79.81556,0.67278],[-79.83778,0.63306],[-79.84333,0.65583],[-79.87056,0.68472],[-79.86722,0.70361],[-79.87889,0.72444],[-79.87556,0.74056],[-79.865,0.74667],[-79.86889,0.76167],[-79.87972,0.76778],[-79.87833,0.84083],[-79.845,0.87694],[-79.81972,0.87444],[-79.82194,0.83778],[-79.80722,0.82278],[-79.7975,0.82556],[-79.79306,0.81583],[-79.78333,0.81583],[-79.76611,0.78639]]]}},{"type":"Feature","properties":{"codigo":1007400513},"geometry":{"type":"Polygon","coordinates":[[[-79.03722,0.70694],[-79.02083,0.71806],[-79.00444,0.69778],[-78.955,0.68611],[-78.96028,0.67306],[-78.97806,0.66528],[-78.98389,0.645],[-78.99056,0.65028],[-78.99833,0.64333],[-79.00306,0.63361],[-78.99667,0.62361],[-79.0275,0.59806],[-79.02333,0.58333],[-79.03417,0.57917],[-79.03667,0.56222],[-79.04444,0.56028],[-79.04861,0.56722],[-79.06778,0.56639],[-79.08806,0.57667],[-79.08667,0.59139],[-79.10472,0.60528],[-79.09306,0.62083],[-79.07583,0.62472],[-79.07417,0.65917],[-79.04,0.68972],[-79.03722,0.70694]]]}},{"type":"Feature","properties":{"codigo":1007400568},"geometry":{"type":"Polygon","coordinates":[[[-79.80722,0.705],[-79.77056,0.69889],[-79.7625,0.71222],[-79.73111,0.72639],[-79.69194,0.70833],[-79.6975,0.69444],[-79.71083,0.69222],[-79.71,0.67917],[-79.74083,0.65361],[-79.73972,0.63333],[-79.76694,0.60361],[-79.76361,0.59139],[-79.79139,0.58472],[-79.79889,0.6025],[-79.81083,0.60556],[-79.80778,0.61694],[-79.83028,0.61278],[-79.835,0.62806],[-79.82222,0.66306],[-79.80639,0.6725],[-79.80722,0.705]]]}},{"type":"Feature","properties":{"codigo":1007400561},"geometry":{"type":"Polygon","coordinates":[[[-79.32389,0.6875],[-79.29861,0.68667],[-79.28444,0.67444],[-79.26778,0.67889],[-79.26111,0.64917],[-79.24361,0.62278],[-79.23306,0.61917],[-79.2325,0.6],[-79.2225,0.60111],[-79.21583,0.58972],[-79.21722,0.58083],[-79.23083,0.57528],[-79.24583,0.59222],[-79.27028,0.58111],[-79.27667,0.55833],[-79.28722,0.56194],[-79.29972,0.54583],[-79.3025,0.52583],[-79.31694,0.52806],[-79.32361,0.54222],[-79.31028,0.57833],[-79.33111,0.59417],[-79.3325,0.61139],[-79.35167,0.62028],[-79.37222,0.65083],[-79.36222,0.66556],[-79.32389,0.6875]]]}},{"type":"Feature","properties":{"codigo":1007400469},"geometry":{"type":"Polygon","coordinates":[[[-77.83917,0.68389],[-77.81806,0.67139],[-77.80444,0.63111],[-77.77639,0.61611],[-77.7675,0.5975],[-77.7575,0.6025],[-77.72972,0.5925],[-77.70528,0.59667],[-77.69111,0.60972],[-77.67444,0.59472],[-77.66306,0.59583],[-77.67861,0.56139],[-77.71,0.54917],[-77.72056,0.53167],[-77.72861,0.53361],[-77.77806,0.46139],[-77.78944,0.46333],[-77.80722,0.50694],[-77.81611,0.5125],[-77.81556,0.53611],[-77.80694,0.53639],[-77.80583,0.54917],[-77.83667,0.59889],[-77.83444,0.62667],[-77.84278,0.63667],[-77.83639,0.64889],[-77.84528,0.66972],[-77.83917,0.68389]]]}},{"type":"Feature","properties":{"codigo":1007400468},"geometry":{"type":"Polygon","coordinates":[[[-77.87972,0.68],[-77.86722,0.67444],[-77.83917,0.68389],[-77.84528,0.66972],[-77.83639,0.64889],[-77.84278,0.63667],[-77.83444,0.62667],[-77.83667,0.59889],[-77.80583,0.54917],[-77.80694,0.53639],[-77.81556,0.53611],[-77.81611,0.51278],[-77.82417,0.51333],[-77.83056,0.53806],[-77.84472,0.54639],[-77.85083,0.56139],[-77.885,0.59],[-77.91667,0.59944],[-77.89,0.625],[-77.87972,0.68]]]}},{"type":"Feature","properties":{"codigo":1007400518},"geometry":{"type":"Polygon","coordinates":[[[-78.9575,0.66],[-78.92639,0.68444],[-78.92194,0.67667],[-78.91278,0.67861],[-78.9025,0.66139],[-78.87417,0.66389],[-78.86611,0.65389],[-78.84472,0.65944],[-78.83917,0.64833],[-78.86444,0.62639],[-78.89722,0.61833],[-78.89972,0.60722],[-78.92,0.59861],[-78.92167,0.58333],[-78.93194,0.57861],[-78.94139,0.5825],[-78.94583,0.60167],[-78.93694,0.63194],[-78.9575,0.66]]]}},{"type":"Feature","properties":{"codigo":1007400516},"geometry":{"type":"Polygon","coordinates":[[[-78.955,0.68611],[-78.94528,0.67306],[-78.94806,0.66278],[-78.95917,0.66833],[-78.9775,0.66167],[-78.95944,0.67389],[-78.955,0.68611]]]}},{"type":"Feature","properties":{"codigo":1007400458},"geometry":{"type":"Polygon","coordinates":[[[-78.07083,0.66611],[-78.05028,0.67833],[-78.04472,0.6975],[-78.02417,0.68194],[-78.0,0.69111],[-77.99111,0.68028],[-78.00389,0.64972],[-78.005,0.62],[-78.01611,0.61861],[-78.08028,0.5575],[-78.09333,0.57194],[-78.12806,0.58333],[-78.13889,0.60056],[-78.11389,0.58861],[-78.08528,0.61833],[-78.07333,0.62],[-78.05778,0.64667],[-78.06778,0.65139],[-78.07083,0.66611]]]}},{"type":"Feature","properties":{"codigo":1007400541},"geometry":{"type":"Polygon","coordinates":[[[-78.66333,0.66917],[-78.66333,0.65861],[-78.67222,0.66056],[-78.67,0.66472],[-78.66333,0.66917]]]}},{"type":"Feature","properties":{"codigo":1007400738},"geometry":{"type":"Polygon","coordinates":[[[-79.9475,0.73694],[-79.93472,0.73167],[-79.92028,0.68028],[-79.91028,0.68111],[-79.89833,0.6675],[-79.90722,0.65028],[-79.93528,0.65028],[-79.94778,0.64028],[-79.96139,0.64611],[-79.99056,0.63583],[-80.04389,0.63667],[-80.04528,0.65472],[-80.01222,0.67083],[-79.98806,0.71861],[-79.9475,0.73694]]]}},{"type":"Feature","properties":{"codigo":1007400517},"geometry":{"type":"Polygon","coordinates":[[[-78.97694,0.66139],[-78.95833,0.66833],[-78.93694,0.63194],[-78.94583,0.60472],[-78.94139,0.5825],[-78.94972,0.57444],[-78.94278,0.55444],[-78.9325,0.54667],[-78.92722,0.5275],[-78.87944,0.48722],[-78.8775,0.47278],[-78.85417,0.44583],[-78.88083,0.41667],[-78.90389,0.40806],[-78.91556,0.41139],[-78.92278,0.43083],[-78.93722,0.44],[-78.94944,0.49306],[-78.97917,0.50806],[-78.98528,0.52583],[-78.99833,0.52833],[-79.00472,0.54278],[-79.02417,0.53111],[-79.01806,0.54417],[-79.04028,0.56722],[-79.02333,0.58333],[-79.0275,0.59806],[-78.99667,0.62361],[-79.00306,0.63361],[-78.99833,0.64333],[-78.99056,0.65028],[-78.98389,0.645],[-78.97694,0.66139]]]}},{"type":"Feature","properties":{"codigo":1007400739},"geometry":{"type":"Polygon","coordinates":[[[-79.89972,0.66278],[-79.87694,0.66389],[-79.86472,0.67528],[-79.84333,0.65583],[-79.83778,0.63333],[-79.86111,0.62472],[-79.86472,0.61194],[-79.88306,0.60028],[-79.89444,0.60556],[-79.93444,0.58972],[-79.95611,0.60333],[-80.00611,0.57944],[-80.01778,0.58778],[-80.03333,0.62528],[-80.04,0.62528],[-80.0275,0.62556],[-80.02694,0.64056],[-79.99056,0.63583],[-79.96139,0.64611],[-79.94528,0.64056],[-79.93639,0.65],[-79.90722,0.65028],[-79.89972,0.66278]]]}},{"type":"Feature","properties":{"codigo":1007400569},"geometry":{"type":"Polygon","coordinates":[[[-79.69194,0.7075],[-79.67917,0.69972],[-79.66083,0.70917],[-79.64861,0.68917],[-79.63806,0.68917],[-79.62944,0.66583],[-79.61833,0.66111],[-79.61389,0.63694],[-79.69028,0.61028],[-79.70056,0.6225],[-79.71389,0.61778],[-79.74083,0.58944],[-79.75889,0.60778],[-79.73972,0.63333],[-79.74083,0.65361],[-79.71,0.67917],[-79.71083,0.69222],[-79.6975,0.69444],[-79.69194,0.7075]]]}},{"type":"Feature","properties":{"codigo":1007400737},"geometry":{"type":"Polygon","coordinates":[[[-79.9475,0.73694],[-79.98806,0.71861],[-80.01222,0.67083],[-80.02722,0.65917],[-80.05333,0.66833],[-80.06194,0.65417],[-80.07306,0.65583],[-80.05944,0.70028],[-80.06472,0.71556],[-80.05722,0.71583],[-80.04278,0.74556],[-80.04111,0.77194],[-80.02472,0.77806],[-80.01972,0.78861],[-79.99972,0.78833],[-79.9875,0.77361],[-79.97528,0.77167],[-79.97,0.75889],[-79.95417,0.76361],[-79.9475,0.73694]]]}},{"type":"Feature","properties":{"codigo":1007400544},"geometry":{"type":"Polygon","coordinates":[[[-78.70667,0.66556],[-78.66583,0.66028],[-78.66722,0.64389],[-78.65694,0.62944],[-78.66361,0.60222],[-78.65194,0.55861],[-78.66028,0.54],[-78.645,0.51917],[-78.65306,0.49528],[-78.64056,0.48083],[-78.66056,0.47222],[-78.72111,0.49833],[-78.74417,0.49361],[-78.75083,0.50417],[-78.745,0.5375],[-78.75972,0.55167],[-78.75556,0.58],[-78.74806,0.59028],[-78.70833,0.60278],[-78.69694,0.61667],[-78.69667,0.64778],[-78.70667,0.66556]]]}},{"type":"Feature","properties":{"codigo":1007400543},"geometry":{"type":"Polygon","coordinates":[[[-78.66722,0.64389],[-78.65917,0.66583],[-78.64972,0.64917],[-78.62639,0.65389],[-78.6125,0.64083],[-78.61028,0.62472],[-78.57278,0.62778],[-78.57056,0.61056],[-78.54361,0.57583],[-78.52361,0.55694],[-78.50194,0.55694],[-78.49778,0.54583],[-78.51944,0.52806],[-78.55472,0.51611],[-78.56028,0.4825],[-78.59222,0.46806],[-78.60361,0.45333],[-78.65306,0.49528],[-78.64417,0.515],[-78.66028,0.54],[-78.65194,0.55917],[-78.66361,0.60222],[-78.65611,0.62556],[-78.66722,0.64389]]]}},{"type":"Feature","properties":{"codigo":1007400457},"geometry":{"type":"Polygon","coordinates":[[[-78.20528,0.71111],[-78.18028,0.69972],[-78.1675,0.68333],[-78.14,0.68694],[-78.12028,0.67583],[-78.10972,0.65889],[-78.08278,0.65833],[-78.07083,0.66611],[-78.06778,0.65139],[-78.05778,0.6475],[-78.06111,0.635],[-78.09889,0.60667],[-78.10861,0.59028],[-78.12361,0.58861],[-78.13389,0.6025],[-78.17194,0.59667],[-78.21167,0.55917],[-78.22861,0.56667],[-78.24194,0.55639],[-78.26806,0.55583],[-78.26083,0.58333],[-78.22806,0.62028],[-78.22194,0.6975],[-78.20528,0.71111]]]}},{"type":"Feature","properties":{"codigo":1007400571},"geometry":{"type":"Polygon","coordinates":[[[-79.61194,0.64639],[-79.56167,0.68222],[-79.53611,0.66917],[-79.53639,0.64278],[-79.55,0.63444],[-79.54194,0.60556],[-79.54972,0.59861],[-79.55,0.57889],[-79.56028,0.57806],[-79.58167,0.59833],[-79.58389,0.62],[-79.59944,0.61972],[-79.61417,0.63611],[-79.61194,0.64639]]]}},{"type":"Feature","properties":{"codigo":1007400576},"geometry":{"type":"Polygon","coordinates":[[[-79.53611,0.66889],[-79.51472,0.66861],[-79.50889,0.65],[-79.48861,0.63917],[-79.46472,0.65083],[-79.43861,0.63306],[-79.42556,0.63583],[-79.40611,0.60556],[-79.41472,0.57806],[-79.40972,0.56306],[-79.39444,0.55694],[-79.39583,0.53889],[-79.36778,0.54333],[-79.34444,0.52944],[-79.3275,0.53139],[-79.31972,0.54056],[-79.31694,0.52806],[-79.28722,0.51889],[-79.28111,0.5],[-79.29694,0.49889],[-79.30083,0.48694],[-79.32278,0.47778],[-79.32722,0.48667],[-79.38556,0.48306],[-79.40083,0.48944],[-79.40639,0.47667],[-79.43278,0.46694],[-79.445,0.47833],[-79.44944,0.49722],[-79.46639,0.4975],[-79.48056,0.51778],[-79.50472,0.51778],[-79.54639,0.56528],[-79.55,0.59722],[-79.54194,0.60556],[-79.55,0.63444],[-79.53639,0.64278],[-79.53611,0.66889]]]}},{"type":"Feature","properties":{"codigo":1007400742},"geometry":{"type":"Polygon","coordinates":[[[-79.83778,0.63333],[-79.83028,0.61278],[-79.80778,0.61694],[-79.81083,0.60556],[-79.79889,0.6025],[-79.79194,0.58472],[-79.76361,0.59139],[-79.76722,0.60306],[-79.75972,0.60778],[-79.745,0.59944],[-79.74111,0.58389],[-79.76278,0.5575],[-79.75333,0.52583],[-79.81,0.51472],[-79.83639,0.53139],[-79.85528,0.52389],[-79.87167,0.53306],[-79.89528,0.5625],[-79.91083,0.56528],[-79.90917,0.54972],[-79.93444,0.5475],[-79.93556,0.55472],[-79.95472,0.56167],[-79.92833,0.59611],[-79.89444,0.60556],[-79.88306,0.60028],[-79.86472,0.61194],[-79.86111,0.62472],[-79.83778,0.63333]]]}},{"type":"Feature","properties":{"codigo":1007400572},"geometry":{"type":"Polygon","coordinates":[[[-79.65028,0.62167],[-79.61333,0.63611],[-79.59944,0.61972],[-79.58389,0.62],[-79.58333,0.60056],[-79.56778,0.58833],[-79.5975,0.56083],[-79.60306,0.50611],[-79.5775,0.47861],[-79.57806,0.4675],[-79.59444,0.4575],[-79.62806,0.4925],[-79.62583,0.51722],[-79.63278,0.525],[-79.61861,0.56333],[-79.65361,0.60194],[-79.65028,0.62167]]]}},{"type":"Feature","properties":{"codigo":1007400562},"geometry":{"type":"Polygon","coordinates":[[[-79.41222,0.61583],[-79.40444,0.61806],[-79.38833,0.65139],[-79.37111,0.65667],[-79.35444,0.62306],[-79.3325,0.61139],[-79.33111,0.59417],[-79.31028,0.57833],[-79.32722,0.53167],[-79.35861,0.5325],[-79.36778,0.54333],[-79.39583,0.53889],[-79.39639,0.56028],[-79.41306,0.56778],[-79.41444,0.58972],[-79.4075,0.59111],[-79.40611,0.60389],[-79.41222,0.61583]]]}},{"type":"Feature","properties":{"codigo":1007401616},"geometry":{"type":"Polygon","coordinates":[[[-77.67444,0.59472],[-77.69694,0.61528],[-77.68722,0.65167],[-77.64861,0.685],[-77.6725,0.70361],[-77.6725,0.73556],[-77.65194,0.72556],[-77.63806,0.72778],[-77.62833,0.715],[-77.5925,0.70333],[-77.55889,0.65444],[-77.5,0.67056],[-77.48111,0.65667],[-77.54111,0.59889],[-77.55944,0.595],[-77.56278,0.58528],[-77.60528,0.565],[-77.62472,0.56556],[-77.64167,0.5775],[-77.63833,0.58889],[-77.64806,0.6],[-77.67444,0.59472]]]}},{"type":"Feature","properties":{"codigo":1007400514},"geometry":{"type":"Polygon","coordinates":[[[-79.23278,0.60556],[-79.21417,0.60972],[-79.21556,0.62083],[-79.19778,0.63444],[-79.16944,0.61028],[-79.15778,0.61917],[-79.12028,0.61861],[-79.11722,0.60583],[-79.08667,0.59111],[-79.17083,0.53083],[-79.21361,0.51528],[-79.23167,0.54583],[-79.22528,0.55833],[-79.23083,0.57556],[-79.21722,0.58083],[-79.21667,0.595],[-79.23278,0.60556]]]}},{"type":"Feature","properties":{"codigo":1007400519},"geometry":{"type":"Polygon","coordinates":[[[-78.91389,0.59972],[-78.89972,0.60722],[-78.89722,0.61833],[-78.88556,0.61639],[-78.85806,0.63139],[-78.83556,0.62167],[-78.83306,0.60611],[-78.82389,0.60083],[-78.79417,0.60444],[-78.75389,0.58972],[-78.75972,0.55167],[-78.745,0.5375],[-78.7525,0.51444],[-78.74444,0.49167],[-78.79917,0.41806],[-78.81444,0.41778],[-78.81833,0.44111],[-78.83861,0.44944],[-78.81917,0.48611],[-78.83639,0.53139],[-78.85556,0.52806],[-78.87306,0.54083],[-78.885,0.56306],[-78.90694,0.56917],[-78.91389,0.59972]]]}},{"type":"Feature","properties":{"codigo":1007400573},"geometry":{"type":"Polygon","coordinates":[[[-79.76278,0.5575],[-79.71389,0.61778],[-79.70056,0.6225],[-79.695,0.60944],[-79.65111,0.62222],[-79.65389,0.6025],[-79.63667,0.58222],[-79.665,0.52694],[-79.66083,0.51306],[-79.67389,0.44],[-79.72167,0.41611],[-79.70722,0.38722],[-79.72139,0.3725],[-79.79667,0.3875],[-79.77944,0.43083],[-79.78944,0.45583],[-79.79722,0.45361],[-79.80694,0.465],[-79.80028,0.48],[-79.80667,0.50361],[-79.81528,0.50806],[-79.80639,0.52028],[-79.75333,0.52583],[-79.76278,0.5575]]]}},{"type":"Feature","properties":{"codigo":1007400520},"geometry":{"type":"Polygon","coordinates":[[[-78.94139,0.5825],[-78.92222,0.58278],[-78.91389,0.59972],[-78.90694,0.56917],[-78.885,0.56306],[-78.87306,0.54083],[-78.85556,0.52806],[-78.83639,0.53139],[-78.81917,0.48611],[-78.83889,0.44889],[-78.85556,0.44639],[-78.8775,0.47278],[-78.87944,0.48722],[-78.92722,0.5275],[-78.94972,0.57194],[-78.94139,0.5825]]]}},{"type":"Feature","properties":{"codigo":1007400575},"geometry":{"type":"Polygon","coordinates":[[[-79.56778,0.58778],[-79.56028,0.57806],[-79.54861,0.57806],[-79.54639,0.56528],[-79.50111,0.51],[-79.50167,0.49861],[-79.51556,0.49417],[-79.52306,0.47111],[-79.53833,0.465],[-79.57806,0.46778],[-79.58667,0.49417],[-79.60306,0.50611],[-79.5975,0.56083],[-79.56778,0.58778]]]}},{"type":"Feature","properties":{"codigo":1007400459},"geometry":{"type":"Polygon","coordinates":[[[-78.19611,0.57167],[-78.17194,0.59667],[-78.13667,0.60028],[-78.12806,0.58333],[-78.09333,0.57194],[-78.08028,0.55806],[-78.11306,0.53472],[-78.13083,0.53806],[-78.14889,0.53111],[-78.19611,0.57167]]]}},{"type":"Feature","properties":{"codigo":1007400685},"geometry":{"type":"Polygon","coordinates":[[[-78.42722,0.58583],[-78.38861,0.56806],[-78.36806,0.51611],[-78.34917,0.50833],[-78.33917,0.48444],[-78.32722,0.47833],[-78.33222,0.44861],[-78.34528,0.42639],[-78.33889,0.41861],[-78.34917,0.40889],[-78.34222,0.39139],[-78.34917,0.37833],[-78.34583,0.36639],[-78.35028,0.36083],[-78.39028,0.36972],[-78.43056,0.39083],[-78.43861,0.38528],[-78.46583,0.38917],[-78.51806,0.35306],[-78.48583,0.4175],[-78.48778,0.43194],[-78.46944,0.44889],[-78.47361,0.49],[-78.45833,0.51778],[-78.46639,0.53556],[-78.45389,0.53917],[-78.42722,0.58583]]]}},{"type":"Feature","properties":{"codigo":1007401604},"geometry":{"type":"Polygon","coordinates":[[[-77.66306,0.59583],[-77.64806,0.6],[-77.63833,0.58889],[-77.64167,0.5775],[-77.61528,0.56472],[-77.62306,0.54778],[-77.61083,0.54139],[-77.63222,0.5225],[-77.62667,0.49667],[-77.63389,0.47944],[-77.62528,0.45806],[-77.63083,0.44611],[-77.61778,0.43278],[-77.63389,0.37694],[-77.68583,0.4025],[-77.72083,0.40306],[-77.73556,0.41556],[-77.74417,0.40556],[-77.77306,0.4025],[-77.79639,0.38167],[-77.80278,0.39889],[-77.81361,0.40389],[-77.8075,0.42722],[-77.79417,0.435],[-77.78472,0.46139],[-77.76111,0.47944],[-77.75139,0.50611],[-77.72861,0.53361],[-77.72056,0.53167],[-77.71,0.54917],[-77.67861,0.56139],[-77.66306,0.59583]]]}},{"type":"Feature","properties":{"codigo":1007401617},"geometry":{"type":"Polygon","coordinates":[[[-77.61528,0.56472],[-77.59778,0.56778],[-77.57861,0.54444],[-77.55917,0.53583],[-77.53944,0.5],[-77.54528,0.48056],[-77.52222,0.46083],[-77.53667,0.44389],[-77.54917,0.44222],[-77.56111,0.45361],[-77.5775,0.44389],[-77.58472,0.45889],[-77.59972,0.46333],[-77.62056,0.52667],[-77.61083,0.54111],[-77.62306,0.54778],[-77.61528,0.56472]]]}},{"type":"Feature","properties":{"codigo":1007400740},"geometry":{"type":"Polygon","coordinates":[[[-79.955,0.56306],[-79.96472,0.55333],[-79.95944,0.54361],[-79.96444,0.53694],[-79.98639,0.52806],[-79.99667,0.53972],[-79.99944,0.525],[-80.00806,0.52306],[-80.00778,0.56333],[-79.9875,0.55917],[-79.98389,0.57472],[-79.97389,0.58111],[-79.955,0.56306]]]}},{"type":"Feature","properties":{"codigo":1007400515},"geometry":{"type":"Polygon","coordinates":[[[-79.09194,0.58139],[-79.06889,0.56667],[-79.02972,0.55944],[-79.01694,0.54139],[-79.02444,0.5275],[-79.03944,0.51833],[-79.06556,0.52028],[-79.10278,0.50417],[-79.12111,0.50528],[-79.13778,0.4925],[-79.15556,0.5125],[-79.16694,0.50611],[-79.17056,0.51611],[-79.19389,0.51306],[-79.19444,0.52306],[-79.12778,0.55806],[-79.11806,0.57306],[-79.09194,0.58139]]]}},{"type":"Feature","properties":{"codigo":1007400463},"geometry":{"type":"Polygon","coordinates":[[[-78.08056,0.55806],[-78.08556,0.51056],[-78.10917,0.49944],[-78.11472,0.51528],[-78.09389,0.5225],[-78.09444,0.5425],[-78.08056,0.55806]]]}},{"type":"Feature","properties":{"codigo":1007400464},"geometry":{"type":"Polygon","coordinates":[[[-78.08028,0.5575],[-78.01611,0.61861],[-78.00472,0.61833],[-77.99389,0.59944],[-77.99778,0.57194],[-78.02306,0.54694],[-78.05056,0.53528],[-78.065,0.50667],[-78.06417,0.49056],[-78.09806,0.42694],[-78.11583,0.47611],[-78.10556,0.49972],[-78.08556,0.51056],[-78.08028,0.5575]]]}},{"type":"Feature","properties":{"codigo":1007400460},"geometry":{"type":"Polygon","coordinates":[[[-78.26806,0.55583],[-78.24194,0.55639],[-78.22861,0.56667],[-78.21417,0.55861],[-78.19528,0.57167],[-78.15694,0.53444],[-78.14833,0.53111],[-78.13833,0.5325],[-78.13083,0.53806],[-78.12778,0.53778],[-78.135,0.52139],[-78.18611,0.51667],[-78.21806,0.48028],[-78.24278,0.47806],[-78.25694,0.4675],[-78.28806,0.46278],[-78.3275,0.47778],[-78.33278,0.49972],[-78.32722,0.5175],[-78.26806,0.55583]]]}},{"type":"Feature","properties":{"codigo":1007400741},"geometry":{"type":"Polygon","coordinates":[[[-79.95472,0.56167],[-79.93556,0.55472],[-79.93361,0.54444],[-79.92028,0.5375],[-79.92694,0.50444],[-79.95722,0.49944],[-79.97389,0.5075],[-79.97528,0.52806],[-79.95972,0.54167],[-79.96472,0.55333],[-79.95472,0.56167]]]}},{"type":"Feature","properties":{"codigo":1007400467},"geometry":{"type":"Polygon","coordinates":[[[-77.96583,0.53694],[-77.95139,0.54667],[-77.93917,0.57389],[-77.9175,0.58361],[-77.91667,0.59944],[-77.89667,0.59639],[-77.83056,0.53806],[-77.83056,0.52389],[-77.82306,0.5125],[-77.80972,0.51111],[-77.7825,0.45306],[-77.8075,0.42694],[-77.82722,0.43778],[-77.8625,0.435],[-77.89083,0.44944],[-77.91972,0.45139],[-77.93833,0.42806],[-77.94722,0.43917],[-77.93861,0.46444],[-77.95111,0.48],[-77.96583,0.48278],[-77.96583,0.53694]]]}},{"type":"Feature","properties":{"codigo":1007400461},"geometry":{"type":"Polygon","coordinates":[[[-78.12778,0.53778],[-78.11306,0.53472],[-78.09444,0.5425],[-78.09361,0.52306],[-78.14778,0.50639],[-78.17528,0.51694],[-78.18028,0.50306],[-78.19167,0.50639],[-78.17694,0.52],[-78.135,0.52139],[-78.12778,0.53778]]]}},{"type":"Feature","properties":{"codigo":1007400683},"geometry":{"type":"Polygon","coordinates":[[[-78.49778,0.54556],[-78.46528,0.53278],[-78.45833,0.51778],[-78.47361,0.49],[-78.47111,0.44389],[-78.48778,0.43194],[-78.49222,0.40222],[-78.52806,0.34556],[-78.53333,0.34889],[-78.52833,0.36972],[-78.56222,0.37889],[-78.57583,0.4],[-78.61306,0.41611],[-78.61472,0.42944],[-78.60694,0.45278],[-78.59222,0.46806],[-78.56028,0.4825],[-78.55472,0.51611],[-78.51944,0.52806],[-78.49778,0.54556]]]}},{"type":"Feature","properties":{"codigo":1007400578},"geometry":{"type":"Polygon","coordinates":[[[-79.30306,0.52583],[-79.29083,0.55833],[-79.27667,0.55833],[-79.27056,0.58083],[-79.24583,0.59222],[-79.22583,0.5625],[-79.23167,0.54583],[-79.22417,0.52333],[-79.21361,0.51528],[-79.19417,0.52083],[-79.19611,0.50306],[-79.20972,0.49139],[-79.20861,0.48056],[-79.19833,0.47611],[-79.20028,0.46667],[-79.24083,0.4625],[-79.25389,0.47778],[-79.27639,0.46889],[-79.27806,0.47639],[-79.26472,0.48917],[-79.26722,0.49889],[-79.28083,0.49944],[-79.28722,0.51889],[-79.30306,0.52583]]]}},{"type":"Feature","properties":{"codigo":1007400744},"geometry":{"type":"Polygon","coordinates":[[[-80.00333,0.52],[-79.99417,0.54028],[-79.98778,0.52861],[-79.97222,0.53056],[-79.97194,0.505],[-79.95722,0.49944],[-79.92694,0.50444],[-79.92,0.48417],[-79.9075,0.4725],[-79.88694,0.47472],[-79.87556,0.45333],[-79.86361,0.44944],[-79.86111,0.43528],[-79.89028,0.4275],[-79.89583,0.41889],[-79.91,0.42583],[-79.93917,0.41139],[-79.93889,0.42306],[-79.95028,0.4225],[-79.96556,0.44389],[-79.96389,0.45861],[-79.99639,0.48722],[-79.99583,0.51028],[-80.00333,0.52]]]}},{"type":"Feature","properties":{"codigo":1007400743},"geometry":{"type":"Polygon","coordinates":[[[-79.93472,0.5475],[-79.90917,0.54972],[-79.91083,0.56528],[-79.89528,0.5625],[-79.85528,0.52389],[-79.84083,0.53222],[-79.81194,0.5175],[-79.81528,0.50806],[-79.80667,0.50361],[-79.80028,0.48],[-79.80694,0.465],[-79.79722,0.45361],[-79.78944,0.45583],[-79.77944,0.43083],[-79.79667,0.38778],[-79.83333,0.40083],[-79.83444,0.41278],[-79.86111,0.42889],[-79.86361,0.44944],[-79.87556,0.45333],[-79.88694,0.47472],[-79.9075,0.4725],[-79.92,0.48417],[-79.92694,0.50417],[-79.92028,0.5375],[-79.93472,0.5475]]]}},{"type":"Feature","properties":{"codigo":1007400581},"geometry":{"type":"Polygon","coordinates":[[[-79.1925,0.51056],[-79.17056,0.51611],[-79.1625,0.50611],[-79.15556,0.5125],[-79.13778,0.4925],[-79.12111,0.50528],[-79.10278,0.50417],[-79.06556,0.52028],[-79.03944,0.51833],[-79.00472,0.54278],[-78.99833,0.52833],[-78.98528,0.52583],[-78.97917,0.50806],[-78.94722,0.49028],[-78.93722,0.44],[-78.90417,0.40528],[-78.94722,0.38111],[-79.02083,0.38778],[-79.01917,0.40611],[-79.03556,0.42333],[-79.035,0.44694],[-79.07417,0.44944],[-79.08083,0.44],[-79.11583,0.43583],[-79.12472,0.45056],[-79.13833,0.45333],[-79.13694,0.46917],[-79.15889,0.47694],[-79.165,0.49611],[-79.18139,0.49806],[-79.1925,0.51056]]]}},{"type":"Feature","properties":{"codigo":1007400462},"geometry":{"type":"Polygon","coordinates":[[[-78.19194,0.5075],[-78.18028,0.50306],[-78.17528,0.51694],[-78.14861,0.50639],[-78.115,0.51694],[-78.10917,0.50194],[-78.12389,0.48444],[-78.12111,0.46417],[-78.16889,0.42889],[-78.19167,0.42611],[-78.21556,0.40722],[-78.24778,0.41],[-78.25583,0.43944],[-78.2675,0.44333],[-78.28028,0.46361],[-78.21806,0.48028],[-78.19194,0.5075]]]}},{"type":"Feature","properties":{"codigo":1007400477},"geometry":{"type":"Polygon","coordinates":[[[-78.10972,0.50139],[-78.10528,0.49472],[-78.11583,0.47556],[-78.095,0.42639],[-78.09722,0.41056],[-78.1175,0.40667],[-78.12972,0.39444],[-78.15056,0.40472],[-78.17889,0.39889],[-78.19361,0.42361],[-78.16889,0.42889],[-78.12333,0.46056],[-78.12389,0.48444],[-78.10972,0.50139]]]}},{"type":"Feature","properties":{"codigo":1007400545},"geometry":{"type":"Polygon","coordinates":[[[-78.74417,0.49361],[-78.73083,0.5],[-78.69528,0.48861],[-78.70806,0.4525],[-78.70056,0.39528],[-78.71917,0.40333],[-78.74917,0.40139],[-78.75444,0.40778],[-78.79694,0.40472],[-78.79889,0.41944],[-78.77611,0.44111],[-78.74417,0.49361]]]}},{"type":"Feature","properties":{"codigo":1007400579},"geometry":{"type":"Polygon","coordinates":[[[-79.1925,0.51056],[-79.18139,0.49806],[-79.165,0.49611],[-79.15806,0.48306],[-79.16778,0.47194],[-79.15722,0.4575],[-79.16083,0.44972],[-79.17083,0.45333],[-79.16917,0.4375],[-79.17917,0.4225],[-79.16917,0.41778],[-79.17222,0.38722],[-79.15944,0.35333],[-79.17444,0.34778],[-79.22639,0.38083],[-79.22694,0.39417],[-79.24139,0.385],[-79.24,0.41139],[-79.25167,0.4225],[-79.25222,0.45167],[-79.24389,0.465],[-79.20028,0.46667],[-79.19833,0.47611],[-79.20861,0.48056],[-79.20972,0.49139],[-79.1925,0.51056]]]}},{"type":"Feature","properties":{"codigo":1007400577},"geometry":{"type":"Polygon","coordinates":[[[-79.38389,0.485],[-79.33861,0.48806],[-79.32722,0.48667],[-79.32278,0.47778],[-79.30083,0.48694],[-79.29694,0.49889],[-79.26889,0.50111],[-79.26472,0.48917],[-79.27806,0.47639],[-79.27639,0.46889],[-79.25389,0.47778],[-79.24361,0.46472],[-79.25306,0.44111],[-79.25167,0.4225],[-79.23972,0.41028],[-79.24417,0.38778],[-79.22694,0.39417],[-79.22639,0.38083],[-79.175,0.34778],[-79.15083,0.35306],[-79.15389,0.34556],[-79.13944,0.32611],[-79.20194,0.33917],[-79.205,0.34722],[-79.22167,0.34528],[-79.24556,0.35944],[-79.25833,0.35556],[-79.26722,0.37222],[-79.27583,0.36722],[-79.29,0.37361],[-79.30194,0.36444],[-79.30111,0.38056],[-79.30778,0.38361],[-79.30111,0.39139],[-79.31278,0.40083],[-79.31278,0.41694],[-79.33139,0.41583],[-79.3375,0.44472],[-79.35389,0.44639],[-79.35361,0.45583],[-79.38167,0.47222],[-79.38389,0.485]]]}},{"type":"Feature","properties":{"codigo":1007400584},"geometry":{"type":"Polygon","coordinates":[[[-79.40639,0.47667],[-79.40083,0.48944],[-79.38111,0.485],[-79.38167,0.47222],[-79.35361,0.45583],[-79.35389,0.44639],[-79.3375,0.44472],[-79.33639,0.42194],[-79.32417,0.41167],[-79.31583,0.42056],[-79.31222,0.39972],[-79.30111,0.39139],[-79.30778,0.38361],[-79.30111,0.38056],[-79.30194,0.36444],[-79.29,0.37361],[-79.27583,0.36722],[-79.26722,0.37222],[-79.25833,0.35556],[-79.24556,0.35944],[-79.23639,0.35028],[-79.24833,0.34611],[-79.24944,0.33667],[-79.27056,0.3475],[-79.28472,0.33917],[-79.28444,0.345],[-79.31083,0.35222],[-79.31417,0.36611],[-79.35306,0.37528],[-79.36056,0.38694],[-79.355,0.39583],[-79.38833,0.40861],[-79.37944,0.4225],[-79.38111,0.43861],[-79.38833,0.45167],[-79.395,0.44889],[-79.40639,0.47667]]]}},{"type":"Feature","properties":{"codigo":1007400466},"geometry":{"type":"Polygon","coordinates":[[[-78.07194,0.47583],[-78.02528,0.51528],[-77.97889,0.53833],[-77.96583,0.53778],[-77.96583,0.48278],[-77.95111,0.48],[-77.93861,0.46444],[-77.9475,0.43028],[-77.93806,0.41722],[-77.9525,0.40028],[-77.98194,0.31861],[-77.99278,0.3075],[-78.00361,0.30806],[-78.01028,0.29444],[-78.03417,0.28833],[-78.05333,0.30667],[-78.07222,0.3725],[-78.0975,0.40806],[-78.09778,0.43472],[-78.085,0.44389],[-78.07194,0.47583]]]}},{"type":"Feature","properties":{"codigo":1007400546},"geometry":{"type":"Polygon","coordinates":[[[-78.695,0.4875],[-78.66917,0.47111],[-78.64056,0.48083],[-78.62167,0.4725],[-78.60694,0.45306],[-78.61639,0.41139],[-78.64139,0.39722],[-78.65694,0.37778],[-78.68056,0.37389],[-78.7025,0.38944],[-78.69806,0.40472],[-78.70806,0.4525],[-78.695,0.4875]]]}},{"type":"Feature","properties":{"codigo":1007400586},"geometry":{"type":"Polygon","coordinates":[[[-79.50472,0.51778],[-79.48056,0.51778],[-79.46639,0.4975],[-79.44944,0.49722],[-79.445,0.47833],[-79.43472,0.47472],[-79.42028,0.4475],[-79.4475,0.41028],[-79.46167,0.41028],[-79.46361,0.40278],[-79.47583,0.40917],[-79.48278,0.39944],[-79.48556,0.38722],[-79.47611,0.37583],[-79.47278,0.36389],[-79.47917,0.35722],[-79.47167,0.34222],[-79.48278,0.32694],[-79.50389,0.32806],[-79.5125,0.31528],[-79.54528,0.30333],[-79.58667,0.30833],[-79.60611,0.34778],[-79.60028,0.36361],[-79.62167,0.38917],[-79.62167,0.40333],[-79.58833,0.44444],[-79.59278,0.45972],[-79.57806,0.46778],[-79.52333,0.47083],[-79.51556,0.49417],[-79.50167,0.49861],[-79.50472,0.51778]]]}},{"type":"Feature","properties":{"codigo":1007400585},"geometry":{"type":"Polygon","coordinates":[[[-79.43278,0.46694],[-79.40639,0.47667],[-79.3975,0.45944],[-79.40528,0.44222],[-79.40083,0.42944],[-79.41667,0.43833],[-79.41917,0.45444],[-79.43278,0.46694]]]}},{"type":"Feature","properties":{"codigo":1007400580},"geometry":{"type":"Polygon","coordinates":[[[-79.15889,0.48028],[-79.13556,0.46583],[-79.15,0.45333],[-79.16778,0.47194],[-79.15889,0.48028]]]}},{"type":"Feature","properties":{"codigo":1007400479},"geometry":{"type":"Polygon","coordinates":[[[-78.3275,0.47778],[-78.28139,0.46472],[-78.2675,0.44333],[-78.25583,0.43944],[-78.25083,0.41222],[-78.21444,0.3725],[-78.25167,0.35611],[-78.28111,0.35528],[-78.29278,0.34556],[-78.31139,0.34806],[-78.32528,0.34056],[-78.34389,0.34667],[-78.34917,0.37833],[-78.34222,0.39139],[-78.34917,0.40889],[-78.33889,0.41861],[-78.34528,0.42639],[-78.33222,0.44861],[-78.3275,0.47778]]]}},{"type":"Feature","properties":{"codigo":1007401603},"geometry":{"type":"Polygon","coordinates":[[[-77.62056,0.52694],[-77.6125,0.49306],[-77.59944,0.47583],[-77.59861,0.43972],[-77.58722,0.42889],[-77.58972,0.38917],[-77.58028,0.37944],[-77.59056,0.35028],[-77.63278,0.30889],[-77.64167,0.24333],[-77.66472,0.17639],[-77.67444,0.17528],[-77.69083,0.19111],[-77.6875,0.20417],[-77.70139,0.20861],[-77.71139,0.24083],[-77.75167,0.27194],[-77.76611,0.295],[-77.71611,0.35333],[-77.7,0.35556],[-77.68806,0.36972],[-77.63389,0.37694],[-77.61778,0.43278],[-77.63083,0.44611],[-77.62528,0.45806],[-77.63389,0.47944],[-77.62667,0.49667],[-77.63222,0.5225],[-77.62056,0.52694]]]}},{"type":"Feature","properties":{"codigo":1007400574},"geometry":{"type":"Polygon","coordinates":[[[-79.63667,0.58056],[-79.61861,0.56333],[-79.63278,0.525],[-79.62583,0.51722],[-79.62806,0.4925],[-79.58833,0.44444],[-79.62056,0.40556],[-79.62167,0.38944],[-79.64,0.38306],[-79.65778,0.35278],[-79.70639,0.34333],[-79.72028,0.37],[-79.70722,0.38722],[-79.72167,0.41611],[-79.67389,0.44],[-79.66083,0.51306],[-79.665,0.52694],[-79.63667,0.58056]]]}},{"type":"Feature","properties":{"codigo":1007400583},"geometry":{"type":"Polygon","coordinates":[[[-79.15722,0.4575],[-79.12778,0.42417],[-79.10278,0.37444],[-79.09694,0.37694],[-79.0825,0.33917],[-79.07028,0.33306],[-79.07194,0.31333],[-79.08167,0.32361],[-79.13639,0.3275],[-79.15361,0.345],[-79.15,0.3525],[-79.16111,0.35028],[-79.17222,0.38722],[-79.16917,0.41778],[-79.17917,0.4225],[-79.16917,0.4375],[-79.17083,0.45333],[-79.16083,0.44972],[-79.15722,0.4575]]]}},{"type":"Feature","properties":{"codigo":1007400582},"geometry":{"type":"Polygon","coordinates":[[[-79.15083,0.45333],[-79.13556,0.46556],[-79.13833,0.45333],[-79.12472,0.45056],[-79.11222,0.43472],[-79.10194,0.44222],[-79.08083,0.44],[-79.07417,0.44944],[-79.03917,0.44917],[-79.03222,0.41444],[-79.01917,0.40611],[-79.02083,0.38778],[-78.94361,0.38028],[-78.95944,0.35056],[-78.98389,0.33083],[-79.02694,0.30417],[-79.04111,0.30417],[-79.04306,0.31361],[-79.06694,0.32306],[-79.0825,0.33917],[-79.08778,0.36194],[-79.12222,0.4025],[-79.12778,0.42417],[-79.15083,0.45333]]]}},{"type":"Feature","properties":{"codigo":1007400670},"geometry":{"type":"Polygon","coordinates":[[[-78.85417,0.44583],[-78.82472,0.44583],[-78.815,0.41833],[-78.79917,0.41806],[-78.79667,0.40528],[-78.84306,0.37694],[-78.84667,0.36278],[-78.87306,0.34111],[-78.87389,0.32694],[-78.90306,0.29028],[-78.93361,0.26722],[-78.95028,0.26861],[-78.99333,0.22639],[-79.01639,0.2725],[-78.98639,0.30139],[-78.99222,0.32861],[-78.95944,0.35056],[-78.935,0.39],[-78.88083,0.41667],[-78.85417,0.44583]]]}},{"type":"Feature","properties":{"codigo":1007401611},"geometry":{"type":"Polygon","coordinates":[[[-77.59556,0.45861],[-77.58472,0.45889],[-77.5775,0.44389],[-77.56167,0.45361],[-77.54917,0.44222],[-77.53667,0.44389],[-77.51889,0.465],[-77.50667,0.46778],[-77.47333,0.51667],[-77.46639,0.51972],[-77.45639,0.50722],[-77.45778,0.49472],[-77.44806,0.48278],[-77.47083,0.43528],[-77.45694,0.42583],[-77.45806,0.39583],[-77.43611,0.37722],[-77.42556,0.35639],[-77.42833,0.33806],[-77.41944,0.32139],[-77.42694,0.30556],[-77.44083,0.29972],[-77.43917,0.26083],[-77.45833,0.23528],[-77.47528,0.23639],[-77.49111,0.22722],[-77.50972,0.23111],[-77.50917,0.24667],[-77.49722,0.26111],[-77.50111,0.29861],[-77.53917,0.31472],[-77.54861,0.33472],[-77.57139,0.33111],[-77.59056,0.35028],[-77.58028,0.38],[-77.58972,0.38917],[-77.58722,0.42889],[-77.59861,0.43972],[-77.59556,0.45861]]]}},{"type":"Feature","properties":{"codigo":1007400587},"geometry":{"type":"Polygon","coordinates":[[[-79.42028,0.4475],[-79.39972,0.42694],[-79.42056,0.40111],[-79.40833,0.39194],[-79.40944,0.35417],[-79.40139,0.34861],[-79.40167,0.33306],[-79.41639,0.3125],[-79.43222,0.32333],[-79.44778,0.32167],[-79.44667,0.33972],[-79.46111,0.33333],[-79.47639,0.34667],[-79.47917,0.35889],[-79.47278,0.36472],[-79.48556,0.38722],[-79.47583,0.40917],[-79.46361,0.40278],[-79.46167,0.41028],[-79.4475,0.41028],[-79.42028,0.4475]]]}},{"type":"Feature","properties":{"codigo":1007400668},"geometry":{"type":"Polygon","coordinates":[[[-79.40083,0.42361],[-79.39722,0.45694],[-79.38111,0.43861],[-79.385,0.40417],[-79.37833,0.40889],[-79.36056,0.40083],[-79.35361,0.39361],[-79.36056,0.38778],[-79.35528,0.37694],[-79.32333,0.36333],[-79.31417,0.36611],[-79.31083,0.35222],[-79.28444,0.345],[-79.28472,0.33917],[-79.27056,0.3475],[-79.24944,0.33667],[-79.24833,0.34611],[-79.23472,0.35139],[-79.14639,0.32833],[-79.14889,0.30639],[-79.13722,0.275],[-79.15028,0.27583],[-79.15917,0.29722],[-79.17222,0.29667],[-79.19611,0.31306],[-79.20194,0.30194],[-79.21583,0.31361],[-79.24667,0.30361],[-79.26972,0.30889],[-79.2825,0.32944],[-79.29278,0.33278],[-79.32833,0.31361],[-79.33333,0.30139],[-79.36,0.31861],[-79.39083,0.31861],[-79.40944,0.35417],[-79.40833,0.39194],[-79.42056,0.39833],[-79.40083,0.42361]]]}},{"type":"Feature","properties":{"codigo":1007400472},"geometry":{"type":"Polygon","coordinates":[[[-77.94667,0.43306],[-77.9375,0.42806],[-77.92278,0.45139],[-77.83583,0.435],[-77.85167,0.42194],[-77.87194,0.42972],[-77.90889,0.42167],[-77.91306,0.40528],[-77.95472,0.38583],[-77.93806,0.41722],[-77.94667,0.43306]]]}},{"type":"Feature","properties":{"codigo":1007400473},"geometry":{"type":"Polygon","coordinates":[[[-77.85167,0.42194],[-77.82722,0.43778],[-77.80417,0.42306],[-77.81361,0.40389],[-77.80278,0.39889],[-77.79722,0.36889],[-77.81306,0.35722],[-77.82444,0.325],[-77.85861,0.29944],[-77.8675,0.35167],[-77.89889,0.37167],[-77.92278,0.40083],[-77.91083,0.40778],[-77.90889,0.42167],[-77.87194,0.42972],[-77.85167,0.42194]]]}},{"type":"Feature","properties":{"codigo":1007400796},"geometry":{"type":"Polygon","coordinates":[[[-79.8975,0.41889],[-79.86028,0.43639],[-79.85917,0.42694],[-79.84778,0.42639],[-79.84861,0.41944],[-79.83444,0.41278],[-79.83333,0.40083],[-79.81167,0.3975],[-79.80806,0.38694],[-79.82667,0.34694],[-79.81806,0.33778],[-79.80972,0.34111],[-79.80806,0.32972],[-79.80056,0.33222],[-79.80694,0.31056],[-79.79306,0.30278],[-79.81222,0.26417],[-79.83444,0.25278],[-79.84139,0.25833],[-79.88278,0.25611],[-79.90278,0.26806],[-79.925,0.25444],[-79.94806,0.27639],[-79.94917,0.28806],[-79.92917,0.32583],[-79.91278,0.33583],[-79.92306,0.34972],[-79.91278,0.35444],[-79.91667,0.38306],[-79.8975,0.40028],[-79.8975,0.41889]]]}},{"type":"Feature","properties":{"codigo":1007400478},"geometry":{"type":"Polygon","coordinates":[[[-78.24583,0.41028],[-78.21917,0.40639],[-78.19306,0.42056],[-78.17889,0.39889],[-78.13444,0.40083],[-78.18861,0.32528],[-78.18222,0.26],[-78.19417,0.27722],[-78.2025,0.35083],[-78.21167,0.35472],[-78.20778,0.36611],[-78.24583,0.41028]]]}},{"type":"Feature","properties":{"codigo":1007400673},"geometry":{"type":"Polygon","coordinates":[[[-78.79694,0.40528],[-78.77528,0.40556],[-78.7675,0.39583],[-78.785,0.37861],[-78.80056,0.33944],[-78.845,0.30972],[-78.89667,0.22694],[-78.92194,0.22028],[-78.93306,0.23111],[-78.89611,0.30583],[-78.87389,0.32694],[-78.87306,0.34111],[-78.84667,0.36278],[-78.84306,0.37694],[-78.79694,0.40528]]]}},{"type":"Feature","properties":{"codigo":1007400675},"geometry":{"type":"Polygon","coordinates":[[[-78.77167,0.40222],[-78.76556,0.40806],[-78.74611,0.40083],[-78.71778,0.40306],[-78.67972,0.37],[-78.68722,0.35361],[-78.72528,0.31917],[-78.75444,0.25028],[-78.77389,0.24194],[-78.78056,0.25889],[-78.77694,0.28583],[-78.80667,0.30194],[-78.80667,0.31972],[-78.785,0.37861],[-78.7675,0.39583],[-78.77167,0.40222]]]}},{"type":"Feature","properties":{"codigo":1007400483},"geometry":{"type":"Polygon","coordinates":[[[-78.13444,0.40056],[-78.125,0.39528],[-78.10722,0.41083],[-78.09056,0.40278],[-78.06861,0.36417],[-78.065,0.33],[-78.03389,0.28833],[-78.0375,0.27667],[-78.02694,0.26778],[-78.03389,0.23694],[-78.03083,0.18278],[-78.04722,0.15389],[-78.14722,0.15194],[-78.13583,0.19639],[-78.125,0.19833],[-78.12917,0.22583],[-78.18278,0.25722],[-78.18889,0.32444],[-78.13444,0.40056]]]}},{"type":"Feature","properties":{"codigo":1007400621},"geometry":{"type":"Polygon","coordinates":[[[-79.80806,0.38778],[-79.72028,0.37278],[-79.70639,0.34472],[-79.7225,0.32],[-79.71861,0.29194],[-79.69611,0.28917],[-79.68667,0.27444],[-79.67333,0.27611],[-79.65111,0.24806],[-79.65667,0.22944],[-79.64611,0.22472],[-79.64306,0.20722],[-79.68722,0.17861],[-79.68889,0.16472],[-79.705,0.16222],[-79.72667,0.18944],[-79.75,0.18639],[-79.75694,0.20306],[-79.77056,0.20778],[-79.79333,0.17028],[-79.8125,0.16722],[-79.81611,0.14861],[-79.82833,0.14806],[-79.83056,0.16056],[-79.84278,0.16028],[-79.845,0.16861],[-79.82194,0.18306],[-79.79861,0.21167],[-79.79667,0.23583],[-79.81583,0.26111],[-79.79306,0.30306],[-79.80694,0.31056],[-79.80056,0.33222],[-79.80806,0.32972],[-79.80972,0.34111],[-79.81806,0.33778],[-79.82667,0.34694],[-79.80806,0.38778]]]}},{"type":"Feature","properties":{"codigo":1007400474},"geometry":{"type":"Polygon","coordinates":[[[-77.95472,0.38611],[-77.92222,0.40056],[-77.89889,0.37167],[-77.8675,0.35167],[-77.86778,0.33389],[-77.89389,0.33222],[-77.9075,0.34111],[-77.92306,0.33278],[-77.94611,0.33972],[-77.97806,0.26972],[-78.00056,0.24917],[-78.02889,0.2475],[-78.03417,0.28806],[-78.00417,0.29778],[-78.00361,0.30806],[-77.99278,0.3075],[-77.98194,0.31861],[-77.95472,0.38611]]]}},{"type":"Feature","properties":{"codigo":1007400682},"geometry":{"type":"Polygon","coordinates":[[[-78.66,0.37722],[-78.61361,0.41639],[-78.58694,0.40806],[-78.56694,0.39333],[-78.56222,0.37889],[-78.52778,0.36917],[-78.53333,0.34889],[-78.50972,0.33194],[-78.49833,0.29806],[-78.46722,0.27694],[-78.46667,0.25361],[-78.47667,0.24694],[-78.49694,0.26361],[-78.50722,0.25444],[-78.53194,0.26667],[-78.54639,0.25472],[-78.57444,0.25306],[-78.59111,0.22806],[-78.62444,0.2175],[-78.63361,0.22722],[-78.61417,0.25889],[-78.63167,0.28556],[-78.635,0.30694],[-78.65583,0.33194],[-78.66,0.37722]]]}},{"type":"Feature","properties":{"codigo":1007401605},"geometry":{"type":"Polygon","coordinates":[[[-77.79583,0.38167],[-77.77306,0.4025],[-77.74417,0.40556],[-77.73556,0.41556],[-77.72083,0.40306],[-77.68583,0.4025],[-77.63944,0.37333],[-77.68806,0.36972],[-77.69583,0.35806],[-77.72972,0.34278],[-77.75944,0.30361],[-77.79722,0.3175],[-77.82306,0.31472],[-77.82556,0.33278],[-77.81306,0.35722],[-77.79722,0.36889],[-77.79583,0.38167]]]}},{"type":"Feature","properties":{"codigo":1007400678},"geometry":{"type":"Polygon","coordinates":[[[-78.68028,0.37389],[-78.66,0.3775],[-78.65583,0.33194],[-78.635,0.30694],[-78.61944,0.26833],[-78.65944,0.24333],[-78.69083,0.24083],[-78.71778,0.21972],[-78.70528,0.27083],[-78.69444,0.28667],[-78.69722,0.31],[-78.68028,0.37389]]]}},{"type":"Feature","properties":{"codigo":1007401379},"geometry":{"type":"Polygon","coordinates":[[[-77.13333,0.37833],[-77.1425,0.39806],[-77.13611,0.42417],[-77.12694,0.42333],[-77.11444,0.36639],[-77.13806,0.36222],[-77.15028,0.34611],[-77.18528,0.35639],[-77.16889,0.37],[-77.13889,0.365],[-77.13333,0.37833]]]}},{"type":"Feature","properties":{"codigo":1007400480},"geometry":{"type":"Polygon","coordinates":[[[-78.35083,0.36139],[-78.34389,0.34667],[-78.32361,0.34056],[-78.31139,0.34806],[-78.29111,0.34611],[-78.28111,0.35528],[-78.25167,0.35611],[-78.21417,0.3725],[-78.20778,0.36611],[-78.21167,0.35472],[-78.2025,0.35083],[-78.19417,0.27722],[-78.18139,0.25528],[-78.30056,0.25361],[-78.36111,0.28611],[-78.37889,0.30139],[-78.37944,0.3175],[-78.35083,0.36139]]]}},{"type":"Feature","properties":{"codigo":1007401385},"geometry":{"type":"Polygon","coordinates":[[[-77.15028,0.37917],[-77.13111,0.37417],[-77.13889,0.365],[-77.16889,0.37],[-77.20444,0.34528],[-77.17806,0.37944],[-77.17722,0.39667],[-77.16444,0.39639],[-77.15028,0.37917]]]}},{"type":"Feature","properties":{"codigo":1007400686},"geometry":{"type":"Polygon","coordinates":[[[-78.51528,0.35444],[-78.46583,0.38917],[-78.43861,0.38528],[-78.43056,0.39083],[-78.39028,0.36972],[-78.35083,0.36306],[-78.36972,0.33194],[-78.38944,0.3225],[-78.39333,0.29889],[-78.41778,0.26972],[-78.41722,0.25528],[-78.43833,0.23694],[-78.45056,0.23583],[-78.46667,0.25278],[-78.46722,0.27694],[-78.49833,0.29806],[-78.50944,0.31722],[-78.50806,0.34694],[-78.51528,0.35444]]]}},{"type":"Feature","properties":{"codigo":1007400684},"geometry":{"type":"Polygon","coordinates":[[[-78.51917,0.35667],[-78.50861,0.34861],[-78.50889,0.33083],[-78.52778,0.34528],[-78.51917,0.35667]]]}},{"type":"Feature","properties":{"codigo":1007401309},"geometry":{"type":"Polygon","coordinates":[[[-76.35861,0.34944],[-76.39139,0.36167],[-76.40806,0.35333],[-76.4125,0.365],[-76.40389,0.39667],[-76.42,0.41611],[-76.40889,0.4275],[-76.39667,0.42806],[-76.38778,0.44222],[-76.40667,0.44944],[-76.40917,0.46139],[-76.39639,0.46056],[-76.39667,0.46917],[-76.38,0.46472],[-76.37389,0.47778],[-76.36639,0.47083],[-76.35861,0.48278],[-76.34833,0.47694],[-76.33556,0.48167],[-76.33917,0.51056],[-76.34833,0.52278],[-76.345,0.53],[-76.33028,0.51],[-76.28444,0.5025],[-76.27889,0.48556],[-76.28472,0.46944],[-76.25139,0.46333],[-76.24556,0.44556],[-76.25083,0.43556],[-76.24389,0.42972],[-76.25,0.42222],[-76.21889,0.40694],[-76.21028,0.39361],[-76.22639,0.37694],[-76.26278,0.36139],[-76.29056,0.36917],[-76.28778,0.35278],[-76.30806,0.34583],[-76.3225,0.35778],[-76.32972,0.34472],[-76.33472,0.35583],[-76.34972,0.3575],[-76.35861,0.34944]]]}},{"type":"Feature","properties":{"codigo":1007400592},"geometry":{"type":"Polygon","coordinates":[[[-79.68333,0.34694],[-79.65778,0.35278],[-79.64,0.38306],[-79.62167,0.38944],[-79.60028,0.36361],[-79.60611,0.34778],[-79.58778,0.30944],[-79.55028,0.3075],[-79.53972,0.29944],[-79.53528,0.25556],[-79.56,0.25333],[-79.58083,0.27694],[-79.60639,0.27194],[-79.61778,0.28],[-79.62778,0.27694],[-79.64194,0.31278],[-79.67917,0.33694],[-79.68333,0.34694]]]}},{"type":"Feature","properties":{"codigo":1007401377},"geometry":{"type":"Polygon","coordinates":[[[-77.18528,0.35667],[-77.15028,0.34611],[-77.13806,0.36222],[-77.10222,0.37472],[-77.08583,0.35722],[-77.09083,0.34833],[-77.06778,0.30806],[-77.08167,0.30389],[-77.07583,0.29],[-77.0875,0.29861],[-77.10167,0.29389],[-77.10417,0.30722],[-77.11528,0.31306],[-77.16278,0.30694],[-77.16278,0.31639],[-77.17417,0.32],[-77.19528,0.31167],[-77.21111,0.34333],[-77.19806,0.34389],[-77.18528,0.35667]]]}},{"type":"Feature","properties":{"codigo":1007401358},"geometry":{"type":"Polygon","coordinates":[[[-76.37944,0.35444],[-76.35861,0.34944],[-76.34972,0.3575],[-76.33472,0.35583],[-76.32972,0.34472],[-76.3225,0.35778],[-76.30806,0.34583],[-76.28778,0.35278],[-76.29056,0.36917],[-76.26278,0.36139],[-76.22639,0.37667],[-76.2325,0.37083],[-76.21111,0.33694],[-76.2125,0.31222],[-76.22333,0.29667],[-76.23333,0.29778],[-76.24722,0.28111],[-76.26083,0.27833],[-76.26222,0.28472],[-76.27278,0.27],[-76.28111,0.27889],[-76.29694,0.27139],[-76.30917,0.275],[-76.33444,0.29361],[-76.35667,0.28694],[-76.36028,0.30306],[-76.39889,0.28778],[-76.40889,0.30083],[-76.3925,0.31417],[-76.39361,0.33722],[-76.3775,0.34889],[-76.37944,0.35444]]]}},{"type":"Feature","properties":{"codigo":1007400593},"geometry":{"type":"Polygon","coordinates":[[[-79.70639,0.34333],[-79.68417,0.34806],[-79.67917,0.33694],[-79.65111,0.32139],[-79.62778,0.27694],[-79.61778,0.28],[-79.60694,0.27194],[-79.58083,0.27694],[-79.56,0.25333],[-79.53306,0.25556],[-79.53111,0.24083],[-79.5475,0.22861],[-79.54278,0.22056],[-79.57472,0.19806],[-79.59444,0.14889],[-79.61083,0.14917],[-79.61,0.16361],[-79.62583,0.16722],[-79.63472,0.17972],[-79.64611,0.22472],[-79.65667,0.22944],[-79.65028,0.24611],[-79.66444,0.26889],[-79.675,0.27694],[-79.68667,0.27444],[-79.69611,0.28917],[-79.71861,0.29194],[-79.7225,0.32],[-79.70639,0.34333]]]}},{"type":"Feature","properties":{"codigo":1007400588},"geometry":{"type":"Polygon","coordinates":[[[-79.47167,0.34194],[-79.46722,0.33778],[-79.47639,0.32917],[-79.47417,0.3125],[-79.45944,0.31139],[-79.46806,0.295],[-79.48472,0.29],[-79.495,0.30083],[-79.52611,0.27583],[-79.54083,0.27861],[-79.54111,0.30917],[-79.5125,0.31528],[-79.50389,0.32806],[-79.48556,0.32472],[-79.47167,0.34194]]]}},{"type":"Feature","properties":{"codigo":1007401390},"geometry":{"type":"Polygon","coordinates":[[[-77.42667,0.35806],[-77.38778,0.36444],[-77.37472,0.35972],[-77.37139,0.34528],[-77.35917,0.35278],[-77.33417,0.35],[-77.31167,0.33639],[-77.31028,0.32194],[-77.28444,0.30333],[-77.28111,0.29083],[-77.22917,0.27944],[-77.23028,0.26667],[-77.21944,0.25778],[-77.21667,0.24194],[-77.19528,0.24],[-77.19,0.22472],[-77.23639,0.22444],[-77.2525,0.23861],[-77.27417,0.24083],[-77.27722,0.25667],[-77.29,0.25056],[-77.31139,0.26722],[-77.34167,0.25167],[-77.35278,0.25222],[-77.35722,0.26306],[-77.37556,0.2625],[-77.38278,0.28167],[-77.41194,0.28333],[-77.40861,0.30444],[-77.42833,0.33806],[-77.42667,0.35806]]]}},{"type":"Feature","properties":{"codigo":1007400476},"geometry":{"type":"Polygon","coordinates":[[[-77.93222,0.33528],[-77.92028,0.33278],[-77.90639,0.34111],[-77.89389,0.33222],[-77.86833,0.33333],[-77.85889,0.29972],[-77.84694,0.29639],[-77.84556,0.27917],[-77.82917,0.27417],[-77.84806,0.25889],[-77.84972,0.24028],[-77.86611,0.23194],[-77.87056,0.20833],[-77.88611,0.2],[-77.90833,0.20583],[-77.93028,0.19889],[-77.95389,0.23722],[-77.9275,0.27861],[-77.93694,0.32778],[-77.93222,0.33528]]]}},{"type":"Feature","properties":{"codigo":1007401392},"geometry":{"type":"Polygon","coordinates":[[[-77.31028,0.32194],[-77.30389,0.35222],[-77.29444,0.34361],[-77.29,0.35222],[-77.28028,0.35028],[-77.2675,0.33083],[-77.24139,0.32667],[-77.21111,0.34333],[-77.19528,0.31167],[-77.17083,0.31972],[-77.16278,0.31639],[-77.16278,0.30694],[-77.15194,0.30722],[-77.15278,0.30083],[-77.17694,0.27556],[-77.22111,0.27389],[-77.28111,0.29083],[-77.28444,0.30333],[-77.31028,0.32194]]]}},{"type":"Feature","properties":{"codigo":1007400669},"geometry":{"type":"Polygon","coordinates":[[[-79.14694,0.3175],[-79.13167,0.33056],[-79.12389,0.32333],[-79.09278,0.32556],[-79.07306,0.31306],[-79.06222,0.32583],[-79.04306,0.31361],[-79.04111,0.30417],[-79.02694,0.30417],[-78.995,0.32639],[-78.98639,0.31889],[-78.98639,0.30139],[-79.0025,0.28389],[-79.0175,0.27028],[-79.03361,0.26889],[-79.02361,0.24361],[-79.03278,0.23861],[-79.02694,0.22333],[-79.03833,0.17806],[-79.02472,0.12806],[-79.03861,0.14444],[-79.04917,0.1775],[-79.0725,0.20472],[-79.09639,0.21472],[-79.11417,0.24],[-79.12028,0.3],[-79.12972,0.31472],[-79.14694,0.3175]]]}},{"type":"Feature","properties":{"codigo":1007401359},"geometry":{"type":"Polygon","coordinates":[[[-76.21083,0.33056],[-76.20111,0.34028],[-76.18639,0.34],[-76.18833,0.35556],[-76.17472,0.36389],[-76.15111,0.36556],[-76.11778,0.31917],[-76.13556,0.30583],[-76.11806,0.30139],[-76.11917,0.27444],[-76.14194,0.26778],[-76.15222,0.25222],[-76.17917,0.23694],[-76.21361,0.23472],[-76.22083,0.26111],[-76.24528,0.26194],[-76.26667,0.2775],[-76.26222,0.28472],[-76.26083,0.27833],[-76.24722,0.28111],[-76.23333,0.29778],[-76.21778,0.30167],[-76.21083,0.33056]]]}},{"type":"Feature","properties":{"codigo":1007400627},"geometry":{"type":"Polygon","coordinates":[[[-79.46722,0.33778],[-79.46,0.33333],[-79.44667,0.33972],[-79.44778,0.32167],[-79.43222,0.32333],[-79.41667,0.3125],[-79.40028,0.33389],[-79.39083,0.31861],[-79.36,0.31861],[-79.33361,0.30722],[-79.33389,0.30139],[-79.32833,0.31361],[-79.29278,0.33278],[-79.25944,0.305],[-79.28083,0.30306],[-79.28389,0.29056],[-79.30444,0.29333],[-79.34639,0.26278],[-79.34861,0.24722],[-79.36361,0.23389],[-79.35889,0.21917],[-79.37278,0.21083],[-79.36778,0.20194],[-79.38472,0.17694],[-79.385,0.16417],[-79.39667,0.15917],[-79.39361,0.14917],[-79.40639,0.14528],[-79.395,0.18389],[-79.415,0.22194],[-79.41167,0.23806],[-79.44417,0.25389],[-79.44306,0.2725],[-79.46611,0.28639],[-79.46833,0.29833],[-79.45944,0.31139],[-79.47417,0.3125],[-79.47639,0.32861],[-79.46722,0.33778]]]}},{"type":"Feature","properties":{"codigo":1007401608},"geometry":{"type":"Polygon","coordinates":[[[-77.82417,0.32556],[-77.81944,0.31167],[-77.79722,0.3175],[-77.75944,0.30389],[-77.76611,0.29417],[-77.7575,0.27889],[-77.72333,0.24417],[-77.71139,0.24083],[-77.69972,0.21167],[-77.7225,0.20556],[-77.7575,0.235],[-77.79167,0.23056],[-77.81222,0.24139],[-77.81861,0.265],[-77.84556,0.27917],[-77.8525,0.30056],[-77.82417,0.32556]]]}},{"type":"Feature","properties":{"codigo":1007401388},"geometry":{"type":"Polygon","coordinates":[[[-77.15194,0.30722],[-77.11528,0.31306],[-77.10417,0.30722],[-77.10167,0.29389],[-77.0875,0.29861],[-77.08139,0.29139],[-77.09833,0.27306],[-77.11472,0.26889],[-77.12889,0.24639],[-77.15583,0.23833],[-77.13611,0.27194],[-77.15167,0.29222],[-77.15889,0.28972],[-77.15194,0.30722]]]}},{"type":"Feature","properties":{"codigo":1007400589},"geometry":{"type":"Polygon","coordinates":[[[-79.49472,0.28361],[-79.495,0.30083],[-79.48472,0.29],[-79.46833,0.295],[-79.4625,0.28278],[-79.44306,0.2725],[-79.44417,0.25389],[-79.41167,0.23806],[-79.415,0.22194],[-79.4075,0.21806],[-79.39444,0.1725],[-79.40806,0.13944],[-79.42028,0.13167],[-79.4175,0.11917],[-79.43139,0.09417],[-79.45306,0.10417],[-79.45111,0.11667],[-79.46389,0.12417],[-79.46667,0.14417],[-79.48139,0.15583],[-79.47722,0.16278],[-79.48472,0.16528],[-79.49167,0.18583],[-79.49972,0.18806],[-79.49333,0.1925],[-79.49917,0.20333],[-79.48444,0.20361],[-79.49417,0.22056],[-79.49167,0.24722],[-79.4825,0.2525],[-79.48889,0.26806],[-79.48111,0.27722],[-79.49472,0.28361]]]}},{"type":"Feature","properties":{"codigo":1007401301},"geometry":{"type":"Polygon","coordinates":[[[-76.13556,0.30583],[-76.11,0.31917],[-76.10833,0.34389],[-76.10111,0.34472],[-76.09389,0.36417],[-76.08,0.36278],[-76.07694,0.36944],[-76.05722,0.34722],[-76.04167,0.35056],[-76.04278,0.32472],[-76.01444,0.30806],[-76.0125,0.29389],[-76.05333,0.28833],[-76.0725,0.30528],[-76.08556,0.29],[-76.10028,0.29472],[-76.12194,0.2775],[-76.11806,0.30139],[-76.13556,0.30583]]]}},{"type":"Feature","properties":{"codigo":1007400590},"geometry":{"type":"Polygon","coordinates":[[[-79.49556,0.29472],[-79.49333,0.27694],[-79.50278,0.28056],[-79.50611,0.2725],[-79.51917,0.28083],[-79.49556,0.29472]]]}},{"type":"Feature","properties":{"codigo":1007400591},"geometry":{"type":"Polygon","coordinates":[[[-79.51944,0.28222],[-79.5125,0.26694],[-79.52417,0.25167],[-79.52639,0.22806],[-79.53972,0.21722],[-79.54778,0.225],[-79.53111,0.24083],[-79.53778,0.26583],[-79.51944,0.28222]]]}},{"type":"Feature","properties":{"codigo":1007401364},"geometry":{"type":"Polygon","coordinates":[[[-76.73694,0.28806],[-76.7225,0.31194],[-76.70889,0.31667],[-76.68944,0.28028],[-76.65333,0.28472],[-76.65528,0.30056],[-76.63639,0.31556],[-76.62222,0.31194],[-76.59472,0.29056],[-76.60889,0.27694],[-76.59167,0.22583],[-76.60583,0.22],[-76.63833,0.23667],[-76.64611,0.22389],[-76.66778,0.2175],[-76.68389,0.23028],[-76.70806,0.2125],[-76.71111,0.20111],[-76.70306,0.19639],[-76.71639,0.18861],[-76.73278,0.23583],[-76.71833,0.25722],[-76.72528,0.2675],[-76.7375,0.26889],[-76.73694,0.28806]]]}},{"type":"Feature","properties":{"codigo":1007401296},"geometry":{"type":"Polygon","coordinates":[[[-76.12778,0.26694],[-76.10028,0.29472],[-76.08556,0.29],[-76.07139,0.30528],[-76.06694,0.28667],[-76.04222,0.27528],[-76.03028,0.26028],[-76.03722,0.25694],[-76.01611,0.25139],[-76.02556,0.22833],[-75.99528,0.21583],[-75.995,0.20694],[-75.96611,0.19861],[-75.95028,0.17806],[-75.93806,0.18194],[-75.93972,0.17167],[-75.925,0.15972],[-75.92889,0.15167],[-75.905,0.14389],[-75.92111,0.13333],[-75.97917,0.15111],[-75.98333,0.13028],[-75.99194,0.13861],[-76.03667,0.13722],[-76.05222,0.155],[-76.06833,0.14889],[-76.0725,0.15639],[-76.05694,0.17444],[-76.07,0.1775],[-76.06778,0.185],[-76.07778,0.18361],[-76.08639,0.20861],[-76.11556,0.21694],[-76.13139,0.21667],[-76.13944,0.20806],[-76.14722,0.23556],[-76.16056,0.23722],[-76.14444,0.26583],[-76.12778,0.26694]]]}},{"type":"Feature","properties":{"codigo":1007401375},"geometry":{"type":"Polygon","coordinates":[[[-77.04722,0.26722],[-77.02639,0.30222],[-77.04167,0.30722],[-77.03917,0.31111],[-77.05167,0.31667],[-77.05194,0.32028],[-76.99889,0.30861],[-77.00222,0.30111],[-76.98806,0.30139],[-76.99139,0.28444],[-76.97944,0.27306],[-77.01056,0.2625],[-77.01833,0.27278],[-77.02556,0.26306],[-77.02972,0.26833],[-77.04139,0.26],[-77.04722,0.26722]]]}},{"type":"Feature","properties":{"codigo":1007400734},"geometry":{"type":"Polygon","coordinates":[[[-79.12556,0.23361],[-79.14667,0.3175],[-79.12972,0.31472],[-79.12167,0.30306],[-79.11417,0.24],[-79.09639,0.21472],[-79.0725,0.20472],[-79.04917,0.1775],[-79.03083,0.13056],[-78.98722,0.09722],[-78.94278,0.07972],[-78.88222,0.02306],[-78.89556,0.02306],[-78.92472,0.04222],[-78.94944,0.06861],[-78.98556,0.07444],[-79.04361,0.12944],[-79.05667,0.15111],[-79.08944,0.17083],[-79.11389,0.225],[-79.12556,0.23361]]]}},{"type":"Feature","properties":{"codigo":1007400594},"geometry":{"type":"Polygon","coordinates":[[[-79.51472,0.28028],[-79.50611,0.2725],[-79.48944,0.28417],[-79.48111,0.27806],[-79.48889,0.26806],[-79.4825,0.2525],[-79.49167,0.24722],[-79.49417,0.22056],[-79.48444,0.20361],[-79.49917,0.20333],[-79.49472,0.19],[-79.50333,0.19056],[-79.505,0.20639],[-79.51667,0.20583],[-79.53417,0.22194],[-79.5225,0.23639],[-79.52639,0.24528],[-79.5125,0.26694],[-79.51472,0.28028]]]}},{"type":"Feature","properties":{"codigo":1007400667},"geometry":{"type":"Polygon","coordinates":[[[-79.26139,0.30861],[-79.24556,0.30361],[-79.21583,0.31361],[-79.20194,0.30194],[-79.19611,0.31306],[-79.17222,0.29667],[-79.15917,0.29722],[-79.15028,0.27583],[-79.13778,0.27472],[-79.12556,0.23361],[-79.11389,0.225],[-79.08944,0.17083],[-79.05667,0.15111],[-79.04361,0.12944],[-78.98583,0.07472],[-79.05944,0.09361],[-79.11639,0.15306],[-79.15222,0.16944],[-79.16444,0.16722],[-79.19361,0.18083],[-79.24278,0.17361],[-79.25333,0.18333],[-79.2625,0.17778],[-79.295,0.185],[-79.3175,0.19694],[-79.31917,0.21667],[-79.34056,0.23139],[-79.355,0.23083],[-79.34639,0.26278],[-79.33528,0.27333],[-79.30444,0.29333],[-79.28389,0.29056],[-79.28083,0.30306],[-79.2625,0.30167],[-79.26139,0.30861]]]}},{"type":"Feature","properties":{"codigo":1007401389},"geometry":{"type":"Polygon","coordinates":[[[-77.22944,0.27667],[-77.19222,0.27194],[-77.15167,0.29222],[-77.13611,0.27194],[-77.15083,0.24417],[-77.18472,0.21639],[-77.19528,0.24],[-77.21667,0.24194],[-77.22944,0.27667]]]}},{"type":"Feature","properties":{"codigo":1007401362},"geometry":{"type":"Polygon","coordinates":[[[-76.47056,0.27111],[-76.45611,0.27972],[-76.43472,0.27361],[-76.44028,0.28861],[-76.41111,0.28778],[-76.405,0.29583],[-76.39333,0.28694],[-76.37667,0.30083],[-76.36028,0.30306],[-76.35667,0.28694],[-76.33444,0.29361],[-76.29861,0.27139],[-76.28111,0.27889],[-76.27278,0.27528],[-76.27583,0.27028],[-76.26861,0.275],[-76.24778,0.26639],[-76.26111,0.25139],[-76.24889,0.21111],[-76.28028,0.22556],[-76.28583,0.21556],[-76.34361,0.18972],[-76.36639,0.21444],[-76.395,0.2075],[-76.41639,0.22417],[-76.42056,0.2125],[-76.44472,0.20306],[-76.47333,0.21806],[-76.46389,0.22833],[-76.48028,0.23972],[-76.47306,0.24528],[-76.47944,0.25278],[-76.46972,0.25722],[-76.47056,0.27111]]]}},{"type":"Feature","properties":{"codigo":1007401363},"geometry":{"type":"Polygon","coordinates":[[[-76.59556,0.29167],[-76.56778,0.2975],[-76.55611,0.28694],[-76.52028,0.29917],[-76.515,0.28722],[-76.49611,0.28972],[-76.49417,0.27222],[-76.46944,0.27083],[-76.46889,0.26361],[-76.47889,0.25639],[-76.47306,0.24528],[-76.48111,0.23472],[-76.5075,0.22333],[-76.50389,0.20806],[-76.52333,0.2025],[-76.54278,0.17333],[-76.60361,0.14944],[-76.60306,0.15694],[-76.61333,0.15611],[-76.61639,0.16472],[-76.59639,0.17833],[-76.60611,0.19722],[-76.59167,0.21583],[-76.59222,0.23972],[-76.60194,0.24889],[-76.60889,0.27806],[-76.59889,0.27972],[-76.59556,0.29167]]]}},{"type":"Feature","properties":{"codigo":1007401374},"geometry":{"type":"Polygon","coordinates":[[[-76.98667,0.2675],[-76.97556,0.28056],[-76.93556,0.27778],[-76.9325,0.27],[-76.97278,0.23389],[-76.99306,0.24],[-76.9925,0.255],[-76.98306,0.26],[-76.98667,0.2675]]]}},{"type":"Feature","properties":{"codigo":1007401394},"geometry":{"type":"Polygon","coordinates":[[[-77.03806,0.26111],[-77.01833,0.27278],[-77.01056,0.2625],[-76.99361,0.27306],[-76.98306,0.26],[-76.9925,0.255],[-76.99333,0.23972],[-77.015,0.22],[-77.035,0.21389],[-77.04972,0.19444],[-77.07972,0.19],[-77.08972,0.16833],[-77.08194,0.15472],[-77.13944,0.15333],[-77.15111,0.14611],[-77.14917,0.13611],[-77.22306,0.12972],[-77.23111,0.14],[-77.22417,0.17444],[-77.20583,0.16833],[-77.17306,0.19889],[-77.15833,0.195],[-77.14139,0.205],[-77.11667,0.20639],[-77.10722,0.20139],[-77.11056,0.19194],[-77.10194,0.19056],[-77.09889,0.20083],[-77.07861,0.20528],[-77.06639,0.22806],[-77.04472,0.24139],[-77.03806,0.26111]]]}},{"type":"Feature","properties":{"codigo":1007401393},"geometry":{"type":"Polygon","coordinates":[[[-77.03861,0.28472],[-77.04722,0.26694],[-77.03639,0.25167],[-77.07417,0.21972],[-77.07861,0.20528],[-77.09889,0.20083],[-77.10194,0.19056],[-77.11056,0.19194],[-77.10722,0.20139],[-77.11667,0.20639],[-77.14139,0.205],[-77.15833,0.195],[-77.17222,0.19917],[-77.19472,0.18306],[-77.18556,0.21556],[-77.16833,0.23306],[-77.09417,0.26194],[-77.08556,0.27639],[-77.03861,0.28472]]]}},{"type":"Feature","properties":{"codigo":1007400795},"geometry":{"type":"Polygon","coordinates":[[[-79.9475,0.27],[-79.92611,0.25611],[-79.93361,0.24556],[-79.9375,0.26278],[-79.9475,0.27]]]}},{"type":"Feature","properties":{"codigo":1007401366},"geometry":{"type":"Polygon","coordinates":[[[-76.77556,0.22667],[-76.7775,0.27278],[-76.78722,0.275],[-76.79194,0.28639],[-76.80194,0.27528],[-76.81556,0.27556],[-76.84222,0.30472],[-76.83972,0.31861],[-76.8175,0.33583],[-76.79139,0.32028],[-76.785,0.3],[-76.77417,0.30167],[-76.77167,0.28028],[-76.74639,0.27972],[-76.73444,0.28806],[-76.7375,0.26889],[-76.71861,0.25806],[-76.73278,0.23583],[-76.71694,0.18333],[-76.74611,0.17389],[-76.74806,0.14306],[-76.77361,0.14056],[-76.77528,0.15139],[-76.78917,0.15444],[-76.80333,0.18083],[-76.78861,0.2],[-76.78944,0.21639],[-76.77556,0.22667]]]}},{"type":"Feature","properties":{"codigo":1007400797},"geometry":{"type":"Polygon","coordinates":[[[-79.92583,0.255],[-79.90333,0.26806],[-79.88278,0.25611],[-79.85972,0.25917],[-79.85,0.25306],[-79.81333,0.26389],[-79.81361,0.25194],[-79.80583,0.25194],[-79.80583,0.24139],[-79.79667,0.23583],[-79.79861,0.21167],[-79.82194,0.18306],[-79.865,0.15278],[-79.86722,0.16222],[-79.88139,0.16694],[-79.88472,0.18444],[-79.90111,0.19528],[-79.89917,0.2275],[-79.91556,0.23444],[-79.92111,0.24639],[-79.92417,0.23944],[-79.92583,0.255]]]}},{"type":"Feature","properties":{"codigo":1007400481},"geometry":{"type":"Polygon","coordinates":[[[-78.42028,0.25194],[-78.41611,0.27333],[-78.39333,0.29889],[-78.38944,0.3225],[-78.37,0.33167],[-78.37944,0.30528],[-78.36861,0.29083],[-78.30056,0.25361],[-78.27694,0.25806],[-78.27139,0.24806],[-78.29111,0.23972],[-78.3,0.22194],[-78.32417,0.21806],[-78.33417,0.2025],[-78.37278,0.22306],[-78.37944,0.24056],[-78.39472,0.25056],[-78.42028,0.25194]]]}},{"type":"Feature","properties":{"codigo":1007400482},"geometry":{"type":"Polygon","coordinates":[[[-78.27167,0.25194],[-78.2275,0.25917],[-78.20639,0.25028],[-78.18111,0.25528],[-78.13139,0.22972],[-78.125,0.19833],[-78.13583,0.19639],[-78.15333,0.14167],[-78.20194,0.12528],[-78.22417,0.12944],[-78.22972,0.12139],[-78.24611,0.12306],[-78.26056,0.15222],[-78.27139,0.1475],[-78.27528,0.15944],[-78.30556,0.16778],[-78.31056,0.18528],[-78.33083,0.19167],[-78.3325,0.20472],[-78.32417,0.21806],[-78.3,0.22194],[-78.29167,0.23917],[-78.27889,0.24056],[-78.27167,0.25194]]]}},{"type":"Feature","properties":{"codigo":1007400475},"geometry":{"type":"Polygon","coordinates":[[[-78.02889,0.2475],[-77.99444,0.25361],[-77.97806,0.26972],[-77.94694,0.33917],[-77.93222,0.33556],[-77.93694,0.32778],[-77.9275,0.27861],[-77.95389,0.23722],[-77.92556,0.19806],[-77.92417,0.18167],[-77.94139,0.18028],[-77.95528,0.15889],[-77.96556,0.15806],[-77.96667,0.16889],[-78.0025,0.17222],[-78.03111,0.18861],[-78.02889,0.2475]]]}},{"type":"Feature","properties":{"codigo":1007401398},"geometry":{"type":"Polygon","coordinates":[[[-76.8125,0.24611],[-76.79556,0.25778],[-76.77722,0.25444],[-76.77556,0.22667],[-76.78944,0.21639],[-76.78861,0.2],[-76.80361,0.18194],[-76.78917,0.15444],[-76.77528,0.15139],[-76.77361,0.14056],[-76.74139,0.145],[-76.7375,0.1275],[-76.74806,0.11278],[-76.76111,0.11972],[-76.775,0.10972],[-76.79083,0.11583],[-76.8175,0.11111],[-76.83333,0.13917],[-76.85833,0.13306],[-76.86139,0.14944],[-76.88139,0.15639],[-76.88306,0.16139],[-76.86333,0.16278],[-76.85694,0.17056],[-76.83528,0.17194],[-76.83472,0.18639],[-76.815,0.20139],[-76.82056,0.20667],[-76.81056,0.22556],[-76.8125,0.24611]]]}},{"type":"Feature","properties":{"codigo":1007401371},"geometry":{"type":"Polygon","coordinates":[[[-76.82417,0.25222],[-76.80889,0.23667],[-76.82,0.21361],[-76.815,0.20139],[-76.83472,0.18639],[-76.83583,0.17139],[-76.89111,0.16167],[-76.90667,0.14472],[-76.92556,0.15139],[-76.92944,0.15833],[-76.91222,0.175],[-76.91278,0.20556],[-76.89694,0.22083],[-76.86972,0.22],[-76.87111,0.24556],[-76.88917,0.245],[-76.88611,0.26556],[-76.89611,0.27028],[-76.89722,0.28167],[-76.90528,0.27806],[-76.89833,0.29278],[-76.89,0.29139],[-76.885,0.27889],[-76.87417,0.28278],[-76.86306,0.25889],[-76.83556,0.23944],[-76.82222,0.24333],[-76.82417,0.25222]]]}},{"type":"Feature","properties":{"codigo":1007401369},"geometry":{"type":"Polygon","coordinates":[[[-76.83806,0.24361],[-76.83222,0.26083],[-76.815,0.26],[-76.81806,0.24889],[-76.82417,0.25222],[-76.8225,0.24306],[-76.83806,0.24361]]]}},{"type":"Feature","properties":{"codigo":1007400674},"geometry":{"type":"Polygon","coordinates":[[[-78.80389,0.33556],[-78.80667,0.30194],[-78.77694,0.28583],[-78.78056,0.25889],[-78.76556,0.22056],[-78.79,0.20139],[-78.81444,0.19667],[-78.81139,0.18],[-78.8225,0.15694],[-78.84139,0.15167],[-78.87222,0.17694],[-78.89194,0.21194],[-78.91,0.20722],[-78.92639,0.21639],[-78.89667,0.22694],[-78.845,0.30972],[-78.80389,0.33556]]]}},{"type":"Feature","properties":{"codigo":1007400676},"geometry":{"type":"Polygon","coordinates":[[[-78.77389,0.24194],[-78.75444,0.25028],[-78.72528,0.31917],[-78.68694,0.35361],[-78.69722,0.31],[-78.69444,0.28667],[-78.70528,0.27083],[-78.70694,0.2475],[-78.71806,0.23861],[-78.74806,0.24167],[-78.75389,0.22528],[-78.76528,0.22083],[-78.77389,0.24194]]]}},{"type":"Feature","properties":{"codigo":1007401395},"geometry":{"type":"Polygon","coordinates":[[[-76.95056,0.24889],[-76.89667,0.24028],[-76.87389,0.24694],[-76.86972,0.22],[-76.89694,0.22083],[-76.91278,0.20556],[-76.91333,0.17111],[-76.92944,0.15833],[-76.91583,0.14611],[-76.90333,0.14611],[-76.91444,0.1375],[-76.91306,0.11472],[-76.93278,0.12056],[-76.93944,0.09917],[-76.95028,0.10028],[-76.95139,0.10778],[-76.96694,0.09806],[-76.96917,0.07556],[-76.99167,0.06972],[-76.99472,0.07889],[-77.00111,0.07722],[-77.00528,0.11528],[-76.99083,0.13111],[-76.97611,0.13417],[-76.97972,0.16222],[-77.0025,0.16306],[-77.02222,0.15194],[-77.02611,0.16528],[-77.03861,0.17],[-77.03611,0.17667],[-77.04639,0.175],[-77.04889,0.18639],[-77.06361,0.195],[-77.04972,0.19444],[-77.035,0.21389],[-77.015,0.22],[-76.99667,0.24],[-76.97278,0.23389],[-76.95056,0.24889]]]}},{"type":"Feature","properties":{"codigo":1007400687},"geometry":{"type":"Polygon","coordinates":[[[-78.46667,0.25361],[-78.45111,0.23611],[-78.46056,0.21972],[-78.49194,0.22389],[-78.5225,0.17861],[-78.55389,0.18417],[-78.56583,0.19944],[-78.58722,0.17917],[-78.59972,0.18083],[-78.60167,0.20333],[-78.62444,0.21333],[-78.59,0.22889],[-78.57444,0.25306],[-78.54639,0.25472],[-78.53194,0.26667],[-78.50722,0.25444],[-78.49694,0.26361],[-78.47667,0.24694],[-78.46667,0.25361]]]}},{"type":"Feature","properties":{"codigo":1007400689},"geometry":{"type":"Polygon","coordinates":[[[-78.45111,0.23583],[-78.40694,0.25333],[-78.37944,0.24056],[-78.37278,0.22306],[-78.36083,0.21778],[-78.38333,0.21056],[-78.38694,0.18722],[-78.41667,0.17583],[-78.42583,0.15306],[-78.44889,0.13139],[-78.4725,0.18056],[-78.4675,0.21167],[-78.45111,0.23583]]]}},{"type":"Feature","properties":{"codigo":1007400677},"geometry":{"type":"Polygon","coordinates":[[[-78.72778,0.21528],[-78.74806,0.24167],[-78.71611,0.23917],[-78.71972,0.21361],[-78.70389,0.20556],[-78.70694,0.19556],[-78.72361,0.18972],[-78.72778,0.21528]]]}},{"type":"Feature","properties":{"codigo":1007401391},"geometry":{"type":"Polygon","coordinates":[[[-77.46361,0.23444],[-77.43917,0.26083],[-77.44083,0.29972],[-77.42694,0.30556],[-77.41917,0.32139],[-77.40861,0.30444],[-77.41194,0.28333],[-77.38278,0.28167],[-77.37556,0.2625],[-77.35722,0.26306],[-77.35278,0.25222],[-77.34167,0.25167],[-77.31139,0.26722],[-77.29,0.25056],[-77.27722,0.25667],[-77.27417,0.24083],[-77.2525,0.23861],[-77.23639,0.22444],[-77.19139,0.22611],[-77.18472,0.21139],[-77.1975,0.17333],[-77.21611,0.16806],[-77.22417,0.17444],[-77.23028,0.14111],[-77.24306,0.13917],[-77.27056,0.15556],[-77.32028,0.16417],[-77.32583,0.17139],[-77.34361,0.16111],[-77.37417,0.18944],[-77.40944,0.18861],[-77.43389,0.21222],[-77.46444,0.22333],[-77.46361,0.23444]]]}},{"type":"Feature","properties":{"codigo":1007401361},"geometry":{"type":"Polygon","coordinates":[[[-76.25556,0.26417],[-76.22083,0.26111],[-76.21361,0.23472],[-76.20639,0.23222],[-76.15722,0.24917],[-76.16056,0.23722],[-76.14667,0.23472],[-76.14861,0.22306],[-76.13556,0.20722],[-76.13139,0.18],[-76.14778,0.15611],[-76.16778,0.15944],[-76.17,0.18056],[-76.18139,0.17722],[-76.21889,0.18833],[-76.23417,0.17361],[-76.24056,0.18083],[-76.2525,0.16972],[-76.26056,0.19167],[-76.25278,0.19556],[-76.24556,0.18722],[-76.23833,0.19917],[-76.26083,0.24694],[-76.25556,0.26417]]]}},{"type":"Feature","properties":{"codigo":1007401602},"geometry":{"type":"Polygon","coordinates":[[[-77.59056,0.35028],[-77.57139,0.33111],[-77.54861,0.33472],[-77.53917,0.31472],[-77.50111,0.29861],[-77.49722,0.26111],[-77.50917,0.24667],[-77.50972,0.23139],[-77.53722,0.22278],[-77.5575,0.20472],[-77.58361,0.20639],[-77.59278,0.19806],[-77.59944,0.16806],[-77.62667,0.16528],[-77.65,0.15028],[-77.65583,0.17417],[-77.66611,0.18167],[-77.64167,0.24333],[-77.63972,0.29194],[-77.63278,0.30889],[-77.59056,0.35028]]]}},{"type":"Feature","properties":{"codigo":1007400671},"geometry":{"type":"Polygon","coordinates":[[[-78.90306,0.29028],[-78.91944,0.24972],[-78.94722,0.21222],[-78.95222,0.14806],[-78.94417,0.11583],[-78.94556,0.07917],[-78.98722,0.09722],[-79.02472,0.12778],[-79.03833,0.17806],[-79.02694,0.22333],[-79.03278,0.23861],[-79.02361,0.24361],[-79.03361,0.26889],[-79.01194,0.27111],[-78.99778,0.23083],[-78.98889,0.22639],[-78.95028,0.26861],[-78.93361,0.26722],[-78.90306,0.29028]]]}},{"type":"Feature","properties":{"codigo":1007401601},"geometry":{"type":"Polygon","coordinates":[[[-77.50972,0.23139],[-77.49111,0.22722],[-77.46778,0.23722],[-77.46278,0.22194],[-77.43389,0.21222],[-77.41889,0.19389],[-77.39722,0.18611],[-77.39306,0.16333],[-77.36167,0.11139],[-77.36333,0.09917],[-77.41222,0.09333],[-77.42389,0.1125],[-77.43528,0.11056],[-77.48083,0.14083],[-77.49944,0.13944],[-77.5125,0.14972],[-77.53889,0.14611],[-77.55056,0.16083],[-77.56028,0.15611],[-77.57556,0.16333],[-77.57417,0.17806],[-77.58972,0.20056],[-77.58361,0.20639],[-77.5575,0.20472],[-77.53722,0.22278],[-77.50972,0.23139]]]}},{"type":"Feature","properties":{"codigo":1007400680},"geometry":{"type":"Polygon","coordinates":[[[-78.61944,0.26861],[-78.61389,0.25556],[-78.62333,0.23694],[-78.63694,0.22528],[-78.67056,0.21694],[-78.67778,0.19056],[-78.68444,0.18972],[-78.68583,0.21444],[-78.70333,0.22417],[-78.69778,0.23389],[-78.63639,0.2525],[-78.61944,0.26861]]]}},{"type":"Feature","properties":{"codigo":1007400730},"geometry":{"type":"Polygon","coordinates":[[[-78.79,0.20139],[-78.74778,0.23556],[-78.73194,0.22028],[-78.72,0.17167],[-78.73389,0.15111],[-78.72639,0.13806],[-78.73778,0.125],[-78.73889,0.09722],[-78.78722,0.07222],[-78.80556,0.09583],[-78.83639,0.11722],[-78.82306,0.13389],[-78.82722,0.15194],[-78.81139,0.18],[-78.815,0.19611],[-78.79,0.20139]]]}},{"type":"Feature","properties":{"codigo":1007400672},"geometry":{"type":"Polygon","coordinates":[[[-78.93306,0.23083],[-78.92333,0.225],[-78.92472,0.21],[-78.91,0.20528],[-78.9475,0.20278],[-78.93306,0.23083]]]}},{"type":"Feature","properties":{"codigo":1007400628},"geometry":{"type":"Polygon","coordinates":[[[-79.35444,0.24278],[-79.35417,0.23],[-79.34056,0.23139],[-79.33083,0.21972],[-79.36889,0.20639],[-79.37278,0.21083],[-79.35889,0.21917],[-79.36361,0.23389],[-79.35444,0.24278]]]}},{"type":"Feature","properties":{"codigo":1007400679},"geometry":{"type":"Polygon","coordinates":[[[-78.71778,0.21972],[-78.70333,0.22556],[-78.70222,0.20694],[-78.71111,0.20556],[-78.71778,0.21972]]]}},{"type":"Feature","properties":{"codigo":1007400681},"geometry":{"type":"Polygon","coordinates":[[[-78.63361,0.22694],[-78.62444,0.21333],[-78.60167,0.20333],[-78.60361,0.185],[-78.67056,0.21111],[-78.67056,0.21694],[-78.63361,0.22694]]]}},{"type":"Feature","properties":{"codigo":1007400595},"geometry":{"type":"Polygon","coordinates":[[[-79.54278,0.22056],[-79.52056,0.21306],[-79.52472,0.2025],[-79.50583,0.15917],[-79.515,0.15306],[-79.51694,0.12861],[-79.50389,0.0725],[-79.50778,0.05972],[-79.52694,0.06889],[-79.52306,0.07778],[-79.535,0.07333],[-79.55028,0.09194],[-79.55528,0.10611],[-79.53528,0.12528],[-79.54472,0.13167],[-79.55444,0.12444],[-79.56694,0.13556],[-79.57222,0.15972],[-79.58111,0.15639],[-79.58806,0.16472],[-79.57472,0.19806],[-79.54278,0.22056]]]}},{"type":"Feature","properties":{"codigo":1007400629},"geometry":{"type":"Polygon","coordinates":[[[-79.34889,0.21333],[-79.34139,0.21417],[-79.34278,0.22028],[-79.31917,0.21667],[-79.31694,0.19639],[-79.2625,0.17778],[-79.25333,0.18333],[-79.24278,0.17333],[-79.25222,0.16528],[-79.2975,0.16361],[-79.30639,0.17333],[-79.31389,0.16889],[-79.32056,0.18306],[-79.33944,0.18722],[-79.35194,0.16306],[-79.36167,0.19139],[-79.34389,0.19972],[-79.34889,0.21333]]]}},{"type":"Feature","properties":{"codigo":1007400666},"geometry":{"type":"Polygon","coordinates":[[[-79.36722,0.20667],[-79.35083,0.21417],[-79.34389,0.19972],[-79.36167,0.19139],[-79.35417,0.15056],[-79.3775,0.13111],[-79.35806,0.11528],[-79.37583,0.09528],[-79.37083,0.08472],[-79.38444,0.06056],[-79.37472,0.04222],[-79.38667,0.04222],[-79.39222,0.03361],[-79.37806,0.02889],[-79.36944,0.01056],[-79.38222,-0.02056],[-79.3975,-0.00556],[-79.39389,0.00361],[-79.40528,0.02139],[-79.40861,0.05167],[-79.40278,0.06361],[-79.41111,0.06444],[-79.41083,0.08028],[-79.42722,0.09528],[-79.4175,0.11917],[-79.42028,0.13167],[-79.39361,0.14917],[-79.39806,0.15639],[-79.385,0.16417],[-79.36722,0.20667]]]}},{"type":"Feature","properties":{"codigo":1007400723},"geometry":{"type":"Polygon","coordinates":[[[-78.70028,0.19417],[-78.69889,0.2175],[-78.68611,0.21472],[-78.68472,0.19556],[-78.70028,0.19417]]]}},{"type":"Feature","properties":{"codigo":1007401609},"geometry":{"type":"Polygon","coordinates":[[[-77.82917,0.27306],[-77.80556,0.23639],[-77.79167,0.23056],[-77.7575,0.235],[-77.72194,0.20556],[-77.73306,0.18528],[-77.77222,0.15917],[-77.76889,0.13806],[-77.78361,0.13417],[-77.79583,0.10111],[-77.83222,0.09944],[-77.84861,0.11361],[-77.84861,0.12333],[-77.87556,0.11972],[-77.8875,0.13167],[-77.89528,0.12333],[-77.91306,0.12278],[-77.92389,0.14417],[-77.94889,0.16639],[-77.94139,0.18028],[-77.92417,0.18167],[-77.92556,0.19806],[-77.90833,0.20583],[-77.88611,0.2],[-77.87056,0.20833],[-77.86611,0.23194],[-77.84972,0.24028],[-77.84806,0.25889],[-77.82917,0.27306]]]}},{"type":"Feature","properties":{"codigo":1007401607},"geometry":{"type":"Polygon","coordinates":[[[-77.72194,0.20556],[-77.70028,0.21139],[-77.6875,0.20417],[-77.70083,0.13861],[-77.71472,0.14056],[-77.71639,0.15389],[-77.7325,0.15194],[-77.75889,0.16972],[-77.73306,0.18528],[-77.72194,0.20556]]]}},{"type":"Feature","properties":{"codigo":1007401400},"geometry":{"type":"Polygon","coordinates":[[[-76.48028,0.23972],[-76.46389,0.23167],[-76.47278,0.2175],[-76.44639,0.20944],[-76.42944,0.19306],[-76.45444,0.18778],[-76.46167,0.15528],[-76.47444,0.14694],[-76.46028,0.09194],[-76.44806,0.09167],[-76.4525,0.07556],[-76.46778,0.0875],[-76.47806,0.08611],[-76.47972,0.09472],[-76.50111,0.09],[-76.51806,0.10278],[-76.52556,0.0975],[-76.51972,0.09278],[-76.52778,0.08944],[-76.52472,0.08389],[-76.54056,0.08222],[-76.54722,0.06778],[-76.58222,0.09222],[-76.59889,0.0875],[-76.60111,0.10083],[-76.61028,0.09611],[-76.63583,0.105],[-76.64361,0.09667],[-76.66,0.1],[-76.67028,0.09389],[-76.67194,0.10639],[-76.69444,0.10111],[-76.7,0.11639],[-76.6675,0.12389],[-76.66056,0.15139],[-76.63111,0.15],[-76.61333,0.15972],[-76.60306,0.15694],[-76.6025,0.14944],[-76.57278,0.15778],[-76.54278,0.17333],[-76.52333,0.2025],[-76.50389,0.20806],[-76.5075,0.22333],[-76.48028,0.23972]]]}},{"type":"Feature","properties":{"codigo":1007400731},"geometry":{"type":"Polygon","coordinates":[[[-78.9475,0.20389],[-78.92833,0.20611],[-78.92639,0.20444],[-78.94028,0.19167],[-78.9475,0.20389]]]}},{"type":"Feature","properties":{"codigo":1007400691},"geometry":{"type":"Polygon","coordinates":[[[-78.36083,0.21778],[-78.33306,0.2025],[-78.33083,0.19167],[-78.31056,0.18528],[-78.30556,0.16778],[-78.27528,0.15944],[-78.27139,0.1475],[-78.26111,0.1525],[-78.25194,0.14528],[-78.24694,0.12056],[-78.26,0.12056],[-78.26583,0.10694],[-78.29417,0.10306],[-78.33528,0.10528],[-78.34472,0.12472],[-78.37333,0.11139],[-78.38139,0.11583],[-78.40778,0.10833],[-78.44778,0.12694],[-78.41861,0.16306],[-78.41806,0.17444],[-78.38694,0.18722],[-78.38361,0.21028],[-78.36083,0.21778]]]}},{"type":"Feature","properties":{"codigo":1007400732},"geometry":{"type":"Polygon","coordinates":[[[-78.92639,0.20389],[-78.89194,0.21194],[-78.87222,0.17694],[-78.84222,0.15194],[-78.82667,0.15056],[-78.82306,0.13389],[-78.82889,0.12528],[-78.85028,0.11],[-78.86806,0.10694],[-78.88917,0.11778],[-78.9225,0.1025],[-78.92944,0.11694],[-78.92111,0.1425],[-78.92806,0.14694],[-78.9275,0.17139],[-78.93833,0.19083],[-78.92639,0.20389]]]}},{"type":"Feature","properties":{"codigo":1007400724},"geometry":{"type":"Polygon","coordinates":[[[-78.69722,0.19333],[-78.67778,0.19056],[-78.67639,0.17167],[-78.6425,0.1375],[-78.66556,0.12306],[-78.68222,0.09944],[-78.70389,0.10472],[-78.69722,0.19333]]]}},{"type":"Feature","properties":{"codigo":1007400729},"geometry":{"type":"Polygon","coordinates":[[[-78.70583,0.19722],[-78.69722,0.19333],[-78.70389,0.10472],[-78.68222,0.09944],[-78.68361,0.08556],[-78.69611,0.07361],[-78.69528,0.04306],[-78.71917,0.055],[-78.73917,0.04944],[-78.77472,0.06056],[-78.785,0.07194],[-78.73778,0.09889],[-78.73778,0.125],[-78.72639,0.13806],[-78.73389,0.15111],[-78.72,0.17167],[-78.72361,0.18972],[-78.70583,0.19722]]]}},{"type":"Feature","properties":{"codigo":1007400733},"geometry":{"type":"Polygon","coordinates":[[[-78.94528,0.19222],[-78.93833,0.19194],[-78.9275,0.17139],[-78.92806,0.14694],[-78.92111,0.14028],[-78.92944,0.11639],[-78.9225,0.1025],[-78.88917,0.11778],[-78.86806,0.10694],[-78.83583,0.11694],[-78.80556,0.09583],[-78.78167,0.06333],[-78.73917,0.04944],[-78.71917,0.055],[-78.695,0.04333],[-78.69833,0.01361],[-78.68556,-0.00194],[-78.68556,-0.02722],[-78.70444,-0.03861],[-78.7175,-0.03111],[-78.77361,-0.02611],[-78.79722,-0.01611],[-78.83639,0.01667],[-78.85972,0.02583],[-78.88222,0.02361],[-78.90306,0.03639],[-78.94417,0.07972],[-78.95222,0.14806],[-78.94528,0.19222]]]}},{"type":"Feature","properties":{"codigo":1007400688},"geometry":{"type":"Polygon","coordinates":[[[-78.67639,0.17167],[-78.67056,0.21194],[-78.59444,0.17917],[-78.56583,0.19944],[-78.55389,0.18417],[-78.53111,0.17667],[-78.52222,0.17889],[-78.49194,0.22389],[-78.46583,0.21806],[-78.4725,0.18056],[-78.45028,0.13139],[-78.45694,0.09306],[-78.47056,0.07972],[-78.46583,0.03472],[-78.49167,0.01944],[-78.50722,0.01917],[-78.52806,0.03111],[-78.54528,0.01917],[-78.55861,0.03028],[-78.56778,0.02778],[-78.5625,0.05972],[-78.54833,0.06861],[-78.55111,0.11389],[-78.59556,0.13722],[-78.64194,0.13694],[-78.67639,0.17167]]]}},{"type":"Feature","properties":{"codigo":1007400624},"geometry":{"type":"Polygon","coordinates":[[[-79.52083,0.20972],[-79.505,0.20639],[-79.50333,0.19056],[-79.49167,0.18583],[-79.48472,0.16528],[-79.47722,0.16278],[-79.48139,0.15583],[-79.46667,0.14417],[-79.46389,0.12417],[-79.45111,0.11667],[-79.45306,0.10556],[-79.46278,0.10639],[-79.48083,0.14917],[-79.49583,0.16167],[-79.50944,0.16139],[-79.52472,0.2025],[-79.52083,0.20972]]]}},{"type":"Feature","properties":{"codigo":1007401401},"geometry":{"type":"Polygon","coordinates":[[[-76.44167,0.20556],[-76.42056,0.2125],[-76.41194,0.22389],[-76.395,0.2075],[-76.36639,0.21444],[-76.33972,0.18972],[-76.33139,0.19167],[-76.32972,0.20139],[-76.3225,0.1975],[-76.28583,0.21556],[-76.27944,0.22556],[-76.25361,0.21056],[-76.24167,0.21333],[-76.23833,0.19917],[-76.24556,0.18722],[-76.25861,0.19444],[-76.25222,0.17611],[-76.2625,0.16833],[-76.27528,0.17083],[-76.28083,0.14778],[-76.30083,0.14917],[-76.31861,0.13556],[-76.31917,0.10889],[-76.35167,0.11083],[-76.36861,0.09139],[-76.41,0.10278],[-76.42,0.09722],[-76.42556,0.10583],[-76.44333,0.08639],[-76.45083,0.09444],[-76.46028,0.09194],[-76.47444,0.14694],[-76.46167,0.15528],[-76.45444,0.18778],[-76.42944,0.19222],[-76.44167,0.20556]]]}},{"type":"Feature","properties":{"codigo":1007401399},"geometry":{"type":"Polygon","coordinates":[[[-76.71972,0.18],[-76.70306,0.19639],[-76.71111,0.20111],[-76.70806,0.2125],[-76.68389,0.23028],[-76.66778,0.2175],[-76.64611,0.22389],[-76.63833,0.23667],[-76.60583,0.22],[-76.59861,0.21972],[-76.595,0.225],[-76.59278,0.225],[-76.59611,0.20583],[-76.60611,0.19722],[-76.59722,0.17639],[-76.61056,0.17306],[-76.61361,0.15972],[-76.63111,0.15],[-76.66056,0.15139],[-76.6675,0.12389],[-76.7,0.11639],[-76.69417,0.10139],[-76.70611,0.09583],[-76.70667,0.07639],[-76.71556,0.07417],[-76.73472,0.07806],[-76.75472,0.11417],[-76.74806,0.11278],[-76.7375,0.1275],[-76.74778,0.15306],[-76.74611,0.17389],[-76.71972,0.18]]]}},{"type":"Feature","properties":{"codigo":1007401606},"geometry":{"type":"Polygon","coordinates":[[[-77.69111,0.19194],[-77.67528,0.17556],[-77.65583,0.17417],[-77.64778,0.15],[-77.66028,0.12444],[-77.67056,0.11889],[-77.68667,0.11917],[-77.69972,0.1325],[-77.69111,0.19194]]]}},{"type":"Feature","properties":{"codigo":1007400620},"geometry":{"type":"Polygon","coordinates":[[[-79.68528,0.13667],[-79.6875,0.17833],[-79.67222,0.19222],[-79.64167,0.20417],[-79.62583,0.16722],[-79.61,0.16361],[-79.61083,0.14917],[-79.57222,0.15972],[-79.56944,0.135],[-79.58306,0.12611],[-79.57333,0.11611],[-79.59778,0.10472],[-79.60806,0.11139],[-79.65806,0.0875],[-79.68833,0.09861],[-79.70806,0.11111],[-79.68528,0.13667]]]}},{"type":"Feature","properties":{"codigo":1007400662},"geometry":{"type":"Polygon","coordinates":[[[-79.27778,0.16417],[-79.20444,0.18167],[-79.15222,0.16944],[-79.11639,0.15306],[-79.05944,0.09361],[-79.00694,0.08194],[-79.02333,0.07472],[-79.10389,0.10333],[-79.12806,0.09639],[-79.16917,0.10917],[-79.18611,0.10583],[-79.1875,0.1125],[-79.21556,0.11194],[-79.22806,0.12417],[-79.26139,0.13],[-79.27861,0.14222],[-79.27778,0.16417]]]}},{"type":"Feature","properties":{"codigo":1007400661},"geometry":{"type":"Polygon","coordinates":[[[-79.30528,0.17056],[-79.2975,0.16361],[-79.27944,0.16556],[-79.275,0.1525],[-79.315,0.13861],[-79.31556,0.14944],[-79.30417,0.15611],[-79.30528,0.17056]]]}},{"type":"Feature","properties":{"codigo":1007400630},"geometry":{"type":"Polygon","coordinates":[[[-79.35389,0.16556],[-79.3425,0.17083],[-79.33972,0.17917],[-79.34639,0.18278],[-79.33944,0.18722],[-79.31972,0.1825],[-79.31111,0.16722],[-79.30639,0.17333],[-79.30417,0.15611],[-79.31694,0.14556],[-79.30694,0.135],[-79.32028,0.1275],[-79.3175,0.11472],[-79.29417,0.11639],[-79.2875,0.09694],[-79.27056,0.08139],[-79.24694,0.08],[-79.24417,0.06972],[-79.22611,0.06778],[-79.16694,0.01944],[-79.10972,0.01444],[-79.0775,0.00306],[-79.04861,0.00833],[-79.03056,-0.0025],[-78.99028,-0.00944],[-79.02611,-0.01139],[-79.04611,-0.00194],[-79.07111,-0.00667],[-79.12278,0.00778],[-79.14611,0.00389],[-79.17528,0.01472],[-79.19722,0.01306],[-79.21806,0.03028],[-79.27639,0.03611],[-79.31528,0.05306],[-79.3375,0.04694],[-79.36167,0.05806],[-79.38194,0.05028],[-79.38444,0.06056],[-79.37083,0.08472],[-79.37583,0.09528],[-79.35806,0.11528],[-79.37694,0.13361],[-79.355,0.14917],[-79.35389,0.16556]]]}},{"type":"Feature","properties":{"codigo":1007401402},"geometry":{"type":"Polygon","coordinates":[[[-76.25222,0.17611],[-76.25222,0.16944],[-76.24056,0.18083],[-76.23417,0.17361],[-76.22,0.18833],[-76.18139,0.17722],[-76.17,0.18056],[-76.16722,0.14806],[-76.15528,0.14389],[-76.15167,0.12528],[-76.15528,0.11361],[-76.16611,0.11083],[-76.16778,0.09611],[-76.17806,0.09667],[-76.17917,0.10833],[-76.19889,0.11111],[-76.20611,0.10028],[-76.23944,0.09722],[-76.25167,0.10417],[-76.27806,0.08833],[-76.29111,0.10083],[-76.31861,0.10833],[-76.31861,0.13556],[-76.30083,0.14917],[-76.28083,0.14778],[-76.27528,0.17083],[-76.2625,0.16833],[-76.25222,0.17611]]]}},{"type":"Feature","properties":{"codigo":1007400695},"geometry":{"type":"Polygon","coordinates":[[[-78.03111,0.18861],[-78.0025,0.17222],[-77.96667,0.16889],[-77.96444,0.15667],[-77.98028,0.10667],[-77.97972,0.08444],[-78.00639,0.04583],[-77.99778,0.02611],[-78.00611,0.01472],[-78.02,0.00944],[-78.06056,0.01417],[-78.09583,0.00028],[-78.12389,0.01833],[-78.16,0.01722],[-78.17361,0.0075],[-78.18694,0.01444],[-78.19111,0.05778],[-78.20417,0.07917],[-78.24083,0.10667],[-78.24611,0.12306],[-78.165,0.13389],[-78.14667,0.15139],[-78.12361,0.15583],[-78.04722,0.15389],[-78.035,0.16778],[-78.03111,0.18861]]]}},{"type":"Feature","properties":{"codigo":1007401682},"geometry":{"type":"Polygon","coordinates":[[[-77.965,0.15806],[-77.94833,0.16583],[-77.92389,0.14417],[-77.91306,0.12278],[-77.89528,0.12333],[-77.88833,0.13167],[-77.87556,0.11972],[-77.85361,0.125],[-77.83222,0.09944],[-77.82583,0.10194],[-77.83611,0.06639],[-77.84639,0.06139],[-77.84917,0.03917],[-77.84,0.02639],[-77.85472,0.00083],[-77.87944,0.00222],[-77.90194,-0.00639],[-77.91972,0.01167],[-77.91444,0.02306],[-77.93139,0.03139],[-77.95667,0.01806],[-77.97611,0.02917],[-78.00333,0.03],[-78.00639,0.04583],[-77.97972,0.08444],[-77.965,0.15806]]]}},{"type":"Feature","properties":{"codigo":1007400626},"geometry":{"type":"Polygon","coordinates":[[[-79.50583,0.15861],[-79.49889,0.15278],[-79.50667,0.12389],[-79.495,0.1075],[-79.49889,0.09611],[-79.48917,0.08389],[-79.48694,0.04944],[-79.47361,0.02972],[-79.43722,0.0],[-79.43472,-0.01222],[-79.4025,-0.02778],[-79.395,-0.02222],[-79.36833,-0.04333],[-79.3425,-0.08083],[-79.32833,-0.09028],[-79.30806,-0.08778],[-79.29556,-0.1025],[-79.2575,-0.1175],[-79.25139,-0.13167],[-79.23944,-0.13444],[-79.2425,-0.14278],[-79.22639,-0.14333],[-79.21361,-0.16806],[-79.26444,-0.14222],[-79.2825,-0.12472],[-79.31611,-0.11528],[-79.33972,-0.12028],[-79.36083,-0.115],[-79.37639,-0.09306],[-79.40333,-0.07472],[-79.42528,-0.06583],[-79.44389,-0.06778],[-79.44806,-0.05861],[-79.46028,-0.05806],[-79.48806,-0.03694],[-79.48417,-0.0225],[-79.50028,0.00778],[-79.49,0.02417],[-79.5,0.02806],[-79.51639,0.11778],[-79.515,0.15306],[-79.50583,0.15861]]]}},{"type":"Feature","properties":{"codigo":1007401360},"geometry":{"type":"Polygon","coordinates":[[[-76.165,0.15917],[-76.14722,0.15667],[-76.14194,0.17333],[-76.13139,0.17833],[-76.13833,0.19972],[-76.13194,0.21611],[-76.11444,0.21694],[-76.10722,0.20944],[-76.08639,0.20861],[-76.07778,0.18361],[-76.06778,0.185],[-76.07,0.1775],[-76.05694,0.17444],[-76.0725,0.15639],[-76.06833,0.14889],[-76.05222,0.155],[-76.03667,0.13722],[-75.99194,0.13861],[-75.98333,0.13028],[-75.97917,0.15111],[-75.97333,0.145],[-75.955,0.1475],[-75.94306,0.13556],[-75.92389,0.13556],[-75.905,0.10917],[-75.87028,0.11778],[-75.86361,0.12972],[-75.85361,0.12722],[-75.84861,0.12083],[-75.85833,0.12278],[-75.86,0.11472],[-75.85,0.10833],[-75.85056,0.09194],[-75.84056,0.09222],[-75.84194,0.08417],[-75.85472,0.07722],[-75.85583,0.06639],[-75.91111,0.08306],[-75.91333,0.06722],[-75.92528,0.07083],[-75.93028,0.05917],[-75.94667,0.06639],[-75.96583,0.06222],[-75.9875,0.03028],[-76.00417,0.03972],[-76.04417,0.0275],[-76.05389,0.04194],[-76.07056,0.03806],[-76.06778,0.04722],[-76.07722,0.05083],[-76.07889,0.0625],[-76.09444,0.06139],[-76.10417,0.07333],[-76.09944,0.08],[-76.11222,0.08417],[-76.10611,0.08806],[-76.13833,0.1],[-76.135,0.10972],[-76.15278,0.11722],[-76.15306,0.13889],[-76.16722,0.14806],[-76.165,0.15917]]]}},{"type":"Feature","properties":{"codigo":1007400798},"geometry":{"type":"Polygon","coordinates":[[[-79.88139,0.16694],[-79.86722,0.16222],[-79.865,0.15278],[-79.845,0.16722],[-79.84278,0.16028],[-79.83028,0.16028],[-79.82833,0.14806],[-79.85222,0.12861],[-79.84028,0.11972],[-79.85306,0.09694],[-79.84639,0.08556],[-79.85556,0.07333],[-79.8925,0.06361],[-79.91278,0.0725],[-79.92944,0.05417],[-79.94306,0.06306],[-79.93667,0.07972],[-79.94167,0.13222],[-79.97611,0.14722],[-79.98333,0.17444],[-79.96611,0.18333],[-79.96139,0.165],[-79.92778,0.16917],[-79.91944,0.15667],[-79.90667,0.15361],[-79.88139,0.16694]]]}},{"type":"Feature","properties":{"codigo":1007401397},"geometry":{"type":"Polygon","coordinates":[[[-77.0775,0.19194],[-77.04889,0.18639],[-77.04639,0.175],[-77.03611,0.17667],[-77.03861,0.17],[-77.02611,0.16528],[-77.02222,0.15194],[-77.0025,0.16306],[-76.98667,0.16361],[-76.98556,0.15667],[-76.99944,0.15],[-77.00333,0.13528],[-77.02194,0.13556],[-77.03806,0.12306],[-77.06111,0.12806],[-77.06389,0.11222],[-77.09917,0.1125],[-77.09917,0.10194],[-77.12222,0.10167],[-77.14194,0.0825],[-77.16,0.09639],[-77.16667,0.0775],[-77.18639,0.08333],[-77.18611,0.09417],[-77.20778,0.08972],[-77.21917,0.13278],[-77.14806,0.13639],[-77.15111,0.14611],[-77.12278,0.15722],[-77.08389,0.15361],[-77.07917,0.15972],[-77.08972,0.165],[-77.08611,0.18222],[-77.0775,0.19194]]]}},{"type":"Feature","properties":{"codigo":1007401620},"geometry":{"type":"Polygon","coordinates":[[[-77.64833,0.15028],[-77.62667,0.16528],[-77.59944,0.16806],[-77.58972,0.19833],[-77.57417,0.17806],[-77.57556,0.16333],[-77.56028,0.15611],[-77.55056,0.16083],[-77.54,0.14861],[-77.54028,0.10556],[-77.52306,0.09556],[-77.51333,0.07],[-77.54333,0.05972],[-77.57444,0.06083],[-77.59139,0.04778],[-77.61139,0.06083],[-77.62806,0.05167],[-77.66417,0.04861],[-77.67139,0.0625],[-77.70056,0.07611],[-77.68222,0.11722],[-77.66028,0.12444],[-77.64833,0.15028]]]}},{"type":"Feature","properties":{"codigo":1007400622},"geometry":{"type":"Polygon","coordinates":[[[-79.82833,0.14806],[-79.81278,0.15167],[-79.81083,0.16861],[-79.79222,0.17139],[-79.77056,0.20778],[-79.75694,0.20306],[-79.75,0.18639],[-79.7275,0.19],[-79.705,0.16222],[-79.68722,0.16639],[-79.68333,0.16083],[-79.68528,0.13667],[-79.72528,0.09528],[-79.74028,0.09167],[-79.76417,0.11611],[-79.81611,0.10361],[-79.82306,0.12056],[-79.85111,0.12417],[-79.82833,0.14806]]]}},{"type":"Feature","properties":{"codigo":1007401596},"geometry":{"type":"Polygon","coordinates":[[[-76.91444,0.1375],[-76.89556,0.15944],[-76.88333,0.16111],[-76.86139,0.14944],[-76.85833,0.13306],[-76.83389,0.13944],[-76.82389,0.13],[-76.82389,0.11389],[-76.83472,0.11833],[-76.84222,0.10444],[-76.82389,0.085],[-76.82556,0.0625],[-76.84694,0.06611],[-76.85639,0.08472],[-76.87611,0.08611],[-76.90389,0.07389],[-76.92389,0.07889],[-76.92583,0.06],[-76.94056,0.06083],[-76.94111,0.06861],[-76.96667,0.06639],[-76.96167,0.07667],[-76.96889,0.07972],[-76.96694,0.09806],[-76.95139,0.10778],[-76.95028,0.10028],[-76.93944,0.09917],[-76.93278,0.12056],[-76.91306,0.11472],[-76.91444,0.1375]]]}},{"type":"Feature","properties":{"codigo":1007401599},"geometry":{"type":"Polygon","coordinates":[[[-77.39861,0.17611],[-77.38889,0.1925],[-77.37417,0.18944],[-77.34361,0.16111],[-77.32583,0.17139],[-77.32028,0.16417],[-77.27056,0.15556],[-77.25222,0.14083],[-77.2275,0.13917],[-77.20778,0.08972],[-77.18611,0.09417],[-77.18639,0.08333],[-77.16694,0.0775],[-77.16222,0.06389],[-77.14583,0.05667],[-77.14861,0.04611],[-77.16917,0.04194],[-77.18639,0.04611],[-77.19167,0.05583],[-77.25056,0.04111],[-77.25972,0.04861],[-77.28333,0.04889],[-77.29333,0.03389],[-77.31889,0.03194],[-77.32083,0.00667],[-77.33778,0.00917],[-77.34306,0.02028],[-77.36028,0.01],[-77.3875,0.00833],[-77.37972,0.02889],[-77.36056,0.03222],[-77.38167,0.06139],[-77.37583,0.08],[-77.35694,0.09083],[-77.36778,0.12583],[-77.39861,0.17611]]]}},{"type":"Feature","properties":{"codigo":1007400663},"geometry":{"type":"Polygon","coordinates":[[[-79.32028,0.1275],[-79.30472,0.14583],[-79.27944,0.14722],[-79.26139,0.13],[-79.22806,0.12417],[-79.23583,0.08194],[-79.20861,0.06556],[-79.20917,0.055],[-79.22667,0.06806],[-79.24417,0.06972],[-79.24611,0.07972],[-79.27056,0.08139],[-79.2875,0.09694],[-79.29417,0.11639],[-79.31694,0.11417],[-79.32028,0.1275]]]}},{"type":"Feature","properties":{"codigo":1007401610},"geometry":{"type":"Polygon","coordinates":[[[-77.75889,0.17],[-77.7325,0.15194],[-77.71639,0.15389],[-77.71556,0.14167],[-77.7,0.13778],[-77.69722,0.12417],[-77.67861,0.11944],[-77.69639,0.09278],[-77.70056,0.06861],[-77.73139,0.04889],[-77.74778,0.05778],[-77.75972,0.05472],[-77.78861,0.08056],[-77.78556,0.13111],[-77.76889,0.13806],[-77.77333,0.15667],[-77.75889,0.17]]]}},{"type":"Feature","properties":{"codigo":1007400690},"geometry":{"type":"Polygon","coordinates":[[[-78.44917,0.12806],[-78.44778,0.13278],[-78.4425,0.1325],[-78.44917,0.12806]]]}},{"type":"Feature","properties":{"codigo":1007400596},"geometry":{"type":"Polygon","coordinates":[[[-79.56778,0.14139],[-79.56111,0.12028],[-79.57833,0.12083],[-79.58278,0.12722],[-79.56778,0.14139]]]}},{"type":"Feature","properties":{"codigo":1007400692},"geometry":{"type":"Polygon","coordinates":[[[-78.45139,0.12889],[-78.40778,0.10833],[-78.38139,0.11583],[-78.37333,0.11139],[-78.35306,0.12528],[-78.34333,0.12417],[-78.33528,0.10528],[-78.31778,0.10694],[-78.30583,0.10583],[-78.33056,0.07083],[-78.36306,0.05694],[-78.36583,0.04528],[-78.42556,0.02917],[-78.43917,0.04],[-78.46722,0.03694],[-78.47056,0.07972],[-78.45694,0.09306],[-78.45139,0.12889]]]}},{"type":"Feature","properties":{"codigo":1007400725},"geometry":{"type":"Polygon","coordinates":[[[-78.6575,0.12528],[-78.62306,0.14083],[-78.55556,0.12],[-78.54917,0.10139],[-78.55139,0.06167],[-78.57806,0.05528],[-78.58806,0.06278],[-78.61278,0.04806],[-78.64694,0.05556],[-78.63917,0.09833],[-78.6575,0.12528]]]}},{"type":"Feature","properties":{"codigo":1007400597},"geometry":{"type":"Polygon","coordinates":[[[-79.58111,0.11056],[-79.56389,0.11944],[-79.56861,0.1],[-79.56278,0.09806],[-79.56972,0.09056],[-79.55778,0.08056],[-79.54583,0.03917],[-79.50944,0.00083],[-79.51333,-0.01917],[-79.50417,-0.03222],[-79.53556,-0.02722],[-79.54778,0.00583],[-79.56056,0.00778],[-79.57694,0.03083],[-79.59667,0.03278],[-79.60306,0.02139],[-79.63222,0.00944],[-79.64722,0.02278],[-79.66528,0.01917],[-79.70306,0.05111],[-79.73306,0.0525],[-79.74944,0.07111],[-79.7375,0.08417],[-79.74028,0.09222],[-79.72528,0.09528],[-79.70861,0.11111],[-79.65806,0.0875],[-79.60806,0.11139],[-79.60167,0.10444],[-79.58111,0.11056]]]}},{"type":"Feature","properties":{"codigo":1007400623},"geometry":{"type":"Polygon","coordinates":[[[-79.56861,0.1],[-79.56,0.13],[-79.53528,0.12528],[-79.555,0.10389],[-79.535,0.07333],[-79.52306,0.07778],[-79.52667,0.06861],[-79.50611,0.06111],[-79.5,0.02806],[-79.49,0.02417],[-79.50028,0.00778],[-79.48417,-0.0225],[-79.48806,-0.03694],[-79.46028,-0.05806],[-79.44806,-0.05861],[-79.44389,-0.06778],[-79.42528,-0.06583],[-79.40333,-0.07472],[-79.37583,-0.09361],[-79.37056,-0.1075],[-79.39,-0.11083],[-79.41306,-0.09778],[-79.41889,-0.10306],[-79.43417,-0.09806],[-79.44056,-0.10694],[-79.45194,-0.09],[-79.49222,-0.06194],[-79.485,-0.05111],[-79.51306,-0.02],[-79.50944,0.00083],[-79.54583,0.03917],[-79.55778,0.08056],[-79.56972,0.09056],[-79.56278,0.09806],[-79.56861,0.1]]]}},{"type":"Feature","properties":{"codigo":1007400664},"geometry":{"type":"Polygon","coordinates":[[[-79.2325,0.11],[-79.22528,0.11722],[-79.19611,0.1075],[-79.1875,0.1125],[-79.18611,0.10583],[-79.16917,0.10917],[-79.12806,0.09639],[-79.10389,0.10333],[-79.02333,0.07472],[-79.00667,0.08194],[-78.99722,0.07472],[-78.96111,0.0725],[-78.89472,0.0225],[-78.90472,0.01389],[-78.92611,0.02528],[-79.01028,0.03972],[-79.06417,0.03722],[-79.08611,0.05583],[-79.10722,0.05528],[-79.11556,0.06417],[-79.16639,0.07639],[-79.17472,0.08611],[-79.20139,0.08806],[-79.2325,0.11]]]}},{"type":"Feature","properties":{"codigo":1007401595},"geometry":{"type":"Polygon","coordinates":[[[-76.84111,0.1125],[-76.775,0.10972],[-76.76028,0.11972],[-76.73472,0.07806],[-76.71611,0.07417],[-76.70667,0.07639],[-76.70639,0.09528],[-76.69667,0.10083],[-76.67194,0.10639],[-76.67028,0.09389],[-76.63528,0.10056],[-76.645,0.06917],[-76.66,0.05861],[-76.64917,0.05194],[-76.65639,0.03972],[-76.65111,0.04361],[-76.63778,0.03389],[-76.6475,0.01861],[-76.6275,-0.00167],[-76.60306,-0.00361],[-76.59528,-0.02528],[-76.57194,-0.03194],[-76.57333,-0.05778],[-76.55889,-0.06556],[-76.55639,-0.08278],[-76.59083,-0.08667],[-76.61306,-0.07361],[-76.6475,-0.01139],[-76.66639,-0.01917],[-76.66694,-0.00667],[-76.68333,0.01139],[-76.70778,0.02528],[-76.73333,0.02194],[-76.7275,0.04472],[-76.745,0.05417],[-76.79833,0.03278],[-76.8,0.02139],[-76.83583,0.00722],[-76.84444,-0.00639],[-76.85972,-0.00028],[-76.87444,-0.01167],[-76.88111,-0.00806],[-76.89528,-0.02472],[-76.92694,-0.03806],[-76.94306,-0.03111],[-76.94444,-0.00556],[-76.93194,-0.0025],[-76.93056,0.00722],[-76.90556,-0.00889],[-76.90306,0.00028],[-76.86972,0.0125],[-76.87028,0.02611],[-76.85861,0.03611],[-76.84611,0.03444],[-76.85222,0.04556],[-76.84722,0.06583],[-76.82833,0.06139],[-76.82222,0.0675],[-76.82917,0.07417],[-76.82389,0.085],[-76.84139,0.09944],[-76.83611,0.10944],[-76.84111,0.1125]]]}},{"type":"Feature","properties":{"codigo":1007400625},"geometry":{"type":"Polygon","coordinates":[[[-79.50667,0.12389],[-79.49583,0.16167],[-79.47944,0.14778],[-79.46278,0.10639],[-79.42778,0.09778],[-79.42583,0.0875],[-79.41083,0.08028],[-79.41111,0.06444],[-79.40278,0.06361],[-79.40861,0.05111],[-79.40528,0.02139],[-79.39389,0.00361],[-79.3975,-0.00556],[-79.37722,-0.01861],[-79.37889,-0.02528],[-79.36778,-0.02222],[-79.36639,-0.03889],[-79.34806,-0.03972],[-79.34556,-0.04944],[-79.31944,-0.06889],[-79.32139,-0.08278],[-79.31139,-0.08],[-79.3075,-0.08806],[-79.32833,-0.09028],[-79.3425,-0.08083],[-79.36833,-0.04333],[-79.395,-0.02222],[-79.4025,-0.02778],[-79.43472,-0.01222],[-79.43722,0.0],[-79.47361,0.02972],[-79.48694,0.04944],[-79.48917,0.08389],[-79.49889,0.09611],[-79.495,0.1075],[-79.50667,0.12389]]]}},{"type":"Feature","properties":{"codigo":1007400694},"geometry":{"type":"Polygon","coordinates":[[[-78.30583,0.10611],[-78.26583,0.10694],[-78.26,0.12056],[-78.24694,0.12056],[-78.19111,0.05778],[-78.1875,0.01556],[-78.1775,0.01389],[-78.17278,-0.01722],[-78.18528,-0.05],[-78.20833,-0.07944],[-78.24028,-0.07],[-78.25889,-0.05528],[-78.30083,-0.05139],[-78.31472,-0.03111],[-78.33472,-0.04639],[-78.34889,-0.04611],[-78.36389,-0.03306],[-78.38389,-0.04528],[-78.39111,-0.035],[-78.39278,-0.02167],[-78.37694,-0.01306],[-78.37667,0.00611],[-78.35056,0.0625],[-78.33056,0.07083],[-78.30583,0.10611]]]}},{"type":"Feature","properties":{"codigo":1007400726},"geometry":{"type":"Polygon","coordinates":[[[-78.68222,0.09944],[-78.65722,0.12528],[-78.63917,0.0975],[-78.6475,0.05444],[-78.66667,0.05194],[-78.68194,0.03833],[-78.69361,0.00833],[-78.69611,0.07361],[-78.68361,0.08556],[-78.68222,0.09944]]]}},{"type":"Feature","properties":{"codigo":1007401681},"geometry":{"type":"Polygon","coordinates":[[[-77.82583,0.10194],[-77.7875,0.10389],[-77.78861,0.08056],[-77.75056,0.04833],[-77.74222,-0.01333],[-77.74556,-0.04472],[-77.73361,-0.07028],[-77.74167,-0.07833],[-77.78333,-0.08306],[-77.79611,-0.07056],[-77.80194,-0.03278],[-77.83861,-0.03917],[-77.84528,-0.03333],[-77.84278,-0.01056],[-77.82917,0.00722],[-77.84917,0.03917],[-77.84639,0.06139],[-77.83611,0.06639],[-77.82583,0.10194]]]}},{"type":"Feature","properties":{"codigo":1007401585},"geometry":{"type":"Polygon","coordinates":[[[-76.21306,0.10028],[-76.19528,0.11111],[-76.17917,0.10833],[-76.17806,0.09667],[-76.16806,0.09583],[-76.1625,0.11583],[-76.14806,0.11917],[-76.135,0.10972],[-76.13972,0.10167],[-76.12917,0.09972],[-76.12944,0.0925],[-76.10556,0.0875],[-76.11222,0.08417],[-76.09944,0.08],[-76.10417,0.07333],[-76.09556,0.06306],[-76.12778,0.05083],[-76.13278,0.04278],[-76.12306,0.03528],[-76.12917,0.02528],[-76.13806,0.02611],[-76.14472,0.00833],[-76.16972,0.01722],[-76.17917,0.02861],[-76.20194,0.02139],[-76.19806,0.03056],[-76.20667,0.045],[-76.1925,0.05611],[-76.21306,0.10028]]]}},{"type":"Feature","properties":{"codigo":1007400805},"geometry":{"type":"Polygon","coordinates":[[[-79.84028,0.11972],[-79.82306,0.12056],[-79.81611,0.10361],[-79.76417,0.11611],[-79.74444,0.09806],[-79.7375,0.08417],[-79.75917,0.05944],[-79.78472,0.05056],[-79.80306,0.055],[-79.78389,0.03472],[-79.76222,0.0425],[-79.75194,0.0375],[-79.75833,0.02],[-79.81306,0.00056],[-79.83806,0.00222],[-79.84778,-0.02889],[-79.88667,-0.05722],[-79.91194,-0.06],[-79.93083,-0.07583],[-79.93139,-0.09333],[-79.95028,-0.10083],[-79.97389,-0.07944],[-79.97361,-0.07083],[-79.9975,-0.065],[-80.02889,-0.07361],[-80.03139,-0.08278],[-80.05639,-0.08417],[-80.06806,-0.06556],[-80.06583,-0.04583],[-80.03417,-0.02306],[-80.02917,-0.00722],[-79.99833,-0.00194],[-79.97944,0.01528],[-79.96889,0.01278],[-79.94139,0.0425],[-79.9325,0.04278],[-79.91278,0.0725],[-79.8925,0.06361],[-79.85556,0.07333],[-79.84583,0.08722],[-79.85306,0.09694],[-79.84028,0.11972]]]}},{"type":"Feature","properties":{"codigo":1007401618},"geometry":{"type":"Polygon","coordinates":[[[-77.53861,0.14611],[-77.5125,0.14972],[-77.49944,0.13944],[-77.48389,0.14194],[-77.43528,0.11056],[-77.42389,0.1125],[-77.41389,0.09389],[-77.39194,0.09889],[-77.38778,0.09139],[-77.39833,0.07278],[-77.40056,0.02806],[-77.42056,0.01472],[-77.44722,0.02639],[-77.49056,0.07139],[-77.51944,0.0825],[-77.52306,0.09556],[-77.54028,0.10556],[-77.53861,0.14611]]]}},{"type":"Feature","properties":{"codigo":1007401600},"geometry":{"type":"Polygon","coordinates":[[[-77.39417,0.08111],[-77.37111,0.1],[-77.35694,0.08972],[-77.38056,0.07361],[-77.39417,0.08111]]]}},{"type":"Feature","properties":{"codigo":1007401586},"geometry":{"type":"Polygon","coordinates":[[[-76.35167,0.11083],[-76.29111,0.10083],[-76.27806,0.08833],[-76.25167,0.10417],[-76.23944,0.09722],[-76.21417,0.10139],[-76.1925,0.05611],[-76.20667,0.045],[-76.19806,0.03056],[-76.20222,0.01917],[-76.22306,0.02278],[-76.23111,0.01472],[-76.25694,0.01611],[-76.2775,0.00583],[-76.30917,0.02028],[-76.31139,0.01306],[-76.32417,0.01139],[-76.33806,0.02417],[-76.35056,0.01917],[-76.35472,0.02833],[-76.36917,0.01944],[-76.37917,0.02306],[-76.38444,0.03833],[-76.405,0.045],[-76.41389,0.06083],[-76.43111,0.06167],[-76.45222,0.07667],[-76.44917,0.08917],[-76.44,0.08667],[-76.42556,0.10583],[-76.42,0.09722],[-76.41,0.10278],[-76.36861,0.09139],[-76.35167,0.11083]]]}},{"type":"Feature","properties":{"codigo":1007401396},"geometry":{"type":"Polygon","coordinates":[[[-77.16694,0.0775],[-77.16056,0.09639],[-77.14389,0.08222],[-77.13278,0.08556],[-77.12222,0.10167],[-77.09917,0.10194],[-77.09917,0.1125],[-77.06389,0.11222],[-77.06111,0.12806],[-77.03806,0.12306],[-77.02194,0.13556],[-77.00333,0.13528],[-76.99944,0.15],[-76.98778,0.15417],[-76.98528,0.16417],[-76.97944,0.16167],[-76.97583,0.13472],[-76.99083,0.13111],[-77.00528,0.11528],[-77.0,0.07556],[-77.00722,0.07056],[-77.02528,0.06667],[-77.04083,0.07389],[-77.04778,0.06389],[-77.0625,0.07194],[-77.07556,0.06083],[-77.10472,0.05556],[-77.14111,0.07556],[-77.15056,0.05722],[-77.16389,0.06556],[-77.15944,0.07056],[-77.16694,0.0775]]]}},{"type":"Feature","properties":{"codigo":1007401619},"geometry":{"type":"Polygon","coordinates":[[[-77.39278,0.07917],[-77.37611,0.075],[-77.37972,0.05472],[-77.36056,0.03278],[-77.37972,0.02889],[-77.39167,0.00333],[-77.42917,-0.01],[-77.44444,-0.02917],[-77.46111,-0.00972],[-77.48833,-0.00861],[-77.51889,-0.035],[-77.55972,-0.04333],[-77.56694,-0.00667],[-77.56194,0.01111],[-77.52194,0.05417],[-77.51333,0.07],[-77.51583,0.08333],[-77.50472,0.07167],[-77.49056,0.07139],[-77.44722,0.02639],[-77.43861,0.02806],[-77.42167,0.01472],[-77.39639,0.03556],[-77.39889,0.06611],[-77.39278,0.07917]]]}},{"type":"Feature","properties":{"codigo":1007401588},"geometry":{"type":"Polygon","coordinates":[[[-76.53861,0.07194],[-76.54639,0.07583],[-76.54056,0.08222],[-76.52472,0.08389],[-76.51889,0.10278],[-76.50111,0.09],[-76.47972,0.09472],[-76.47639,0.085],[-76.46778,0.0875],[-76.43111,0.06167],[-76.41389,0.06083],[-76.405,0.045],[-76.38444,0.03833],[-76.36167,-0.00639],[-76.37417,-0.00889],[-76.37889,-0.02333],[-76.38667,-0.02528],[-76.41806,0.01139],[-76.52194,0.02972],[-76.53139,0.02222],[-76.53806,0.04722],[-76.52806,0.05833],[-76.53028,0.06417],[-76.54028,0.06111],[-76.53861,0.07194]]]}},{"type":"Feature","properties":{"codigo":1007401598},"geometry":{"type":"Polygon","coordinates":[[[-77.0,0.07611],[-76.98222,0.07],[-76.96417,0.07944],[-76.96667,0.06639],[-76.93944,0.06806],[-76.94056,0.06083],[-76.92778,0.05778],[-76.92944,0.04778],[-76.91667,0.04806],[-76.91194,0.03778],[-76.93028,0.02806],[-76.9625,0.04028],[-76.98,0.03806],[-76.98722,0.02778],[-77.02417,0.02944],[-77.02917,0.0175],[-77.04361,0.0225],[-77.05528,0.00611],[-77.09,0.00111],[-77.10722,-0.01278],[-77.13972,-0.01194],[-77.16917,-0.02833],[-77.18194,-0.02556],[-77.18556,-0.03778],[-77.21167,-0.04306],[-77.21806,-0.05889],[-77.25694,-0.04306],[-77.19861,-0.00222],[-77.21,0.01556],[-77.19556,0.0225],[-77.19778,0.02972],[-77.18667,0.01778],[-77.17444,0.02306],[-77.17194,0.03611],[-77.15333,0.03944],[-77.14111,0.07556],[-77.10389,0.05556],[-77.07556,0.06083],[-77.0625,0.07194],[-77.04639,0.06389],[-77.04083,0.07389],[-77.02444,0.06667],[-77.0,0.07611]]]}},{"type":"Feature","properties":{"codigo":1007401594},"geometry":{"type":"Polygon","coordinates":[[[-76.6375,0.10167],[-76.60111,0.10083],[-76.59889,0.0875],[-76.58222,0.09222],[-76.55194,0.06889],[-76.53944,0.07278],[-76.53722,0.05889],[-76.53,0.06389],[-76.5275,0.05583],[-76.53806,0.04722],[-76.53139,0.02222],[-76.5175,0.02083],[-76.51861,0.01028],[-76.50444,-0.00472],[-76.52556,-0.02333],[-76.51083,-0.02917],[-76.52444,-0.05278],[-76.54611,-0.06361],[-76.57194,-0.05917],[-76.57194,-0.03194],[-76.59528,-0.02528],[-76.60306,-0.00361],[-76.6275,-0.00167],[-76.63556,0.01278],[-76.64472,0.01417],[-76.6475,0.02306],[-76.63778,0.03389],[-76.65111,0.04361],[-76.65639,0.03972],[-76.64917,0.05194],[-76.66,0.05861],[-76.64,0.07833],[-76.6375,0.10167]]]}},{"type":"Feature","properties":{"codigo":1007401597},"geometry":{"type":"Polygon","coordinates":[[[-76.92944,0.04778],[-76.92389,0.07889],[-76.90639,0.07361],[-76.87833,0.08611],[-76.85639,0.08472],[-76.84694,0.06806],[-76.85222,0.04556],[-76.84583,0.03528],[-76.85861,0.03611],[-76.87028,0.02611],[-76.86972,0.0125],[-76.88222,0.01194],[-76.88194,0.00528],[-76.91167,-0.00889],[-76.92528,0.01056],[-76.91,0.03583],[-76.91667,0.04806],[-76.92944,0.04778]]]}},{"type":"Feature","properties":{"codigo":1007400665},"geometry":{"type":"Polygon","coordinates":[[[-79.20917,0.055],[-79.20861,0.06556],[-79.23583,0.08194],[-79.23278,0.11],[-79.20139,0.08806],[-79.17472,0.08611],[-79.16639,0.07639],[-79.11556,0.06417],[-79.10722,0.05528],[-79.08611,0.05583],[-79.06417,0.03722],[-79.01028,0.03972],[-78.92611,0.02528],[-78.91,0.01361],[-78.95722,-0.00833],[-78.9875,-0.01167],[-79.04861,0.00833],[-79.0775,0.00306],[-79.10972,0.01444],[-79.16528,0.01889],[-79.20917,0.055]]]}},{"type":"Feature","properties":{"codigo":1007400799},"geometry":{"type":"Polygon","coordinates":[[[-79.94167,0.11306],[-79.93667,0.07972],[-79.94306,0.06306],[-79.92833,0.05389],[-79.9325,0.04278],[-79.94139,0.0425],[-79.97111,0.01222],[-79.98694,0.0225],[-79.98222,0.05389],[-80.01083,0.08194],[-80.01639,0.10639],[-80.02778,0.11361],[-80.04361,0.11],[-80.03611,0.145],[-80.0025,0.1525],[-79.99917,0.1325],[-79.98472,0.12167],[-79.98861,0.09778],[-79.94167,0.11306]]]}},{"type":"Feature","properties":{"codigo":1007401294},"geometry":{"type":"Polygon","coordinates":[[[-75.85833,0.12278],[-75.84167,0.12556],[-75.82028,0.11167],[-75.81806,0.12611],[-75.7825,0.08444],[-75.8025,0.07778],[-75.80639,0.05083],[-75.83028,0.04111],[-75.83111,0.02944],[-75.84167,0.03333],[-75.84528,0.02306],[-75.87083,0.04417],[-75.87,0.03278],[-75.9025,0.02528],[-75.93417,0.04056],[-75.96222,0.03333],[-75.95889,0.03806],[-75.975,0.04694],[-75.95806,0.06583],[-75.93028,0.05917],[-75.92528,0.07083],[-75.91333,0.06722],[-75.91111,0.08306],[-75.85583,0.06639],[-75.84056,0.09194],[-75.85028,0.09111],[-75.84583,0.10028],[-75.86,0.11472],[-75.85833,0.12278]]]}},{"type":"Feature","properties":{"codigo":1007400631},"geometry":{"type":"Polygon","coordinates":[[[-79.3775,0.04917],[-79.36444,0.05472],[-79.36361,0.03361],[-79.35167,0.01722],[-79.37083,0.01111],[-79.37806,0.02889],[-79.39222,0.03306],[-79.38667,0.04222],[-79.37611,0.04],[-79.3775,0.04917]]]}},{"type":"Feature","properties":{"codigo":1007401621},"geometry":{"type":"Polygon","coordinates":[[[-77.75361,0.0525],[-77.74778,0.05778],[-77.73139,0.04889],[-77.68667,0.07278],[-77.66417,0.04861],[-77.62806,0.05167],[-77.61139,0.06083],[-77.59139,0.04778],[-77.57444,0.06083],[-77.51806,0.06611],[-77.53139,0.04111],[-77.56194,0.01111],[-77.56694,-0.00667],[-77.55917,-0.02306],[-77.56056,-0.05222],[-77.60167,-0.07611],[-77.6525,-0.06611],[-77.6825,-0.08278],[-77.70389,-0.08333],[-77.72278,-0.05528],[-77.73778,-0.05667],[-77.74556,-0.04472],[-77.74361,0.01194],[-77.75361,0.0525]]]}},{"type":"Feature","properties":{"codigo":1007400727},"geometry":{"type":"Polygon","coordinates":[[[-78.64694,0.05556],[-78.61278,0.04806],[-78.58806,0.06278],[-78.57806,0.05528],[-78.56278,0.06],[-78.56778,0.02778],[-78.55861,0.03028],[-78.54611,0.01917],[-78.52833,0.03111],[-78.50722,0.01917],[-78.49583,0.02306],[-78.49083,-0.00444],[-78.47694,-0.01472],[-78.48472,-0.04778],[-78.51139,-0.03833],[-78.53694,-0.05556],[-78.54667,-0.07694],[-78.54194,-0.11417],[-78.5625,-0.13389],[-78.56111,-0.15139],[-78.56861,-0.15917],[-78.57694,-0.16111],[-78.58306,-0.0575],[-78.59556,-0.04278],[-78.60583,-0.04278],[-78.60806,-0.00472],[-78.61833,-0.00694],[-78.63611,0.0075],[-78.655,0.00472],[-78.67222,0.02444],[-78.6775,0.04111],[-78.66667,0.05194],[-78.66,0.04806],[-78.64694,0.05556]]]}},{"type":"Feature","properties":{"codigo":1007400693},"geometry":{"type":"Polygon","coordinates":[[[-78.4125,0.03167],[-78.36583,0.04528],[-78.36361,0.05639],[-78.35083,0.06139],[-78.37667,0.00611],[-78.37694,-0.01306],[-78.39333,-0.02306],[-78.38861,-0.04],[-78.39889,-0.04667],[-78.41944,-0.04333],[-78.42722,-0.03167],[-78.42833,0.0],[-78.4125,0.03167]]]}},{"type":"Feature","properties":{"codigo":1007401403},"geometry":{"type":"Polygon","coordinates":[[[-75.98722,0.03056],[-75.96806,0.04611],[-75.96222,0.03333],[-75.93417,0.04056],[-75.89861,0.02528],[-75.87,0.03278],[-75.87389,0.0425],[-75.87028,0.04417],[-75.84472,0.02306],[-75.84167,0.03333],[-75.83111,0.02944],[-75.82444,0.04611],[-75.80639,0.05056],[-75.79278,0.02917],[-75.79389,0.00611],[-75.8175,-0.00389],[-75.80972,-0.01417],[-75.81361,-0.02167],[-75.83639,-0.02806],[-75.8675,-0.02111],[-75.87444,-0.03528],[-75.89694,-0.03611],[-75.93139,0.00333],[-75.97222,0.00306],[-75.97028,0.01278],[-75.98472,0.01528],[-75.98722,0.03056]]]}},{"type":"Feature","properties":{"codigo":1007002757},"geometry":{"type":"Polygon","coordinates":[[[-76.01028,0.03611],[-76.00139,0.03944],[-76.0025,0.03306],[-75.98444,0.03056],[-75.98639,0.0175],[-75.97028,0.01278],[-75.9675,-0.00028],[-75.93139,0.00333],[-75.89833,-0.02806],[-75.88083,-0.0625],[-75.88472,-0.075],[-75.89944,-0.07722],[-75.90417,-0.095],[-75.9225,-0.08083],[-75.94306,-0.08444],[-75.945,-0.07444],[-75.9675,-0.06889],[-75.96389,-0.05667],[-75.98694,-0.04361],[-75.97694,-0.03111],[-75.98028,-0.02222],[-75.9975,-0.01278],[-75.99861,0.0025],[-76.00806,0.005],[-76.01028,0.03611]]]}},{"type":"Feature","properties":{"codigo":1007400722},"geometry":{"type":"Polygon","coordinates":[[[-78.46583,0.03556],[-78.43917,0.04],[-78.42861,0.03],[-78.41222,0.03139],[-78.42833,0.0],[-78.43333,-0.08583],[-78.45194,-0.10917],[-78.47583,-0.10833],[-78.47139,-0.12667],[-78.5125,-0.13944],[-78.54306,-0.16278],[-78.56389,-0.16444],[-78.5625,-0.13389],[-78.54194,-0.11417],[-78.54667,-0.07694],[-78.53694,-0.05556],[-78.51139,-0.03833],[-78.4975,-0.04722],[-78.48278,-0.04583],[-78.47556,-0.01889],[-78.49111,-0.00389],[-78.49167,0.02056],[-78.46583,0.03556]]]}},{"type":"Feature","properties":{"codigo":1007401582},"geometry":{"type":"Polygon","coordinates":[[[-76.12778,0.05083],[-76.07889,0.0625],[-76.07722,0.05083],[-76.06778,0.04722],[-76.07056,0.03806],[-76.05389,0.04194],[-76.04417,0.03028],[-76.04222,0.005],[-76.02861,-0.01417],[-76.03333,-0.03528],[-76.00972,-0.05917],[-76.01111,-0.07556],[-76.02556,-0.07944],[-76.03056,-0.09361],[-76.05278,-0.09806],[-76.08167,-0.06417],[-76.10472,-0.05917],[-76.10361,-0.04167],[-76.08333,-0.03111],[-76.09278,-0.01194],[-76.09,0.00139],[-76.0975,0.00528],[-76.09472,0.015],[-76.10639,0.00639],[-76.11583,0.01194],[-76.13278,0.00667],[-76.14306,0.01444],[-76.12306,0.03528],[-76.13278,0.04278],[-76.12778,0.05083]]]}},{"type":"Feature","properties":{"codigo":1007002758},"geometry":{"type":"Polygon","coordinates":[[[-76.04389,0.0275],[-76.02333,0.03861],[-76.01028,0.03667],[-76.00806,0.005],[-75.99861,0.0025],[-75.9975,-0.01278],[-75.98028,-0.02222],[-75.97694,-0.03111],[-75.98694,-0.04361],[-75.96389,-0.05667],[-75.9675,-0.06889],[-75.945,-0.07444],[-75.94306,-0.08444],[-75.9225,-0.08083],[-75.90444,-0.09389],[-75.91917,-0.105],[-75.91972,-0.11917],[-75.94722,-0.11583],[-75.94472,-0.12417],[-75.95306,-0.12139],[-75.96583,-0.09861],[-75.98889,-0.10361],[-75.99083,-0.08611],[-76.01472,-0.07861],[-76.00972,-0.05917],[-76.03333,-0.03528],[-76.02861,-0.01417],[-76.04222,0.005],[-76.04389,0.0275]]]}},{"type":"Feature","properties":{"codigo":1007400698},"geometry":{"type":"Polygon","coordinates":[[[-78.00778,0.01306],[-77.98944,0.025],[-77.98722,-0.03306],[-77.99,-0.05833],[-78.00389,-0.07083],[-77.99,-0.10778],[-78.00028,-0.12806],[-78.01889,-0.14083],[-78.04083,-0.13778],[-78.05028,-0.15],[-78.06222,-0.15],[-78.06417,-0.12528],[-78.07278,-0.12722],[-78.10861,-0.08139],[-78.10806,-0.05528],[-78.12083,-0.03639],[-78.125,-0.01139],[-78.11778,-0.00472],[-78.10722,-0.00778],[-78.08917,-0.02889],[-78.06139,-0.04194],[-78.02389,0.00944],[-78.00778,0.01306]]]}},{"type":"Feature","properties":{"codigo":1007400635},"geometry":{"type":"Polygon","coordinates":[[[-78.89472,0.02306],[-78.85972,0.02583],[-78.81583,0.00028],[-78.83361,-0.02583],[-78.85694,-0.04194],[-78.86778,-0.08],[-78.89222,-0.06917],[-78.88611,-0.01833],[-78.91194,-0.00389],[-78.96917,-0.035],[-79.02472,-0.03278],[-79.07778,-0.04833],[-79.11694,-0.06583],[-79.13722,-0.09],[-79.14972,-0.09111],[-79.14972,-0.07167],[-79.13722,-0.06667],[-79.13028,-0.04444],[-79.105,-0.03111],[-79.01444,-0.00806],[-78.95722,-0.00833],[-78.89472,0.02306]]]}},{"type":"Feature","properties":{"codigo":1007400660},"geometry":{"type":"Polygon","coordinates":[[[-79.33528,0.00194],[-79.36361,0.03361],[-79.36306,0.05778],[-79.3375,0.04694],[-79.31528,0.05306],[-79.27639,0.03611],[-79.21806,0.03028],[-79.19722,0.01306],[-79.17528,0.01472],[-79.14611,0.00389],[-79.12278,0.00778],[-79.06306,-0.0075],[-79.04611,-0.00194],[-79.02611,-0.01111],[-79.1075,-0.03417],[-79.13028,-0.02611],[-79.18833,-0.04944],[-79.23611,-0.02944],[-79.24583,-0.03583],[-79.27083,-0.03028],[-79.31167,-0.01083],[-79.31694,0.00278],[-79.33528,0.00194]]]}},{"type":"Feature","properties":{"codigo":1007400632},"geometry":{"type":"Polygon","coordinates":[[[-79.36333,0.01472],[-79.35083,0.01806],[-79.32833,-0.00194],[-79.31694,0.00278],[-79.31167,-0.01083],[-79.27083,-0.03028],[-79.24583,-0.03583],[-79.23611,-0.02944],[-79.18833,-0.04944],[-79.12889,-0.02583],[-79.1175,-0.02639],[-79.11222,-0.03583],[-79.13028,-0.04444],[-79.13722,-0.06667],[-79.15194,-0.07528],[-79.18444,-0.07389],[-79.23111,-0.08556],[-79.23361,-0.07694],[-79.28222,-0.06639],[-79.30306,-0.03667],[-79.31833,-0.03583],[-79.3575,-0.01361],[-79.35556,0.00806],[-79.36333,0.01472]]]}},{"type":"Feature","properties":{"codigo":1007400617},"geometry":{"type":"Polygon","coordinates":[[[-79.74917,0.07028],[-79.73306,0.0525],[-79.70306,0.05111],[-79.66472,0.01889],[-79.64333,0.02056],[-79.63889,0.01333],[-79.64917,0.0075],[-79.64611,-0.00778],[-79.675,0.00944],[-79.74972,-0.00222],[-79.75167,-0.01694],[-79.78583,-0.00778],[-79.79944,-0.01667],[-79.80639,-0.0125],[-79.84111,-0.0225],[-79.83806,0.00222],[-79.81306,0.00056],[-79.75806,0.02028],[-79.75194,0.0375],[-79.76222,0.0425],[-79.78389,0.03472],[-79.80306,0.055],[-79.76472,0.05611],[-79.74917,0.07028]]]}},{"type":"Feature","properties":{"codigo":1007400615},"geometry":{"type":"Polygon","coordinates":[[[-79.62417,0.00944],[-79.6225,0.01306],[-79.62167,0.01083],[-79.62417,0.00944]]]}},{"type":"Feature","properties":{"codigo":1007400633},"geometry":{"type":"Polygon","coordinates":[[[-79.38056,-0.00417],[-79.36722,0.01667],[-79.35556,0.00806],[-79.3575,-0.01361],[-79.31833,-0.03583],[-79.30306,-0.03667],[-79.28222,-0.06639],[-79.23361,-0.07694],[-79.23111,-0.08556],[-79.18444,-0.07389],[-79.145,-0.0775],[-79.16889,-0.09417],[-79.22556,-0.10306],[-79.22833,-0.13333],[-79.20778,-0.15083],[-79.21111,-0.16417],[-79.22333,-0.15833],[-79.22639,-0.14333],[-79.24306,-0.14222],[-79.23944,-0.13444],[-79.25139,-0.13167],[-79.2575,-0.1175],[-79.30139,-0.09861],[-79.31139,-0.08],[-79.32139,-0.08278],[-79.31944,-0.06889],[-79.35056,-0.03778],[-79.36639,-0.03889],[-79.36778,-0.02222],[-79.37889,-0.02528],[-79.38056,-0.00417]]]}},{"type":"Feature","properties":{"codigo":1007400616},"geometry":{"type":"Polygon","coordinates":[[[-79.63889,0.01361],[-79.62417,0.00972],[-79.63556,-0.01083],[-79.64528,-0.00917],[-79.64944,0.00556],[-79.63889,0.01361]]]}},{"type":"Feature","properties":{"codigo":1007400598},"geometry":{"type":"Polygon","coordinates":[[[-79.61556,-0.02167],[-79.62194,0.01722],[-79.60306,0.02139],[-79.59667,0.03278],[-79.57694,0.03083],[-79.56056,0.00778],[-79.54778,0.00583],[-79.53583,-0.02694],[-79.52444,-0.03278],[-79.51639,-0.02556],[-79.49722,-0.03694],[-79.485,-0.05111],[-79.49222,-0.06194],[-79.47667,-0.07056],[-79.49611,-0.06917],[-79.54,-0.03667],[-79.57389,-0.02278],[-79.58972,-0.02806],[-79.59806,-0.01528],[-79.61556,-0.02167]]]}},{"type":"Feature","properties":{"codigo":1007400619},"geometry":{"type":"Polygon","coordinates":[[[-79.62417,0.00944],[-79.61611,-0.00222],[-79.61556,-0.0275],[-79.63167,-0.03139],[-79.63417,-0.05667],[-79.67083,-0.09],[-79.68611,-0.08222],[-79.72361,-0.08611],[-79.74194,-0.07861],[-79.765,-0.09306],[-79.7825,-0.08472],[-79.78472,-0.07194],[-79.79528,-0.07028],[-79.82611,-0.03306],[-79.79583,-0.03639],[-79.78111,-0.04611],[-79.76611,-0.04139],[-79.74056,-0.05306],[-79.73361,-0.04611],[-79.71111,-0.05139],[-79.67333,-0.02833],[-79.64194,-0.02222],[-79.62417,0.00944]]]}},{"type":"Feature","properties":{"codigo":1007400728},"geometry":{"type":"Polygon","coordinates":[[[-78.69333,0.00833],[-78.68778,0.03111],[-78.67694,0.04083],[-78.65694,0.00583],[-78.63611,0.0075],[-78.61833,-0.00694],[-78.60806,-0.00472],[-78.60583,-0.04278],[-78.59556,-0.04278],[-78.58306,-0.0575],[-78.5775,-0.13417],[-78.59472,-0.12583],[-78.61806,-0.09778],[-78.62028,-0.08083],[-78.64611,-0.04778],[-78.66306,-0.035],[-78.68417,-0.03361],[-78.68556,-0.00194],[-78.69333,0.00833]]]}},{"type":"Feature","properties":{"codigo":1007401623},"geometry":{"type":"Polygon","coordinates":[[[-76.9125,0.0375],[-76.91,0.03222],[-76.91806,0.01889],[-76.92389,0.02111],[-76.92222,0.01],[-76.94417,-0.005],[-76.94361,-0.01972],[-76.96611,-0.02028],[-76.98278,-0.03417],[-77.0025,-0.03667],[-77.01694,-0.06556],[-77.05083,-0.06167],[-77.06333,-0.08306],[-77.05917,-0.09111],[-77.08944,-0.09833],[-77.09833,-0.08667],[-77.12833,-0.08833],[-77.16611,-0.04861],[-77.18611,-0.05472],[-77.19333,-0.04944],[-77.20056,-0.05694],[-77.21306,-0.04639],[-77.18556,-0.03778],[-77.18111,-0.02528],[-77.16917,-0.02833],[-77.14083,-0.01222],[-77.10722,-0.01278],[-77.09,0.00111],[-77.05528,0.00611],[-77.04361,0.0225],[-77.02917,0.0175],[-77.02417,0.02944],[-76.98722,0.02778],[-76.98,0.03806],[-76.9625,0.04028],[-76.93028,0.02806],[-76.9125,0.0375]]]}},{"type":"Feature","properties":{"codigo":1007401622},"geometry":{"type":"Polygon","coordinates":[[[-77.32056,0.00778],[-77.31889,0.03194],[-77.29333,0.03389],[-77.28333,0.04889],[-77.25972,0.04861],[-77.25056,0.04111],[-77.19167,0.05583],[-77.18639,0.04611],[-77.15083,0.04472],[-77.17194,0.03611],[-77.17889,0.01972],[-77.19111,0.01972],[-77.18806,0.02556],[-77.19778,0.02972],[-77.19556,0.0225],[-77.21,0.01556],[-77.19861,-0.00222],[-77.22667,-0.02389],[-77.23556,-0.02222],[-77.25139,-0.04],[-77.27528,-0.03639],[-77.28944,-0.02528],[-77.29778,-0.00389],[-77.32056,0.00778]]]}},{"type":"Feature","properties":{"codigo":1007400696},"geometry":{"type":"Polygon","coordinates":[[[-78.17778,-0.00167],[-78.17306,0.00778],[-78.17472,-0.0025],[-78.17778,-0.00167]]]}},{"type":"Feature","properties":{"codigo":1007401583},"geometry":{"type":"Polygon","coordinates":[[[-76.14806,0.00722],[-76.13806,0.01444],[-76.13278,0.00667],[-76.11583,0.01194],[-76.10639,0.00639],[-76.09444,0.01472],[-76.0975,0.00528],[-76.09,0.00139],[-76.09278,-0.01194],[-76.08333,-0.03111],[-76.10361,-0.04167],[-76.10472,-0.05917],[-76.08167,-0.06417],[-76.05278,-0.09806],[-76.03361,-0.09333],[-76.04528,-0.10444],[-76.04083,-0.12306],[-76.05917,-0.12639],[-76.07667,-0.11722],[-76.07972,-0.12806],[-76.09778,-0.12417],[-76.11861,-0.13806],[-76.15028,-0.13444],[-76.17778,-0.1575],[-76.20194,-0.15472],[-76.20639,-0.14333],[-76.21889,-0.13889],[-76.235,-0.14361],[-76.25,-0.12111],[-76.23556,-0.10111],[-76.25333,-0.08306],[-76.26306,-0.08389],[-76.2625,-0.06806],[-76.26917,-0.07056],[-76.27111,-0.06417],[-76.22694,-0.05222],[-76.19694,-0.06528],[-76.19639,-0.055],[-76.17472,-0.0425],[-76.185,-0.0275],[-76.17667,-0.02306],[-76.17,-0.03083],[-76.16972,-0.02306],[-76.14556,-0.01083],[-76.14806,0.00722]]]}},{"type":"Feature","properties":{"codigo":1007401584},"geometry":{"type":"Polygon","coordinates":[[[-76.25917,0.01556],[-76.17667,0.02778],[-76.14917,0.00861],[-76.14556,-0.01083],[-76.16972,-0.02306],[-76.17,-0.03083],[-76.17667,-0.02306],[-76.18222,-0.02861],[-76.21083,-0.02417],[-76.21722,-0.03389],[-76.24889,-0.03472],[-76.25278,-0.01694],[-76.27222,-0.00333],[-76.25917,0.01556]]]}},{"type":"Feature","properties":{"codigo":1007401677},"geometry":{"type":"Polygon","coordinates":[[[-77.3875,0.00833],[-77.36028,0.01],[-77.34306,0.02028],[-77.33778,0.00917],[-77.29778,-0.00389],[-77.28944,-0.02528],[-77.2775,-0.03194],[-77.28222,-0.04139],[-77.31056,-0.03944],[-77.31139,-0.04889],[-77.32306,-0.05111],[-77.32722,-0.07167],[-77.35056,-0.08667],[-77.34389,-0.09889],[-77.36028,-0.11556],[-77.37861,-0.12778],[-77.40667,-0.13],[-77.43556,-0.11444],[-77.44056,-0.08222],[-77.42944,-0.06389],[-77.44528,-0.02917],[-77.43889,-0.01611],[-77.3875,0.00833]]]}},{"type":"Feature","properties":{"codigo":1007401587},"geometry":{"type":"Polygon","coordinates":[[[-76.37917,0.02333],[-76.36306,0.02028],[-76.35472,0.02833],[-76.35056,0.01917],[-76.33806,0.02417],[-76.32306,0.01111],[-76.30472,0.01944],[-76.27111,0.00667],[-76.27194,-0.00389],[-76.25278,-0.01694],[-76.24889,-0.03472],[-76.18667,-0.02528],[-76.17472,-0.0425],[-76.19639,-0.055],[-76.19694,-0.06528],[-76.22806,-0.05222],[-76.24361,-0.06139],[-76.26222,-0.05833],[-76.27306,-0.06833],[-76.27222,-0.05639],[-76.2925,-0.05722],[-76.29833,-0.05028],[-76.30667,-0.05528],[-76.31028,-0.04444],[-76.33083,-0.04694],[-76.35778,-0.07111],[-76.36,-0.09444],[-76.37417,-0.09472],[-76.38028,-0.10444],[-76.39833,-0.10167],[-76.39583,-0.09222],[-76.4125,-0.09111],[-76.41778,-0.08139],[-76.43,-0.08528],[-76.44889,-0.10861],[-76.45806,-0.1075],[-76.45861,-0.09806],[-76.46917,-0.10361],[-76.48361,-0.09778],[-76.48833,-0.08611],[-76.48083,-0.07444],[-76.49306,-0.07583],[-76.50028,-0.04722],[-76.45028,-0.04194],[-76.42389,-0.02639],[-76.38722,-0.03389],[-76.37417,-0.00889],[-76.36167,-0.00639],[-76.36222,0.00528],[-76.37917,0.02333]]]}},{"type":"Feature","properties":{"codigo":1007400697},"geometry":{"type":"Polygon","coordinates":[[[-78.17306,0.005],[-78.15722,0.01778],[-78.12389,0.01833],[-78.09778,0.00028],[-78.06056,0.01417],[-78.02389,0.00972],[-78.06139,-0.04194],[-78.08917,-0.02889],[-78.10722,-0.00778],[-78.11778,-0.00472],[-78.13472,-0.01778],[-78.13833,0.00444],[-78.17306,0.005]]]}},{"type":"Feature","properties":{"codigo":1007400700},"geometry":{"type":"Polygon","coordinates":[[[-78.17278,-0.01722],[-78.17333,0.005],[-78.14667,0.00611],[-78.13361,-0.00472],[-78.13667,-0.04389],[-78.12528,-0.07167],[-78.13361,-0.08611],[-78.13389,-0.11528],[-78.155,-0.13333],[-78.18556,-0.12528],[-78.20889,-0.07972],[-78.18444,-0.04806],[-78.17278,-0.01722]]]}},{"type":"Feature","properties":{"codigo":1007401683},"geometry":{"type":"Polygon","coordinates":[[[-77.98944,0.025],[-77.97611,0.02917],[-77.95667,0.01806],[-77.93139,0.03139],[-77.91444,0.02306],[-77.91972,0.01167],[-77.90194,-0.00639],[-77.87944,0.00222],[-77.85472,0.00083],[-77.84,0.02722],[-77.82917,0.00667],[-77.84639,-0.02417],[-77.87194,-0.03833],[-77.89583,-0.08667],[-77.91472,-0.08361],[-77.93194,-0.09972],[-77.95417,-0.09444],[-77.97,-0.12222],[-77.99167,-0.11083],[-78.00389,-0.07083],[-77.99,-0.05833],[-77.98944,0.025]]]}},{"type":"Feature","properties":{"codigo":1007002754},"geometry":{"type":"Polygon","coordinates":[[[-75.8175,-0.00389],[-75.78361,0.00639],[-75.76611,-0.00889],[-75.76028,0.01278],[-75.74583,0.01333],[-75.74417,0.02361],[-75.69167,0.02444],[-75.69972,-0.00528],[-75.68361,-0.01139],[-75.68028,-0.03306],[-75.65833,-0.02833],[-75.63139,-0.05306],[-75.61,-0.04694],[-75.58028,-0.06139],[-75.58944,-0.06806],[-75.58667,-0.0775],[-75.59667,-0.09306],[-75.58528,-0.09667],[-75.58556,-0.10556],[-75.59722,-0.11194],[-75.62889,-0.09944],[-75.63944,-0.115],[-75.66167,-0.11306],[-75.67333,-0.13639],[-75.6925,-0.13417],[-75.72528,-0.10944],[-75.72667,-0.095],[-75.74389,-0.08444],[-75.74667,-0.06972],[-75.75972,-0.07361],[-75.78694,-0.06028],[-75.80194,-0.06611],[-75.80944,-0.05694],[-75.83611,-0.05833],[-75.86194,-0.03917],[-75.87944,-0.03778],[-75.8675,-0.02111],[-75.83278,-0.02806],[-75.81167,-0.02083],[-75.8175,-0.00389]]]}},{"type":"Feature","properties":{"codigo":1007400636},"geometry":{"type":"Polygon","coordinates":[[[-78.81944,-0.01],[-78.81111,-0.00167],[-78.77361,-0.02611],[-78.7175,-0.03111],[-78.70778,-0.03833],[-78.69028,-0.02639],[-78.67722,-0.03722],[-78.66306,-0.035],[-78.62028,-0.08083],[-78.61806,-0.09778],[-78.59472,-0.12583],[-78.57389,-0.13694],[-78.57722,-0.16972],[-78.59972,-0.17667],[-78.60278,-0.16556],[-78.62222,-0.15944],[-78.62556,-0.15028],[-78.65056,-0.14639],[-78.65889,-0.13556],[-78.67806,-0.12861],[-78.68972,-0.13583],[-78.70306,-0.12417],[-78.73972,-0.12194],[-78.78222,-0.08833],[-78.81944,-0.01]]]}},{"type":"Feature","properties":{"codigo":1007400618},"geometry":{"type":"Polygon","coordinates":[[[-79.67306,0.00944],[-79.63278,-0.00944],[-79.63417,-0.01611],[-79.67333,-0.02833],[-79.71111,-0.05139],[-79.73361,-0.04611],[-79.74056,-0.05306],[-79.76611,-0.04139],[-79.78111,-0.04611],[-79.83667,-0.02528],[-79.83139,-0.01778],[-79.79944,-0.01667],[-79.78583,-0.00778],[-79.75167,-0.01694],[-79.74972,-0.00222],[-79.69861,0.0075],[-79.68333,0.00361],[-79.67306,0.00944]]]}},{"type":"Feature","properties":{"codigo":1007401627},"geometry":{"type":"Polygon","coordinates":[[[-76.87389,-0.01139],[-76.85972,-0.00028],[-76.85306,-0.00722],[-76.83361,-0.00194],[-76.84222,-0.02111],[-76.83028,-0.02778],[-76.80944,-0.00944],[-76.80833,-0.01694],[-76.79556,-0.015],[-76.79667,-0.02917],[-76.78389,-0.03583],[-76.78167,-0.05194],[-76.76139,-0.05583],[-76.74833,-0.03944],[-76.72583,-0.04917],[-76.72694,-0.05972],[-76.71333,-0.07028],[-76.69833,-0.065],[-76.70194,-0.05417],[-76.69139,-0.05389],[-76.66389,-0.08917],[-76.68944,-0.09611],[-76.70778,-0.08917],[-76.73417,-0.10278],[-76.7875,-0.08861],[-76.81778,-0.09222],[-76.87806,-0.06056],[-76.8675,-0.045],[-76.87389,-0.01139]]]}},{"type":"Feature","properties":{"codigo":1007400699},"geometry":{"type":"Polygon","coordinates":[[[-78.13389,-0.01778],[-78.12444,-0.01222],[-78.12083,-0.03639],[-78.10806,-0.05528],[-78.10861,-0.08139],[-78.07278,-0.12722],[-78.06417,-0.12528],[-78.06222,-0.15],[-78.05639,-0.15194],[-78.06222,-0.17444],[-78.08389,-0.18944],[-78.09056,-0.18083],[-78.1,-0.19111],[-78.10778,-0.18028],[-78.125,-0.18083],[-78.13222,-0.1675],[-78.15556,-0.17278],[-78.16,-0.16111],[-78.15361,-0.12806],[-78.13389,-0.11528],[-78.13361,-0.08611],[-78.12528,-0.07167],[-78.13667,-0.04389],[-78.13389,-0.01778]]]}},{"type":"Feature","properties":{"codigo":1007400599},"geometry":{"type":"Polygon","coordinates":[[[-79.61667,-0.02861],[-79.60417,-0.01944],[-79.61056,-0.0375],[-79.59111,-0.06194],[-79.61,-0.05861],[-79.63361,-0.04111],[-79.63167,-0.03139],[-79.61667,-0.02861]]]}},{"type":"Feature","properties":{"codigo":1007400637},"geometry":{"type":"Polygon","coordinates":[[[-78.83139,-0.0225],[-78.82889,-0.015],[-78.81778,-0.01111],[-78.815,-0.025],[-78.83139,-0.0225]]]}},{"type":"Feature","properties":{"codigo":1007400604},"geometry":{"type":"Polygon","coordinates":[[[-79.84194,-0.02167],[-79.79528,-0.07028],[-79.78472,-0.07194],[-79.7825,-0.08472],[-79.765,-0.09306],[-79.74472,-0.08889],[-79.73556,-0.09667],[-79.70056,-0.09944],[-79.69083,-0.13556],[-79.72778,-0.13806],[-79.73417,-0.13028],[-79.74944,-0.13333],[-79.77222,-0.12389],[-79.77917,-0.1375],[-79.76611,-0.14833],[-79.77389,-0.15444],[-79.78972,-0.15222],[-79.82667,-0.17278],[-79.84556,-0.15778],[-79.8675,-0.1575],[-79.86972,-0.16444],[-79.89222,-0.16944],[-79.89861,-0.18167],[-79.91056,-0.17639],[-79.9175,-0.155],[-79.93278,-0.14778],[-79.95972,-0.15611],[-79.97139,-0.14889],[-79.97167,-0.11611],[-79.95778,-0.10917],[-79.95639,-0.1],[-79.93139,-0.09333],[-79.92722,-0.07194],[-79.91194,-0.06],[-79.885,-0.05639],[-79.84194,-0.02167]]]}},{"type":"Feature","properties":{"codigo":1007401589},"geometry":{"type":"Polygon","coordinates":[[[-76.50444,-0.00556],[-76.52194,0.02972],[-76.41806,0.01139],[-76.38194,-0.02639],[-76.38722,-0.03389],[-76.42389,-0.02639],[-76.45028,-0.04194],[-76.49583,-0.04444],[-76.5,-0.05278],[-76.50611,-0.0425],[-76.52278,-0.04361],[-76.51083,-0.02917],[-76.52556,-0.02333],[-76.50444,-0.00556]]]}},{"type":"Feature","properties":{"codigo":1007400638},"geometry":{"type":"Polygon","coordinates":[[[-78.83139,-0.0225],[-78.82083,-0.02472],[-78.82472,-0.06028],[-78.81194,-0.10944],[-78.7875,-0.12722],[-78.77472,-0.14944],[-78.75222,-0.15694],[-78.73444,-0.17139],[-78.7325,-0.18278],[-78.7075,-0.19472],[-78.70806,-0.2025],[-78.6975,-0.20833],[-78.70111,-0.22472],[-78.65028,-0.25611],[-78.64694,-0.28833],[-78.62639,-0.285],[-78.60083,-0.30944],[-78.62056,-0.36056],[-78.6625,-0.36],[-78.68111,-0.32139],[-78.71444,-0.31806],[-78.72222,-0.32556],[-78.73139,-0.31972],[-78.74667,-0.27639],[-78.77472,-0.26639],[-78.78167,-0.27722],[-78.81278,-0.27806],[-78.81611,-0.26306],[-78.84722,-0.25028],[-78.84028,-0.23694],[-78.85167,-0.14333],[-78.86333,-0.1375],[-78.85833,-0.12139],[-78.8675,-0.07111],[-78.85694,-0.04194],[-78.83139,-0.0225]]]}},{"type":"Feature","properties":{"codigo":1007400639},"geometry":{"type":"Polygon","coordinates":[[[-78.82083,-0.02694],[-78.81361,-0.02444],[-78.8,-0.04389],[-78.80028,-0.05917],[-78.78083,-0.09028],[-78.73972,-0.12194],[-78.70306,-0.12417],[-78.68972,-0.13583],[-78.67806,-0.12861],[-78.65889,-0.13556],[-78.65056,-0.14639],[-78.62556,-0.15028],[-78.62222,-0.15944],[-78.60278,-0.16556],[-78.59972,-0.17667],[-78.57806,-0.17083],[-78.57806,-0.16194],[-78.56861,-0.15917],[-78.53861,-0.18194],[-78.55806,-0.23722],[-78.57722,-0.26111],[-78.605,-0.27278],[-78.61028,-0.30222],[-78.62639,-0.285],[-78.64694,-0.28833],[-78.65028,-0.25611],[-78.70111,-0.22472],[-78.6975,-0.20833],[-78.70806,-0.2025],[-78.7075,-0.19472],[-78.7325,-0.18278],[-78.73444,-0.17139],[-78.75222,-0.15694],[-78.77472,-0.14944],[-78.7875,-0.12722],[-78.81194,-0.10944],[-78.82472,-0.06028],[-78.82083,-0.02694]]]}},{"type":"Feature","properties":{"codigo":1007002756},"geometry":{"type":"Polygon","coordinates":[[[-75.89389,-0.03417],[-75.86194,-0.03917],[-75.83611,-0.05833],[-75.80944,-0.05694],[-75.80194,-0.06611],[-75.78694,-0.06028],[-75.75972,-0.07361],[-75.74667,-0.06972],[-75.74389,-0.08444],[-75.72667,-0.095],[-75.72528,-0.10944],[-75.69111,-0.13389],[-75.695,-0.14778],[-75.67389,-0.15611],[-75.67417,-0.16778],[-75.72417,-0.17472],[-75.74778,-0.19222],[-75.75806,-0.18],[-75.76972,-0.17889],[-75.77056,-0.17028],[-75.79278,-0.17667],[-75.81583,-0.16333],[-75.82167,-0.17194],[-75.84833,-0.17333],[-75.85361,-0.16389],[-75.89389,-0.15917],[-75.90361,-0.15528],[-75.90167,-0.14833],[-75.94056,-0.14028],[-75.95028,-0.12556],[-75.94722,-0.11583],[-75.91972,-0.11917],[-75.91833,-0.10389],[-75.90278,-0.09806],[-75.89944,-0.07722],[-75.8825,-0.07167],[-75.89389,-0.03417]]]}},{"type":"Feature","properties":{"codigo":1007401628},"geometry":{"type":"Polygon","coordinates":[[[-76.94472,-0.02],[-76.94361,-0.03056],[-76.92694,-0.03806],[-76.89528,-0.02472],[-76.88111,-0.00806],[-76.86917,-0.01222],[-76.8675,-0.045],[-76.87806,-0.06056],[-76.81694,-0.0925],[-76.7875,-0.08861],[-76.73417,-0.10278],[-76.70778,-0.08917],[-76.69056,-0.09611],[-76.67056,-0.09],[-76.65944,-0.09306],[-76.66556,-0.1],[-76.65917,-0.10361],[-76.70472,-0.11639],[-76.69778,-0.12861],[-76.71306,-0.135],[-76.71111,-0.15861],[-76.72056,-0.14944],[-76.74778,-0.15889],[-76.755,-0.15083],[-76.77111,-0.15417],[-76.77167,-0.14778],[-76.78111,-0.15306],[-76.78528,-0.13694],[-76.82389,-0.13611],[-76.83056,-0.12139],[-76.84694,-0.12639],[-76.85583,-0.10306],[-76.88111,-0.11278],[-76.88417,-0.09861],[-76.90083,-0.09833],[-76.90889,-0.08528],[-76.925,-0.08528],[-76.93139,-0.10972],[-76.95333,-0.12],[-76.96611,-0.10833],[-76.97194,-0.11639],[-76.98,-0.1125],[-76.98694,-0.09389],[-77.03722,-0.11694],[-77.06972,-0.11694],[-77.06722,-0.10111],[-77.0775,-0.09389],[-77.05833,-0.09056],[-77.06333,-0.08306],[-77.05083,-0.06167],[-77.01694,-0.06556],[-77.0025,-0.03667],[-76.98278,-0.03417],[-76.96611,-0.02028],[-76.94472,-0.02]]]}},{"type":"Feature","properties":{"codigo":1007401676},"geometry":{"type":"Polygon","coordinates":[[[-77.27778,-0.03222],[-77.23528,-0.04944],[-77.23222,-0.05806],[-77.21694,-0.05861],[-77.21056,-0.04917],[-77.2,-0.05694],[-77.19333,-0.04944],[-77.18611,-0.05472],[-77.16611,-0.04861],[-77.14333,-0.06556],[-77.13778,-0.08417],[-77.09833,-0.08667],[-77.09444,-0.09667],[-77.0775,-0.09361],[-77.0675,-0.10056],[-77.07194,-0.11389],[-77.05417,-0.12139],[-77.04944,-0.13306],[-77.05333,-0.15556],[-77.03361,-0.165],[-77.03472,-0.20528],[-77.04194,-0.20333],[-77.0475,-0.21306],[-77.02972,-0.24333],[-77.03667,-0.25333],[-77.01833,-0.26528],[-76.99944,-0.26306],[-76.99361,-0.27361],[-76.98861,-0.26778],[-76.96389,-0.27056],[-76.94917,-0.29028],[-76.9525,-0.31278],[-76.96028,-0.31639],[-76.95806,-0.33639],[-76.96861,-0.33611],[-76.97222,-0.34694],[-76.96222,-0.35167],[-76.96611,-0.35806],[-76.95083,-0.38722],[-76.95806,-0.39361],[-76.94583,-0.40556],[-76.95167,-0.42361],[-76.94278,-0.43028],[-76.97167,-0.44528],[-76.96528,-0.45972],[-76.97111,-0.47056],[-76.99278,-0.45222],[-76.99639,-0.42417],[-77.01194,-0.42444],[-77.01333,-0.405],[-77.03,-0.39972],[-77.03306,-0.3775],[-77.02556,-0.36472],[-77.03194,-0.32972],[-77.04889,-0.29889],[-77.075,-0.28333],[-77.06667,-0.27056],[-77.08417,-0.25444],[-77.07,-0.22611],[-77.07472,-0.19861],[-77.09472,-0.19361],[-77.13417,-0.16028],[-77.1625,-0.1725],[-77.22583,-0.17528],[-77.23611,-0.18444],[-77.24944,-0.1825],[-77.26444,-0.20028],[-77.28111,-0.20056],[-77.29222,-0.19417],[-77.29194,-0.1575],[-77.32278,-0.15722],[-77.32694,-0.14917],[-77.31556,-0.14722],[-77.30639,-0.12222],[-77.31028,-0.09778],[-77.30222,-0.06944],[-77.29306,-0.07056],[-77.28972,-0.04389],[-77.27778,-0.03222]]]}},{"type":"Feature","properties":{"codigo":1007401291},"geometry":{"type":"Polygon","coordinates":[[[-75.71083,0.02361],[-75.7125,0.04778],[-75.68444,0.06083],[-75.69944,0.06],[-75.69944,0.08167],[-75.68972,0.09083],[-75.68833,0.10861],[-75.67472,0.11444],[-75.695,0.13389],[-75.68889,0.14583],[-75.69917,0.15778],[-75.68222,0.1675],[-75.6725,0.14889],[-75.65028,0.14056],[-75.63861,0.11333],[-75.64083,0.10056],[-75.6225,0.1],[-75.61694,0.08889],[-75.60167,0.0875],[-75.60639,0.075],[-75.59222,0.04083],[-75.58444,0.04278],[-75.58472,0.02417],[-75.57361,0.02306],[-75.56333,0.00833],[-75.56861,-0.00306],[-75.53722,-0.01528],[-75.53861,-0.02889],[-75.56,-0.02972],[-75.54472,-0.05167],[-75.57222,-0.04278],[-75.58528,-0.02194],[-75.60083,-0.02306],[-75.61056,-0.03194],[-75.61028,-0.04694],[-75.62861,-0.05361],[-75.65833,-0.02833],[-75.68028,-0.03306],[-75.68361,-0.01139],[-75.69972,-0.00528],[-75.69111,0.02361],[-75.71083,0.02361]]]}},{"type":"Feature","properties":{"codigo":1007400801},"geometry":{"type":"Polygon","coordinates":[[[-80.08972,-0.04361],[-80.10194,-0.03472],[-80.09028,-0.01472],[-80.1,-0.00694],[-80.09917,0.01417],[-80.07333,0.02028],[-80.06611,0.01111],[-80.04111,0.00889],[-80.02944,-0.0075],[-80.03417,-0.02306],[-80.04972,-0.02861],[-80.06083,-0.04556],[-80.08972,-0.04361]]]}},{"type":"Feature","properties":{"codigo":1007400705},"geometry":{"type":"Polygon","coordinates":[[[-78.42556,-0.03611],[-78.40472,-0.06806],[-78.41361,-0.08889],[-78.40944,-0.10056],[-78.37556,-0.12],[-78.38083,-0.13306],[-78.37056,-0.16972],[-78.38583,-0.15639],[-78.39,-0.14028],[-78.42611,-0.13417],[-78.46361,-0.13806],[-78.47333,-0.12278],[-78.475,-0.1075],[-78.45194,-0.10917],[-78.43333,-0.08583],[-78.43528,-0.05139],[-78.42556,-0.03611]]]}},{"type":"Feature","properties":{"codigo":1007401679},"geometry":{"type":"Polygon","coordinates":[[[-77.55861,-0.04389],[-77.51889,-0.035],[-77.48833,-0.00861],[-77.46111,-0.00972],[-77.43028,-0.05944],[-77.44056,-0.08222],[-77.43556,-0.11444],[-77.40667,-0.13],[-77.37944,-0.1275],[-77.38444,-0.15139],[-77.40056,-0.14806],[-77.43167,-0.16944],[-77.44583,-0.17306],[-77.45889,-0.16556],[-77.46972,-0.17278],[-77.48778,-0.15806],[-77.48917,-0.13889],[-77.51389,-0.11444],[-77.52389,-0.12222],[-77.55806,-0.12222],[-77.57361,-0.13222],[-77.57694,-0.14722],[-77.60861,-0.16889],[-77.62667,-0.17056],[-77.68972,-0.21917],[-77.69806,-0.18667],[-77.68778,-0.16944],[-77.68889,-0.15361],[-77.70861,-0.15278],[-77.71528,-0.14028],[-77.71056,-0.11583],[-77.72861,-0.10472],[-77.73722,-0.05667],[-77.72278,-0.05528],[-77.70389,-0.08333],[-77.6825,-0.08278],[-77.6525,-0.06611],[-77.60167,-0.07611],[-77.58139,-0.06889],[-77.55861,-0.04389]]]}},{"type":"Feature","properties":{"codigo":1007400802},"geometry":{"type":"Polygon","coordinates":[[[-80.08972,-0.04361],[-80.06472,-0.04361],[-80.06806,-0.06556],[-80.05667,-0.07944],[-80.0775,-0.10194],[-80.08417,-0.095],[-80.10333,-0.09833],[-80.08972,-0.04361]]]}},{"type":"Feature","properties":{"codigo":1007400701},"geometry":{"type":"Polygon","coordinates":[[[-78.38833,-0.03917],[-78.385,-0.05444],[-78.40472,-0.06806],[-78.41194,-0.06389],[-78.41806,-0.04389],[-78.39889,-0.04667],[-78.38833,-0.03917]]]}},{"type":"Feature","properties":{"codigo":1007401593},"geometry":{"type":"Polygon","coordinates":[[[-76.54611,-0.06361],[-76.50611,-0.0425],[-76.49306,-0.07583],[-76.48083,-0.07444],[-76.4875,-0.09306],[-76.46917,-0.10361],[-76.45861,-0.09806],[-76.45472,-0.11],[-76.46556,-0.13861],[-76.48333,-0.13417],[-76.475,-0.14139],[-76.48,-0.15278],[-76.47472,-0.15583],[-76.48417,-0.15833],[-76.485,-0.17389],[-76.50028,-0.18667],[-76.5275,-0.17306],[-76.52028,-0.16333],[-76.53611,-0.15583],[-76.54056,-0.14278],[-76.52333,-0.12917],[-76.56167,-0.10278],[-76.58139,-0.10694],[-76.57833,-0.09361],[-76.58833,-0.08778],[-76.5775,-0.08111],[-76.55694,-0.08333],[-76.56167,-0.06333],[-76.54611,-0.06361]]]}},{"type":"Feature","properties":{"codigo":1007002753},"geometry":{"type":"Polygon","coordinates":[[[-75.61028,-0.04694],[-75.61056,-0.03194],[-75.58528,-0.02194],[-75.57222,-0.04278],[-75.54944,-0.05417],[-75.54778,-0.03944],[-75.52028,-0.04389],[-75.51417,-0.05083],[-75.52194,-0.06139],[-75.51917,-0.07278],[-75.485,-0.05472],[-75.48028,-0.06639],[-75.46806,-0.06194],[-75.45694,-0.07],[-75.45556,-0.09361],[-75.44556,-0.10028],[-75.43556,-0.09333],[-75.42083,-0.10639],[-75.40806,-0.10389],[-75.39667,-0.12028],[-75.36611,-0.0975],[-75.33194,-0.11056],[-75.32722,-0.11944],[-75.31694,-0.11667],[-75.31167,-0.125],[-75.29889,-0.12139],[-75.29583,-0.12889],[-75.28917,-0.12417],[-75.275,-0.13056],[-75.25667,-0.11667],[-75.25972,-0.13222],[-75.24417,-0.13056],[-75.255,-0.14944],[-75.24278,-0.15861],[-75.2325,-0.15056],[-75.22889,-0.1675],[-75.21833,-0.17028],[-75.22917,-0.18083],[-75.20611,-0.19417],[-75.21194,-0.21528],[-75.22917,-0.22472],[-75.23611,-0.21861],[-75.25333,-0.22139],[-75.265,-0.2325],[-75.29972,-0.21167],[-75.30722,-0.19833],[-75.32389,-0.20056],[-75.33556,-0.18],[-75.33917,-0.22278],[-75.32722,-0.245],[-75.35167,-0.2675],[-75.37861,-0.25417],[-75.36139,-0.23722],[-75.37,-0.22444],[-75.38861,-0.22972],[-75.3925,-0.21556],[-75.4225,-0.21194],[-75.44611,-0.195],[-75.44611,-0.17861],[-75.47306,-0.17972],[-75.49194,-0.16694],[-75.50861,-0.175],[-75.51333,-0.165],[-75.5175,-0.17722],[-75.52639,-0.17778],[-75.52694,-0.17111],[-75.56139,-0.15333],[-75.57528,-0.17167],[-75.59694,-0.1775],[-75.61083,-0.19389],[-75.66583,-0.19611],[-75.67556,-0.20583],[-75.66778,-0.20778],[-75.66944,-0.21778],[-75.68472,-0.22306],[-75.69028,-0.23361],[-75.69861,-0.19417],[-75.63917,-0.16333],[-75.62306,-0.145],[-75.62361,-0.1275],[-75.58528,-0.105],[-75.58528,-0.09667],[-75.59667,-0.09306],[-75.58667,-0.0775],[-75.58944,-0.06806],[-75.58028,-0.06139],[-75.61028,-0.04694]]]}},{"type":"Feature","properties":{"codigo":1007400702},"geometry":{"type":"Polygon","coordinates":[[[-78.385,-0.05444],[-78.38444,-0.045],[-78.36528,-0.03333],[-78.34889,-0.04611],[-78.33472,-0.04639],[-78.31472,-0.03111],[-78.30083,-0.05139],[-78.25889,-0.05528],[-78.24028,-0.07],[-78.21389,-0.07444],[-78.20611,-0.09889],[-78.21528,-0.11139],[-78.27111,-0.12278],[-78.30611,-0.10611],[-78.32694,-0.08111],[-78.34278,-0.08472],[-78.35139,-0.07611],[-78.36333,-0.07694],[-78.36417,-0.05972],[-78.385,-0.05444]]]}},{"type":"Feature","properties":{"codigo":1007401626},"geometry":{"type":"Polygon","coordinates":[[[-76.83111,-0.00528],[-76.83583,0.00722],[-76.8,0.02139],[-76.79833,0.03278],[-76.745,0.05417],[-76.7275,0.04472],[-76.73333,0.02194],[-76.70778,0.02528],[-76.68333,0.01139],[-76.66694,-0.00667],[-76.66639,-0.01917],[-76.6475,-0.01139],[-76.64417,-0.02722],[-76.625,-0.04361],[-76.62556,-0.05444],[-76.6575,-0.06583],[-76.65528,-0.08333],[-76.66083,-0.07778],[-76.67083,-0.08194],[-76.67278,-0.07],[-76.69139,-0.05389],[-76.70194,-0.05417],[-76.69833,-0.065],[-76.715,-0.07],[-76.72694,-0.05972],[-76.72583,-0.04917],[-76.74833,-0.03944],[-76.76917,-0.05806],[-76.79667,-0.02917],[-76.79639,-0.01444],[-76.82028,-0.01278],[-76.83028,-0.02778],[-76.84167,-0.02167],[-76.83111,-0.00528]]]}},{"type":"Feature","properties":{"codigo":1007400600},"geometry":{"type":"Polygon","coordinates":[[[-79.63222,-0.04278],[-79.60306,-0.05917],[-79.60111,-0.07222],[-79.5875,-0.08611],[-79.56111,-0.095],[-79.555,-0.10833],[-79.59778,-0.09806],[-79.60306,-0.10639],[-79.62222,-0.08361],[-79.65556,-0.08056],[-79.63417,-0.05667],[-79.63222,-0.04278]]]}},{"type":"Feature","properties":{"codigo":1007400614},"geometry":{"type":"Polygon","coordinates":[[[-79.59056,-0.06056],[-79.61056,-0.0375],[-79.59833,-0.01528],[-79.58972,-0.02806],[-79.57389,-0.02278],[-79.54,-0.03667],[-79.49611,-0.06917],[-79.48194,-0.06861],[-79.44056,-0.10694],[-79.43417,-0.09806],[-79.42,-0.10306],[-79.4075,-0.09806],[-79.39,-0.11083],[-79.36972,-0.10611],[-79.33972,-0.12028],[-79.31611,-0.11528],[-79.2825,-0.12472],[-79.26444,-0.14222],[-79.2175,-0.16389],[-79.21694,-0.18028],[-79.20528,-0.17861],[-79.19917,-0.19611],[-79.16639,-0.21806],[-79.14639,-0.24667],[-79.18528,-0.21778],[-79.27278,-0.195],[-79.3325,-0.18972],[-79.335,-0.18111],[-79.36111,-0.18],[-79.40167,-0.15111],[-79.42389,-0.14972],[-79.43639,-0.13806],[-79.45278,-0.14306],[-79.46556,-0.13556],[-79.46667,-0.12417],[-79.48528,-0.11472],[-79.49778,-0.085],[-79.55361,-0.08333],[-79.59056,-0.06056]]]}},{"type":"Feature","properties":{"codigo":1007400613},"geometry":{"type":"Polygon","coordinates":[[[-79.60278,-0.05972],[-79.58056,-0.06417],[-79.55361,-0.08333],[-79.49778,-0.085],[-79.49028,-0.1075],[-79.46583,-0.125],[-79.46556,-0.13556],[-79.39472,-0.15389],[-79.36806,-0.17583],[-79.45806,-0.15778],[-79.47611,-0.16278],[-79.48,-0.15111],[-79.53778,-0.15056],[-79.55528,-0.12028],[-79.54833,-0.11167],[-79.56111,-0.095],[-79.5875,-0.08611],[-79.60278,-0.05972]]]}},{"type":"Feature","properties":{"codigo":1007400703},"geometry":{"type":"Polygon","coordinates":[[[-78.40472,-0.06806],[-78.385,-0.05444],[-78.36417,-0.05972],[-78.36111,-0.07028],[-78.38556,-0.09861],[-78.38917,-0.09],[-78.40944,-0.08222],[-78.40472,-0.06806]]]}},{"type":"Feature","properties":{"codigo":1007400641},"geometry":{"type":"Polygon","coordinates":[[[-78.95861,-0.03472],[-78.91194,-0.00389],[-78.88667,-0.01722],[-78.89222,-0.06917],[-78.86972,-0.07667],[-78.8625,-0.09056],[-78.85833,-0.13139],[-78.86722,-0.14333],[-78.8925,-0.14278],[-78.91111,-0.15361],[-78.94167,-0.13139],[-78.95028,-0.13778],[-78.98306,-0.13167],[-78.98472,-0.11778],[-78.99556,-0.11222],[-78.97,-0.07056],[-78.95861,-0.03472]]]}},{"type":"Feature","properties":{"codigo":1007401684},"geometry":{"type":"Polygon","coordinates":[[[-77.84833,-0.02528],[-77.83917,-0.03917],[-77.80194,-0.03278],[-77.79611,-0.07056],[-77.78278,-0.08333],[-77.80444,-0.09917],[-77.82917,-0.0975],[-77.84861,-0.125],[-77.85,-0.15222],[-77.86639,-0.16111],[-77.87694,-0.14639],[-77.8975,-0.14167],[-77.89861,-0.12833],[-77.93278,-0.09972],[-77.91472,-0.08361],[-77.89583,-0.08667],[-77.87194,-0.03833],[-77.84833,-0.02528]]]}},{"type":"Feature","properties":{"codigo":1007401625},"geometry":{"type":"Polygon","coordinates":[[[-76.66583,-0.09222],[-76.66083,-0.07778],[-76.65556,-0.08306],[-76.65667,-0.0925],[-76.66583,-0.09222]]]}},{"type":"Feature","properties":{"codigo":1007401624},"geometry":{"type":"Polygon","coordinates":[[[-76.65556,-0.08333],[-76.6575,-0.06583],[-76.62556,-0.05472],[-76.61306,-0.07361],[-76.57889,-0.0925],[-76.58139,-0.10694],[-76.56167,-0.10278],[-76.52333,-0.12917],[-76.54056,-0.14472],[-76.53583,-0.15611],[-76.52028,-0.16333],[-76.52778,-0.17278],[-76.49556,-0.19306],[-76.50222,-0.21056],[-76.51806,-0.19917],[-76.52389,-0.20611],[-76.53528,-0.19889],[-76.55333,-0.17083],[-76.58556,-0.15444],[-76.60556,-0.15111],[-76.64806,-0.17111],[-76.65611,-0.16167],[-76.66389,-0.17278],[-76.69111,-0.1675],[-76.69444,-0.15667],[-76.71,-0.15667],[-76.71306,-0.135],[-76.69778,-0.12861],[-76.70472,-0.11639],[-76.65917,-0.10361],[-76.66556,-0.09833],[-76.65556,-0.08333]]]}},{"type":"Feature","properties":{"codigo":1007401680},"geometry":{"type":"Polygon","coordinates":[[[-77.78278,-0.08306],[-77.75306,-0.08194],[-77.73361,-0.07111],[-77.72694,-0.10806],[-77.71056,-0.11583],[-77.71722,-0.12611],[-77.71,-0.15056],[-77.68889,-0.15361],[-77.68778,-0.16944],[-77.69806,-0.18667],[-77.68889,-0.21],[-77.71611,-0.20194],[-77.72861,-0.22611],[-77.71917,-0.23889],[-77.76,-0.27444],[-77.81806,-0.21944],[-77.83806,-0.16722],[-77.86611,-0.16194],[-77.85,-0.15222],[-77.84861,-0.125],[-77.82917,-0.0975],[-77.80444,-0.09917],[-77.78278,-0.08306]]]}},{"type":"Feature","properties":{"codigo":1007400601},"geometry":{"type":"Polygon","coordinates":[[[-79.75611,-0.09056],[-79.74194,-0.07861],[-79.72361,-0.08611],[-79.68611,-0.08222],[-79.67472,-0.09],[-79.64694,-0.07833],[-79.62361,-0.08306],[-79.61056,-0.09722],[-79.60583,-0.12028],[-79.58556,-0.12944],[-79.575,-0.14778],[-79.59083,-0.155],[-79.60167,-0.14444],[-79.60472,-0.15111],[-79.63583,-0.155],[-79.70222,-0.09833],[-79.75611,-0.09056]]]}},{"type":"Feature","properties":{"codigo":1007400634},"geometry":{"type":"Polygon","coordinates":[[[-79.14944,-0.08444],[-79.14361,-0.10194],[-79.11361,-0.11083],[-79.18833,-0.12639],[-79.22972,-0.11111],[-79.22028,-0.10056],[-79.18139,-0.09806],[-79.14944,-0.08444]]]}},{"type":"Feature","properties":{"codigo":1007400640},"geometry":{"type":"Polygon","coordinates":[[[-79.14861,-0.09139],[-79.13722,-0.09],[-79.11694,-0.06583],[-79.07778,-0.04833],[-79.02472,-0.03278],[-78.96917,-0.035],[-78.96056,-0.02806],[-78.94194,-0.01944],[-78.95861,-0.03472],[-78.97,-0.07056],[-79.00306,-0.12167],[-78.99583,-0.14444],[-79.0075,-0.17083],[-79.02028,-0.16722],[-79.03111,-0.13972],[-79.05472,-0.11444],[-79.11722,-0.10972],[-79.14361,-0.10194],[-79.14861,-0.09139]]]}},{"type":"Feature","properties":{"codigo":1007400803},"geometry":{"type":"Polygon","coordinates":[[[-80.07056,-0.09333],[-80.06111,-0.08306],[-80.03139,-0.08278],[-80.02889,-0.07361],[-79.9975,-0.065],[-79.97361,-0.07083],[-79.95583,-0.10444],[-79.97167,-0.11611],[-79.97167,-0.15],[-79.98972,-0.1575],[-79.99306,-0.17111],[-80.00306,-0.16944],[-80.01833,-0.18667],[-80.02778,-0.17444],[-80.02056,-0.15722],[-80.07056,-0.09333]]]}},{"type":"Feature","properties":{"codigo":1007401576},"geometry":{"type":"Polygon","coordinates":[[[-76.36,-0.09444],[-76.35778,-0.07111],[-76.33083,-0.04694],[-76.31028,-0.04444],[-76.30667,-0.05528],[-76.29833,-0.05028],[-76.2925,-0.05722],[-76.27222,-0.05639],[-76.27556,-0.06694],[-76.2625,-0.06806],[-76.26306,-0.08389],[-76.25333,-0.08306],[-76.23556,-0.10111],[-76.25,-0.12111],[-76.23528,-0.14306],[-76.24833,-0.14639],[-76.26083,-0.12917],[-76.27083,-0.13278],[-76.27611,-0.12056],[-76.29361,-0.12472],[-76.30111,-0.13472],[-76.3375,-0.10694],[-76.34806,-0.11111],[-76.36,-0.09444]]]}},{"type":"Feature","properties":{"codigo":1007401581},"geometry":{"type":"Polygon","coordinates":[[[-76.04528,-0.10444],[-76.02556,-0.07944],[-76.01111,-0.07833],[-75.99028,-0.08667],[-75.98889,-0.10361],[-75.96583,-0.09861],[-75.95806,-0.11889],[-75.92361,-0.15556],[-75.92722,-0.17222],[-75.93528,-0.17944],[-75.96083,-0.17528],[-75.9625,-0.14472],[-75.97861,-0.13556],[-75.985,-0.13944],[-75.99556,-0.12861],[-75.99389,-0.11222],[-76.00917,-0.11333],[-76.01639,-0.10528],[-76.02472,-0.12278],[-76.04111,-0.12389],[-76.04528,-0.10444]]]}},{"type":"Feature","properties":{"codigo":1007400719},"geometry":{"type":"Polygon","coordinates":[[[-78.38528,-0.09861],[-78.36278,-0.07667],[-78.34278,-0.08472],[-78.32694,-0.08111],[-78.31083,-0.09306],[-78.30667,-0.10222],[-78.34889,-0.10056],[-78.34639,-0.11528],[-78.32833,-0.17417],[-78.28778,-0.18389],[-78.28139,-0.21167],[-78.32278,-0.2025],[-78.33611,-0.17056],[-78.3425,-0.17],[-78.34778,-0.13722],[-78.38528,-0.09861]]]}},{"type":"Feature","properties":{"codigo":1007400704},"geometry":{"type":"Polygon","coordinates":[[[-78.40944,-0.08222],[-78.38917,-0.09],[-78.36944,-0.10917],[-78.36694,-0.12278],[-78.40944,-0.10056],[-78.40944,-0.08222]]]}},{"type":"Feature","properties":{"codigo":1007400804},"geometry":{"type":"Polygon","coordinates":[[[-80.10333,-0.09833],[-80.08417,-0.095],[-80.0775,-0.10194],[-80.07,-0.09333],[-80.02028,-0.15861],[-80.03389,-0.19861],[-80.0475,-0.20194],[-80.05278,-0.21361],[-80.06472,-0.21556],[-80.06806,-0.22667],[-80.08667,-0.2375],[-80.10111,-0.23111],[-80.11028,-0.21167],[-80.10139,-0.15972],[-80.12556,-0.14667],[-80.12417,-0.13694],[-80.13333,-0.13278],[-80.11056,-0.11806],[-80.10333,-0.09833]]]}},{"type":"Feature","properties":{"codigo":1007400720},"geometry":{"type":"Polygon","coordinates":[[[-78.34444,-0.10056],[-78.30861,-0.10167],[-78.2625,-0.12278],[-78.21528,-0.11139],[-78.205,-0.09056],[-78.19694,-0.09333],[-78.18556,-0.12528],[-78.15389,-0.13639],[-78.16111,-0.15667],[-78.15861,-0.18306],[-78.19,-0.1975],[-78.18583,-0.21306],[-78.19,-0.21528],[-78.20444,-0.20333],[-78.20556,-0.17333],[-78.21556,-0.175],[-78.22083,-0.16528],[-78.23,-0.16889],[-78.30306,-0.13139],[-78.34444,-0.10056]]]}},{"type":"Feature","properties":{"codigo":1007401578},"geometry":{"type":"Polygon","coordinates":[[[-76.45611,-0.10722],[-76.44306,-0.10583],[-76.43,-0.08528],[-76.41778,-0.08139],[-76.4125,-0.09111],[-76.39583,-0.09222],[-76.39833,-0.10167],[-76.38778,-0.10556],[-76.36889,-0.0925],[-76.35972,-0.09444],[-76.34806,-0.10917],[-76.35778,-0.11583],[-76.33833,-0.12778],[-76.36056,-0.13139],[-76.35972,-0.15944],[-76.38472,-0.14556],[-76.40722,-0.17833],[-76.43167,-0.18083],[-76.43556,-0.17361],[-76.445,-0.17583],[-76.45,-0.16083],[-76.44444,-0.15222],[-76.45167,-0.14667],[-76.45611,-0.10722]]]}},{"type":"Feature","properties":{"codigo":1007400610},"geometry":{"type":"Polygon","coordinates":[[[-79.60861,-0.10389],[-79.60167,-0.10583],[-79.59778,-0.09806],[-79.54833,-0.11167],[-79.55528,-0.12028],[-79.53889,-0.15],[-79.5475,-0.14611],[-79.55694,-0.16333],[-79.56778,-0.16167],[-79.56667,-0.1525],[-79.58528,-0.12972],[-79.60583,-0.12028],[-79.60861,-0.10389]]]}},{"type":"Feature","properties":{"codigo":1007400645},"geometry":{"type":"Polygon","coordinates":[[[-79.12667,-0.12444],[-79.10806,-0.10639],[-79.07278,-0.10889],[-79.04222,-0.12278],[-79.01833,-0.16778],[-79.03028,-0.23389],[-79.00917,-0.25583],[-78.98472,-0.26139],[-78.99694,-0.2825],[-79.01833,-0.27722],[-79.02167,-0.26694],[-79.03528,-0.26417],[-79.06222,-0.23861],[-79.07,-0.22472],[-79.06917,-0.20139],[-79.08417,-0.18],[-79.14056,-0.14083],[-79.14472,-0.13028],[-79.12667,-0.12444]]]}},{"type":"Feature","properties":{"codigo":1007400643},"geometry":{"type":"Polygon","coordinates":[[[-79.22889,-0.11139],[-79.21833,-0.11583],[-79.22667,-0.12528],[-79.22889,-0.12278],[-79.22889,-0.11139]]]}},{"type":"Feature","properties":{"codigo":1007401668},"geometry":{"type":"Polygon","coordinates":[[[-76.98778,-0.13444],[-77.05861,-0.11583],[-77.03722,-0.11694],[-76.98778,-0.09389],[-76.98,-0.1125],[-76.97194,-0.11639],[-76.96611,-0.10833],[-76.95333,-0.12],[-76.93139,-0.10972],[-76.93278,-0.09972],[-76.92472,-0.09944],[-76.92111,-0.08472],[-76.90889,-0.08528],[-76.895,-0.10056],[-76.88417,-0.09861],[-76.88111,-0.11278],[-76.85472,-0.10361],[-76.84694,-0.12639],[-76.83056,-0.12139],[-76.8275,-0.13472],[-76.80139,-0.13444],[-76.80278,-0.15222],[-76.78694,-0.17],[-76.79056,-0.19306],[-76.78056,-0.195],[-76.78194,-0.2025],[-76.77278,-0.20278],[-76.76583,-0.21694],[-76.74861,-0.21833],[-76.75639,-0.225],[-76.75222,-0.23917],[-76.73306,-0.23722],[-76.72222,-0.25722],[-76.7375,-0.26194],[-76.71278,-0.27083],[-76.71,-0.27694],[-76.72139,-0.28111],[-76.70694,-0.29972],[-76.71278,-0.30833],[-76.73889,-0.30389],[-76.74472,-0.31083],[-76.78333,-0.26667],[-76.79972,-0.27861],[-76.80194,-0.26222],[-76.81083,-0.25639],[-76.80694,-0.24556],[-76.82611,-0.23639],[-76.82639,-0.22556],[-76.84389,-0.21222],[-76.84778,-0.22139],[-76.85583,-0.21861],[-76.865,-0.19556],[-76.93139,-0.17972],[-76.93083,-0.16444],[-76.98778,-0.13444]]]}},{"type":"Feature","properties":{"codigo":1007401690},"geometry":{"type":"Polygon","coordinates":[[[-77.99167,-0.11028],[-77.96972,-0.12222],[-77.97528,-0.14333],[-77.96833,-0.16917],[-77.98583,-0.17333],[-77.98361,-0.18722],[-77.99444,-0.20444],[-78.00167,-0.20222],[-78.01083,-0.22806],[-78.03861,-0.19861],[-78.07889,-0.20111],[-78.08444,-0.18944],[-78.06222,-0.17444],[-78.05444,-0.16167],[-78.05778,-0.15028],[-78.04083,-0.13778],[-78.01417,-0.13806],[-77.99167,-0.11028]]]}},{"type":"Feature","properties":{"codigo":1007401688},"geometry":{"type":"Polygon","coordinates":[[[-77.97528,-0.14333],[-77.95583,-0.09556],[-77.94472,-0.09444],[-77.92139,-0.10528],[-77.89528,-0.135],[-77.91917,-0.15472],[-77.9225,-0.1775],[-77.90639,-0.20694],[-77.91278,-0.24083],[-77.92028,-0.24556],[-77.93333,-0.23222],[-77.95,-0.23222],[-77.95861,-0.20611],[-77.97139,-0.20417],[-77.98722,-0.18056],[-77.98278,-0.17083],[-77.96833,-0.16917],[-77.97528,-0.14333]]]}},{"type":"Feature","properties":{"codigo":1007400718},"geometry":{"type":"Polygon","coordinates":[[[-78.37556,-0.12083],[-78.34778,-0.13722],[-78.3425,-0.17],[-78.31861,-0.20444],[-78.2575,-0.21139],[-78.23167,-0.20611],[-78.205,-0.18861],[-78.20417,-0.20389],[-78.18667,-0.21944],[-78.19167,-0.28139],[-78.21639,-0.28528],[-78.24806,-0.25],[-78.28333,-0.24889],[-78.34472,-0.22972],[-78.37583,-0.15722],[-78.38083,-0.13167],[-78.37556,-0.12083]]]}},{"type":"Feature","properties":{"codigo":1007400644},"geometry":{"type":"Polygon","coordinates":[[[-79.22389,-0.12306],[-79.22,-0.1175],[-79.19083,-0.12639],[-79.18083,-0.12056],[-79.155,-0.12389],[-79.12139,-0.1125],[-79.12667,-0.12444],[-79.14889,-0.13472],[-79.14944,-0.14556],[-79.18417,-0.13194],[-79.195,-0.13944],[-79.20194,-0.13028],[-79.20806,-0.13778],[-79.22389,-0.12306]]]}},{"type":"Feature","properties":{"codigo":1007400647},"geometry":{"type":"Polygon","coordinates":[[[-79.22722,-0.12528],[-79.20806,-0.13778],[-79.20167,-0.13028],[-79.195,-0.13944],[-79.18417,-0.13194],[-79.14556,-0.14333],[-79.12694,-0.1675],[-79.11139,-0.16917],[-79.08611,-0.19167],[-79.07778,-0.20528],[-79.09139,-0.25028],[-79.04806,-0.27222],[-79.03806,-0.29167],[-79.02139,-0.30139],[-79.03417,-0.30583],[-79.05139,-0.33444],[-79.06333,-0.33944],[-79.07556,-0.32389],[-79.09056,-0.27472],[-79.14222,-0.25278],[-79.16639,-0.21806],[-79.19917,-0.19611],[-79.20528,-0.17861],[-79.21694,-0.18028],[-79.20722,-0.15194],[-79.2275,-0.13472],[-79.22722,-0.12528]]]}},{"type":"Feature","properties":{"codigo":1007401678},"geometry":{"type":"Polygon","coordinates":[[[-77.37944,-0.12778],[-77.34389,-0.09889],[-77.35056,-0.08667],[-77.33222,-0.07889],[-77.31194,-0.04056],[-77.28306,-0.04139],[-77.28972,-0.04389],[-77.29306,-0.07056],[-77.30417,-0.075],[-77.31028,-0.09778],[-77.30639,-0.12222],[-77.31778,-0.14944],[-77.36778,-0.15167],[-77.38444,-0.16167],[-77.37944,-0.12778]]]}},{"type":"Feature","properties":{"codigo":1007401577},"geometry":{"type":"Polygon","coordinates":[[[-76.32361,-0.15556],[-76.33917,-0.12361],[-76.35778,-0.11556],[-76.3375,-0.10694],[-76.30111,-0.13417],[-76.29333,-0.15444],[-76.32361,-0.15556]]]}},{"type":"Feature","properties":{"codigo":1007400603},"geometry":{"type":"Polygon","coordinates":[[[-79.69694,-0.10528],[-79.68194,-0.11],[-79.66028,-0.13194],[-79.66556,-0.14917],[-79.65778,-0.16222],[-79.67694,-0.17139],[-79.69028,-0.16194],[-79.70694,-0.16722],[-79.69,-0.13417],[-79.69694,-0.10528]]]}},{"type":"Feature","properties":{"codigo":1007002755},"geometry":{"type":"Polygon","coordinates":[[[-75.69111,-0.13389],[-75.67333,-0.13639],[-75.66167,-0.11306],[-75.63944,-0.115],[-75.62889,-0.09944],[-75.60083,-0.10889],[-75.60083,-0.11778],[-75.62361,-0.1275],[-75.62306,-0.145],[-75.63583,-0.16028],[-75.66972,-0.18028],[-75.67389,-0.15611],[-75.69667,-0.145],[-75.69111,-0.13389]]]}},{"type":"Feature","properties":{"codigo":1007400717},"geometry":{"type":"Polygon","coordinates":[[[-78.47083,-0.12611],[-78.46056,-0.1675],[-78.44556,-0.16528],[-78.42611,-0.18083],[-78.41361,-0.17722],[-78.41444,-0.19389],[-78.41972,-0.19861],[-78.43472,-0.19194],[-78.46639,-0.20389],[-78.47861,-0.23917],[-78.49833,-0.23778],[-78.51028,-0.27583],[-78.51861,-0.28167],[-78.52528,-0.35222],[-78.545,-0.35444],[-78.56472,-0.34194],[-78.615,-0.34611],[-78.60083,-0.31056],[-78.61028,-0.30333],[-78.61056,-0.28333],[-78.595,-0.26361],[-78.57194,-0.25694],[-78.54556,-0.21222],[-78.53778,-0.18472],[-78.55889,-0.16639],[-78.5125,-0.13944],[-78.47083,-0.12611]]]}},{"type":"Feature","properties":{"codigo":1007400709},"geometry":{"type":"Polygon","coordinates":[[[-78.46389,-0.1375],[-78.42611,-0.13417],[-78.3975,-0.14306],[-78.40278,-0.16833],[-78.37417,-0.19833],[-78.36944,-0.23083],[-78.40972,-0.17361],[-78.41694,-0.18167],[-78.44556,-0.16528],[-78.45861,-0.16944],[-78.46389,-0.1375]]]}},{"type":"Feature","properties":{"codigo":1007400646},"geometry":{"type":"Polygon","coordinates":[[[-79.12694,-0.1675],[-79.14556,-0.13278],[-79.13083,-0.15111],[-79.08417,-0.18],[-79.06917,-0.20139],[-79.06611,-0.23389],[-79.03528,-0.26417],[-79.02167,-0.26694],[-79.01833,-0.27722],[-78.99694,-0.2825],[-78.98417,-0.26444],[-78.96639,-0.25972],[-78.95639,-0.26694],[-78.94472,-0.26417],[-78.93389,-0.285],[-78.91944,-0.29139],[-78.9475,-0.30556],[-78.99833,-0.31],[-79.03722,-0.29222],[-79.04806,-0.27222],[-79.06083,-0.27111],[-79.09278,-0.24778],[-79.07806,-0.20194],[-79.11139,-0.16917],[-79.12694,-0.1675]]]}},{"type":"Feature","properties":{"codigo":1007401575},"geometry":{"type":"Polygon","coordinates":[[[-76.30083,-0.13472],[-76.29361,-0.12472],[-76.27611,-0.12056],[-76.27083,-0.13278],[-76.26083,-0.12917],[-76.24556,-0.1475],[-76.21889,-0.13889],[-76.20361,-0.14611],[-76.20667,-0.1525],[-76.17972,-0.15528],[-76.16194,-0.16972],[-76.1425,-0.15889],[-76.12833,-0.17889],[-76.11028,-0.16944],[-76.09722,-0.17833],[-76.08611,-0.16556],[-76.06278,-0.16694],[-76.05,-0.18417],[-76.03167,-0.17583],[-76.04083,-0.15806],[-76.02528,-0.16278],[-76.02361,-0.15444],[-76.0175,-0.17028],[-75.99694,-0.17694],[-75.98944,-0.18833],[-75.97222,-0.19389],[-75.96028,-0.18361],[-75.94306,-0.19806],[-75.93806,-0.19472],[-75.93361,-0.21722],[-75.94,-0.22222],[-75.93194,-0.23667],[-75.95194,-0.24778],[-75.95778,-0.23861],[-75.97222,-0.24417],[-75.98194,-0.23722],[-75.99028,-0.25389],[-76.01333,-0.25333],[-76.02278,-0.27139],[-76.05583,-0.28028],[-76.07417,-0.26528],[-76.06778,-0.25889],[-76.08167,-0.23778],[-76.12083,-0.2475],[-76.14278,-0.26917],[-76.15333,-0.26528],[-76.15389,-0.25389],[-76.18139,-0.25028],[-76.19778,-0.27167],[-76.2025,-0.2675],[-76.21389,-0.27528],[-76.23472,-0.27361],[-76.23583,-0.265],[-76.25806,-0.25444],[-76.27528,-0.25306],[-76.29667,-0.26556],[-76.30139,-0.25639],[-76.33028,-0.24861],[-76.335,-0.23444],[-76.34417,-0.24194],[-76.37139,-0.22556],[-76.36472,-0.22167],[-76.36972,-0.215],[-76.35083,-0.21528],[-76.34583,-0.19861],[-76.335,-0.205],[-76.33556,-0.1975],[-76.31833,-0.19],[-76.31583,-0.18111],[-76.30278,-0.18917],[-76.28361,-0.17944],[-76.30083,-0.13472]]]}},{"type":"Feature","properties":{"codigo":1007401711},"geometry":{"type":"Polygon","coordinates":[[[-77.35028,-0.15361],[-77.32944,-0.1475],[-77.31778,-0.15917],[-77.29194,-0.1575],[-77.29222,-0.19417],[-77.28111,-0.20056],[-77.26444,-0.20028],[-77.25444,-0.19083],[-77.23944,-0.19833],[-77.1925,-0.19639],[-77.1825,-0.21444],[-77.16583,-0.21556],[-77.15917,-0.22806],[-77.1275,-0.23694],[-77.12861,-0.25611],[-77.16889,-0.27083],[-77.18389,-0.25139],[-77.20278,-0.26306],[-77.23333,-0.24472],[-77.25056,-0.24444],[-77.25583,-0.25361],[-77.28028,-0.24111],[-77.30306,-0.24556],[-77.30472,-0.23556],[-77.32278,-0.23889],[-77.34056,-0.18528],[-77.33694,-0.17],[-77.35028,-0.15361]]]}},{"type":"Feature","properties":{"codigo":1007400642},"geometry":{"type":"Polygon","coordinates":[[[-78.99556,-0.11167],[-78.98472,-0.11778],[-78.98306,-0.13167],[-78.95028,-0.13778],[-78.94167,-0.13139],[-78.90972,-0.15389],[-78.8925,-0.14278],[-78.85472,-0.13861],[-78.84028,-0.23694],[-78.85389,-0.27861],[-78.87278,-0.27972],[-78.87778,-0.28722],[-78.90306,-0.28028],[-78.91778,-0.29278],[-78.93389,-0.285],[-78.94472,-0.26417],[-78.9825,-0.265],[-79.02333,-0.24222],[-79.03111,-0.22444],[-79.02361,-0.18194],[-79.01861,-0.16806],[-79.005,-0.16833],[-78.99583,-0.14444],[-79.00306,-0.12167],[-78.99556,-0.11167]]]}},{"type":"Feature","properties":{"codigo":1007400602},"geometry":{"type":"Polygon","coordinates":[[[-79.66167,-0.13417],[-79.63583,-0.155],[-79.6275,-0.15306],[-79.62694,-0.16472],[-79.64194,-0.17167],[-79.64556,-0.18528],[-79.65917,-0.17806],[-79.66167,-0.13417]]]}},{"type":"Feature","properties":{"codigo":1007400607},"geometry":{"type":"Polygon","coordinates":[[[-79.6275,-0.15389],[-79.60472,-0.15111],[-79.60167,-0.14444],[-79.59083,-0.155],[-79.57083,-0.14917],[-79.56778,-0.16167],[-79.54167,-0.17833],[-79.50611,-0.185],[-79.505,-0.19694],[-79.51417,-0.19139],[-79.52806,-0.20389],[-79.56972,-0.21056],[-79.57694,-0.21833],[-79.58472,-0.20972],[-79.63306,-0.22333],[-79.66139,-0.21472],[-79.65833,-0.18944],[-79.64306,-0.18389],[-79.64194,-0.17167],[-79.62694,-0.16472],[-79.6275,-0.15389]]]}},{"type":"Feature","properties":{"codigo":1007401590},"geometry":{"type":"Polygon","coordinates":[[[-76.17778,-0.1575],[-76.15028,-0.13444],[-76.11861,-0.13806],[-76.09778,-0.12417],[-76.07972,-0.12806],[-76.07667,-0.11722],[-76.05917,-0.12639],[-76.05417,-0.12083],[-76.02472,-0.12278],[-76.01556,-0.10528],[-76.00917,-0.11333],[-75.99361,-0.1125],[-75.99806,-0.12444],[-75.985,-0.13944],[-75.97861,-0.13556],[-75.9625,-0.14472],[-75.96139,-0.17472],[-75.94583,-0.17861],[-75.95139,-0.18944],[-75.96083,-0.18361],[-75.97333,-0.19389],[-76.01167,-0.175],[-76.02361,-0.15444],[-76.02528,-0.16278],[-76.04083,-0.15806],[-76.03167,-0.17583],[-76.05,-0.18417],[-76.06278,-0.16694],[-76.08611,-0.16556],[-76.09722,-0.17833],[-76.11028,-0.16944],[-76.12833,-0.17889],[-76.1425,-0.15889],[-76.16194,-0.16972],[-76.17778,-0.1575]]]}},{"type":"Feature","properties":{"codigo":1007401630},"geometry":{"type":"Polygon","coordinates":[[[-76.80111,-0.13861],[-76.78444,-0.1375],[-76.78111,-0.15306],[-76.77167,-0.14778],[-76.77111,-0.15417],[-76.755,-0.15083],[-76.74778,-0.15889],[-76.72056,-0.14944],[-76.7125,-0.15861],[-76.69444,-0.15667],[-76.68556,-0.17028],[-76.66472,-0.17278],[-76.65611,-0.16167],[-76.64806,-0.17111],[-76.60556,-0.15111],[-76.58556,-0.15444],[-76.55333,-0.17083],[-76.55528,-0.17694],[-76.535,-0.19806],[-76.57167,-0.21917],[-76.60667,-0.20861],[-76.62417,-0.18389],[-76.63528,-0.2075],[-76.65194,-0.20444],[-76.66111,-0.21444],[-76.67306,-0.20583],[-76.675,-0.19111],[-76.69889,-0.19861],[-76.69194,-0.21556],[-76.7025,-0.22472],[-76.72472,-0.21083],[-76.73028,-0.21944],[-76.73861,-0.21361],[-76.76583,-0.21694],[-76.77278,-0.20278],[-76.78194,-0.2025],[-76.78056,-0.195],[-76.79056,-0.19306],[-76.78694,-0.17],[-76.80278,-0.15222],[-76.80111,-0.13861]]]}},{"type":"Feature","properties":{"codigo":1007400611},"geometry":{"type":"Polygon","coordinates":[[[-79.55583,-0.15917],[-79.54444,-0.14556],[-79.52333,-0.15417],[-79.48,-0.15111],[-79.47611,-0.16278],[-79.46361,-0.15722],[-79.43944,-0.16639],[-79.38528,-0.16972],[-79.37778,-0.17806],[-79.335,-0.18111],[-79.3325,-0.18972],[-79.27278,-0.195],[-79.18528,-0.21778],[-79.15139,-0.24722],[-79.17389,-0.255],[-79.22639,-0.23944],[-79.26222,-0.24528],[-79.27611,-0.23833],[-79.31528,-0.23806],[-79.33111,-0.22111],[-79.34889,-0.22472],[-79.3875,-0.20111],[-79.43528,-0.19083],[-79.43639,-0.18417],[-79.47806,-0.18306],[-79.52111,-0.16417],[-79.55583,-0.15917]]]}},{"type":"Feature","properties":{"codigo":1007401579},"geometry":{"type":"Polygon","coordinates":[[[-76.34083,-0.12917],[-76.32361,-0.15556],[-76.30806,-0.15972],[-76.29139,-0.15278],[-76.28667,-0.16611],[-76.29194,-0.16972],[-76.28139,-0.17472],[-76.29806,-0.18889],[-76.31528,-0.18083],[-76.31833,-0.19],[-76.33556,-0.1975],[-76.335,-0.205],[-76.34583,-0.19861],[-76.35083,-0.21528],[-76.36972,-0.215],[-76.36472,-0.22167],[-76.37139,-0.22556],[-76.35889,-0.23444],[-76.365,-0.23583],[-76.36333,-0.24444],[-76.37861,-0.25],[-76.36833,-0.25778],[-76.36917,-0.26667],[-76.38444,-0.26667],[-76.38667,-0.25889],[-76.39667,-0.26361],[-76.39639,-0.25333],[-76.41028,-0.25194],[-76.40472,-0.23972],[-76.41194,-0.22917],[-76.4025,-0.22417],[-76.39694,-0.20694],[-76.41778,-0.18],[-76.39833,-0.16972],[-76.38472,-0.14556],[-76.35972,-0.15944],[-76.36056,-0.13139],[-76.34083,-0.12917]]]}},{"type":"Feature","properties":{"codigo":1007401687},"geometry":{"type":"Polygon","coordinates":[[[-77.8975,-0.14167],[-77.87694,-0.14639],[-77.85389,-0.16917],[-77.855,-0.18861],[-77.83361,-0.21],[-77.83639,-0.23111],[-77.82333,-0.29194],[-77.80722,-0.29611],[-77.79056,-0.32444],[-77.83167,-0.34417],[-77.87333,-0.33889],[-77.90583,-0.32333],[-77.965,-0.36111],[-77.99,-0.36556],[-78.00306,-0.33917],[-77.97806,-0.32583],[-77.95917,-0.325],[-77.94861,-0.30222],[-77.92583,-0.29389],[-77.905,-0.26861],[-77.92139,-0.24972],[-77.91278,-0.24083],[-77.90639,-0.20583],[-77.9225,-0.17722],[-77.91778,-0.14917],[-77.8975,-0.14167]]]}},{"type":"Feature","properties":{"codigo":1007401704},"geometry":{"type":"Polygon","coordinates":[[[-77.38444,-0.15139],[-77.39278,-0.17333],[-77.41,-0.18306],[-77.41111,-0.20472],[-77.42778,-0.21861],[-77.45139,-0.21833],[-77.47694,-0.23722],[-77.4825,-0.23194],[-77.46667,-0.20028],[-77.49028,-0.17972],[-77.51778,-0.17278],[-77.54722,-0.17806],[-77.56917,-0.16444],[-77.60417,-0.16528],[-77.57694,-0.14722],[-77.57361,-0.13222],[-77.55806,-0.12222],[-77.52389,-0.12222],[-77.51861,-0.11417],[-77.4975,-0.12778],[-77.48917,-0.15611],[-77.46972,-0.17278],[-77.45889,-0.16556],[-77.44583,-0.17306],[-77.43167,-0.16944],[-77.40056,-0.14806],[-77.38444,-0.15139]]]}},{"type":"Feature","properties":{"codigo":1007401715},"geometry":{"type":"Polygon","coordinates":[[[-77.41,-0.18306],[-77.36778,-0.15167],[-77.34167,-0.15917],[-77.32278,-0.23889],[-77.30472,-0.23556],[-77.2975,-0.27972],[-77.25528,-0.30417],[-77.24694,-0.32278],[-77.23778,-0.31722],[-77.23056,-0.33972],[-77.23083,-0.355],[-77.2375,-0.35861],[-77.21722,-0.39611],[-77.20861,-0.4],[-77.20444,-0.41833],[-77.17361,-0.43444],[-77.16306,-0.45111],[-77.19306,-0.45056],[-77.21083,-0.47111],[-77.22806,-0.45472],[-77.25444,-0.45611],[-77.28972,-0.41917],[-77.30472,-0.42306],[-77.33583,-0.35472],[-77.34417,-0.36417],[-77.35,-0.35639],[-77.36917,-0.35528],[-77.35667,-0.31444],[-77.36417,-0.30972],[-77.36444,-0.28472],[-77.37389,-0.26778],[-77.36917,-0.25167],[-77.38056,-0.23472],[-77.4075,-0.22444],[-77.41472,-0.23306],[-77.45944,-0.23472],[-77.47611,-0.24694],[-77.47778,-0.23778],[-77.45139,-0.21833],[-77.42778,-0.21861],[-77.41111,-0.20472],[-77.41,-0.18306]]]}},{"type":"Feature","properties":{"codigo":1007400612},"geometry":{"type":"Polygon","coordinates":[[[-79.55861,-0.16361],[-79.53667,-0.15972],[-79.47806,-0.18306],[-79.43639,-0.18417],[-79.43528,-0.19083],[-79.3875,-0.20111],[-79.34889,-0.22472],[-79.33111,-0.22111],[-79.30556,-0.24028],[-79.35861,-0.24722],[-79.39167,-0.23361],[-79.43444,-0.23833],[-79.44722,-0.22806],[-79.47056,-0.22833],[-79.49111,-0.20139],[-79.50472,-0.2],[-79.50611,-0.185],[-79.54167,-0.17833],[-79.55861,-0.16361]]]}},{"type":"Feature","properties":{"codigo":1007400605},"geometry":{"type":"Polygon","coordinates":[[[-79.69333,-0.13611],[-79.71111,-0.17111],[-79.72472,-0.1725],[-79.73528,-0.18472],[-79.74611,-0.17944],[-79.76833,-0.18444],[-79.78639,-0.20611],[-79.80333,-0.20833],[-79.80917,-0.21694],[-79.83028,-0.21583],[-79.86972,-0.16444],[-79.8675,-0.1575],[-79.84556,-0.15778],[-79.82667,-0.17278],[-79.78972,-0.15222],[-79.77389,-0.15444],[-79.76611,-0.14833],[-79.77917,-0.1375],[-79.77222,-0.12389],[-79.74944,-0.13333],[-79.73417,-0.13028],[-79.72778,-0.13806],[-79.69333,-0.13611]]]}},{"type":"Feature","properties":{"codigo":1007400706},"geometry":{"type":"Polygon","coordinates":[[[-78.3975,-0.14306],[-78.38972,-0.14056],[-78.38583,-0.15639],[-78.36917,-0.17167],[-78.35167,-0.22083],[-78.36444,-0.20917],[-78.37139,-0.21222],[-78.37806,-0.19222],[-78.40139,-0.17222],[-78.3975,-0.14306]]]}},{"type":"Feature","properties":{"codigo":1007400608},"geometry":{"type":"Polygon","coordinates":[[[-79.99306,-0.17111],[-79.98972,-0.1575],[-79.96972,-0.14833],[-79.96028,-0.15611],[-79.93333,-0.14778],[-79.91833,-0.15444],[-79.91056,-0.17639],[-79.89917,-0.18167],[-79.88778,-0.16611],[-79.87028,-0.16389],[-79.84667,-0.2],[-79.83722,-0.19861],[-79.83028,-0.21583],[-79.805,-0.21778],[-79.7825,-0.23583],[-79.73028,-0.23444],[-79.705,-0.22278],[-79.68528,-0.23111],[-79.67583,-0.21722],[-79.655,-0.21472],[-79.63306,-0.22333],[-79.6125,-0.215],[-79.61667,-0.23111],[-79.59361,-0.25639],[-79.61056,-0.26222],[-79.61611,-0.28667],[-79.63333,-0.28778],[-79.65056,-0.30472],[-79.67278,-0.30583],[-79.69639,-0.32194],[-79.70861,-0.35528],[-79.73111,-0.35472],[-79.80778,-0.28861],[-79.82556,-0.29139],[-79.82861,-0.27833],[-79.86028,-0.25083],[-79.87583,-0.25111],[-79.88861,-0.2675],[-79.91444,-0.26889],[-79.92806,-0.26417],[-79.93417,-0.25083],[-79.95111,-0.25833],[-79.97417,-0.24639],[-79.96778,-0.21583],[-79.97306,-0.19361],[-79.96694,-0.18528],[-79.99306,-0.17111]]]}},{"type":"Feature","properties":{"codigo":1007400606},"geometry":{"type":"Polygon","coordinates":[[[-79.73528,-0.18472],[-79.69028,-0.16194],[-79.67694,-0.17139],[-79.665,-0.16222],[-79.65833,-0.16583],[-79.65278,-0.18611],[-79.66139,-0.215],[-79.67583,-0.21722],[-79.68222,-0.23056],[-79.705,-0.22278],[-79.73028,-0.23444],[-79.7825,-0.23583],[-79.80917,-0.2175],[-79.80333,-0.20833],[-79.78639,-0.20611],[-79.76833,-0.18444],[-79.74611,-0.17944],[-79.73528,-0.18472]]]}},{"type":"Feature","properties":{"codigo":1007401669},"geometry":{"type":"Polygon","coordinates":[[[-76.99889,-0.18167],[-77.0375,-0.17111],[-77.03361,-0.165],[-77.05333,-0.15556],[-77.05361,-0.12111],[-76.96389,-0.145],[-76.96222,-0.15278],[-76.93083,-0.16444],[-76.93139,-0.17972],[-76.91028,-0.18333],[-76.90833,-0.19],[-76.87944,-0.18889],[-76.87611,-0.19722],[-76.865,-0.19556],[-76.85583,-0.21861],[-76.84778,-0.22139],[-76.84389,-0.21222],[-76.83083,-0.22056],[-76.82639,-0.23611],[-76.80694,-0.24556],[-76.81083,-0.25639],[-76.80194,-0.26222],[-76.8,-0.27833],[-76.78333,-0.26667],[-76.74472,-0.31111],[-76.76611,-0.3175],[-76.76583,-0.29806],[-76.7725,-0.29417],[-76.80361,-0.30083],[-76.81139,-0.27694],[-76.84139,-0.27528],[-76.84944,-0.26139],[-76.87139,-0.26222],[-76.88417,-0.25389],[-76.89861,-0.25833],[-76.91222,-0.23111],[-76.93,-0.21611],[-76.93667,-0.21889],[-76.95333,-0.20306],[-76.9675,-0.20111],[-76.97361,-0.20111],[-76.96833,-0.21083],[-76.98056,-0.21222],[-76.99889,-0.18167]]]}},{"type":"Feature","properties":{"codigo":1007401580},"geometry":{"type":"Polygon","coordinates":[[[-75.93222,-0.14167],[-75.90167,-0.14833],[-75.90361,-0.15528],[-75.89389,-0.15917],[-75.85361,-0.16389],[-75.84444,-0.19111],[-75.82972,-0.19917],[-75.83417,-0.20667],[-75.82694,-0.22611],[-75.81667,-0.22833],[-75.81361,-0.23917],[-75.84389,-0.23111],[-75.86889,-0.20917],[-75.87806,-0.21083],[-75.87583,-0.22278],[-75.88611,-0.22833],[-75.91139,-0.22],[-75.90917,-0.21278],[-75.91944,-0.20472],[-75.92,-0.21417],[-75.93111,-0.22083],[-75.93917,-0.21139],[-75.93778,-0.195],[-75.95194,-0.19194],[-75.94556,-0.17639],[-75.93528,-0.17944],[-75.92722,-0.17222],[-75.92361,-0.15556],[-75.93361,-0.14972],[-75.93222,-0.14167]]]}},{"type":"Feature","properties":{"codigo":1007002759},"geometry":{"type":"Polygon","coordinates":[[[-75.67528,-0.16833],[-75.67361,-0.17889],[-75.70028,-0.19861],[-75.68889,-0.2475],[-75.72306,-0.23972],[-75.72972,-0.24778],[-75.74972,-0.24722],[-75.7575,-0.25833],[-75.77889,-0.23806],[-75.81417,-0.2375],[-75.8325,-0.21528],[-75.83056,-0.19778],[-75.83778,-0.19944],[-75.84917,-0.18028],[-75.84667,-0.16917],[-75.82167,-0.17194],[-75.81556,-0.16333],[-75.79278,-0.17667],[-75.77056,-0.17028],[-75.76972,-0.17889],[-75.74667,-0.19222],[-75.72417,-0.17472],[-75.67528,-0.16833]]]}},{"type":"Feature","properties":{"codigo":1007401592},"geometry":{"type":"Polygon","coordinates":[[[-76.45583,-0.12444],[-76.44444,-0.15222],[-76.45,-0.16028],[-76.445,-0.17583],[-76.42389,-0.17583],[-76.41694,-0.18917],[-76.40139,-0.19361],[-76.39694,-0.20694],[-76.4025,-0.22417],[-76.41194,-0.22833],[-76.40472,-0.24639],[-76.41861,-0.25639],[-76.41111,-0.2675],[-76.41583,-0.2775],[-76.40528,-0.27778],[-76.41306,-0.29389],[-76.43639,-0.28583],[-76.43361,-0.26139],[-76.45472,-0.25],[-76.46972,-0.25917],[-76.47139,-0.245],[-76.48278,-0.24889],[-76.49472,-0.22722],[-76.51611,-0.22306],[-76.52556,-0.20806],[-76.51806,-0.19917],[-76.50222,-0.21056],[-76.49528,-0.19389],[-76.50389,-0.18778],[-76.485,-0.17389],[-76.48417,-0.15833],[-76.47472,-0.15583],[-76.48,-0.15278],[-76.475,-0.14139],[-76.47917,-0.13944],[-76.48333,-0.13417],[-76.46556,-0.13861],[-76.46556,-0.12583],[-76.45583,-0.12444]]]}},{"type":"Feature","properties":{"codigo":1007400806},"geometry":{"type":"Polygon","coordinates":[[[-80.13333,-0.1325],[-80.12417,-0.13694],[-80.12556,-0.14667],[-80.10139,-0.15972],[-80.10583,-0.18111],[-80.13028,-0.195],[-80.15583,-0.22806],[-80.18083,-0.2325],[-80.18306,-0.19944],[-80.23056,-0.16056],[-80.23639,-0.15],[-80.23694,-0.13944],[-80.21528,-0.15194],[-80.16778,-0.13306],[-80.15611,-0.14167],[-80.13333,-0.1325]]]}},{"type":"Feature","properties":{"codigo":1007400812},"geometry":{"type":"Polygon","coordinates":[[[-80.02417,-0.18222],[-80.01417,-0.18556],[-80.00111,-0.16917],[-79.96778,-0.18306],[-79.97472,-0.24556],[-79.95028,-0.25833],[-79.94667,-0.29028],[-79.96917,-0.30056],[-79.97306,-0.31167],[-79.95306,-0.32972],[-79.95167,-0.35139],[-79.96139,-0.35806],[-79.96083,-0.3775],[-79.96889,-0.38528],[-80.02306,-0.38306],[-80.03361,-0.37528],[-80.03778,-0.37972],[-80.04278,-0.36972],[-80.04917,-0.38222],[-80.06972,-0.38972],[-80.06944,-0.39833],[-80.08528,-0.40167],[-80.09833,-0.38917],[-80.10083,-0.36472],[-80.10861,-0.36194],[-80.10194,-0.34083],[-80.11389,-0.31611],[-80.10028,-0.30528],[-80.1,-0.27722],[-80.09056,-0.25333],[-80.08028,-0.24861],[-80.08222,-0.23444],[-80.0475,-0.20194],[-80.03417,-0.19889],[-80.02417,-0.18222]]]}},{"type":"Feature","properties":{"codigo":1007400721},"geometry":{"type":"Polygon","coordinates":[[[-78.34444,-0.10056],[-78.30306,-0.13139],[-78.23,-0.16889],[-78.22083,-0.16528],[-78.21556,-0.175],[-78.20556,-0.17333],[-78.20444,-0.18806],[-78.23167,-0.20611],[-78.28139,-0.21167],[-78.28778,-0.18389],[-78.32833,-0.17417],[-78.34889,-0.10417],[-78.34444,-0.10056]]]}},{"type":"Feature","properties":{"codigo":1007401691},"geometry":{"type":"Polygon","coordinates":[[[-78.15556,-0.17278],[-78.13222,-0.1675],[-78.12861,-0.17889],[-78.10778,-0.18028],[-78.10083,-0.19111],[-78.09056,-0.18083],[-78.07694,-0.20222],[-78.03861,-0.19861],[-78.01194,-0.22667],[-78.01222,-0.24028],[-78.0525,-0.24556],[-78.075,-0.28139],[-78.09278,-0.24],[-78.11917,-0.25472],[-78.15639,-0.25444],[-78.18444,-0.27167],[-78.19,-0.1975],[-78.16194,-0.18667],[-78.15556,-0.17278]]]}},{"type":"Feature","properties":{"codigo":1007401629},"geometry":{"type":"Polygon","coordinates":[[[-76.53528,-0.19861],[-76.52361,-0.205],[-76.51611,-0.22306],[-76.49472,-0.22722],[-76.48278,-0.24889],[-76.47139,-0.245],[-76.46972,-0.25917],[-76.45472,-0.25],[-76.43361,-0.26139],[-76.43639,-0.28583],[-76.41333,-0.29389],[-76.42583,-0.30333],[-76.43889,-0.30056],[-76.43944,-0.31306],[-76.425,-0.31028],[-76.41639,-0.31917],[-76.43,-0.34194],[-76.44222,-0.345],[-76.44889,-0.32833],[-76.46528,-0.32861],[-76.47111,-0.35028],[-76.48028,-0.35111],[-76.48194,-0.36056],[-76.50944,-0.36028],[-76.51222,-0.37778],[-76.53472,-0.37778],[-76.55639,-0.36056],[-76.55,-0.33833],[-76.57361,-0.32806],[-76.57,-0.31528],[-76.58611,-0.30028],[-76.58972,-0.30583],[-76.59917,-0.29472],[-76.62056,-0.28972],[-76.6175,-0.27472],[-76.63917,-0.26333],[-76.62528,-0.25528],[-76.60028,-0.26417],[-76.58583,-0.25667],[-76.58889,-0.24833],[-76.56528,-0.24389],[-76.56111,-0.22472],[-76.54667,-0.225],[-76.55,-0.20833],[-76.53528,-0.19861]]]}},{"type":"Feature","properties":{"codigo":1007401705},"geometry":{"type":"Polygon","coordinates":[[[-77.62667,-0.17056],[-77.56917,-0.16444],[-77.54722,-0.17806],[-77.51861,-0.17278],[-77.49472,-0.17778],[-77.46667,-0.20583],[-77.50222,-0.20306],[-77.50722,-0.22139],[-77.54111,-0.23639],[-77.56694,-0.23333],[-77.57083,-0.25],[-77.595,-0.24278],[-77.62083,-0.25083],[-77.62944,-0.27889],[-77.64417,-0.29583],[-77.65944,-0.27167],[-77.66194,-0.24917],[-77.65333,-0.23028],[-77.66722,-0.22611],[-77.67556,-0.21111],[-77.62667,-0.17056]]]}},{"type":"Feature","properties":{"codigo":1007400708},"geometry":{"type":"Polygon","coordinates":[[[-78.37111,-0.21222],[-78.33639,-0.28778],[-78.31944,-0.30444],[-78.29472,-0.3075],[-78.29167,-0.33167],[-78.2725,-0.34278],[-78.26611,-0.39611],[-78.27306,-0.41222],[-78.28028,-0.40417],[-78.29889,-0.42278],[-78.33444,-0.42778],[-78.36306,-0.4175],[-78.37028,-0.40222],[-78.38778,-0.39194],[-78.38556,-0.33083],[-78.40278,-0.31694],[-78.39833,-0.30722],[-78.40694,-0.275],[-78.41944,-0.26278],[-78.395,-0.24806],[-78.36417,-0.24972],[-78.37111,-0.21222]]]}},{"type":"Feature","properties":{"codigo":1007400609},"geometry":{"type":"Polygon","coordinates":[[[-79.61194,-0.21611],[-79.58472,-0.20972],[-79.57694,-0.21833],[-79.56972,-0.21056],[-79.52806,-0.20389],[-79.51278,-0.19139],[-79.50917,-0.19944],[-79.49111,-0.20139],[-79.47056,-0.22833],[-79.44722,-0.22806],[-79.43444,-0.23833],[-79.39167,-0.23361],[-79.35972,-0.24667],[-79.38167,-0.25806],[-79.46722,-0.27417],[-79.48306,-0.25222],[-79.49917,-0.24611],[-79.52972,-0.25944],[-79.5375,-0.27972],[-79.54611,-0.26389],[-79.55667,-0.26361],[-79.57028,-0.24944],[-79.58028,-0.2575],[-79.60167,-0.2525],[-79.6175,-0.22889],[-79.61194,-0.21611]]]}},{"type":"Feature","properties":{"codigo":1007401685},"geometry":{"type":"Polygon","coordinates":[[[-77.68944,-0.21028],[-77.68972,-0.21917],[-77.67472,-0.21167],[-77.66722,-0.22611],[-77.65333,-0.23028],[-77.66194,-0.24917],[-77.65972,-0.26806],[-77.72806,-0.22806],[-77.71611,-0.20194],[-77.68944,-0.21028]]]}},{"type":"Feature","properties":{"codigo":1007401662},"geometry":{"type":"Polygon","coordinates":[[[-76.75194,-0.21694],[-76.73417,-0.21472],[-76.73222,-0.22722],[-76.71278,-0.24722],[-76.69944,-0.25833],[-76.68917,-0.25583],[-76.68778,-0.26583],[-76.67722,-0.26083],[-76.67917,-0.26917],[-76.67083,-0.27472],[-76.64833,-0.27556],[-76.63889,-0.26361],[-76.62,-0.27222],[-76.62056,-0.28972],[-76.59917,-0.29472],[-76.58972,-0.30583],[-76.58611,-0.30028],[-76.57,-0.31528],[-76.57361,-0.32806],[-76.55,-0.33833],[-76.55667,-0.36028],[-76.53472,-0.37778],[-76.51389,-0.37917],[-76.5125,-0.39917],[-76.52639,-0.4025],[-76.525,-0.4125],[-76.54167,-0.41917],[-76.55667,-0.37194],[-76.58556,-0.35861],[-76.58222,-0.34944],[-76.60194,-0.34167],[-76.62444,-0.31806],[-76.64056,-0.31972],[-76.63917,-0.30417],[-76.65111,-0.29944],[-76.6475,-0.29417],[-76.67944,-0.29333],[-76.67833,-0.30694],[-76.69028,-0.31028],[-76.69806,-0.29917],[-76.70333,-0.30333],[-76.72139,-0.28111],[-76.71,-0.27694],[-76.71278,-0.27083],[-76.7375,-0.26194],[-76.72222,-0.25722],[-76.73306,-0.23722],[-76.75222,-0.23917],[-76.75722,-0.2325],[-76.75194,-0.21694]]]}},{"type":"Feature","properties":{"codigo":1007400707},"geometry":{"type":"Polygon","coordinates":[[[-78.36889,-0.21167],[-78.36194,-0.21028],[-78.33167,-0.23528],[-78.28333,-0.24889],[-78.24806,-0.25],[-78.21639,-0.28528],[-78.18833,-0.2825],[-78.1925,-0.32472],[-78.21583,-0.36167],[-78.24333,-0.38361],[-78.25528,-0.40833],[-78.26667,-0.40722],[-78.2725,-0.34278],[-78.29167,-0.33167],[-78.29472,-0.3075],[-78.31944,-0.30444],[-78.33639,-0.28778],[-78.36889,-0.21167]]]}},{"type":"Feature","properties":{"codigo":1007401631},"geometry":{"type":"Polygon","coordinates":[[[-76.73361,-0.21944],[-76.72472,-0.21083],[-76.7025,-0.22472],[-76.69194,-0.21556],[-76.69889,-0.19861],[-76.67694,-0.19111],[-76.66778,-0.21389],[-76.65194,-0.20444],[-76.63528,-0.2075],[-76.62389,-0.18389],[-76.60611,-0.20889],[-76.56583,-0.21972],[-76.55389,-0.21083],[-76.545,-0.22306],[-76.56083,-0.22444],[-76.56528,-0.24389],[-76.58889,-0.24833],[-76.58583,-0.25667],[-76.60028,-0.26417],[-76.63444,-0.25639],[-76.64861,-0.27556],[-76.67083,-0.27472],[-76.67917,-0.26917],[-76.67722,-0.26083],[-76.68444,-0.26639],[-76.68917,-0.25583],[-76.69944,-0.25833],[-76.73361,-0.21944]]]}},{"type":"Feature","properties":{"codigo":1007401574},"geometry":{"type":"Polygon","coordinates":[[[-75.94,-0.22222],[-75.92111,-0.21528],[-75.91944,-0.20472],[-75.90917,-0.21278],[-75.91139,-0.22],[-75.90083,-0.21889],[-75.91194,-0.24139],[-75.89556,-0.25611],[-75.9125,-0.26167],[-75.92389,-0.255],[-75.93222,-0.26306],[-75.92806,-0.27083],[-75.93861,-0.26833],[-75.9875,-0.29222],[-75.99,-0.28167],[-75.99583,-0.28111],[-76.00139,-0.29222],[-76.0075,-0.29444],[-76.01917,-0.26806],[-76.01472,-0.25417],[-75.99028,-0.25389],[-75.98194,-0.23722],[-75.94694,-0.24611],[-75.93194,-0.23667],[-75.94,-0.22222]]]}},{"type":"Feature","properties":{"codigo":1007401689},"geometry":{"type":"Polygon","coordinates":[[[-78.02,-0.24556],[-78.00167,-0.20222],[-77.99444,-0.20444],[-77.98278,-0.18611],[-77.97139,-0.20417],[-77.95861,-0.20611],[-77.95111,-0.23111],[-77.92667,-0.2375],[-77.905,-0.26861],[-77.92583,-0.29389],[-77.94861,-0.30222],[-77.95917,-0.325],[-77.97806,-0.32583],[-78.00333,-0.34056],[-78.02722,-0.33833],[-78.03361,-0.3125],[-78.06889,-0.27333],[-78.0525,-0.24556],[-78.02,-0.24556]]]}},{"type":"Feature","properties":{"codigo":1007400710},"geometry":{"type":"Polygon","coordinates":[[[-78.41778,-0.19806],[-78.40861,-0.17472],[-78.36389,-0.24167],[-78.36611,-0.25139],[-78.395,-0.24806],[-78.41944,-0.26278],[-78.40694,-0.275],[-78.39833,-0.30722],[-78.40278,-0.31694],[-78.38556,-0.33083],[-78.38833,-0.38083],[-78.40278,-0.33639],[-78.41778,-0.31778],[-78.43167,-0.315],[-78.45889,-0.29139],[-78.49528,-0.30389],[-78.51889,-0.29444],[-78.49833,-0.23778],[-78.47861,-0.23917],[-78.45972,-0.20056],[-78.43472,-0.19194],[-78.41778,-0.19806]]]}},{"type":"Feature","properties":{"codigo":1007400807},"geometry":{"type":"Polygon","coordinates":[[[-80.23778,-0.17222],[-80.18306,-0.19944],[-80.18139,-0.23389],[-80.215,-0.23556],[-80.26139,-0.22556],[-80.33444,-0.27583],[-80.34778,-0.22167],[-80.32583,-0.17806],[-80.31972,-0.19167],[-80.29972,-0.19111],[-80.25139,-0.15611],[-80.23778,-0.17222]]]}},{"type":"Feature","properties":{"codigo":1007400810},"geometry":{"type":"Polygon","coordinates":[[[-80.18083,-0.2325],[-80.15583,-0.22806],[-80.13028,-0.195],[-80.11,-0.18111],[-80.10389,-0.18528],[-80.11028,-0.21167],[-80.10028,-0.23194],[-80.08278,-0.23639],[-80.08028,-0.24806],[-80.09056,-0.25333],[-80.1,-0.27722],[-80.10028,-0.30528],[-80.11306,-0.31417],[-80.13528,-0.30861],[-80.155,-0.31889],[-80.17667,-0.30528],[-80.18194,-0.29028],[-80.20333,-0.28472],[-80.20889,-0.26833],[-80.18083,-0.2325]]]}},{"type":"Feature","properties":{"codigo":1007401642},"geometry":{"type":"Polygon","coordinates":[[[-75.6875,-0.25944],[-75.68472,-0.22306],[-75.66944,-0.21778],[-75.67333,-0.20222],[-75.65222,-0.19222],[-75.62,-0.19083],[-75.57222,-0.20639],[-75.53861,-0.2375],[-75.54611,-0.24611],[-75.54028,-0.27],[-75.53167,-0.27083],[-75.51778,-0.3075],[-75.50417,-0.32],[-75.5075,-0.35833],[-75.485,-0.37222],[-75.53028,-0.36778],[-75.54528,-0.37417],[-75.56944,-0.36111],[-75.57611,-0.35611],[-75.57111,-0.34556],[-75.58611,-0.33194],[-75.60194,-0.32944],[-75.61139,-0.30833],[-75.63389,-0.30556],[-75.62889,-0.29306],[-75.63944,-0.29028],[-75.64222,-0.27833],[-75.67889,-0.26944],[-75.67889,-0.26167],[-75.6875,-0.25944]]]}},{"type":"Feature","properties":{"codigo":1007400809},"geometry":{"type":"Polygon","coordinates":[[[-80.24917,-0.23028],[-80.18333,-0.23389],[-80.20889,-0.26833],[-80.19833,-0.28667],[-80.215,-0.29444],[-80.22806,-0.28861],[-80.24333,-0.30167],[-80.24722,-0.31944],[-80.27222,-0.31],[-80.28667,-0.28333],[-80.26972,-0.26194],[-80.26278,-0.23778],[-80.24917,-0.23028]]]}},{"type":"Feature","properties":{"codigo":1007401706},"geometry":{"type":"Polygon","coordinates":[[[-77.47028,-0.21],[-77.4825,-0.23194],[-77.47528,-0.24806],[-77.4925,-0.27278],[-77.49083,-0.28528],[-77.5075,-0.29667],[-77.50528,-0.31333],[-77.53444,-0.35],[-77.57028,-0.37528],[-77.59556,-0.35972],[-77.61333,-0.36333],[-77.61667,-0.35528],[-77.63083,-0.35528],[-77.64389,-0.29583],[-77.62944,-0.27889],[-77.62528,-0.25472],[-77.595,-0.24278],[-77.57083,-0.25],[-77.56694,-0.23333],[-77.54111,-0.23639],[-77.51889,-0.22861],[-77.4975,-0.20111],[-77.47028,-0.21]]]}},{"type":"Feature","properties":{"codigo":1007401573},"geometry":{"type":"Polygon","coordinates":[[[-75.89944,-0.22556],[-75.87722,-0.22556],[-75.87806,-0.21083],[-75.86889,-0.20917],[-75.82611,-0.24],[-75.77889,-0.23806],[-75.75972,-0.25833],[-75.74972,-0.24722],[-75.72972,-0.24778],[-75.72306,-0.23972],[-75.68722,-0.24806],[-75.67222,-0.29361],[-75.69111,-0.30917],[-75.66833,-0.32639],[-75.66556,-0.345],[-75.64139,-0.36194],[-75.64389,-0.37694],[-75.66583,-0.39083],[-75.66667,-0.36389],[-75.69278,-0.36972],[-75.70556,-0.35472],[-75.72417,-0.35833],[-75.72806,-0.34806],[-75.74139,-0.34833],[-75.75889,-0.36139],[-75.78694,-0.34556],[-75.79556,-0.32833],[-75.82389,-0.33917],[-75.83556,-0.32333],[-75.84056,-0.32917],[-75.85389,-0.31583],[-75.88694,-0.31056],[-75.90278,-0.31583],[-75.91028,-0.30111],[-75.89222,-0.28472],[-75.89944,-0.26639],[-75.89528,-0.25528],[-75.91194,-0.23972],[-75.89944,-0.22556]]]}},{"type":"Feature","properties":{"codigo":1007401686},"geometry":{"type":"Polygon","coordinates":[[[-77.71917,-0.23889],[-77.69583,-0.24361],[-77.70778,-0.26083],[-77.71111,-0.29194],[-77.74,-0.32028],[-77.72444,-0.34194],[-77.72444,-0.35472],[-77.73806,-0.37278],[-77.72778,-0.38889],[-77.72833,-0.40556],[-77.75306,-0.40806],[-77.78556,-0.37361],[-77.77639,-0.34861],[-77.78083,-0.33417],[-77.77306,-0.32722],[-77.79556,-0.31972],[-77.80722,-0.29611],[-77.82333,-0.29194],[-77.83639,-0.23111],[-77.83389,-0.20889],[-77.855,-0.18861],[-77.85583,-0.17111],[-77.83806,-0.16722],[-77.81806,-0.21944],[-77.80694,-0.22333],[-77.76611,-0.2725],[-77.76,-0.27444],[-77.71917,-0.23889]]]}},{"type":"Feature","properties":{"codigo":1007402085},"geometry":{"type":"Polygon","coordinates":[[[-79.35778,-0.24472],[-79.24806,-0.24389],[-79.26306,-0.25333],[-79.28583,-0.24917],[-79.33861,-0.27667],[-79.39778,-0.28306],[-79.40694,-0.29417],[-79.43028,-0.3],[-79.4625,-0.34611],[-79.4875,-0.36167],[-79.50806,-0.41222],[-79.53889,-0.42889],[-79.55694,-0.42528],[-79.56056,-0.4025],[-79.54194,-0.38917],[-79.54333,-0.36833],[-79.5225,-0.36139],[-79.51889,-0.34389],[-79.46778,-0.29861],[-79.35778,-0.24472]]]}},{"type":"Feature","properties":{"codigo":1007401712},"geometry":{"type":"Polygon","coordinates":[[[-77.25472,-0.19111],[-77.24944,-0.1825],[-77.23611,-0.18444],[-77.22583,-0.17528],[-77.1625,-0.1725],[-77.13333,-0.16028],[-77.09472,-0.19361],[-77.07361,-0.19972],[-77.07,-0.22611],[-77.09333,-0.255],[-77.11528,-0.24667],[-77.12722,-0.26556],[-77.15472,-0.275],[-77.16222,-0.26917],[-77.12944,-0.2575],[-77.1275,-0.23694],[-77.15917,-0.22806],[-77.16583,-0.21556],[-77.1825,-0.21444],[-77.1925,-0.19639],[-77.23944,-0.19833],[-77.25472,-0.19111]]]}},{"type":"Feature","properties":{"codigo":1007402086},"geometry":{"type":"Polygon","coordinates":[[[-79.24972,-0.24222],[-79.22639,-0.23944],[-79.19694,-0.24722],[-79.23472,-0.24778],[-79.26028,-0.27778],[-79.29083,-0.28028],[-79.31417,-0.30611],[-79.33222,-0.31583],[-79.33972,-0.30972],[-79.35,-0.32694],[-79.38278,-0.34944],[-79.40056,-0.35083],[-79.44167,-0.37667],[-79.45583,-0.38861],[-79.4525,-0.39944],[-79.47056,-0.40667],[-79.47722,-0.39944],[-79.48639,-0.40278],[-79.48278,-0.41472],[-79.4975,-0.41722],[-79.51917,-0.43972],[-79.55361,-0.43639],[-79.55278,-0.42889],[-79.50778,-0.41194],[-79.4875,-0.36167],[-79.4625,-0.34611],[-79.43028,-0.3],[-79.40694,-0.29417],[-79.39778,-0.28306],[-79.33861,-0.27667],[-79.28583,-0.24917],[-79.26139,-0.25306],[-79.24972,-0.24222]]]}},{"type":"Feature","properties":{"codigo":1007402140},"geometry":{"type":"Polygon","coordinates":[[[-79.15139,-0.24639],[-79.11611,-0.26111],[-79.10722,-0.2725],[-79.09056,-0.27472],[-79.08472,-0.295],[-79.14139,-0.27583],[-79.1475,-0.28972],[-79.17139,-0.29083],[-79.17667,-0.31111],[-79.21611,-0.32389],[-79.22111,-0.34333],[-79.20944,-0.38944],[-79.21611,-0.39556],[-79.21222,-0.41944],[-79.21889,-0.43944],[-79.21194,-0.45667],[-79.18917,-0.46417],[-79.18306,-0.48056],[-79.135,-0.49556],[-79.14472,-0.52806],[-79.17278,-0.53056],[-79.18306,-0.52194],[-79.18194,-0.50889],[-79.24083,-0.48389],[-79.25722,-0.50361],[-79.25694,-0.54111],[-79.26611,-0.56944],[-79.29306,-0.54833],[-79.31111,-0.54528],[-79.32472,-0.56222],[-79.33639,-0.56083],[-79.34694,-0.57194],[-79.35444,-0.60083],[-79.36111,-0.60111],[-79.37167,-0.57556],[-79.36111,-0.56639],[-79.37222,-0.52611],[-79.34278,-0.48139],[-79.32444,-0.48389],[-79.32417,-0.46889],[-79.33083,-0.4675],[-79.31722,-0.4525],[-79.31806,-0.41417],[-79.29417,-0.40222],[-79.26167,-0.37028],[-79.23528,-0.33694],[-79.20361,-0.27028],[-79.19944,-0.27389],[-79.1775,-0.25417],[-79.15139,-0.24639]]]}},{"type":"Feature","properties":{"codigo":1007402094},"geometry":{"type":"Polygon","coordinates":[[[-79.23583,-0.24833],[-79.1775,-0.25139],[-79.17778,-0.2575],[-79.19944,-0.27389],[-79.20361,-0.27028],[-79.21528,-0.29611],[-79.235,-0.31556],[-79.25333,-0.3125],[-79.30222,-0.32361],[-79.36028,-0.37694],[-79.36556,-0.39889],[-79.38806,-0.40833],[-79.40333,-0.43944],[-79.43222,-0.44889],[-79.45306,-0.46778],[-79.44389,-0.47833],[-79.46444,-0.52333],[-79.46639,-0.58083],[-79.48778,-0.60806],[-79.50167,-0.58389],[-79.50444,-0.55667],[-79.50278,-0.54222],[-79.49,-0.5325],[-79.48944,-0.51556],[-79.47417,-0.50667],[-79.47639,-0.45639],[-79.46,-0.43111],[-79.44194,-0.42194],[-79.44528,-0.41528],[-79.43361,-0.40861],[-79.43667,-0.39667],[-79.41639,-0.39111],[-79.41,-0.36167],[-79.35,-0.32694],[-79.33972,-0.30972],[-79.33222,-0.31583],[-79.31417,-0.30611],[-79.29083,-0.28028],[-79.26028,-0.27778],[-79.23583,-0.24833]]]}},{"type":"Feature","properties":{"codigo":1007401710},"geometry":{"type":"Polygon","coordinates":[[[-77.08056,-0.24528],[-77.08417,-0.25472],[-77.07194,-0.27083],[-77.09056,-0.27389],[-77.1075,-0.29194],[-77.12056,-0.28361],[-77.12917,-0.29194],[-77.14556,-0.29222],[-77.14639,-0.32333],[-77.16083,-0.33194],[-77.16306,-0.34833],[-77.20722,-0.31361],[-77.22778,-0.31972],[-77.23944,-0.3],[-77.24583,-0.30694],[-77.23778,-0.31722],[-77.24694,-0.32278],[-77.25528,-0.30417],[-77.2975,-0.27972],[-77.30306,-0.24667],[-77.28028,-0.24111],[-77.25472,-0.25361],[-77.25056,-0.24444],[-77.23333,-0.24472],[-77.20278,-0.26306],[-77.18389,-0.25139],[-77.17222,-0.26889],[-77.15139,-0.27528],[-77.1425,-0.26583],[-77.12722,-0.26556],[-77.11528,-0.24667],[-77.09333,-0.255],[-77.08056,-0.24528]]]}},{"type":"Feature","properties":{"codigo":1007401703},"geometry":{"type":"Polygon","coordinates":[[[-77.69583,-0.2425],[-77.65028,-0.28167],[-77.62917,-0.35583],[-77.63667,-0.35694],[-77.64083,-0.37],[-77.70528,-0.40528],[-77.7075,-0.42333],[-77.7225,-0.43278],[-77.72778,-0.38889],[-77.73806,-0.37472],[-77.72444,-0.34194],[-77.74,-0.32028],[-77.71111,-0.29194],[-77.70778,-0.26083],[-77.69583,-0.2425]]]}},{"type":"Feature","properties":{"codigo":1007401591},"geometry":{"type":"Polygon","coordinates":[[[-76.41861,-0.25722],[-76.39639,-0.25333],[-76.39667,-0.26361],[-76.38667,-0.25889],[-76.385,-0.26639],[-76.37083,-0.26722],[-76.36778,-0.25889],[-76.37861,-0.25],[-76.36333,-0.24444],[-76.36389,-0.23444],[-76.35306,-0.23278],[-76.34306,-0.24194],[-76.33556,-0.23417],[-76.33028,-0.24861],[-76.30139,-0.25639],[-76.29667,-0.26556],[-76.27528,-0.25306],[-76.25806,-0.25444],[-76.23583,-0.265],[-76.23472,-0.27361],[-76.21389,-0.27528],[-76.2025,-0.2675],[-76.19778,-0.27167],[-76.18694,-0.25056],[-76.15389,-0.25389],[-76.15333,-0.26528],[-76.14278,-0.26917],[-76.12083,-0.2475],[-76.08167,-0.23778],[-76.06389,-0.27889],[-76.03583,-0.27722],[-76.02,-0.26667],[-76.0075,-0.29444],[-75.99583,-0.28111],[-75.9875,-0.29222],[-75.93861,-0.26833],[-75.92806,-0.27083],[-75.93222,-0.26306],[-75.92111,-0.25417],[-75.9125,-0.26167],[-75.89917,-0.25778],[-75.89222,-0.28472],[-75.91444,-0.30944],[-75.94667,-0.30167],[-75.95389,-0.3175],[-75.99611,-0.33611],[-76.01917,-0.33],[-76.02861,-0.3425],[-76.06167,-0.34611],[-76.09056,-0.33639],[-76.09944,-0.35222],[-76.13417,-0.34917],[-76.13806,-0.35861],[-76.16472,-0.33889],[-76.18611,-0.34083],[-76.19694,-0.32611],[-76.2075,-0.32861],[-76.22528,-0.31472],[-76.24083,-0.32833],[-76.23917,-0.32139],[-76.25528,-0.31694],[-76.27389,-0.32833],[-76.28917,-0.32361],[-76.29167,-0.31528],[-76.30361,-0.32417],[-76.33167,-0.32306],[-76.33722,-0.33639],[-76.36111,-0.35028],[-76.37722,-0.34333],[-76.43,-0.34667],[-76.41639,-0.31917],[-76.425,-0.31028],[-76.43944,-0.31306],[-76.43889,-0.30056],[-76.42583,-0.30333],[-76.40694,-0.29056],[-76.40528,-0.27778],[-76.41583,-0.2775],[-76.41111,-0.2675],[-76.41861,-0.25722]]]}},{"type":"Feature","properties":{"codigo":1007401699},"geometry":{"type":"Polygon","coordinates":[[[-78.18722,-0.26778],[-78.16861,-0.26444],[-78.16444,-0.27667],[-78.14722,-0.28083],[-78.14472,-0.29861],[-78.12611,-0.30917],[-78.12806,-0.32],[-78.10667,-0.33056],[-78.10917,-0.34889],[-78.08528,-0.36806],[-78.09028,-0.38861],[-78.09778,-0.39778],[-78.10778,-0.39639],[-78.11806,-0.42111],[-78.13917,-0.44139],[-78.14333,-0.48278],[-78.16972,-0.46917],[-78.18611,-0.47],[-78.19444,-0.45806],[-78.20528,-0.46528],[-78.23528,-0.45639],[-78.23583,-0.43639],[-78.25528,-0.40889],[-78.24333,-0.38361],[-78.21583,-0.36167],[-78.19222,-0.32417],[-78.18722,-0.26778]]]}},{"type":"Feature","properties":{"codigo":1007402072},"geometry":{"type":"Polygon","coordinates":[[[-79.46722,-0.27417],[-79.38139,-0.25889],[-79.415,-0.26778],[-79.43528,-0.28806],[-79.46778,-0.29861],[-79.49611,-0.32222],[-79.49694,-0.33056],[-79.51889,-0.34389],[-79.5225,-0.36139],[-79.54333,-0.36833],[-79.53806,-0.38056],[-79.56056,-0.4025],[-79.55333,-0.41778],[-79.57639,-0.45194],[-79.60639,-0.46],[-79.61194,-0.42778],[-79.58806,-0.40472],[-79.57944,-0.38056],[-79.53917,-0.35083],[-79.50667,-0.29528],[-79.46722,-0.27417]]]}},{"type":"Feature","properties":{"codigo":1007400808},"geometry":{"type":"Polygon","coordinates":[[[-80.34583,-0.28944],[-80.27528,-0.23028],[-80.24917,-0.23],[-80.26278,-0.23778],[-80.26972,-0.26194],[-80.28667,-0.28333],[-80.27222,-0.31],[-80.24528,-0.32111],[-80.24083,-0.3425],[-80.25778,-0.36083],[-80.23333,-0.39056],[-80.2375,-0.40556],[-80.22861,-0.41056],[-80.22667,-0.43694],[-80.1875,-0.43278],[-80.19361,-0.45806],[-80.18028,-0.46694],[-80.17333,-0.48583],[-80.18972,-0.48167],[-80.22167,-0.49167],[-80.24139,-0.47361],[-80.26972,-0.48278],[-80.28278,-0.47222],[-80.28722,-0.45139],[-80.30333,-0.44444],[-80.31611,-0.41361],[-80.325,-0.41444],[-80.33306,-0.38028],[-80.32167,-0.36806],[-80.3325,-0.3625],[-80.32861,-0.35028],[-80.35056,-0.32972],[-80.34583,-0.28944]]]}},{"type":"Feature","properties":{"codigo":1007401672},"geometry":{"type":"Polygon","coordinates":[[[-77.03611,-0.1725],[-76.99889,-0.18167],[-76.98056,-0.21222],[-76.96833,-0.21083],[-76.97361,-0.20111],[-76.9675,-0.20111],[-76.95333,-0.20306],[-76.93667,-0.21889],[-76.93,-0.21611],[-76.91222,-0.23111],[-76.89861,-0.25833],[-76.87556,-0.255],[-76.87139,-0.26222],[-76.8475,-0.2625],[-76.84139,-0.27528],[-76.82528,-0.275],[-76.83,-0.32028],[-76.81944,-0.32167],[-76.80139,-0.34306],[-76.78944,-0.34417],[-76.79528,-0.35056],[-76.77667,-0.37361],[-76.77889,-0.38056],[-76.76472,-0.38083],[-76.76361,-0.39972],[-76.75361,-0.40222],[-76.74583,-0.41917],[-76.75056,-0.44139],[-76.78,-0.43528],[-76.80167,-0.41694],[-76.81528,-0.37667],[-76.81889,-0.38222],[-76.83083,-0.37778],[-76.83333,-0.38556],[-76.85306,-0.37889],[-76.85417,-0.34639],[-76.84583,-0.33611],[-76.85917,-0.33417],[-76.86417,-0.30889],[-76.88944,-0.31083],[-76.91444,-0.29417],[-76.92444,-0.27778],[-76.9525,-0.28],[-76.96389,-0.27056],[-76.98806,-0.26778],[-76.99361,-0.27361],[-76.99944,-0.26306],[-77.01833,-0.26528],[-77.03639,-0.25361],[-77.02972,-0.24333],[-77.0475,-0.21306],[-77.04194,-0.20333],[-77.03472,-0.20528],[-77.03917,-0.19778],[-77.02972,-0.185],[-77.03611,-0.1725]]]}},{"type":"Feature","properties":{"codigo":1007402076},"geometry":{"type":"Polygon","coordinates":[[[-79.61056,-0.26222],[-79.57028,-0.24944],[-79.55667,-0.26361],[-79.54611,-0.26389],[-79.53722,-0.27972],[-79.52972,-0.25944],[-79.49889,-0.24611],[-79.48306,-0.25222],[-79.46722,-0.27417],[-79.52361,-0.29833],[-79.52861,-0.31167],[-79.56667,-0.33083],[-79.56778,-0.34722],[-79.59083,-0.35056],[-79.60194,-0.34694],[-79.60222,-0.32694],[-79.63972,-0.29528],[-79.61611,-0.28667],[-79.61056,-0.26222]]]}},{"type":"Feature","properties":{"codigo":1007401698},"geometry":{"type":"Polygon","coordinates":[[[-78.16861,-0.26444],[-78.15639,-0.25444],[-78.11722,-0.25417],[-78.09278,-0.24],[-78.07833,-0.28111],[-78.06806,-0.27667],[-78.03361,-0.3125],[-78.03056,-0.33056],[-78.0575,-0.34194],[-78.07111,-0.36167],[-78.08583,-0.36806],[-78.10917,-0.34889],[-78.10667,-0.33056],[-78.12806,-0.32],[-78.12611,-0.30917],[-78.14167,-0.30222],[-78.14722,-0.28083],[-78.16444,-0.27667],[-78.16861,-0.26444]]]}},{"type":"Feature","properties":{"codigo":1007400649},"geometry":{"type":"Polygon","coordinates":[[[-78.95389,-0.305],[-78.90306,-0.28028],[-78.87778,-0.28722],[-78.87278,-0.27972],[-78.85389,-0.27861],[-78.84583,-0.25028],[-78.81611,-0.26306],[-78.81278,-0.27806],[-78.78167,-0.27722],[-78.77472,-0.26639],[-78.74667,-0.27639],[-78.74528,-0.295],[-78.73028,-0.31583],[-78.74556,-0.32778],[-78.77417,-0.32972],[-78.80083,-0.34528],[-78.81056,-0.36667],[-78.83167,-0.36639],[-78.84444,-0.38306],[-78.87444,-0.39167],[-78.88944,-0.38444],[-78.90167,-0.34861],[-78.91722,-0.33111],[-78.95472,-0.31639],[-78.95389,-0.305]]]}},{"type":"Feature","properties":{"codigo":1007400711},"geometry":{"type":"Polygon","coordinates":[[[-78.51889,-0.29444],[-78.49528,-0.30389],[-78.46167,-0.29139],[-78.44667,-0.32139],[-78.42056,-0.335],[-78.40806,-0.3775],[-78.41833,-0.44917],[-78.43639,-0.46333],[-78.44972,-0.46194],[-78.45667,-0.47806],[-78.46861,-0.47389],[-78.46806,-0.50694],[-78.45389,-0.52028],[-78.45417,-0.53528],[-78.48861,-0.56694],[-78.49167,-0.58111],[-78.50611,-0.58083],[-78.52194,-0.60194],[-78.55139,-0.6025],[-78.57778,-0.61667],[-78.595,-0.65222],[-78.6175,-0.64444],[-78.65583,-0.66583],[-78.71611,-0.66056],[-78.71944,-0.64083],[-78.6975,-0.61083],[-78.70083,-0.58028],[-78.69472,-0.5675],[-78.65806,-0.52972],[-78.65389,-0.50056],[-78.63167,-0.48278],[-78.61694,-0.45444],[-78.60806,-0.41417],[-78.61889,-0.39111],[-78.61056,-0.37306],[-78.62056,-0.36278],[-78.61583,-0.34667],[-78.56472,-0.34194],[-78.545,-0.35444],[-78.52861,-0.35417],[-78.51889,-0.29444]]]}},{"type":"Feature","properties":{"codigo":1007400648},"geometry":{"type":"Polygon","coordinates":[[[-79.03444,-0.31],[-79.02139,-0.30139],[-78.99917,-0.31],[-78.95472,-0.30611],[-78.96833,-0.35278],[-78.96361,-0.39806],[-78.97278,-0.40806],[-79.00861,-0.41639],[-79.00667,-0.40583],[-79.02194,-0.38389],[-79.00806,-0.33111],[-79.02028,-0.32889],[-79.01889,-0.32222],[-79.03444,-0.31]]]}},{"type":"Feature","properties":{"codigo":1007401665},"geometry":{"type":"Polygon","coordinates":[[[-76.72417,-0.30972],[-76.69806,-0.29917],[-76.69028,-0.31028],[-76.67833,-0.30694],[-76.67944,-0.29333],[-76.64806,-0.29389],[-76.65111,-0.29944],[-76.63917,-0.30417],[-76.64056,-0.31972],[-76.61278,-0.32556],[-76.60194,-0.34167],[-76.58222,-0.34944],[-76.58556,-0.35861],[-76.55917,-0.36972],[-76.54778,-0.38611],[-76.55778,-0.39833],[-76.56639,-0.39306],[-76.58278,-0.40333],[-76.59972,-0.39611],[-76.60917,-0.40667],[-76.60139,-0.40667],[-76.60583,-0.42139],[-76.62917,-0.42611],[-76.63444,-0.41222],[-76.61611,-0.38111],[-76.62583,-0.38278],[-76.63278,-0.36583],[-76.64472,-0.37222],[-76.64889,-0.36722],[-76.64056,-0.3575],[-76.64944,-0.34861],[-76.66528,-0.34722],[-76.66944,-0.33861],[-76.68056,-0.34778],[-76.70972,-0.33139],[-76.72417,-0.30972]]]}},{"type":"Feature","properties":{"codigo":1007401667},"geometry":{"type":"Polygon","coordinates":[[[-76.75194,-0.31639],[-76.7425,-0.30444],[-76.72583,-0.30667],[-76.70111,-0.33694],[-76.6775,-0.34833],[-76.66944,-0.33861],[-76.66528,-0.34722],[-76.64139,-0.35556],[-76.64889,-0.36722],[-76.64472,-0.37222],[-76.62889,-0.3675],[-76.62583,-0.38278],[-76.61611,-0.38111],[-76.63444,-0.41222],[-76.62639,-0.43083],[-76.65222,-0.41417],[-76.64972,-0.40556],[-76.6625,-0.40806],[-76.68444,-0.38833],[-76.695,-0.39306],[-76.70056,-0.37833],[-76.71583,-0.38194],[-76.72417,-0.35861],[-76.73583,-0.3625],[-76.73806,-0.32361],[-76.75194,-0.31639]]]}},{"type":"Feature","properties":{"codigo":1007401721},"geometry":{"type":"Polygon","coordinates":[[[-77.50528,-0.31333],[-77.5075,-0.29667],[-77.49083,-0.28528],[-77.48361,-0.25611],[-77.46028,-0.235],[-77.41472,-0.23306],[-77.40639,-0.22444],[-77.37361,-0.2425],[-77.37389,-0.26778],[-77.35639,-0.31944],[-77.365,-0.32722],[-77.36806,-0.36833],[-77.41917,-0.34861],[-77.43806,-0.35694],[-77.46944,-0.35139],[-77.48944,-0.32056],[-77.50528,-0.31333]]]}},{"type":"Feature","properties":{"codigo":1007401670},"geometry":{"type":"Polygon","coordinates":[[[-76.82333,-0.2775],[-76.80528,-0.28222],[-76.80361,-0.30083],[-76.76611,-0.2975],[-76.76611,-0.3175],[-76.73806,-0.32361],[-76.74056,-0.35556],[-76.73056,-0.36556],[-76.72889,-0.35806],[-76.72278,-0.35972],[-76.71583,-0.38194],[-76.70056,-0.37833],[-76.695,-0.39306],[-76.68444,-0.38833],[-76.6625,-0.40806],[-76.64972,-0.40556],[-76.65222,-0.41417],[-76.62167,-0.43694],[-76.71028,-0.44],[-76.70444,-0.42861],[-76.70972,-0.42333],[-76.71778,-0.42917],[-76.73639,-0.41639],[-76.74667,-0.41861],[-76.75361,-0.40222],[-76.76361,-0.39972],[-76.76528,-0.38],[-76.77889,-0.38056],[-76.77667,-0.37361],[-76.79528,-0.35056],[-76.78944,-0.34417],[-76.80139,-0.34306],[-76.81944,-0.32167],[-76.83,-0.32028],[-76.82333,-0.2775]]]}},{"type":"Feature","properties":{"codigo":1007400811},"geometry":{"type":"Polygon","coordinates":[[[-80.19833,-0.28667],[-80.18194,-0.29028],[-80.17667,-0.30528],[-80.15611,-0.31861],[-80.13528,-0.30861],[-80.11333,-0.31417],[-80.10194,-0.34083],[-80.10861,-0.36194],[-80.10083,-0.36472],[-80.09833,-0.38917],[-80.08333,-0.40194],[-80.10278,-0.43167],[-80.10111,-0.45],[-80.11556,-0.47028],[-80.11111,-0.48528],[-80.13472,-0.49639],[-80.14056,-0.50833],[-80.17278,-0.48583],[-80.18028,-0.46694],[-80.19306,-0.45944],[-80.1875,-0.43278],[-80.22667,-0.43694],[-80.22861,-0.41056],[-80.2375,-0.40556],[-80.23333,-0.39056],[-80.25778,-0.36083],[-80.24083,-0.3425],[-80.24722,-0.33222],[-80.24333,-0.30167],[-80.22722,-0.28806],[-80.215,-0.29444],[-80.19833,-0.28667]]]}},{"type":"Feature","properties":{"codigo":1007402142},"geometry":{"type":"Polygon","coordinates":[[[-79.20583,-0.32417],[-79.19278,-0.31278],[-79.17667,-0.31111],[-79.16778,-0.28778],[-79.1475,-0.28972],[-79.14139,-0.27583],[-79.11417,-0.28806],[-79.09889,-0.28639],[-79.065,-0.33222],[-79.06139,-0.36889],[-79.06889,-0.37556],[-79.09639,-0.35639],[-79.20583,-0.32417]]]}},{"type":"Feature","properties":{"codigo":1007402141},"geometry":{"type":"Polygon","coordinates":[[[-79.20583,-0.32417],[-79.18556,-0.34361],[-79.17889,-0.38083],[-79.20667,-0.36278],[-79.20694,-0.34722],[-79.22083,-0.34528],[-79.21611,-0.32389],[-79.20583,-0.32417]]]}},{"type":"Feature","properties":{"codigo":1007401709},"geometry":{"type":"Polygon","coordinates":[[[-77.15583,-0.33083],[-77.14639,-0.32333],[-77.14556,-0.29222],[-77.12917,-0.29194],[-77.12056,-0.28361],[-77.1075,-0.29194],[-77.09056,-0.27389],[-77.06861,-0.26722],[-77.075,-0.28333],[-77.04889,-0.29889],[-77.03194,-0.32972],[-77.02556,-0.36472],[-77.03306,-0.3775],[-77.03028,-0.39889],[-77.01556,-0.40306],[-77.01444,-0.41111],[-77.05139,-0.42222],[-77.0675,-0.44472],[-77.0775,-0.43361],[-77.09861,-0.43444],[-77.09444,-0.42694],[-77.10528,-0.41556],[-77.13361,-0.41417],[-77.13722,-0.39722],[-77.12611,-0.39167],[-77.13472,-0.36889],[-77.13,-0.3575],[-77.1475,-0.34111],[-77.14583,-0.33194],[-77.15583,-0.33083]]]}},{"type":"Feature","properties":{"codigo":1007400659},"geometry":{"type":"Polygon","coordinates":[[[-79.06306,-0.33944],[-79.03472,-0.31],[-79.01889,-0.32222],[-79.02028,-0.32889],[-79.00806,-0.33111],[-79.02194,-0.38444],[-79.00722,-0.41056],[-79.015,-0.4225],[-79.01667,-0.45389],[-79.03111,-0.47611],[-79.05361,-0.46167],[-79.06111,-0.42833],[-79.07528,-0.41083],[-79.06139,-0.36889],[-79.06306,-0.33944]]]}},{"type":"Feature","properties":{"codigo":1007401697},"geometry":{"type":"Polygon","coordinates":[[[-78.03056,-0.33028],[-78.02722,-0.33833],[-78.00361,-0.34028],[-77.99694,-0.3575],[-77.96944,-0.38444],[-77.96361,-0.42444],[-77.96972,-0.43778],[-77.97417,-0.4325],[-78.03194,-0.43972],[-78.04639,-0.43444],[-78.06333,-0.44861],[-78.08056,-0.44361],[-78.08583,-0.43194],[-78.10028,-0.43306],[-78.12083,-0.44583],[-78.14222,-0.48444],[-78.13944,-0.44194],[-78.11806,-0.42111],[-78.10778,-0.39639],[-78.09528,-0.39528],[-78.085,-0.36611],[-78.07111,-0.36167],[-78.0575,-0.34194],[-78.03056,-0.33028]]]}},{"type":"Feature","properties":{"codigo":1007401692},"geometry":{"type":"Polygon","coordinates":[[[-77.84889,-0.34361],[-77.8075,-0.33639],[-77.79056,-0.32028],[-77.77583,-0.32389],[-77.78222,-0.38111],[-77.75306,-0.40806],[-77.72611,-0.40611],[-77.72417,-0.4325],[-77.75,-0.43472],[-77.78167,-0.40028],[-77.80083,-0.39389],[-77.80278,-0.38361],[-77.83444,-0.37278],[-77.84889,-0.34361]]]}},{"type":"Feature","properties":{"codigo":1007402075},"geometry":{"type":"Polygon","coordinates":[[[-79.63944,-0.29556],[-79.60056,-0.32917],[-79.60528,-0.35361],[-79.63083,-0.35306],[-79.63639,-0.37333],[-79.66917,-0.39889],[-79.69278,-0.39444],[-79.70556,-0.37694],[-79.72556,-0.36944],[-79.73361,-0.35417],[-79.70861,-0.35528],[-79.69639,-0.32194],[-79.63944,-0.29556]]]}},{"type":"Feature","properties":{"codigo":1007401713},"geometry":{"type":"Polygon","coordinates":[[[-77.23056,-0.33972],[-77.24583,-0.30694],[-77.23972,-0.3],[-77.22778,-0.31972],[-77.20722,-0.31361],[-77.16361,-0.34833],[-77.16083,-0.33194],[-77.14694,-0.33139],[-77.1475,-0.34111],[-77.13167,-0.35306],[-77.13,-0.36361],[-77.14333,-0.37139],[-77.14361,-0.38111],[-77.16167,-0.38333],[-77.16,-0.39167],[-77.1775,-0.41333],[-77.20278,-0.42],[-77.2375,-0.35861],[-77.23083,-0.355],[-77.23056,-0.33972]]]}},{"type":"Feature","properties":{"codigo":1007401632},"geometry":{"type":"Polygon","coordinates":[[[-76.09528,-0.34833],[-76.09056,-0.33639],[-76.06167,-0.34611],[-76.02861,-0.3425],[-76.01917,-0.33],[-75.98806,-0.33361],[-75.95389,-0.3175],[-75.94472,-0.30111],[-75.92472,-0.31028],[-75.90972,-0.30444],[-75.90278,-0.31583],[-75.88722,-0.31056],[-75.85389,-0.31583],[-75.84056,-0.32917],[-75.83556,-0.32333],[-75.82389,-0.33917],[-75.79556,-0.32833],[-75.78694,-0.34556],[-75.75889,-0.36139],[-75.74139,-0.34833],[-75.72806,-0.34806],[-75.72417,-0.35833],[-75.70556,-0.35472],[-75.69278,-0.36972],[-75.66667,-0.36389],[-75.66583,-0.39083],[-75.65944,-0.39111],[-75.68861,-0.40361],[-75.69,-0.39694],[-75.72028,-0.39556],[-75.72472,-0.38639],[-75.73806,-0.39667],[-75.74556,-0.3925],[-75.75028,-0.40167],[-75.76472,-0.39861],[-75.78167,-0.41306],[-75.78917,-0.39861],[-75.80833,-0.42],[-75.83028,-0.41833],[-75.83611,-0.40472],[-75.86167,-0.41083],[-75.88306,-0.40306],[-75.89139,-0.42306],[-75.89722,-0.4275],[-75.90944,-0.42111],[-75.92222,-0.44556],[-75.93444,-0.43528],[-75.92806,-0.41667],[-75.94389,-0.41861],[-75.93722,-0.40667],[-75.95389,-0.39139],[-75.96111,-0.39333],[-75.95583,-0.38028],[-75.96167,-0.37361],[-75.97778,-0.38056],[-75.99361,-0.37417],[-76.02278,-0.37778],[-76.02694,-0.38694],[-76.05833,-0.39528],[-76.05167,-0.40083],[-76.05861,-0.40667],[-76.06944,-0.39667],[-76.07056,-0.38167],[-76.08361,-0.37306],[-76.08389,-0.35583],[-76.09528,-0.34833]]]}},{"type":"Feature","properties":{"codigo":1007402074},"geometry":{"type":"Polygon","coordinates":[[[-79.60194,-0.34639],[-79.56778,-0.34722],[-79.56611,-0.33028],[-79.52861,-0.31167],[-79.52361,-0.29833],[-79.5,-0.28611],[-79.49194,-0.28722],[-79.51778,-0.30917],[-79.51889,-0.32444],[-79.53389,-0.33528],[-79.53917,-0.35083],[-79.57944,-0.38056],[-79.58806,-0.40472],[-79.61194,-0.42778],[-79.60917,-0.44278],[-79.61667,-0.45694],[-79.63083,-0.45111],[-79.63389,-0.43083],[-79.65944,-0.42417],[-79.66167,-0.40694],[-79.67333,-0.3975],[-79.64167,-0.37889],[-79.63083,-0.35306],[-79.60611,-0.35389],[-79.60194,-0.34639]]]}},{"type":"Feature","properties":{"codigo":1007402078},"geometry":{"type":"Polygon","coordinates":[[[-79.95167,-0.35139],[-79.95306,-0.32972],[-79.97333,-0.30611],[-79.94667,-0.29028],[-79.95028,-0.25833],[-79.93778,-0.24972],[-79.91833,-0.26806],[-79.88861,-0.2675],[-79.87583,-0.25111],[-79.86028,-0.25083],[-79.82861,-0.27833],[-79.82556,-0.29139],[-79.80944,-0.28778],[-79.77528,-0.31861],[-79.76639,-0.31806],[-79.75972,-0.335],[-79.73472,-0.34889],[-79.72556,-0.36944],[-79.70556,-0.37694],[-79.69778,-0.39139],[-79.66306,-0.405],[-79.66306,-0.44528],[-79.67972,-0.46333],[-79.68972,-0.45528],[-79.70278,-0.46194],[-79.71,-0.45028],[-79.73,-0.44917],[-79.74583,-0.42111],[-79.76444,-0.42194],[-79.77056,-0.40417],[-79.84139,-0.3925],[-79.86417,-0.36083],[-79.9125,-0.36194],[-79.95167,-0.35139]]]}},{"type":"Feature","properties":{"codigo":1007401656},"geometry":{"type":"Polygon","coordinates":[[[-76.44222,-0.345],[-76.40417,-0.34806],[-76.37722,-0.34333],[-76.36111,-0.35028],[-76.33722,-0.33639],[-76.33167,-0.32306],[-76.30361,-0.32417],[-76.29167,-0.31528],[-76.28917,-0.32361],[-76.27389,-0.32833],[-76.25528,-0.31694],[-76.23917,-0.32139],[-76.2425,-0.32556],[-76.24083,-0.32833],[-76.22528,-0.31472],[-76.2075,-0.32861],[-76.19694,-0.32611],[-76.18556,-0.34111],[-76.16417,-0.33917],[-76.13861,-0.35861],[-76.13417,-0.34917],[-76.09528,-0.34833],[-76.0825,-0.35806],[-76.08361,-0.37306],[-76.07056,-0.38167],[-76.05917,-0.41556],[-76.06806,-0.42306],[-76.09667,-0.40528],[-76.09556,-0.43806],[-76.11444,-0.43167],[-76.12583,-0.44083],[-76.15194,-0.43139],[-76.15583,-0.42167],[-76.18278,-0.43472],[-76.1875,-0.42389],[-76.21583,-0.42028],[-76.24694,-0.43417],[-76.27722,-0.41],[-76.29194,-0.42028],[-76.30639,-0.41444],[-76.31194,-0.42528],[-76.33167,-0.43],[-76.34583,-0.42333],[-76.35194,-0.42861],[-76.35861,-0.41583],[-76.37278,-0.42278],[-76.3875,-0.40528],[-76.41778,-0.42639],[-76.42889,-0.40944],[-76.45861,-0.41472],[-76.46861,-0.40583],[-76.46694,-0.39583],[-76.48556,-0.40667],[-76.49694,-0.39861],[-76.51306,-0.4],[-76.50889,-0.39389],[-76.51722,-0.39222],[-76.51194,-0.38389],[-76.51694,-0.37667],[-76.50889,-0.37306],[-76.50972,-0.36056],[-76.48194,-0.36056],[-76.48056,-0.35139],[-76.46611,-0.34306],[-76.46528,-0.32861],[-76.44889,-0.32833],[-76.44222,-0.345]]]}},{"type":"Feature","properties":{"codigo":1007400650},"geometry":{"type":"Polygon","coordinates":[[[-78.73139,-0.31972],[-78.72222,-0.32556],[-78.71444,-0.31806],[-78.68111,-0.32139],[-78.6625,-0.36],[-78.65056,-0.3575],[-78.64361,-0.36],[-78.675,-0.37917],[-78.67917,-0.38972],[-78.7375,-0.39861],[-78.78972,-0.39611],[-78.83389,-0.36806],[-78.81056,-0.36667],[-78.80083,-0.34528],[-78.77417,-0.32972],[-78.73139,-0.31972]]]}},{"type":"Feature","properties":{"codigo":1007400651},"geometry":{"type":"Polygon","coordinates":[[[-78.64361,-0.35972],[-78.62056,-0.36056],[-78.61056,-0.37278],[-78.61889,-0.39056],[-78.60806,-0.41389],[-78.61694,-0.45444],[-78.63167,-0.48278],[-78.65389,-0.50056],[-78.65806,-0.52972],[-78.68639,-0.54694],[-78.73361,-0.52056],[-78.7525,-0.52583],[-78.76444,-0.50028],[-78.78583,-0.49861],[-78.79361,-0.47833],[-78.78972,-0.46806],[-78.80417,-0.46639],[-78.81722,-0.45333],[-78.80833,-0.42694],[-78.83917,-0.40278],[-78.84417,-0.38278],[-78.83111,-0.36806],[-78.78972,-0.39611],[-78.72194,-0.39778],[-78.71583,-0.39139],[-78.67917,-0.38972],[-78.675,-0.37917],[-78.64361,-0.35972]]]}},{"type":"Feature","properties":{"codigo":1007401674},"geometry":{"type":"Polygon","coordinates":[[[-76.96,-0.3625],[-76.97194,-0.33944],[-76.95806,-0.33639],[-76.95944,-0.3125],[-76.9525,-0.31278],[-76.94833,-0.30111],[-76.95333,-0.28083],[-76.92444,-0.27778],[-76.91444,-0.29417],[-76.88944,-0.31083],[-76.86417,-0.30889],[-76.85917,-0.33417],[-76.855,-0.33889],[-76.84722,-0.33333],[-76.85417,-0.34639],[-76.85333,-0.37833],[-76.82917,-0.38694],[-76.82417,-0.40722],[-76.81444,-0.41444],[-76.82028,-0.42],[-76.81694,-0.43528],[-76.83611,-0.43333],[-76.84528,-0.44583],[-76.84417,-0.43444],[-76.86083,-0.42944],[-76.84889,-0.41028],[-76.85806,-0.39333],[-76.86833,-0.39806],[-76.87806,-0.38917],[-76.90972,-0.40556],[-76.92389,-0.39444],[-76.91583,-0.3875],[-76.91778,-0.36694],[-76.93028,-0.36917],[-76.93944,-0.35722],[-76.94833,-0.36583],[-76.96,-0.3625]]]}},{"type":"Feature","properties":{"codigo":1007401720},"geometry":{"type":"Polygon","coordinates":[[[-77.36444,-0.35778],[-77.35,-0.35639],[-77.34083,-0.37222],[-77.3475,-0.41167],[-77.35861,-0.40889],[-77.36667,-0.39444],[-77.38194,-0.39917],[-77.46056,-0.385],[-77.36806,-0.36833],[-77.36444,-0.35778]]]}},{"type":"Feature","properties":{"codigo":1007401693},"geometry":{"type":"Polygon","coordinates":[[[-77.98556,-0.36472],[-77.965,-0.36111],[-77.9,-0.32361],[-77.87333,-0.33889],[-77.855,-0.33833],[-77.83472,-0.3725],[-77.81611,-0.38139],[-77.83639,-0.39611],[-77.86278,-0.3875],[-77.87694,-0.39167],[-77.88444,-0.40028],[-77.90778,-0.40167],[-77.92278,-0.41556],[-77.93639,-0.3875],[-77.975,-0.38444],[-77.98556,-0.36472]]]}},{"type":"Feature","properties":{"codigo":1007401643},"geometry":{"type":"Polygon","coordinates":[[[-75.63917,-0.36556],[-75.66556,-0.345],[-75.66833,-0.32639],[-75.69111,-0.30917],[-75.6725,-0.29444],[-75.67722,-0.26778],[-75.64222,-0.27833],[-75.63944,-0.29028],[-75.62889,-0.29306],[-75.63389,-0.30556],[-75.61139,-0.30833],[-75.60194,-0.32944],[-75.58611,-0.33194],[-75.57111,-0.34556],[-75.57611,-0.35611],[-75.54722,-0.37361],[-75.51778,-0.36778],[-75.47833,-0.375],[-75.48222,-0.38778],[-75.49611,-0.39583],[-75.49361,-0.40583],[-75.51111,-0.41417],[-75.51167,-0.42167],[-75.52667,-0.41583],[-75.53111,-0.42361],[-75.54278,-0.42278],[-75.54722,-0.40472],[-75.56306,-0.41472],[-75.57889,-0.40972],[-75.59556,-0.42361],[-75.605,-0.41528],[-75.60444,-0.39167],[-75.62444,-0.38528],[-75.62028,-0.36444],[-75.63917,-0.36556]]]}},{"type":"Feature","properties":{"codigo":1007401722},"geometry":{"type":"Polygon","coordinates":[[[-77.50528,-0.31333],[-77.48944,-0.32056],[-77.46944,-0.35139],[-77.43806,-0.35694],[-77.41917,-0.34861],[-77.37861,-0.3675],[-77.42,-0.38056],[-77.48222,-0.38417],[-77.51056,-0.39722],[-77.52861,-0.3875],[-77.55917,-0.39167],[-77.56972,-0.3775],[-77.5675,-0.3675],[-77.53444,-0.35],[-77.50528,-0.31333]]]}},{"type":"Feature","properties":{"codigo":1007401641},"geometry":{"type":"Polygon","coordinates":[[[-75.47944,-0.38056],[-75.5075,-0.35833],[-75.50389,-0.3275],[-75.47194,-0.35889],[-75.4375,-0.37778],[-75.43861,-0.38444],[-75.41722,-0.39083],[-75.42306,-0.42306],[-75.45389,-0.41778],[-75.47611,-0.44472],[-75.50944,-0.43],[-75.5175,-0.42083],[-75.49361,-0.40583],[-75.49611,-0.39583],[-75.47944,-0.38056]]]}},{"type":"Feature","properties":{"codigo":1007401786},"geometry":{"type":"Polygon","coordinates":[[[-77.63667,-0.35694],[-77.61667,-0.35528],[-77.61333,-0.36333],[-77.59222,-0.36111],[-77.55417,-0.39389],[-77.56361,-0.43389],[-77.54833,-0.45417],[-77.55861,-0.48222],[-77.56722,-0.48528],[-77.60528,-0.46139],[-77.61611,-0.46417],[-77.62944,-0.44944],[-77.6525,-0.45194],[-77.66333,-0.43583],[-77.71778,-0.43222],[-77.7075,-0.42333],[-77.70528,-0.40528],[-77.64083,-0.37],[-77.63667,-0.35694]]]}},{"type":"Feature","properties":{"codigo":1007402143},"geometry":{"type":"Polygon","coordinates":[[[-79.20028,-0.33056],[-79.15,-0.3375],[-79.08667,-0.36056],[-79.06528,-0.37806],[-79.07389,-0.4075],[-79.08194,-0.41222],[-79.09361,-0.40417],[-79.11722,-0.41917],[-79.15139,-0.39944],[-79.16528,-0.40056],[-79.18111,-0.38806],[-79.18556,-0.34361],[-79.20028,-0.33056]]]}},{"type":"Feature","properties":{"codigo":1007402144},"geometry":{"type":"Polygon","coordinates":[[[-79.21417,-0.35056],[-79.20639,-0.34778],[-79.20667,-0.36278],[-79.18111,-0.37639],[-79.18028,-0.38972],[-79.16528,-0.40056],[-79.15139,-0.39944],[-79.11722,-0.41917],[-79.09361,-0.40417],[-79.06889,-0.41389],[-79.05111,-0.45222],[-79.05333,-0.46194],[-79.06722,-0.46583],[-79.09444,-0.45417],[-79.11194,-0.4825],[-79.13444,-0.49556],[-79.18306,-0.48056],[-79.18917,-0.46417],[-79.21194,-0.45667],[-79.21889,-0.43944],[-79.21222,-0.41944],[-79.21611,-0.39556],[-79.20944,-0.38944],[-79.21833,-0.36944],[-79.21417,-0.35056]]]}},{"type":"Feature","properties":{"codigo":1007400712},"geometry":{"type":"Polygon","coordinates":[[[-78.46139,-0.29278],[-78.40917,-0.32583],[-78.3875,-0.39139],[-78.39861,-0.38806],[-78.40778,-0.39639],[-78.42056,-0.335],[-78.44667,-0.32139],[-78.46139,-0.29278]]]}},{"type":"Feature","properties":{"codigo":1007400653},"geometry":{"type":"Polygon","coordinates":[[[-78.91556,-0.37333],[-78.90306,-0.37194],[-78.87444,-0.39167],[-78.84389,-0.38278],[-78.83917,-0.40278],[-78.80833,-0.42694],[-78.81722,-0.45333],[-78.80417,-0.46639],[-78.78972,-0.46806],[-78.79361,-0.47833],[-78.78583,-0.49861],[-78.76444,-0.50028],[-78.7525,-0.52583],[-78.73361,-0.52056],[-78.68694,-0.54694],[-78.67611,-0.54472],[-78.70083,-0.58028],[-78.6975,-0.61083],[-78.72028,-0.64917],[-78.74778,-0.64556],[-78.76278,-0.6325],[-78.79806,-0.62972],[-78.81056,-0.61472],[-78.83028,-0.61222],[-78.85194,-0.58944],[-78.84583,-0.55944],[-78.85694,-0.55528],[-78.87194,-0.51389],[-78.89111,-0.51222],[-78.89639,-0.49528],[-78.91389,-0.4925],[-78.91556,-0.43667],[-78.90306,-0.40722],[-78.91556,-0.37333]]]}},{"type":"Feature","properties":{"codigo":1007400652},"geometry":{"type":"Polygon","coordinates":[[[-78.89028,-0.38194],[-78.90306,-0.37194],[-78.92028,-0.37306],[-78.92944,-0.39583],[-78.96417,-0.4],[-78.96833,-0.35278],[-78.95833,-0.31944],[-78.91722,-0.33111],[-78.90167,-0.34861],[-78.89028,-0.38194]]]}},{"type":"Feature","properties":{"codigo":1007402080},"geometry":{"type":"Polygon","coordinates":[[[-79.96889,-0.38528],[-79.96083,-0.3775],[-79.96139,-0.35806],[-79.95056,-0.35139],[-79.9125,-0.36194],[-79.8675,-0.35972],[-79.84139,-0.3925],[-79.77056,-0.40417],[-79.76444,-0.42194],[-79.74583,-0.42111],[-79.72778,-0.44306],[-79.71333,-0.48361],[-79.7325,-0.50222],[-79.73167,-0.52361],[-79.75,-0.52556],[-79.80528,-0.47528],[-79.86833,-0.46],[-79.8875,-0.44222],[-79.94889,-0.44694],[-79.95528,-0.4225],[-79.97,-0.41333],[-79.96361,-0.40139],[-79.96889,-0.38528]]]}},{"type":"Feature","properties":{"codigo":1007400814},"geometry":{"type":"Polygon","coordinates":[[[-80.02306,-0.38306],[-79.96806,-0.38556],[-79.96361,-0.40139],[-79.97,-0.41333],[-79.95528,-0.4225],[-79.95778,-0.4325],[-79.94806,-0.44861],[-79.94528,-0.48167],[-79.95417,-0.49889],[-80.00028,-0.47417],[-80.01778,-0.45],[-80.055,-0.42889],[-80.05472,-0.42194],[-80.03056,-0.41556],[-80.02306,-0.38306]]]}},{"type":"Feature","properties":{"codigo":1007401572},"geometry":{"type":"Polygon","coordinates":[[[-75.67556,-0.40306],[-75.64222,-0.36722],[-75.62028,-0.36444],[-75.62389,-0.38639],[-75.60444,-0.39167],[-75.60389,-0.41722],[-75.58778,-0.42083],[-75.57194,-0.44306],[-75.5775,-0.45],[-75.59417,-0.44472],[-75.60028,-0.45917],[-75.6125,-0.46139],[-75.62278,-0.4525],[-75.61694,-0.44111],[-75.63167,-0.41306],[-75.66,-0.40639],[-75.6675,-0.41583],[-75.68222,-0.41333],[-75.69167,-0.42111],[-75.71,-0.41056],[-75.70833,-0.3975],[-75.67556,-0.40306]]]}},{"type":"Feature","properties":{"codigo":1007400716},"geometry":{"type":"Polygon","coordinates":[[[-78.39611,-0.38889],[-78.39111,-0.38833],[-78.37139,-0.40111],[-78.36306,-0.4175],[-78.33444,-0.42778],[-78.29889,-0.42278],[-78.28028,-0.40417],[-78.27417,-0.4125],[-78.25528,-0.40833],[-78.23611,-0.43583],[-78.23528,-0.45611],[-78.24694,-0.46056],[-78.25528,-0.50278],[-78.27028,-0.50944],[-78.2675,-0.53472],[-78.28639,-0.57361],[-78.3225,-0.57389],[-78.32972,-0.55972],[-78.35444,-0.54472],[-78.37806,-0.53583],[-78.39139,-0.53944],[-78.40611,-0.52528],[-78.41722,-0.47889],[-78.38917,-0.43833],[-78.38417,-0.41194],[-78.39611,-0.38889]]]}},{"type":"Feature","properties":{"codigo":1007401719},"geometry":{"type":"Polygon","coordinates":[[[-77.55417,-0.39417],[-77.52861,-0.3875],[-77.51056,-0.39722],[-77.48222,-0.38417],[-77.45083,-0.38472],[-77.38194,-0.39917],[-77.36667,-0.39444],[-77.35889,-0.40833],[-77.37028,-0.42139],[-77.38278,-0.4225],[-77.39111,-0.45389],[-77.40583,-0.46972],[-77.42389,-0.47333],[-77.45028,-0.46361],[-77.50917,-0.47833],[-77.51639,-0.46611],[-77.54806,-0.45583],[-77.56361,-0.43389],[-77.55417,-0.39417]]]}},{"type":"Feature","properties":{"codigo":1007400713},"geometry":{"type":"Polygon","coordinates":[[[-78.40778,-0.39639],[-78.39444,-0.38917],[-78.38417,-0.41278],[-78.38917,-0.43833],[-78.41639,-0.47139],[-78.41361,-0.50139],[-78.41972,-0.50333],[-78.43417,-0.48333],[-78.45667,-0.47694],[-78.44972,-0.46194],[-78.43639,-0.46333],[-78.41833,-0.44917],[-78.40778,-0.39639]]]}},{"type":"Feature","properties":{"codigo":1007401694},"geometry":{"type":"Polygon","coordinates":[[[-77.88472,-0.40028],[-77.86306,-0.3875],[-77.83639,-0.39611],[-77.81861,-0.38139],[-77.80278,-0.38361],[-77.80083,-0.39389],[-77.78167,-0.40028],[-77.75083,-0.43333],[-77.7725,-0.44111],[-77.78111,-0.43417],[-77.80694,-0.43778],[-77.85028,-0.41556],[-77.87333,-0.41222],[-77.88472,-0.40028]]]}},{"type":"Feature","properties":{"codigo":1007400813},"geometry":{"type":"Polygon","coordinates":[[[-80.08389,-0.40167],[-80.06944,-0.39833],[-80.06972,-0.38972],[-80.04917,-0.38222],[-80.04278,-0.36972],[-80.03778,-0.37972],[-80.02278,-0.38167],[-80.03056,-0.41556],[-80.05472,-0.42194],[-80.05194,-0.43861],[-80.06972,-0.44417],[-80.07083,-0.47111],[-80.06222,-0.48889],[-80.07972,-0.505],[-80.1125,-0.49194],[-80.11556,-0.47111],[-80.08389,-0.40167]]]}},{"type":"Feature","properties":{"codigo":1007400654},"geometry":{"type":"Polygon","coordinates":[[[-78.96417,-0.4],[-78.92944,-0.39583],[-78.92306,-0.375],[-78.91389,-0.37333],[-78.90306,-0.40722],[-78.91556,-0.43667],[-78.91389,-0.4925],[-78.89639,-0.49528],[-78.89111,-0.51222],[-78.87194,-0.51389],[-78.85694,-0.55528],[-78.84583,-0.55944],[-78.85222,-0.58889],[-78.83056,-0.61194],[-78.77861,-0.63278],[-78.78778,-0.66],[-78.80444,-0.67111],[-78.83583,-0.66583],[-78.86389,-0.675],[-78.8725,-0.67083],[-78.8725,-0.68389],[-78.88667,-0.705],[-78.90528,-0.71583],[-78.92333,-0.71583],[-78.92583,-0.70111],[-78.95639,-0.67139],[-78.96167,-0.63194],[-78.94722,-0.59806],[-78.96833,-0.5375],[-78.99444,-0.53],[-79.00028,-0.4975],[-79.01639,-0.49194],[-79.03194,-0.47389],[-79.01556,-0.45083],[-79.01194,-0.41806],[-78.96417,-0.4]]]}},{"type":"Feature","properties":{"codigo":1007401718},"geometry":{"type":"Polygon","coordinates":[[[-77.36556,-0.41],[-77.35139,-0.41417],[-77.36667,-0.41861],[-77.36556,-0.41]]]}},{"type":"Feature","properties":{"codigo":1007401717},"geometry":{"type":"Polygon","coordinates":[[[-77.35722,-0.42],[-77.3425,-0.40417],[-77.34667,-0.36417],[-77.33639,-0.35444],[-77.31917,-0.37944],[-77.31389,-0.41222],[-77.30111,-0.425],[-77.28528,-0.42222],[-77.2725,-0.44389],[-77.25444,-0.45583],[-77.27028,-0.48972],[-77.28611,-0.495],[-77.29444,-0.48583],[-77.32583,-0.48389],[-77.32694,-0.47333],[-77.34194,-0.475],[-77.3675,-0.49389],[-77.37333,-0.51333],[-77.39167,-0.51556],[-77.36278,-0.47],[-77.36389,-0.43222],[-77.35194,-0.42694],[-77.35722,-0.42]]]}},{"type":"Feature","properties":{"codigo":1007401663},"geometry":{"type":"Polygon","coordinates":[[[-76.58944,-0.41639],[-76.60278,-0.41],[-76.60167,-0.40611],[-76.60806,-0.40806],[-76.60917,-0.40667],[-76.59972,-0.39611],[-76.58278,-0.40333],[-76.56639,-0.39306],[-76.55778,-0.39833],[-76.55194,-0.38806],[-76.54111,-0.41528],[-76.56278,-0.42444],[-76.55333,-0.44056],[-76.56111,-0.43667],[-76.58222,-0.45083],[-76.59389,-0.42194],[-76.58944,-0.41639]]]}},{"type":"Feature","properties":{"codigo":1007401659},"geometry":{"type":"Polygon","coordinates":[[[-76.52611,-0.41306],[-76.52639,-0.4025],[-76.49861,-0.39833],[-76.48556,-0.40667],[-76.46694,-0.39583],[-76.46861,-0.40583],[-76.45417,-0.41722],[-76.42889,-0.40944],[-76.4225,-0.42333],[-76.41444,-0.42333],[-76.40528,-0.43361],[-76.40583,-0.44667],[-76.41278,-0.44472],[-76.40528,-0.46278],[-76.38111,-0.46917],[-76.36583,-0.46278],[-76.35917,-0.47139],[-76.3525,-0.46472],[-76.33583,-0.47417],[-76.28194,-0.45389],[-76.26611,-0.46],[-76.26306,-0.47556],[-76.27389,-0.48222],[-76.27111,-0.49417],[-76.29,-0.49722],[-76.28139,-0.50694],[-76.29,-0.51417],[-76.30306,-0.50694],[-76.31694,-0.51861],[-76.31778,-0.53056],[-76.33861,-0.53111],[-76.35611,-0.51833],[-76.4175,-0.55722],[-76.42944,-0.55139],[-76.42639,-0.56028],[-76.43889,-0.57083],[-76.45306,-0.56333],[-76.46722,-0.56667],[-76.47028,-0.55667],[-76.48222,-0.56944],[-76.50556,-0.56333],[-76.51861,-0.56889],[-76.49306,-0.52833],[-76.495,-0.5175],[-76.48139,-0.50833],[-76.48778,-0.50083],[-76.48139,-0.49778],[-76.47639,-0.4675],[-76.48611,-0.45611],[-76.47333,-0.44806],[-76.49583,-0.41722],[-76.50361,-0.41444],[-76.51194,-0.42361],[-76.52611,-0.41306]]]}},{"type":"Feature","properties":{"codigo":1007401696},"geometry":{"type":"Polygon","coordinates":[[[-77.96972,-0.38417],[-77.93639,-0.3875],[-77.92972,-0.41083],[-77.91583,-0.42472],[-77.8675,-0.42861],[-77.85083,-0.45306],[-77.88667,-0.48556],[-77.91222,-0.48778],[-77.92833,-0.51083],[-77.94639,-0.50861],[-77.97917,-0.52],[-77.98139,-0.495],[-77.97056,-0.47917],[-77.98861,-0.44917],[-77.97,-0.44194],[-77.96361,-0.42444],[-77.96972,-0.38417]]]}},{"type":"Feature","properties":{"codigo":1007401695},"geometry":{"type":"Polygon","coordinates":[[[-77.91944,-0.41556],[-77.90778,-0.40167],[-77.88889,-0.39917],[-77.87333,-0.41222],[-77.84,-0.42028],[-77.83417,-0.45806],[-77.80944,-0.49333],[-77.84389,-0.48472],[-77.84583,-0.46139],[-77.86139,-0.4325],[-77.90861,-0.42778],[-77.91944,-0.41556]]]}},{"type":"Feature","properties":{"codigo":1007401661},"geometry":{"type":"Polygon","coordinates":[[[-76.52611,-0.41306],[-76.52333,-0.42278],[-76.53917,-0.44083],[-76.56083,-0.43028],[-76.55611,-0.41833],[-76.52611,-0.41306]]]}},{"type":"Feature","properties":{"codigo":1007401723},"geometry":{"type":"Polygon","coordinates":[[[-77.36778,-0.4175],[-77.35194,-0.42694],[-77.36389,-0.43222],[-77.35889,-0.45778],[-77.37611,-0.50028],[-77.40778,-0.52944],[-77.41861,-0.52917],[-77.42528,-0.54139],[-77.44694,-0.55111],[-77.47361,-0.54639],[-77.50833,-0.50694],[-77.52694,-0.50472],[-77.52667,-0.49056],[-77.54694,-0.46194],[-77.545,-0.45583],[-77.51639,-0.46611],[-77.50917,-0.47833],[-77.45028,-0.46361],[-77.41139,-0.47222],[-77.39556,-0.46194],[-77.38278,-0.4225],[-77.36778,-0.4175]]]}},{"type":"Feature","properties":{"codigo":1007401714},"geometry":{"type":"Polygon","coordinates":[[[-77.19528,-0.42139],[-77.16861,-0.40444],[-77.15778,-0.37944],[-77.14361,-0.38111],[-77.14333,-0.37139],[-77.13444,-0.36889],[-77.12583,-0.37944],[-77.12694,-0.39472],[-77.13722,-0.39722],[-77.13361,-0.41417],[-77.10528,-0.41556],[-77.09444,-0.42694],[-77.09861,-0.43444],[-77.0775,-0.43361],[-77.06556,-0.45389],[-77.09528,-0.47167],[-77.12583,-0.47583],[-77.13306,-0.48667],[-77.15111,-0.47833],[-77.15028,-0.48444],[-77.16194,-0.48444],[-77.17222,-0.46833],[-77.17111,-0.45222],[-77.16111,-0.44722],[-77.17361,-0.43444],[-77.19306,-0.42944],[-77.19528,-0.42139]]]}},{"type":"Feature","properties":{"codigo":1007401664},"geometry":{"type":"Polygon","coordinates":[[[-76.60167,-0.41278],[-76.58944,-0.41667],[-76.61389,-0.42944],[-76.61389,-0.42639],[-76.60167,-0.41278]]]}},{"type":"Feature","properties":{"codigo":1007401635},"geometry":{"type":"Polygon","coordinates":[[[-76.06778,-0.42306],[-76.05167,-0.40083],[-76.05833,-0.39528],[-76.02694,-0.38694],[-76.02278,-0.37778],[-75.99361,-0.37417],[-75.97778,-0.38056],[-75.96528,-0.3725],[-75.95583,-0.38028],[-75.96111,-0.39333],[-75.95389,-0.39139],[-75.93722,-0.40667],[-75.94389,-0.41861],[-75.92806,-0.41667],[-75.93444,-0.43528],[-75.92222,-0.44556],[-75.90556,-0.41944],[-75.88806,-0.45389],[-75.85833,-0.46278],[-75.84944,-0.4575],[-75.84667,-0.46444],[-75.83583,-0.46083],[-75.82917,-0.47333],[-75.81972,-0.45083],[-75.7975,-0.45333],[-75.79083,-0.44278],[-75.77167,-0.43861],[-75.74778,-0.47333],[-75.73722,-0.48167],[-75.72417,-0.47694],[-75.72639,-0.49917],[-75.70417,-0.51222],[-75.72083,-0.52306],[-75.74972,-0.49917],[-75.76278,-0.50528],[-75.76194,-0.51222],[-75.78111,-0.50861],[-75.78556,-0.51944],[-75.82722,-0.51806],[-75.845,-0.52556],[-75.85,-0.53694],[-75.86972,-0.52528],[-75.8625,-0.50639],[-75.87972,-0.49389],[-75.90972,-0.50222],[-75.93806,-0.49667],[-75.94556,-0.46667],[-75.96222,-0.47639],[-75.98111,-0.47361],[-75.98583,-0.48083],[-76.00806,-0.465],[-76.02972,-0.47472],[-76.02889,-0.46111],[-76.04694,-0.45556],[-76.05278,-0.43028],[-76.06778,-0.42306]]]}},{"type":"Feature","properties":{"codigo":1007401568},"geometry":{"type":"Polygon","coordinates":[[[-75.59056,-0.42167],[-75.57889,-0.40972],[-75.56306,-0.41472],[-75.54667,-0.40472],[-75.54278,-0.42278],[-75.52139,-0.41694],[-75.50306,-0.43417],[-75.47944,-0.44139],[-75.47889,-0.46889],[-75.45611,-0.48944],[-75.46417,-0.50028],[-75.42972,-0.51111],[-75.42694,-0.52472],[-75.41306,-0.53528],[-75.42306,-0.54389],[-75.41833,-0.54972],[-75.43417,-0.55806],[-75.45944,-0.52861],[-75.47833,-0.525],[-75.48556,-0.53056],[-75.49278,-0.51833],[-75.52444,-0.53917],[-75.53722,-0.52528],[-75.54639,-0.52889],[-75.55111,-0.46306],[-75.57528,-0.45389],[-75.57139,-0.43861],[-75.59056,-0.42167]]]}},{"type":"Feature","properties":{"codigo":1007401666},"geometry":{"type":"Polygon","coordinates":[[[-76.62861,-0.42611],[-76.615,-0.42472],[-76.61167,-0.43],[-76.62194,-0.43444],[-76.62861,-0.42611]]]}},{"type":"Feature","properties":{"codigo":1007401633},"geometry":{"type":"Polygon","coordinates":[[[-75.90028,-0.43722],[-75.88306,-0.40306],[-75.86167,-0.41083],[-75.83611,-0.40472],[-75.83028,-0.41833],[-75.80833,-0.42],[-75.79,-0.39889],[-75.77944,-0.41278],[-75.76472,-0.39861],[-75.75028,-0.40167],[-75.74556,-0.3925],[-75.73806,-0.39667],[-75.72361,-0.38639],[-75.72028,-0.39556],[-75.70306,-0.39472],[-75.71,-0.41056],[-75.69167,-0.42111],[-75.68222,-0.41333],[-75.6675,-0.41583],[-75.66,-0.40639],[-75.63028,-0.41389],[-75.63,-0.42611],[-75.61694,-0.44111],[-75.62278,-0.4525],[-75.60944,-0.46167],[-75.6125,-0.47278],[-75.63167,-0.47611],[-75.63333,-0.48556],[-75.64639,-0.49194],[-75.66194,-0.47278],[-75.67111,-0.47889],[-75.67944,-0.4725],[-75.70306,-0.51139],[-75.72639,-0.49917],[-75.72417,-0.47694],[-75.73722,-0.48167],[-75.74778,-0.47333],[-75.77167,-0.43861],[-75.79083,-0.44278],[-75.7975,-0.45333],[-75.81972,-0.45083],[-75.82944,-0.47333],[-75.83583,-0.46083],[-75.84667,-0.46444],[-75.84944,-0.4575],[-75.85833,-0.46278],[-75.88806,-0.45389],[-75.90028,-0.43722]]]}},{"type":"Feature","properties":{"codigo":1007402084},"geometry":{"type":"Polygon","coordinates":[[[-79.55694,-0.42528],[-79.54806,-0.43806],[-79.56917,-0.46444],[-79.60389,-0.46778],[-79.60056,-0.45861],[-79.57667,-0.45222],[-79.55694,-0.42528]]]}},{"type":"Feature","properties":{"codigo":1007401658},"geometry":{"type":"Polygon","coordinates":[[[-76.40528,-0.43361],[-76.41306,-0.42139],[-76.40694,-0.42444],[-76.40972,-0.41611],[-76.3875,-0.40528],[-76.37278,-0.42278],[-76.35861,-0.41583],[-76.35194,-0.42861],[-76.34583,-0.42333],[-76.33167,-0.43],[-76.31194,-0.42528],[-76.30639,-0.41444],[-76.29194,-0.42028],[-76.27722,-0.41],[-76.25083,-0.42611],[-76.24972,-0.43389],[-76.25222,-0.44056],[-76.26889,-0.43917],[-76.27,-0.45528],[-76.29111,-0.45417],[-76.3025,-0.46639],[-76.33639,-0.47417],[-76.3525,-0.46472],[-76.35917,-0.47139],[-76.36583,-0.46278],[-76.37972,-0.46333],[-76.37806,-0.46917],[-76.40528,-0.46278],[-76.41278,-0.44528],[-76.40583,-0.44667],[-76.40528,-0.43361]]]}},{"type":"Feature","properties":{"codigo":1007401671},"geometry":{"type":"Polygon","coordinates":[[[-76.65111,-0.44139],[-76.59389,-0.42056],[-76.58667,-0.45806],[-76.61028,-0.45694],[-76.61806,-0.48528],[-76.63306,-0.47667],[-76.63944,-0.49306],[-76.66222,-0.48444],[-76.66722,-0.49472],[-76.68694,-0.49139],[-76.6975,-0.49972],[-76.71556,-0.4875],[-76.74861,-0.48639],[-76.75667,-0.475],[-76.76778,-0.47694],[-76.7675,-0.48333],[-76.785,-0.47917],[-76.79917,-0.45944],[-76.74917,-0.45278],[-76.74722,-0.42028],[-76.73667,-0.41639],[-76.71778,-0.42917],[-76.70528,-0.42667],[-76.71028,-0.44],[-76.65111,-0.44139]]]}},{"type":"Feature","properties":{"codigo":1007401787},"geometry":{"type":"Polygon","coordinates":[[[-77.71889,-0.43222],[-77.66333,-0.43583],[-77.6525,-0.45194],[-77.62944,-0.44944],[-77.61611,-0.46417],[-77.58,-0.47167],[-77.56833,-0.49194],[-77.61056,-0.5125],[-77.6275,-0.54222],[-77.65028,-0.52694],[-77.66639,-0.52722],[-77.68306,-0.51083],[-77.71667,-0.50222],[-77.73306,-0.48806],[-77.73389,-0.475],[-77.71972,-0.45722],[-77.71889,-0.43222]]]}},{"type":"Feature","properties":{"codigo":1007401702},"geometry":{"type":"Polygon","coordinates":[[[-77.77361,-0.44111],[-77.71889,-0.43222],[-77.71972,-0.45722],[-77.73389,-0.475],[-77.74472,-0.51361],[-77.77028,-0.51917],[-77.77917,-0.53694],[-77.79944,-0.55028],[-77.81306,-0.53361],[-77.81722,-0.5125],[-77.80944,-0.49028],[-77.83417,-0.45806],[-77.83611,-0.42556],[-77.79583,-0.43972],[-77.77833,-0.43472],[-77.77361,-0.44111]]]}},{"type":"Feature","properties":{"codigo":1007401673},"geometry":{"type":"Polygon","coordinates":[[[-76.82083,-0.4525],[-76.82028,-0.42],[-76.81417,-0.41556],[-76.82806,-0.39778],[-76.82861,-0.37694],[-76.81306,-0.37917],[-76.79722,-0.42139],[-76.78,-0.43528],[-76.75167,-0.44083],[-76.74806,-0.45083],[-76.77611,-0.45889],[-76.79306,-0.455],[-76.79917,-0.45889],[-76.79528,-0.46972],[-76.81417,-0.47472],[-76.83444,-0.45778],[-76.82083,-0.4525]]]}},{"type":"Feature","properties":{"codigo":1007401660},"geometry":{"type":"Polygon","coordinates":[[[-76.53083,-0.43583],[-76.52417,-0.4175],[-76.51111,-0.42361],[-76.50361,-0.41444],[-76.49583,-0.41722],[-76.47333,-0.44806],[-76.48611,-0.45611],[-76.47806,-0.46194],[-76.47944,-0.47639],[-76.49833,-0.4825],[-76.50472,-0.47417],[-76.52528,-0.47444],[-76.51806,-0.45528],[-76.53083,-0.43583]]]}},{"type":"Feature","properties":{"codigo":1007401655},"geometry":{"type":"Polygon","coordinates":[[[-76.09583,-0.43806],[-76.09833,-0.40639],[-76.09139,-0.40444],[-76.05333,-0.42944],[-76.04833,-0.43972],[-76.05389,-0.44694],[-76.02889,-0.46111],[-76.02972,-0.47472],[-76.00806,-0.465],[-75.99389,-0.48028],[-75.98167,-0.48056],[-75.98861,-0.50361],[-75.97944,-0.51],[-76.00111,-0.5275],[-75.99556,-0.53833],[-75.98389,-0.53833],[-75.98611,-0.55],[-75.99944,-0.55528],[-76.00917,-0.54556],[-76.04194,-0.54306],[-76.04528,-0.53056],[-76.0525,-0.53889],[-76.06528,-0.5275],[-76.08361,-0.52611],[-76.07167,-0.51028],[-76.11806,-0.46917],[-76.11722,-0.4625],[-76.10056,-0.46472],[-76.10472,-0.45472],[-76.09583,-0.43806]]]}},{"type":"Feature","properties":{"codigo":1007402091},"geometry":{"type":"Polygon","coordinates":[[[-79.54806,-0.43722],[-79.51917,-0.43972],[-79.4975,-0.41722],[-79.48278,-0.41472],[-79.48639,-0.40278],[-79.47722,-0.39944],[-79.47056,-0.40667],[-79.4525,-0.39944],[-79.45083,-0.38389],[-79.40722,-0.35944],[-79.41694,-0.37472],[-79.41639,-0.39111],[-79.43667,-0.39667],[-79.43361,-0.40861],[-79.44528,-0.41528],[-79.44194,-0.42194],[-79.46,-0.43111],[-79.47528,-0.45389],[-79.47417,-0.50667],[-79.48944,-0.51556],[-79.49,-0.5325],[-79.50278,-0.54222],[-79.50111,-0.58083],[-79.52139,-0.62611],[-79.53222,-0.63444],[-79.53083,-0.64639],[-79.55222,-0.65861],[-79.54111,-0.66111],[-79.56167,-0.6675],[-79.57972,-0.62139],[-79.57417,-0.61083],[-79.58083,-0.60167],[-79.5775,-0.56667],[-79.59139,-0.54417],[-79.60583,-0.53889],[-79.59722,-0.52028],[-79.60361,-0.51],[-79.59194,-0.485],[-79.59389,-0.47028],[-79.56917,-0.46444],[-79.54806,-0.43722]]]}},{"type":"Feature","properties":{"codigo":1007401657},"geometry":{"type":"Polygon","coordinates":[[[-76.24972,-0.43083],[-76.19639,-0.42056],[-76.18222,-0.43472],[-76.17611,-0.42611],[-76.15583,-0.42167],[-76.15194,-0.43139],[-76.13111,-0.44056],[-76.11444,-0.43167],[-76.10972,-0.43722],[-76.09667,-0.43306],[-76.09528,-0.44472],[-76.10417,-0.45194],[-76.10056,-0.46472],[-76.12667,-0.46694],[-76.14056,-0.49667],[-76.15417,-0.48917],[-76.17972,-0.49667],[-76.18306,-0.4825],[-76.19194,-0.4875],[-76.20222,-0.47861],[-76.22972,-0.47778],[-76.25139,-0.46472],[-76.26389,-0.47306],[-76.27,-0.45556],[-76.28111,-0.45528],[-76.27,-0.45528],[-76.27028,-0.44083],[-76.25222,-0.44056],[-76.24972,-0.43083]]]}},{"type":"Feature","properties":{"codigo":1007401798},"geometry":{"type":"Polygon","coordinates":[[[-76.55194,-0.435],[-76.54056,-0.44111],[-76.53,-0.43611],[-76.51861,-0.45194],[-76.53472,-0.50639],[-76.56,-0.51944],[-76.58139,-0.51556],[-76.59722,-0.5225],[-76.58083,-0.535],[-76.58806,-0.54056],[-76.58583,-0.55111],[-76.59528,-0.55833],[-76.61111,-0.55306],[-76.61194,-0.5625],[-76.64306,-0.57833],[-76.64778,-0.59278],[-76.66361,-0.60194],[-76.67972,-0.60528],[-76.6825,-0.5975],[-76.70639,-0.61278],[-76.72083,-0.60083],[-76.74583,-0.60694],[-76.77361,-0.60222],[-76.78694,-0.61389],[-76.79472,-0.61139],[-76.79806,-0.62417],[-76.81,-0.62417],[-76.81028,-0.61528],[-76.82139,-0.61778],[-76.82167,-0.615],[-76.79944,-0.59556],[-76.83833,-0.595],[-76.815,-0.56222],[-76.83583,-0.55167],[-76.82417,-0.53722],[-76.83639,-0.51111],[-76.82417,-0.49583],[-76.8075,-0.48972],[-76.80944,-0.47056],[-76.79556,-0.46972],[-76.76972,-0.48333],[-76.75667,-0.475],[-76.74861,-0.48639],[-76.71556,-0.4875],[-76.6975,-0.49972],[-76.68694,-0.49139],[-76.66722,-0.49472],[-76.66222,-0.48444],[-76.63944,-0.49306],[-76.63306,-0.47667],[-76.61806,-0.48528],[-76.61028,-0.45694],[-76.58806,-0.45889],[-76.58611,-0.44833],[-76.575,-0.44944],[-76.55194,-0.435]]]}},{"type":"Feature","properties":{"codigo":1007401708},"geometry":{"type":"Polygon","coordinates":[[[-77.06806,-0.45667],[-77.05139,-0.42222],[-77.0125,-0.41083],[-77.01194,-0.42444],[-76.99444,-0.42722],[-76.99639,-0.445],[-76.97944,-0.46917],[-76.99306,-0.47889],[-77.07278,-0.47167],[-77.0975,-0.47889],[-77.10611,-0.49056],[-77.13139,-0.48194],[-77.06806,-0.45667]]]}},{"type":"Feature","properties":{"codigo":1007401644},"geometry":{"type":"Polygon","coordinates":[[[-75.47639,-0.44472],[-75.42917,-0.43611],[-75.42139,-0.44667],[-75.38167,-0.4575],[-75.35944,-0.44722],[-75.35083,-0.46556],[-75.33028,-0.46694],[-75.34167,-0.47556],[-75.3325,-0.49056],[-75.33556,-0.50444],[-75.34417,-0.50556],[-75.34611,-0.52333],[-75.37528,-0.52917],[-75.39556,-0.51806],[-75.4025,-0.49611],[-75.41778,-0.50306],[-75.43083,-0.49111],[-75.43611,-0.50583],[-75.45833,-0.50667],[-75.46472,-0.49833],[-75.45778,-0.48583],[-75.48111,-0.46278],[-75.47639,-0.44472]]]}},{"type":"Feature","properties":{"codigo":1007401675},"geometry":{"type":"Polygon","coordinates":[[[-76.96,-0.3625],[-76.94833,-0.36583],[-76.93944,-0.35722],[-76.93028,-0.36917],[-76.91778,-0.36694],[-76.91583,-0.3875],[-76.92389,-0.39444],[-76.90972,-0.40556],[-76.87806,-0.38917],[-76.86833,-0.39806],[-76.85806,-0.39333],[-76.84889,-0.41028],[-76.86083,-0.42944],[-76.84417,-0.43444],[-76.84444,-0.44611],[-76.83611,-0.43333],[-76.81694,-0.43556],[-76.82389,-0.4425],[-76.82083,-0.4525],[-76.83444,-0.45778],[-76.81694,-0.46806],[-76.80722,-0.48917],[-76.84361,-0.50833],[-76.91444,-0.48583],[-76.94639,-0.53306],[-77.015,-0.5725],[-77.01306,-0.56111],[-77.02,-0.56028],[-77.01139,-0.54222],[-77.01861,-0.53583],[-76.97639,-0.50694],[-76.97611,-0.47944],[-76.96583,-0.4775],[-76.97194,-0.47222],[-76.96528,-0.45972],[-76.97333,-0.44861],[-76.94278,-0.43028],[-76.95167,-0.42361],[-76.94583,-0.40556],[-76.95806,-0.39361],[-76.95083,-0.38722],[-76.96,-0.3625]]]}},{"type":"Feature","properties":{"codigo":1007401785},"geometry":{"type":"Polygon","coordinates":[[[-77.54861,-0.45472],[-77.52667,-0.49056],[-77.52694,-0.50472],[-77.50833,-0.50694],[-77.47361,-0.54639],[-77.44694,-0.55111],[-77.43083,-0.54056],[-77.42194,-0.54389],[-77.40389,-0.56833],[-77.40528,-0.60667],[-77.36611,-0.61583],[-77.33694,-0.61194],[-77.32361,-0.62444],[-77.32583,-0.63972],[-77.28417,-0.67556],[-77.235,-0.69],[-77.2175,-0.71917],[-77.20833,-0.72222],[-77.20861,-0.7475],[-77.2575,-0.73194],[-77.28889,-0.70333],[-77.3125,-0.69667],[-77.33111,-0.70139],[-77.33611,-0.63528],[-77.35139,-0.62556],[-77.35917,-0.63306],[-77.42361,-0.6225],[-77.43194,-0.6075],[-77.42361,-0.59694],[-77.43306,-0.5675],[-77.50083,-0.58278],[-77.52528,-0.55222],[-77.56528,-0.5475],[-77.61278,-0.56444],[-77.62111,-0.56],[-77.62722,-0.54028],[-77.6125,-0.51444],[-77.56944,-0.49333],[-77.54861,-0.45472]]]}},{"type":"Feature","properties":{"codigo":1007402077},"geometry":{"type":"Polygon","coordinates":[[[-79.65861,-0.425],[-79.64417,-0.42306],[-79.63389,-0.43083],[-79.63083,-0.45111],[-79.61056,-0.46722],[-79.64028,-0.4975],[-79.64556,-0.51972],[-79.65389,-0.51444],[-79.675,-0.53611],[-79.68778,-0.52806],[-79.68694,-0.51806],[-79.69917,-0.505],[-79.68,-0.47694],[-79.67778,-0.45833],[-79.66306,-0.44528],[-79.65861,-0.425]]]}},{"type":"Feature","properties":{"codigo":1007402073},"geometry":{"type":"Polygon","coordinates":[[[-79.61278,-0.46528],[-79.60944,-0.4525],[-79.60639,-0.46028],[-79.61278,-0.46528]]]}},{"type":"Feature","properties":{"codigo":1007402071},"geometry":{"type":"Polygon","coordinates":[[[-79.61083,-0.46306],[-79.60306,-0.4675],[-79.61139,-0.46972],[-79.61083,-0.46306]]]}},{"type":"Feature","properties":{"codigo":1007401571},"geometry":{"type":"Polygon","coordinates":[[[-75.6125,-0.47278],[-75.59111,-0.44417],[-75.57389,-0.44556],[-75.575,-0.45417],[-75.55111,-0.46306],[-75.55389,-0.48889],[-75.54361,-0.49861],[-75.55,-0.50639],[-75.5425,-0.51806],[-75.55556,-0.53194],[-75.5525,-0.54444],[-75.56833,-0.53917],[-75.57611,-0.50611],[-75.58972,-0.51306],[-75.61056,-0.50694],[-75.61167,-0.49417],[-75.6325,-0.48361],[-75.63167,-0.47611],[-75.6125,-0.47278]]]}},{"type":"Feature","properties":{"codigo":1007401192},"geometry":{"type":"Polygon","coordinates":[[[-80.35,-0.32861],[-80.32861,-0.35028],[-80.3325,-0.3625],[-80.32167,-0.36806],[-80.33306,-0.38028],[-80.325,-0.41444],[-80.31611,-0.41361],[-80.31333,-0.42944],[-80.3025,-0.44528],[-80.28722,-0.45139],[-80.285,-0.4625],[-80.29639,-0.4625],[-80.30111,-0.47444],[-80.33528,-0.45722],[-80.34111,-0.47556],[-80.44861,-0.47028],[-80.47806,-0.42806],[-80.48944,-0.38444],[-80.46083,-0.38306],[-80.44361,-0.35056],[-80.42306,-0.34194],[-80.4125,-0.3275],[-80.40361,-0.33222],[-80.39861,-0.31778],[-80.35,-0.32861]]]}},{"type":"Feature","properties":{"codigo":1007402079},"geometry":{"type":"Polygon","coordinates":[[[-79.72528,-0.45028],[-79.71,-0.45028],[-79.70278,-0.46194],[-79.68639,-0.45611],[-79.67667,-0.46528],[-79.69639,-0.5025],[-79.71306,-0.48944],[-79.72528,-0.45028]]]}},{"type":"Feature","properties":{"codigo":1007402070},"geometry":{"type":"Polygon","coordinates":[[[-79.61111,-0.46972],[-79.59167,-0.4725],[-79.60583,-0.53917],[-79.59139,-0.54417],[-79.5775,-0.56667],[-79.5775,-0.59611],[-79.59778,-0.61444],[-79.60083,-0.63694],[-79.60778,-0.64],[-79.60889,-0.67083],[-79.62444,-0.70639],[-79.61972,-0.72361],[-79.63722,-0.74111],[-79.6475,-0.73833],[-79.65972,-0.75806],[-79.6725,-0.76],[-79.66861,-0.72722],[-79.67778,-0.72056],[-79.66944,-0.68472],[-79.68806,-0.66944],[-79.68861,-0.65083],[-79.705,-0.65139],[-79.71278,-0.63222],[-79.73472,-0.63083],[-79.74778,-0.61111],[-79.72694,-0.60083],[-79.72056,-0.58028],[-79.67667,-0.55167],[-79.665,-0.52278],[-79.65389,-0.51444],[-79.64556,-0.51972],[-79.64028,-0.4975],[-79.61111,-0.46972]]]}},{"type":"Feature","properties":{"codigo":1007401707},"geometry":{"type":"Polygon","coordinates":[[[-76.97944,-0.46806],[-76.96583,-0.47667],[-76.97611,-0.47944],[-76.97861,-0.50778],[-77.0,-0.48889],[-76.97944,-0.46806]]]}},{"type":"Feature","properties":{"codigo":1007401716},"geometry":{"type":"Polygon","coordinates":[[[-77.25444,-0.45611],[-77.22806,-0.45472],[-77.21028,-0.47111],[-77.19417,-0.45111],[-77.17667,-0.44806],[-77.15889,-0.48861],[-77.18694,-0.50083],[-77.19583,-0.51333],[-77.18333,-0.52278],[-77.19472,-0.54139],[-77.23528,-0.54944],[-77.27806,-0.58056],[-77.29167,-0.60528],[-77.31028,-0.60194],[-77.33,-0.61556],[-77.34333,-0.61361],[-77.325,-0.59139],[-77.33083,-0.57028],[-77.30333,-0.55444],[-77.29833,-0.53917],[-77.28556,-0.53694],[-77.28083,-0.52556],[-77.29,-0.49556],[-77.27028,-0.48972],[-77.25444,-0.45611]]]}},{"type":"Feature","properties":{"codigo":1007402145},"geometry":{"type":"Polygon","coordinates":[[[-79.05333,-0.46167],[-79.00028,-0.4975],[-78.99444,-0.53],[-78.96833,-0.5375],[-78.94722,-0.59806],[-78.955,-0.60417],[-78.95111,-0.61472],[-78.96139,-0.63056],[-78.96083,-0.65],[-79.03472,-0.62556],[-79.06528,-0.62306],[-79.07,-0.59694],[-79.09139,-0.58611],[-79.12861,-0.64889],[-79.13611,-0.64556],[-79.17528,-0.67083],[-79.22472,-0.67333],[-79.29278,-0.71028],[-79.30861,-0.70583],[-79.3175,-0.7125],[-79.3625,-0.69278],[-79.37,-0.65972],[-79.34694,-0.68694],[-79.34333,-0.67417],[-79.30944,-0.65806],[-79.27028,-0.6575],[-79.24472,-0.62361],[-79.22611,-0.61444],[-79.20528,-0.56528],[-79.18306,-0.54861],[-79.17806,-0.53222],[-79.145,-0.52833],[-79.135,-0.49556],[-79.11194,-0.4825],[-79.09889,-0.45806],[-79.08972,-0.45306],[-79.06722,-0.46583],[-79.05333,-0.46167]]]}},{"type":"Feature","properties":{"codigo":1007401193},"geometry":{"type":"Polygon","coordinates":[[[-80.43889,-0.49528],[-80.35917,-0.47028],[-80.34111,-0.47556],[-80.33528,-0.45722],[-80.30444,-0.47417],[-80.29611,-0.47111],[-80.29639,-0.4625],[-80.285,-0.4625],[-80.26972,-0.48278],[-80.24139,-0.47361],[-80.22167,-0.49167],[-80.18083,-0.48139],[-80.13556,-0.5125],[-80.13194,-0.54306],[-80.15278,-0.56056],[-80.15083,-0.57056],[-80.17194,-0.59306],[-80.20222,-0.5925],[-80.22333,-0.60694],[-80.25611,-0.60389],[-80.26333,-0.59667],[-80.27417,-0.60583],[-80.28583,-0.59694],[-80.30833,-0.6025],[-80.33056,-0.59194],[-80.33194,-0.57111],[-80.37389,-0.54333],[-80.38111,-0.52889],[-80.40111,-0.5225],[-80.4325,-0.53194],[-80.44111,-0.52528],[-80.445,-0.50167],[-80.43889,-0.49528]]]}},{"type":"Feature","properties":{"codigo":1007401725},"geometry":{"type":"Polygon","coordinates":[[[-77.01556,-0.4775],[-76.9975,-0.47444],[-76.99333,-0.48472],[-77.0,-0.48889],[-76.98111,-0.50389],[-77.00917,-0.52861],[-77.01222,-0.51611],[-76.99889,-0.50333],[-77.00333,-0.49694],[-77.02528,-0.49694],[-77.01556,-0.4775]]]}},{"type":"Feature","properties":{"codigo":1007401801},"geometry":{"type":"Polygon","coordinates":[[[-76.52111,-0.47611],[-76.50472,-0.47417],[-76.49833,-0.4825],[-76.47944,-0.47667],[-76.48139,-0.49778],[-76.48778,-0.50083],[-76.48139,-0.50833],[-76.49167,-0.51222],[-76.49306,-0.52833],[-76.52111,-0.57028],[-76.53556,-0.56917],[-76.55111,-0.59222],[-76.56694,-0.58472],[-76.58333,-0.59194],[-76.57056,-0.55472],[-76.58722,-0.55361],[-76.58806,-0.54056],[-76.58083,-0.535],[-76.59722,-0.5225],[-76.58139,-0.51556],[-76.56,-0.51944],[-76.54722,-0.50917],[-76.54,-0.51417],[-76.52111,-0.47611]]]}},{"type":"Feature","properties":{"codigo":1007401761},"geometry":{"type":"Polygon","coordinates":[[[-78.23528,-0.45611],[-78.20528,-0.46528],[-78.19167,-0.45889],[-78.18611,-0.47],[-78.15583,-0.47361],[-78.14083,-0.48528],[-78.14556,-0.49917],[-78.16361,-0.51194],[-78.16861,-0.54],[-78.185,-0.56306],[-78.15,-0.59444],[-78.13861,-0.59806],[-78.11417,-0.58611],[-78.10472,-0.6025],[-78.10139,-0.61361],[-78.10917,-0.63056],[-78.10111,-0.65611],[-78.11222,-0.66361],[-78.1125,-0.70444],[-78.10306,-0.72222],[-78.12306,-0.73806],[-78.16,-0.69778],[-78.15639,-0.67556],[-78.17694,-0.67528],[-78.19889,-0.66111],[-78.21833,-0.66333],[-78.21722,-0.63528],[-78.22861,-0.62583],[-78.23667,-0.63639],[-78.26,-0.62694],[-78.28139,-0.58167],[-78.29417,-0.57639],[-78.27722,-0.56417],[-78.26639,-0.52944],[-78.27028,-0.50944],[-78.25528,-0.50278],[-78.24694,-0.46056],[-78.23528,-0.45611]]]}},{"type":"Feature","properties":{"codigo":1007401700},"geometry":{"type":"Polygon","coordinates":[[[-78.14556,-0.49917],[-78.12083,-0.44583],[-78.10028,-0.43306],[-78.08583,-0.43194],[-78.08056,-0.44361],[-78.06333,-0.44861],[-78.04639,-0.43444],[-78.03194,-0.43972],[-77.97417,-0.4325],[-77.96944,-0.43778],[-77.98861,-0.44917],[-77.97056,-0.47917],[-77.98083,-0.50806],[-78.02222,-0.53028],[-78.04028,-0.57389],[-78.09722,-0.57278],[-78.13861,-0.59806],[-78.185,-0.56306],[-78.16861,-0.54],[-78.16361,-0.51194],[-78.14556,-0.49917]]]}},{"type":"Feature","properties":{"codigo":1007400714},"geometry":{"type":"Polygon","coordinates":[[[-78.46833,-0.47306],[-78.43306,-0.48583],[-78.43944,-0.49833],[-78.42861,-0.53667],[-78.44333,-0.55972],[-78.44056,-0.58611],[-78.44722,-0.59778],[-78.44056,-0.61556],[-78.42778,-0.62],[-78.43556,-0.68083],[-78.45361,-0.64694],[-78.51306,-0.59389],[-78.50611,-0.58083],[-78.49167,-0.58111],[-78.48861,-0.56694],[-78.45417,-0.53528],[-78.45389,-0.52028],[-78.46806,-0.50694],[-78.46833,-0.47306]]]}},{"type":"Feature","properties":{"codigo":1007402093},"geometry":{"type":"Polygon","coordinates":[[[-79.22389,-0.30306],[-79.23528,-0.33694],[-79.26167,-0.37028],[-79.29417,-0.40222],[-79.31806,-0.41417],[-79.31722,-0.4525],[-79.33083,-0.4675],[-79.32417,-0.46889],[-79.32444,-0.48389],[-79.34278,-0.48139],[-79.37944,-0.52472],[-79.39639,-0.52361],[-79.39306,-0.54778],[-79.41194,-0.55667],[-79.41028,-0.56306],[-79.42556,-0.57083],[-79.43639,-0.59194],[-79.44972,-0.59528],[-79.45278,-0.6125],[-79.47222,-0.61444],[-79.48528,-0.62833],[-79.48639,-0.60444],[-79.47,-0.58861],[-79.46389,-0.57],[-79.46444,-0.52333],[-79.44389,-0.47833],[-79.45306,-0.46778],[-79.43222,-0.44889],[-79.40333,-0.43944],[-79.38806,-0.40833],[-79.36556,-0.39889],[-79.36028,-0.37694],[-79.30222,-0.32361],[-79.25333,-0.3125],[-79.23611,-0.31639],[-79.22389,-0.30306]]]}},{"type":"Feature","properties":{"codigo":1007401726},"geometry":{"type":"Polygon","coordinates":[[[-77.16167,-0.48444],[-77.15028,-0.48444],[-77.15194,-0.48],[-77.15111,-0.47833],[-77.14056,-0.48639],[-77.10611,-0.49056],[-77.0975,-0.47889],[-77.07278,-0.47167],[-77.03333,-0.47194],[-77.01611,-0.47528],[-77.02528,-0.49694],[-77.01,-0.50139],[-77.02639,-0.505],[-77.02944,-0.51833],[-77.03861,-0.51639],[-77.05139,-0.53306],[-77.06083,-0.52194],[-77.06861,-0.53167],[-77.10944,-0.54389],[-77.12333,-0.53917],[-77.11778,-0.52611],[-77.13111,-0.52417],[-77.13139,-0.53111],[-77.18889,-0.55333],[-77.18917,-0.56167],[-77.20611,-0.55278],[-77.22111,-0.56194],[-77.25028,-0.56361],[-77.23528,-0.54944],[-77.19472,-0.54139],[-77.18333,-0.52278],[-77.19583,-0.51333],[-77.18694,-0.50083],[-77.17083,-0.49833],[-77.16806,-0.48861],[-77.16028,-0.49083],[-77.16167,-0.48444]]]}},{"type":"Feature","properties":{"codigo":1007401701},"geometry":{"type":"Polygon","coordinates":[[[-77.85194,-0.45306],[-77.84361,-0.485],[-77.80944,-0.49333],[-77.81722,-0.51667],[-77.79889,-0.55111],[-77.81,-0.57694],[-77.80861,-0.59778],[-77.85778,-0.63611],[-77.86444,-0.6575],[-77.9,-0.67556],[-77.90583,-0.71306],[-77.92306,-0.73111],[-77.94194,-0.72833],[-77.93972,-0.71028],[-77.96472,-0.69],[-77.97306,-0.69111],[-77.97944,-0.65944],[-78.01833,-0.64333],[-78.03806,-0.61833],[-78.07583,-0.61889],[-78.08611,-0.63472],[-78.10444,-0.64111],[-78.10917,-0.63028],[-78.10139,-0.61333],[-78.11222,-0.58111],[-78.09722,-0.57278],[-78.04028,-0.57389],[-78.02222,-0.53028],[-78.00972,-0.52194],[-77.92833,-0.51083],[-77.91222,-0.48778],[-77.88667,-0.48556],[-77.85194,-0.45306]]]}},{"type":"Feature","properties":{"codigo":1007401802},"geometry":{"type":"Polygon","coordinates":[[[-76.27389,-0.48222],[-76.25139,-0.46472],[-76.22972,-0.47778],[-76.20222,-0.47861],[-76.19194,-0.4875],[-76.18306,-0.4825],[-76.17972,-0.49667],[-76.15444,-0.48917],[-76.14056,-0.49667],[-76.12778,-0.46861],[-76.11833,-0.46333],[-76.09472,-0.49639],[-76.07167,-0.51028],[-76.08333,-0.52639],[-76.06528,-0.5275],[-76.0525,-0.53889],[-76.04528,-0.53056],[-76.04,-0.54389],[-75.99056,-0.55167],[-75.98472,-0.57278],[-75.99583,-0.57778],[-75.99639,-0.59361],[-75.98028,-0.61222],[-76.00222,-0.62306],[-76.0125,-0.61306],[-76.02639,-0.62444],[-76.02694,-0.61278],[-76.0525,-0.61556],[-76.05667,-0.60944],[-76.06389,-0.61694],[-76.06083,-0.60556],[-76.06833,-0.60278],[-76.09444,-0.61917],[-76.10222,-0.615],[-76.14694,-0.62917],[-76.15583,-0.61639],[-76.18,-0.60528],[-76.18389,-0.58722],[-76.19889,-0.59417],[-76.19806,-0.57556],[-76.21806,-0.57389],[-76.26028,-0.53361],[-76.3075,-0.51361],[-76.30306,-0.50694],[-76.29056,-0.51417],[-76.28167,-0.50722],[-76.29,-0.49722],[-76.27111,-0.49417],[-76.27389,-0.48222]]]}},{"type":"Feature","properties":{"codigo":1007402082},"geometry":{"type":"Polygon","coordinates":[[[-79.96528,-0.51278],[-79.94528,-0.48167],[-79.94861,-0.44639],[-79.88972,-0.44194],[-79.86833,-0.46],[-79.80528,-0.47528],[-79.79778,-0.48833],[-79.78528,-0.48889],[-79.76917,-0.51833],[-79.78639,-0.53361],[-79.82833,-0.52389],[-79.85444,-0.54806],[-79.88417,-0.53056],[-79.95056,-0.5325],[-79.96528,-0.51278]]]}},{"type":"Feature","properties":{"codigo":1007400815},"geometry":{"type":"Polygon","coordinates":[[[-80.05333,-0.42944],[-80.01778,-0.45],[-80.00028,-0.47417],[-79.95278,-0.49889],[-79.97583,-0.53028],[-80.00056,-0.5275],[-80.01778,-0.53417],[-80.025,-0.52444],[-80.04,-0.52778],[-80.04861,-0.51222],[-80.05806,-0.51528],[-80.07444,-0.50611],[-80.06222,-0.48889],[-80.07083,-0.47111],[-80.06972,-0.44417],[-80.05389,-0.44056],[-80.05333,-0.42944]]]}},{"type":"Feature","properties":{"codigo":1007402081},"geometry":{"type":"Polygon","coordinates":[[[-79.71444,-0.48611],[-79.67333,-0.54611],[-79.72056,-0.58028],[-79.72694,-0.60083],[-79.74861,-0.60667],[-79.77889,-0.52944],[-79.76611,-0.51278],[-79.73611,-0.52806],[-79.7325,-0.50222],[-79.71444,-0.48611]]]}},{"type":"Feature","properties":{"codigo":1007400715},"geometry":{"type":"Polygon","coordinates":[[[-78.43306,-0.48611],[-78.39139,-0.53944],[-78.37806,-0.53583],[-78.35444,-0.54472],[-78.32972,-0.55972],[-78.32,-0.58111],[-78.32722,-0.61333],[-78.32028,-0.62556],[-78.33111,-0.65694],[-78.36278,-0.67667],[-78.43556,-0.68111],[-78.42778,-0.62],[-78.44056,-0.61556],[-78.44722,-0.59778],[-78.44056,-0.58611],[-78.44333,-0.55972],[-78.42861,-0.53667],[-78.43944,-0.49833],[-78.43306,-0.48611]]]}},{"type":"Feature","properties":{"codigo":1007401199},"geometry":{"type":"Polygon","coordinates":[[[-80.11389,-0.49],[-80.05806,-0.51528],[-80.04861,-0.51222],[-80.04,-0.52694],[-80.05472,-0.56917],[-80.04944,-0.59222],[-80.05444,-0.61806],[-80.07833,-0.65444],[-80.0825,-0.6825],[-80.08778,-0.68972],[-80.09889,-0.68472],[-80.10361,-0.7],[-80.12778,-0.69417],[-80.135,-0.67694],[-80.11639,-0.66389],[-80.12667,-0.63972],[-80.12194,-0.59472],[-80.12694,-0.58556],[-80.14028,-0.585],[-80.15361,-0.56389],[-80.13194,-0.54306],[-80.13833,-0.50278],[-80.11389,-0.49]]]}},{"type":"Feature","properties":{"codigo":1007401636},"geometry":{"type":"Polygon","coordinates":[[[-75.96972,-0.50611],[-75.98861,-0.50361],[-75.98056,-0.49083],[-75.98361,-0.47528],[-75.96222,-0.47639],[-75.94556,-0.46667],[-75.93806,-0.49667],[-75.90972,-0.50222],[-75.87972,-0.49389],[-75.8625,-0.50639],[-75.86972,-0.52528],[-75.85,-0.53694],[-75.845,-0.52556],[-75.82722,-0.51806],[-75.78556,-0.51944],[-75.78111,-0.50861],[-75.76194,-0.51222],[-75.76278,-0.50528],[-75.74972,-0.49917],[-75.71972,-0.52333],[-75.72778,-0.52472],[-75.73083,-0.53833],[-75.73722,-0.53222],[-75.75333,-0.54583],[-75.76278,-0.53583],[-75.77528,-0.53944],[-75.78722,-0.56417],[-75.80306,-0.55889],[-75.79639,-0.57833],[-75.81778,-0.58111],[-75.83111,-0.56889],[-75.84333,-0.57694],[-75.85444,-0.55556],[-75.85778,-0.56861],[-75.87306,-0.56833],[-75.87667,-0.57778],[-75.87833,-0.56833],[-75.8925,-0.56],[-75.88694,-0.55139],[-75.89472,-0.54333],[-75.91611,-0.53722],[-75.92833,-0.54278],[-75.92917,-0.52778],[-75.94056,-0.52972],[-75.94833,-0.51194],[-75.95722,-0.50944],[-75.96111,-0.51611],[-75.96972,-0.50611]]]}},{"type":"Feature","properties":{"codigo":1007401634},"geometry":{"type":"Polygon","coordinates":[[[-75.72778,-0.52472],[-75.68111,-0.48444],[-75.68306,-0.47472],[-75.67028,-0.47889],[-75.66194,-0.47278],[-75.64889,-0.49167],[-75.63556,-0.48389],[-75.61667,-0.48972],[-75.61056,-0.50694],[-75.58972,-0.51306],[-75.57611,-0.50611],[-75.57667,-0.51944],[-75.56778,-0.52333],[-75.56306,-0.54028],[-75.57833,-0.55444],[-75.58694,-0.55278],[-75.58472,-0.56167],[-75.59389,-0.57278],[-75.62778,-0.5725],[-75.6475,-0.55222],[-75.66528,-0.56583],[-75.69333,-0.55333],[-75.7125,-0.57306],[-75.7125,-0.56639],[-75.73222,-0.57028],[-75.74222,-0.55972],[-75.75667,-0.57222],[-75.76889,-0.56444],[-75.78667,-0.57694],[-75.80444,-0.56611],[-75.80306,-0.55889],[-75.78722,-0.56417],[-75.77528,-0.53944],[-75.76278,-0.53583],[-75.75333,-0.54583],[-75.73722,-0.53222],[-75.73083,-0.53833],[-75.72778,-0.52472]]]}},{"type":"Feature","properties":{"codigo":1007401724},"geometry":{"type":"Polygon","coordinates":[[[-77.39167,-0.51556],[-77.37333,-0.51333],[-77.36694,-0.49333],[-77.34972,-0.48667],[-77.34389,-0.47583],[-77.32694,-0.47333],[-77.32583,-0.48389],[-77.28667,-0.49194],[-77.29083,-0.50139],[-77.28083,-0.52583],[-77.28583,-0.53722],[-77.3,-0.54056],[-77.30333,-0.55444],[-77.33083,-0.57028],[-77.325,-0.59139],[-77.34306,-0.61389],[-77.35833,-0.61],[-77.36611,-0.61583],[-77.40611,-0.60583],[-77.40389,-0.56833],[-77.42556,-0.5425],[-77.41861,-0.52917],[-77.40778,-0.52944],[-77.39167,-0.51556]]]}},{"type":"Feature","properties":{"codigo":1007401799},"geometry":{"type":"Polygon","coordinates":[[[-76.82917,-0.50417],[-76.83639,-0.5125],[-76.82889,-0.52639],[-76.83972,-0.53528],[-76.85917,-0.53083],[-76.87583,-0.55361],[-76.885,-0.54833],[-76.89667,-0.56528],[-76.90278,-0.56778],[-76.90333,-0.55972],[-76.91,-0.56778],[-76.92,-0.56222],[-76.93667,-0.56917],[-76.95472,-0.58806],[-76.97333,-0.59056],[-76.97306,-0.59972],[-77.00556,-0.62528],[-77.02611,-0.62111],[-77.00583,-0.59139],[-77.0175,-0.57917],[-76.94639,-0.53306],[-76.91444,-0.48583],[-76.88611,-0.49139],[-76.87583,-0.50083],[-76.85833,-0.49861],[-76.84861,-0.50806],[-76.82917,-0.50417]]]}},{"type":"Feature","properties":{"codigo":1007401727},"geometry":{"type":"Polygon","coordinates":[[[-77.02639,-0.505],[-77.00333,-0.49694],[-76.99889,-0.50389],[-77.01222,-0.51611],[-77.00917,-0.52944],[-77.01861,-0.53611],[-77.01139,-0.54556],[-77.02,-0.56111],[-77.01306,-0.56111],[-77.01639,-0.57194],[-77.00889,-0.57361],[-77.0175,-0.57972],[-77.00583,-0.59139],[-77.01833,-0.61583],[-77.03278,-0.61194],[-77.04194,-0.62528],[-77.05222,-0.62611],[-77.04583,-0.60278],[-77.0575,-0.58806],[-77.05667,-0.54972],[-77.06972,-0.54722],[-77.06972,-0.52778],[-77.05556,-0.52306],[-77.05139,-0.53306],[-77.03861,-0.51639],[-77.02944,-0.51833],[-77.02639,-0.505]]]}},{"type":"Feature","properties":{"codigo":1007401567},"geometry":{"type":"Polygon","coordinates":[[[-75.4375,-0.50556],[-75.43083,-0.49111],[-75.41778,-0.50306],[-75.39778,-0.4975],[-75.39556,-0.51806],[-75.38361,-0.52722],[-75.3675,-0.52583],[-75.35722,-0.55167],[-75.33472,-0.57694],[-75.32361,-0.57833],[-75.31778,-0.60444],[-75.25889,-0.60556],[-75.25611,-0.62833],[-75.26528,-0.64],[-75.25889,-0.65139],[-75.27278,-0.64833],[-75.28583,-0.66806],[-75.31667,-0.67833],[-75.32361,-0.66722],[-75.31611,-0.65444],[-75.32278,-0.65],[-75.34889,-0.64111],[-75.36861,-0.64889],[-75.37556,-0.6375],[-75.38611,-0.64861],[-75.40139,-0.64611],[-75.40167,-0.63667],[-75.42667,-0.61],[-75.43028,-0.58083],[-75.44139,-0.56861],[-75.44139,-0.56139],[-75.41833,-0.54972],[-75.42306,-0.54389],[-75.41306,-0.53556],[-75.4375,-0.50556]]]}},{"type":"Feature","properties":{"codigo":1007401806},"geometry":{"type":"Polygon","coordinates":[[[-76.3075,-0.51361],[-76.27639,-0.52556],[-76.26833,-0.55389],[-76.25667,-0.56611],[-76.24861,-0.56194],[-76.25028,-0.58417],[-76.27306,-0.60361],[-76.26806,-0.60861],[-76.27444,-0.61556],[-76.25639,-0.63861],[-76.255,-0.66417],[-76.26861,-0.66417],[-76.27694,-0.68],[-76.30139,-0.67611],[-76.31333,-0.65583],[-76.315,-0.64028],[-76.305,-0.62861],[-76.32472,-0.59806],[-76.31778,-0.57417],[-76.33556,-0.57056],[-76.32917,-0.54639],[-76.36917,-0.53639],[-76.38222,-0.54139],[-76.38472,-0.53333],[-76.35611,-0.51833],[-76.33861,-0.53111],[-76.31778,-0.53056],[-76.31694,-0.51861],[-76.3075,-0.51361]]]}},{"type":"Feature","properties":{"codigo":1007401201},"geometry":{"type":"Polygon","coordinates":[[[-79.96361,-0.51889],[-79.95389,-0.52333],[-79.95083,-0.55],[-79.93611,-0.56528],[-79.93944,-0.58556],[-79.95361,-0.60667],[-79.98306,-0.60889],[-80.00833,-0.62167],[-80.01472,-0.63944],[-80.05139,-0.6675],[-80.06361,-0.63417],[-80.05028,-0.6025],[-80.05472,-0.56917],[-80.04722,-0.56278],[-80.04333,-0.53306],[-80.02972,-0.52361],[-80.01778,-0.53417],[-80.00056,-0.5275],[-79.97583,-0.53028],[-79.96361,-0.51889]]]}},{"type":"Feature","properties":{"codigo":1007401570},"geometry":{"type":"Polygon","coordinates":[[[-75.55583,-0.53278],[-75.53667,-0.52556],[-75.52611,-0.53889],[-75.51361,-0.53917],[-75.51306,-0.54639],[-75.50083,-0.54111],[-75.49583,-0.56361],[-75.51389,-0.57028],[-75.56167,-0.56167],[-75.57278,-0.54694],[-75.56139,-0.53944],[-75.5525,-0.54444],[-75.55583,-0.53278]]]}},{"type":"Feature","properties":{"codigo":1007401728},"geometry":{"type":"Polygon","coordinates":[[[-77.06861,-0.53167],[-77.07861,-0.55083],[-77.0975,-0.55389],[-77.10306,-0.57139],[-77.145,-0.58083],[-77.15583,-0.5975],[-77.155,-0.61139],[-77.18972,-0.62389],[-77.18917,-0.63194],[-77.20028,-0.63111],[-77.20139,-0.64472],[-77.22472,-0.64917],[-77.2175,-0.65444],[-77.22806,-0.67028],[-77.24528,-0.66722],[-77.25139,-0.67556],[-77.26139,-0.66833],[-77.27667,-0.67861],[-77.32583,-0.63972],[-77.32361,-0.62444],[-77.33333,-0.61611],[-77.31028,-0.60194],[-77.30028,-0.60861],[-77.28889,-0.60389],[-77.27833,-0.58083],[-77.25278,-0.56361],[-77.22111,-0.56194],[-77.20611,-0.55278],[-77.18917,-0.56167],[-77.18889,-0.55333],[-77.13139,-0.53111],[-77.13111,-0.52417],[-77.11778,-0.52611],[-77.12333,-0.53917],[-77.10944,-0.54389],[-77.06861,-0.53167]]]}},{"type":"Feature","properties":{"codigo":1007401810},"geometry":{"type":"Polygon","coordinates":[[[-76.38417,-0.53472],[-76.38056,-0.54472],[-76.37083,-0.54278],[-76.36194,-0.55333],[-76.37139,-0.56417],[-76.38806,-0.5625],[-76.39778,-0.58389],[-76.38639,-0.60167],[-76.39139,-0.61972],[-76.37917,-0.63083],[-76.37556,-0.66833],[-76.41806,-0.69111],[-76.42583,-0.68889],[-76.43972,-0.71028],[-76.46389,-0.71167],[-76.46278,-0.72417],[-76.49972,-0.73083],[-76.51611,-0.74778],[-76.53139,-0.74806],[-76.55833,-0.73306],[-76.56917,-0.73944],[-76.55833,-0.72],[-76.56194,-0.71361],[-76.55361,-0.71472],[-76.55222,-0.70694],[-76.54611,-0.71167],[-76.54472,-0.69639],[-76.53722,-0.69778],[-76.51778,-0.67778],[-76.51361,-0.65861],[-76.49611,-0.65361],[-76.51333,-0.64611],[-76.51833,-0.61417],[-76.55472,-0.61444],[-76.55611,-0.60417],[-76.56556,-0.60444],[-76.56722,-0.6],[-76.545,-0.58972],[-76.53417,-0.56833],[-76.50556,-0.56333],[-76.48222,-0.56944],[-76.47028,-0.55667],[-76.46722,-0.56667],[-76.45306,-0.56333],[-76.43889,-0.57083],[-76.42639,-0.56028],[-76.42944,-0.55139],[-76.4175,-0.55722],[-76.38417,-0.53472]]]}},{"type":"Feature","properties":{"codigo":1007401743},"geometry":{"type":"Polygon","coordinates":[[[-77.73306,-0.48806],[-77.71667,-0.50222],[-77.68306,-0.51083],[-77.66639,-0.52722],[-77.63861,-0.53167],[-77.62417,-0.54889],[-77.63111,-0.61889],[-77.64611,-0.645],[-77.63389,-0.68361],[-77.61722,-0.70056],[-77.63222,-0.73528],[-77.61944,-0.76194],[-77.62667,-0.77222],[-77.615,-0.79361],[-77.61861,-0.81056],[-77.6275,-0.81528],[-77.62583,-0.8275],[-77.61389,-0.83306],[-77.63222,-0.86917],[-77.65667,-0.86833],[-77.67306,-0.85389],[-77.69639,-0.86667],[-77.70306,-0.85111],[-77.69556,-0.84111],[-77.69167,-0.79778],[-77.69833,-0.77389],[-77.71,-0.7625],[-77.7025,-0.7625],[-77.69972,-0.75056],[-77.74139,-0.71917],[-77.74833,-0.68806],[-77.76583,-0.68278],[-77.785,-0.65333],[-77.79639,-0.65389],[-77.8125,-0.63972],[-77.81361,-0.61972],[-77.8225,-0.61306],[-77.80861,-0.59778],[-77.81,-0.57694],[-77.79917,-0.55028],[-77.77917,-0.53694],[-77.77028,-0.51917],[-77.74556,-0.51444],[-77.73306,-0.48806]]]}},{"type":"Feature","properties":{"codigo":1007402083},"geometry":{"type":"Polygon","coordinates":[[[-79.94861,-0.53278],[-79.88417,-0.53056],[-79.85333,-0.54806],[-79.84056,-0.52972],[-79.82333,-0.5225],[-79.80444,-0.53333],[-79.77778,-0.52972],[-79.75278,-0.59917],[-79.76361,-0.60444],[-79.78,-0.59722],[-79.80139,-0.59972],[-79.85028,-0.58167],[-79.91333,-0.59944],[-79.91833,-0.58139],[-79.93528,-0.57833],[-79.93611,-0.56528],[-79.95056,-0.55056],[-79.94861,-0.53278]]]}},{"type":"Feature","properties":{"codigo":1007401569},"geometry":{"type":"Polygon","coordinates":[[[-75.49972,-0.55111],[-75.50083,-0.54111],[-75.51306,-0.54639],[-75.51944,-0.53694],[-75.49278,-0.51833],[-75.48556,-0.53056],[-75.47833,-0.525],[-75.45944,-0.52861],[-75.43417,-0.55833],[-75.44556,-0.56889],[-75.44778,-0.58361],[-75.46028,-0.59111],[-75.48944,-0.55361],[-75.49972,-0.55111]]]}},{"type":"Feature","properties":{"codigo":1007401654},"geometry":{"type":"Polygon","coordinates":[[[-75.99111,-0.55167],[-75.98111,-0.54278],[-75.99556,-0.53833],[-76.00111,-0.5275],[-75.97472,-0.50417],[-75.96111,-0.51611],[-75.95722,-0.50944],[-75.94833,-0.51194],[-75.94056,-0.52972],[-75.92944,-0.5275],[-75.92833,-0.54278],[-75.91611,-0.53722],[-75.89472,-0.54333],[-75.88694,-0.55139],[-75.8925,-0.56],[-75.87833,-0.56833],[-75.87667,-0.57778],[-75.87306,-0.56833],[-75.85778,-0.56861],[-75.85472,-0.55556],[-75.84333,-0.57694],[-75.8325,-0.56889],[-75.81778,-0.58111],[-75.78778,-0.57528],[-75.78944,-0.59278],[-75.78139,-0.60611],[-75.77139,-0.60139],[-75.76722,-0.62583],[-75.74444,-0.63417],[-75.74361,-0.64556],[-75.72833,-0.64444],[-75.71472,-0.65556],[-75.70222,-0.67111],[-75.70306,-0.68333],[-75.72694,-0.67222],[-75.74361,-0.67444],[-75.74778,-0.66806],[-75.74167,-0.66056],[-75.75194,-0.65583],[-75.77833,-0.65861],[-75.78806,-0.64694],[-75.79139,-0.65306],[-75.8175,-0.65167],[-75.84028,-0.63278],[-75.85556,-0.63167],[-75.8625,-0.63944],[-75.87056,-0.625],[-75.88528,-0.61944],[-75.92472,-0.61917],[-75.92972,-0.61278],[-75.95639,-0.63389],[-75.96889,-0.60722],[-75.97639,-0.61333],[-75.99528,-0.59806],[-75.99583,-0.57778],[-75.98472,-0.57278],[-75.99111,-0.55167]]]}},{"type":"Feature","properties":{"codigo":1007401795},"geometry":{"type":"Polygon","coordinates":[[[-77.62361,-0.55167],[-77.61639,-0.56333],[-77.59667,-0.56583],[-77.58056,-0.60194],[-77.59361,-0.6175],[-77.57806,-0.63972],[-77.59111,-0.66889],[-77.58333,-0.68556],[-77.56889,-0.69417],[-77.56861,-0.71389],[-77.53083,-0.74417],[-77.49917,-0.74306],[-77.48,-0.76111],[-77.44028,-0.76194],[-77.43361,-0.755],[-77.41806,-0.80083],[-77.47528,-0.78917],[-77.50639,-0.815],[-77.52167,-0.81639],[-77.53056,-0.82972],[-77.55389,-0.83333],[-77.56139,-0.81778],[-77.56722,-0.82528],[-77.60389,-0.82972],[-77.60472,-0.84167],[-77.62444,-0.83056],[-77.6275,-0.81528],[-77.61861,-0.81056],[-77.615,-0.79361],[-77.62667,-0.77222],[-77.61944,-0.76194],[-77.63222,-0.73417],[-77.61722,-0.70056],[-77.63389,-0.68361],[-77.64611,-0.645],[-77.63111,-0.61889],[-77.62361,-0.55167]]]}},{"type":"Feature","properties":{"codigo":1007401637},"geometry":{"type":"Polygon","coordinates":[[[-75.5725,-0.55],[-75.55444,-0.56583],[-75.52111,-0.56444],[-75.51389,-0.57028],[-75.49583,-0.56361],[-75.49972,-0.55111],[-75.48944,-0.55361],[-75.45806,-0.59111],[-75.4725,-0.64194],[-75.47972,-0.64139],[-75.47917,-0.63028],[-75.50028,-0.62194],[-75.52306,-0.625],[-75.52361,-0.61333],[-75.53389,-0.615],[-75.56361,-0.59194],[-75.585,-0.58972],[-75.58889,-0.60028],[-75.59583,-0.59028],[-75.61806,-0.58417],[-75.61278,-0.56778],[-75.59389,-0.57278],[-75.58472,-0.56167],[-75.58694,-0.55278],[-75.5725,-0.55]]]}},{"type":"Feature","properties":{"codigo":1007401646},"geometry":{"type":"Polygon","coordinates":[[[-75.69889,-0.56444],[-75.69333,-0.55333],[-75.66528,-0.56583],[-75.6475,-0.55222],[-75.63528,-0.56861],[-75.61722,-0.57194],[-75.61778,-0.58444],[-75.59583,-0.59028],[-75.58889,-0.60028],[-75.58806,-0.59083],[-75.56722,-0.59083],[-75.53389,-0.615],[-75.52361,-0.61333],[-75.52306,-0.625],[-75.50167,-0.62167],[-75.47917,-0.63028],[-75.4675,-0.67222],[-75.44417,-0.68056],[-75.43417,-0.70278],[-75.42167,-0.7025],[-75.42333,-0.74694],[-75.40722,-0.75167],[-75.39111,-0.78833],[-75.37444,-0.79611],[-75.36417,-0.83944],[-75.34944,-0.84861],[-75.35222,-0.86167],[-75.30056,-0.87],[-75.2975,-0.87889],[-75.28083,-0.87972],[-75.27083,-0.89361],[-75.26,-0.87944],[-75.25444,-0.88806],[-75.24472,-0.88306],[-75.2325,-0.89278],[-75.22722,-0.88917],[-75.23278,-0.90361],[-75.22639,-0.90722],[-75.24278,-0.92722],[-75.23361,-0.93083],[-75.2575,-0.94361],[-75.25833,-0.95167],[-75.26722,-0.95111],[-75.26861,-0.96333],[-75.2775,-0.95889],[-75.30444,-0.975],[-75.33611,-0.94944],[-75.33278,-0.91722],[-75.38222,-0.90556],[-75.40111,-0.89278],[-75.40083,-0.885],[-75.41583,-0.88972],[-75.42806,-0.87556],[-75.42417,-0.865],[-75.45361,-0.86361],[-75.46167,-0.83944],[-75.48361,-0.82778],[-75.48778,-0.79472],[-75.51,-0.77944],[-75.50639,-0.75639],[-75.52389,-0.74444],[-75.51972,-0.73444],[-75.54083,-0.73583],[-75.53222,-0.72556],[-75.54278,-0.70222],[-75.52778,-0.69222],[-75.52778,-0.67611],[-75.53667,-0.67417],[-75.55056,-0.68667],[-75.56389,-0.67833],[-75.57611,-0.68639],[-75.57611,-0.67111],[-75.59611,-0.66944],[-75.6,-0.65444],[-75.6075,-0.65278],[-75.60139,-0.64278],[-75.60583,-0.62806],[-75.62222,-0.64444],[-75.64694,-0.64111],[-75.66278,-0.64722],[-75.66639,-0.63444],[-75.69083,-0.62417],[-75.67833,-0.59583],[-75.68639,-0.59278],[-75.69889,-0.56444]]]}},{"type":"Feature","properties":{"codigo":1007401652},"geometry":{"type":"Polygon","coordinates":[[[-75.78694,-0.57694],[-75.76889,-0.56444],[-75.75667,-0.57222],[-75.74306,-0.55972],[-75.73222,-0.57028],[-75.69417,-0.56778],[-75.68639,-0.59278],[-75.67833,-0.59583],[-75.69083,-0.62417],[-75.66583,-0.63528],[-75.67444,-0.64972],[-75.6875,-0.65222],[-75.6875,-0.67444],[-75.68917,-0.66667],[-75.71528,-0.66111],[-75.72583,-0.64611],[-75.73806,-0.64861],[-75.74806,-0.6425],[-75.74444,-0.63417],[-75.76722,-0.62583],[-75.77139,-0.60139],[-75.78139,-0.60611],[-75.78944,-0.59278],[-75.78694,-0.57694]]]}},{"type":"Feature","properties":{"codigo":1007401763},"geometry":{"type":"Polygon","coordinates":[[[-78.32361,-0.57306],[-78.28139,-0.58167],[-78.26583,-0.62139],[-78.23639,-0.63694],[-78.25,-0.65083],[-78.2575,-0.67833],[-78.27278,-0.68861],[-78.26611,-0.70861],[-78.28583,-0.71528],[-78.29306,-0.70833],[-78.31306,-0.70917],[-78.31611,-0.70167],[-78.34861,-0.69833],[-78.39944,-0.71139],[-78.43222,-0.68472],[-78.38417,-0.67389],[-78.36278,-0.67667],[-78.33139,-0.6575],[-78.32028,-0.62556],[-78.32722,-0.61583],[-78.32028,-0.59472],[-78.32361,-0.57306]]]}},{"type":"Feature","properties":{"codigo":1007402095},"geometry":{"type":"Polygon","coordinates":[[[-79.3475,-0.48694],[-79.37222,-0.52611],[-79.36139,-0.56056],[-79.37167,-0.575],[-79.36778,-0.58528],[-79.39417,-0.58528],[-79.405,-0.60306],[-79.41972,-0.61],[-79.415,-0.61417],[-79.42667,-0.63722],[-79.44611,-0.65389],[-79.44278,-0.66556],[-79.4625,-0.67889],[-79.46556,-0.69639],[-79.47806,-0.70056],[-79.47778,-0.70889],[-79.50611,-0.715],[-79.50806,-0.72583],[-79.5175,-0.71194],[-79.52861,-0.71444],[-79.53694,-0.68611],[-79.51889,-0.64944],[-79.48639,-0.61944],[-79.48222,-0.62972],[-79.47222,-0.61444],[-79.45278,-0.6125],[-79.44972,-0.59528],[-79.43639,-0.59194],[-79.42556,-0.57083],[-79.41028,-0.56306],[-79.41194,-0.55667],[-79.39306,-0.54778],[-79.3975,-0.52472],[-79.37944,-0.52472],[-79.3475,-0.48694]]]}},{"type":"Feature","properties":{"codigo":1007401645},"geometry":{"type":"Polygon","coordinates":[[[-75.45861,-0.59056],[-75.44583,-0.58056],[-75.44444,-0.56778],[-75.43472,-0.57028],[-75.42667,-0.61],[-75.40167,-0.63667],[-75.40139,-0.64611],[-75.38611,-0.64861],[-75.37667,-0.6375],[-75.37,-0.64389],[-75.36278,-0.69278],[-75.35417,-0.69444],[-75.35194,-0.71417],[-75.33361,-0.7375],[-75.33611,-0.74583],[-75.32806,-0.74778],[-75.31667,-0.77611],[-75.30333,-0.77222],[-75.30222,-0.79056],[-75.27556,-0.78806],[-75.28083,-0.79556],[-75.27222,-0.79972],[-75.27278,-0.80861],[-75.25583,-0.81083],[-75.26167,-0.83417],[-75.24306,-0.85167],[-75.24389,-0.86],[-75.22917,-0.86639],[-75.2325,-0.87361],[-75.23694,-0.87],[-75.23556,-0.87861],[-75.25306,-0.88806],[-75.2625,-0.87972],[-75.27083,-0.89361],[-75.28083,-0.87972],[-75.2975,-0.87889],[-75.30056,-0.87],[-75.35222,-0.86167],[-75.34944,-0.84861],[-75.36417,-0.83944],[-75.37444,-0.79611],[-75.39111,-0.78833],[-75.40722,-0.75167],[-75.42333,-0.74694],[-75.42167,-0.7025],[-75.43417,-0.70278],[-75.44417,-0.68056],[-75.46667,-0.67306],[-75.46528,-0.66306],[-75.47778,-0.65278],[-75.45861,-0.59056]]]}},{"type":"Feature","properties":{"codigo":1007401811},"geometry":{"type":"Polygon","coordinates":[[[-76.58778,-0.55167],[-76.57056,-0.55472],[-76.58333,-0.59194],[-76.5675,-0.58472],[-76.55694,-0.59],[-76.56667,-0.60361],[-76.55694,-0.60333],[-76.55472,-0.61444],[-76.51833,-0.61417],[-76.51722,-0.6325],[-76.53222,-0.62917],[-76.53028,-0.63528],[-76.54861,-0.65],[-76.60861,-0.64778],[-76.61917,-0.66833],[-76.64611,-0.65944],[-76.66139,-0.66556],[-76.66667,-0.625],[-76.7025,-0.60917],[-76.6825,-0.5975],[-76.67972,-0.60528],[-76.66361,-0.60194],[-76.64778,-0.59278],[-76.64306,-0.57833],[-76.61194,-0.5625],[-76.61111,-0.55306],[-76.59528,-0.55833],[-76.58778,-0.55167]]]}},{"type":"Feature","properties":{"codigo":1007401809},"geometry":{"type":"Polygon","coordinates":[[[-76.38194,-0.54139],[-76.36917,-0.53639],[-76.335,-0.54167],[-76.32833,-0.55833],[-76.33556,-0.57056],[-76.31778,-0.57417],[-76.33694,-0.63417],[-76.33417,-0.665],[-76.35917,-0.67556],[-76.36556,-0.665],[-76.37639,-0.66389],[-76.37944,-0.63],[-76.39139,-0.61972],[-76.38639,-0.60167],[-76.39778,-0.58472],[-76.38806,-0.5625],[-76.37139,-0.56417],[-76.36222,-0.55556],[-76.37083,-0.54278],[-76.38194,-0.54139]]]}},{"type":"Feature","properties":{"codigo":1007401203},"geometry":{"type":"Polygon","coordinates":[[[-79.93611,-0.57611],[-79.91833,-0.58139],[-79.91389,-0.59917],[-79.89278,-0.59972],[-79.88444,-0.62083],[-79.89972,-0.64167],[-79.90444,-0.68444],[-79.97111,-0.66667],[-79.98361,-0.67611],[-80.01417,-0.67472],[-80.03139,-0.66361],[-80.00833,-0.62167],[-79.98306,-0.60889],[-79.95361,-0.60667],[-79.93611,-0.57611]]]}},{"type":"Feature","properties":{"codigo":1007402139},"geometry":{"type":"Polygon","coordinates":[[[-79.35444,-0.60056],[-79.34694,-0.57194],[-79.33639,-0.56083],[-79.32472,-0.56222],[-79.31111,-0.54528],[-79.29306,-0.54833],[-79.26611,-0.56944],[-79.25694,-0.54111],[-79.25722,-0.50361],[-79.24083,-0.48389],[-79.18194,-0.50889],[-79.18306,-0.52194],[-79.17444,-0.53],[-79.18306,-0.54861],[-79.20528,-0.56528],[-79.22694,-0.61556],[-79.24472,-0.62361],[-79.2725,-0.65889],[-79.29778,-0.6575],[-79.29611,-0.61528],[-79.30639,-0.59333],[-79.32972,-0.58583],[-79.35444,-0.60056]]]}},{"type":"Feature","properties":{"codigo":1007402137},"geometry":{"type":"Polygon","coordinates":[[[-79.36778,-0.58528],[-79.35972,-0.60389],[-79.365,-0.62028],[-79.35472,-0.62167],[-79.37417,-0.65472],[-79.3625,-0.69194],[-79.4,-0.67944],[-79.41972,-0.69056],[-79.42056,-0.75139],[-79.43472,-0.75639],[-79.43389,-0.78194],[-79.44083,-0.79528],[-79.44889,-0.79556],[-79.44417,-0.82972],[-79.455,-0.83444],[-79.45,-0.85],[-79.46,-0.86556],[-79.44028,-0.91444],[-79.45528,-0.91139],[-79.46278,-0.91972],[-79.46944,-0.90611],[-79.48139,-0.9025],[-79.48139,-0.89139],[-79.49028,-0.89083],[-79.4875,-0.83833],[-79.47083,-0.81972],[-79.48167,-0.79833],[-79.47333,-0.78028],[-79.48333,-0.77556],[-79.46472,-0.75472],[-79.47472,-0.73861],[-79.46639,-0.7275],[-79.47556,-0.72222],[-79.45889,-0.70944],[-79.4625,-0.67889],[-79.44278,-0.66556],[-79.44611,-0.65389],[-79.42667,-0.63722],[-79.415,-0.61417],[-79.41972,-0.61],[-79.405,-0.60306],[-79.39417,-0.58528],[-79.36778,-0.58528]]]}},{"type":"Feature","properties":{"codigo":1007401195},"geometry":{"type":"Polygon","coordinates":[[[-80.35528,-0.60056],[-80.32583,-0.59278],[-80.30833,-0.6025],[-80.28583,-0.59694],[-80.27417,-0.60583],[-80.26333,-0.59667],[-80.25611,-0.60389],[-80.21778,-0.60583],[-80.21528,-0.625],[-80.23444,-0.66583],[-80.22139,-0.69167],[-80.23083,-0.71167],[-80.25361,-0.71167],[-80.26583,-0.72833],[-80.29111,-0.73861],[-80.30361,-0.70222],[-80.29472,-0.68444],[-80.29861,-0.67833],[-80.31167,-0.67139],[-80.31472,-0.65917],[-80.34861,-0.66472],[-80.34861,-0.63722],[-80.37194,-0.63944],[-80.36972,-0.61417],[-80.35528,-0.60056]]]}},{"type":"Feature","properties":{"codigo":1007402138},"geometry":{"type":"Polygon","coordinates":[[[-79.36111,-0.60111],[-79.32972,-0.58583],[-79.30639,-0.59333],[-79.29611,-0.61528],[-79.30139,-0.62778],[-79.29694,-0.66],[-79.30944,-0.65806],[-79.34333,-0.67417],[-79.34833,-0.68694],[-79.35417,-0.67139],[-79.37417,-0.655],[-79.35639,-0.63111],[-79.35556,-0.61778],[-79.36556,-0.6175],[-79.36111,-0.60111]]]}},{"type":"Feature","properties":{"codigo":1007402087},"geometry":{"type":"Polygon","coordinates":[[[-79.89444,-0.59889],[-79.85,-0.58167],[-79.80139,-0.59972],[-79.74611,-0.60611],[-79.73472,-0.63083],[-79.71278,-0.63222],[-79.705,-0.65139],[-79.68861,-0.65083],[-79.68806,-0.66944],[-79.66944,-0.68472],[-79.67778,-0.72056],[-79.66861,-0.72722],[-79.67361,-0.7625],[-79.68028,-0.76278],[-79.68611,-0.74083],[-79.72972,-0.75861],[-79.7375,-0.74806],[-79.77944,-0.74583],[-79.80472,-0.76389],[-79.87722,-0.75278],[-79.88111,-0.70583],[-79.90472,-0.68583],[-79.89972,-0.64167],[-79.88444,-0.62583],[-79.89444,-0.59889]]]}},{"type":"Feature","properties":{"codigo":1007401197},"geometry":{"type":"Polygon","coordinates":[[[-80.21806,-0.60583],[-80.20222,-0.5925],[-80.17194,-0.59306],[-80.15556,-0.56917],[-80.12194,-0.59472],[-80.12389,-0.63611],[-80.16222,-0.685],[-80.17167,-0.6875],[-80.17444,-0.69917],[-80.19194,-0.68806],[-80.22111,-0.63806],[-80.21806,-0.60583]]]}},{"type":"Feature","properties":{"codigo":1007402092},"geometry":{"type":"Polygon","coordinates":[[[-79.50111,-0.58083],[-79.49611,-0.59861],[-79.48194,-0.60778],[-79.48778,-0.62472],[-79.52806,-0.66333],[-79.55139,-0.66056],[-79.53083,-0.64639],[-79.53222,-0.63444],[-79.52139,-0.62611],[-79.50111,-0.58083]]]}},{"type":"Feature","properties":{"codigo":1007401792},"geometry":{"type":"Polygon","coordinates":[[[-77.58083,-0.60944],[-77.59,-0.57639],[-77.60639,-0.56056],[-77.58583,-0.55167],[-77.52528,-0.55222],[-77.50083,-0.58278],[-77.43306,-0.5675],[-77.42361,-0.59694],[-77.43111,-0.61028],[-77.42361,-0.6225],[-77.41417,-0.62028],[-77.42333,-0.64861],[-77.41833,-0.68639],[-77.40056,-0.70861],[-77.37889,-0.71722],[-77.41,-0.72417],[-77.45417,-0.69333],[-77.45361,-0.64861],[-77.4675,-0.655],[-77.47861,-0.65056],[-77.48444,-0.6575],[-77.4975,-0.64806],[-77.52139,-0.65111],[-77.53167,-0.64167],[-77.53667,-0.61944],[-77.58083,-0.60944]]]}},{"type":"Feature","properties":{"codigo":1007401800},"geometry":{"type":"Polygon","coordinates":[[[-76.83,-0.52778],[-76.82472,-0.5425],[-76.83583,-0.55167],[-76.815,-0.56222],[-76.83833,-0.595],[-76.79917,-0.59639],[-76.82833,-0.6225],[-76.82944,-0.63361],[-76.8425,-0.62528],[-76.85806,-0.62694],[-76.86556,-0.63611],[-76.90917,-0.63167],[-76.93056,-0.64111],[-76.94917,-0.635],[-76.95472,-0.64167],[-76.97222,-0.63222],[-76.98528,-0.63472],[-76.98778,-0.62139],[-77.00222,-0.62444],[-77.00111,-0.61556],[-76.97306,-0.59972],[-76.97333,-0.59056],[-76.95472,-0.58806],[-76.93667,-0.56917],[-76.92,-0.56222],[-76.91,-0.56778],[-76.90333,-0.55972],[-76.9025,-0.56778],[-76.885,-0.54833],[-76.87583,-0.55361],[-76.86139,-0.53194],[-76.83972,-0.53528],[-76.83,-0.52778]]]}},{"type":"Feature","properties":{"codigo":1007401804},"geometry":{"type":"Polygon","coordinates":[[[-76.02833,-0.64389],[-76.01194,-0.61306],[-76.00444,-0.62278],[-75.99028,-0.62222],[-75.98972,-0.615],[-75.96889,-0.60722],[-75.96361,-0.62806],[-75.95611,-0.62972],[-75.95778,-0.64194],[-75.94028,-0.65167],[-75.94611,-0.66528],[-75.92861,-0.66472],[-75.91972,-0.68472],[-75.85444,-0.68389],[-75.83556,-0.67667],[-75.83667,-0.68639],[-75.82222,-0.68806],[-75.80389,-0.67556],[-75.79583,-0.67861],[-75.79528,-0.68722],[-75.78139,-0.68917],[-75.78056,-0.69611],[-75.76417,-0.69472],[-75.77056,-0.71833],[-75.74944,-0.73778],[-75.72389,-0.73194],[-75.71167,-0.71972],[-75.70861,-0.72972],[-75.69028,-0.73083],[-75.67889,-0.72139],[-75.67444,-0.72833],[-75.65528,-0.72],[-75.64722,-0.73167],[-75.63056,-0.72333],[-75.62917,-0.73556],[-75.60083,-0.74444],[-75.60417,-0.7775],[-75.58861,-0.78111],[-75.58833,-0.77167],[-75.57861,-0.77139],[-75.56861,-0.78972],[-75.55611,-0.78944],[-75.55944,-0.79722],[-75.54889,-0.81861],[-75.54167,-0.81639],[-75.53333,-0.81639],[-75.54806,-0.82861],[-75.54194,-0.8375],[-75.55667,-0.88222],[-75.57611,-0.87556],[-75.59167,-0.88444],[-75.61028,-0.87667],[-75.64333,-0.83972],[-75.64361,-0.84833],[-75.65944,-0.86],[-75.66944,-0.85389],[-75.67361,-0.86167],[-75.69417,-0.86194],[-75.72389,-0.82333],[-75.73528,-0.82694],[-75.74222,-0.81028],[-75.76194,-0.82417],[-75.77611,-0.81167],[-75.78778,-0.8125],[-75.79083,-0.80167],[-75.8125,-0.80111],[-75.82194,-0.78694],[-75.82167,-0.76778],[-75.83,-0.76472],[-75.82639,-0.74528],[-75.84694,-0.74944],[-75.89444,-0.72028],[-75.92083,-0.72472],[-75.92889,-0.73444],[-75.96722,-0.73611],[-75.97667,-0.74722],[-76.00056,-0.74139],[-76.00222,-0.71722],[-75.99111,-0.71028],[-76.00417,-0.69333],[-75.99,-0.66639],[-76.00722,-0.66667],[-76.02833,-0.64389]]]}},{"type":"Feature","properties":{"codigo":1007401812},"geometry":{"type":"Polygon","coordinates":[[[-76.82139,-0.61778],[-76.81028,-0.61528],[-76.81,-0.62417],[-76.79806,-0.62417],[-76.79472,-0.61139],[-76.78694,-0.61389],[-76.78028,-0.60361],[-76.72083,-0.60083],[-76.71444,-0.61194],[-76.69111,-0.61417],[-76.66528,-0.63056],[-76.73333,-0.6625],[-76.73111,-0.68111],[-76.76,-0.69833],[-76.76028,-0.70528],[-76.76583,-0.70083],[-76.76667,-0.70861],[-76.79139,-0.71333],[-76.80694,-0.70472],[-76.82611,-0.71611],[-76.84583,-0.70056],[-76.84361,-0.71417],[-76.875,-0.71222],[-76.875,-0.72278],[-76.92361,-0.69944],[-76.93083,-0.68722],[-76.94,-0.69139],[-76.9525,-0.68222],[-76.99806,-0.67722],[-77.01917,-0.68722],[-77.02639,-0.67667],[-77.04694,-0.67694],[-77.04833,-0.67028],[-77.05694,-0.67833],[-77.06056,-0.66778],[-77.07083,-0.66861],[-77.07861,-0.65917],[-77.07472,-0.64167],[-77.0575,-0.63972],[-77.05306,-0.62694],[-77.04194,-0.62528],[-77.03278,-0.61194],[-77.02111,-0.62667],[-76.98778,-0.62139],[-76.98528,-0.63472],[-76.97222,-0.63222],[-76.95472,-0.64167],[-76.94917,-0.635],[-76.93056,-0.64111],[-76.90917,-0.63167],[-76.86556,-0.63611],[-76.85806,-0.62694],[-76.8425,-0.62528],[-76.82944,-0.63361],[-76.82139,-0.61778]]]}},{"type":"Feature","properties":{"codigo":1007401729},"geometry":{"type":"Polygon","coordinates":[[[-77.07194,-0.54111],[-77.05667,-0.54972],[-77.05861,-0.58306],[-77.04583,-0.60556],[-77.05583,-0.63833],[-77.07472,-0.64167],[-77.07917,-0.67083],[-77.12167,-0.67444],[-77.12528,-0.69722],[-77.155,-0.67917],[-77.16889,-0.70472],[-77.17472,-0.69083],[-77.19361,-0.70417],[-77.21972,-0.69056],[-77.22167,-0.68083],[-77.23722,-0.68083],[-77.2175,-0.65444],[-77.22472,-0.64917],[-77.20139,-0.64472],[-77.20028,-0.63111],[-77.18917,-0.63194],[-77.18972,-0.62389],[-77.15278,-0.60917],[-77.15583,-0.5975],[-77.145,-0.58083],[-77.10306,-0.57139],[-77.09722,-0.55361],[-77.07861,-0.55083],[-77.07194,-0.54111]]]}},{"type":"Feature","properties":{"codigo":1007401805},"geometry":{"type":"Polygon","coordinates":[[[-76.27333,-0.53083],[-76.25028,-0.54083],[-76.21806,-0.57389],[-76.19806,-0.57556],[-76.19889,-0.59417],[-76.18389,-0.58722],[-76.18,-0.60528],[-76.15583,-0.61639],[-76.14694,-0.62917],[-76.10222,-0.615],[-76.09444,-0.61917],[-76.06833,-0.60278],[-76.06083,-0.60556],[-76.06389,-0.61694],[-76.05667,-0.60944],[-76.0525,-0.61556],[-76.02694,-0.61278],[-76.02694,-0.62389],[-76.02028,-0.62056],[-76.01833,-0.62361],[-76.02833,-0.64389],[-76.00722,-0.66667],[-75.99,-0.66639],[-76.00417,-0.69333],[-75.99194,-0.71333],[-76.02972,-0.72056],[-76.03528,-0.70028],[-76.0575,-0.68722],[-76.06028,-0.66556],[-76.08472,-0.67167],[-76.11306,-0.65194],[-76.15444,-0.6575],[-76.19139,-0.67722],[-76.19583,-0.69528],[-76.21611,-0.69611],[-76.22583,-0.68417],[-76.21944,-0.67944],[-76.24611,-0.67389],[-76.24861,-0.66222],[-76.25472,-0.66472],[-76.25639,-0.63861],[-76.27444,-0.61611],[-76.26806,-0.60861],[-76.27306,-0.60361],[-76.25222,-0.58694],[-76.2475,-0.57],[-76.24889,-0.56167],[-76.25667,-0.56611],[-76.26833,-0.55389],[-76.27333,-0.53083]]]}},{"type":"Feature","properties":{"codigo":1007401194},"geometry":{"type":"Polygon","coordinates":[[[-80.35528,-0.60056],[-80.36972,-0.61417],[-80.37222,-0.63833],[-80.34833,-0.6375],[-80.34917,-0.66611],[-80.3625,-0.65444],[-80.37417,-0.67722],[-80.39389,-0.67639],[-80.39194,-0.68333],[-80.4025,-0.69056],[-80.43167,-0.67278],[-80.43417,-0.66111],[-80.44806,-0.65806],[-80.4475,-0.63639],[-80.41833,-0.59278],[-80.35528,-0.60056]]]}},{"type":"Feature","properties":{"codigo":1007400658},"geometry":{"type":"Polygon","coordinates":[[[-78.77944,-0.63583],[-78.76278,-0.6325],[-78.74778,-0.64556],[-78.71722,-0.64972],[-78.71333,-0.67306],[-78.72528,-0.69111],[-78.73917,-0.69583],[-78.75167,-0.73361],[-78.76722,-0.73389],[-78.77611,-0.78944],[-78.80444,-0.80778],[-78.81278,-0.80222],[-78.81306,-0.77694],[-78.83278,-0.75861],[-78.83111,-0.69528],[-78.86306,-0.68611],[-78.87056,-0.67333],[-78.83639,-0.66583],[-78.80444,-0.67111],[-78.78778,-0.66],[-78.77944,-0.63583]]]}},{"type":"Feature","properties":{"codigo":1007402149},"geometry":{"type":"Polygon","coordinates":[[[-79.02111,-0.63306],[-78.96,-0.64917],[-78.94861,-0.68583],[-78.92361,-0.70417],[-78.93139,-0.73111],[-78.94861,-0.72861],[-78.96889,-0.74417],[-79.00111,-0.74583],[-79.02361,-0.72972],[-79.07833,-0.72611],[-79.10639,-0.71444],[-79.10611,-0.7025],[-79.08167,-0.6775],[-79.06694,-0.66806],[-79.05083,-0.67167],[-79.02333,-0.65139],[-79.02111,-0.63306]]]}},{"type":"Feature","properties":{"codigo":1007401744},"geometry":{"type":"Polygon","coordinates":[[[-77.8225,-0.61278],[-77.81361,-0.61972],[-77.8125,-0.63972],[-77.79639,-0.65361],[-77.80694,-0.67833],[-77.79444,-0.71111],[-77.78083,-0.71806],[-77.77861,-0.74083],[-77.79111,-0.76417],[-77.77361,-0.77778],[-77.75139,-0.78139],[-77.74722,-0.82083],[-77.73806,-0.81944],[-77.71861,-0.83667],[-77.71361,-0.86167],[-77.73222,-0.87417],[-77.74167,-0.87528],[-77.7725,-0.85528],[-77.77222,-0.82056],[-77.79361,-0.81083],[-77.79417,-0.79694],[-77.79861,-0.79083],[-77.81083,-0.79361],[-77.81333,-0.77972],[-77.83806,-0.77806],[-77.84694,-0.76639],[-77.84389,-0.74556],[-77.87139,-0.74028],[-77.90222,-0.75028],[-77.91278,-0.74028],[-77.9,-0.67556],[-77.86444,-0.6575],[-77.85778,-0.63611],[-77.8225,-0.61278]]]}},{"type":"Feature","properties":{"codigo":1007401765},"geometry":{"type":"Polygon","coordinates":[[[-78.10111,-0.65528],[-78.10444,-0.64111],[-78.08611,-0.63472],[-78.08222,-0.62306],[-78.04972,-0.61556],[-78.03806,-0.61833],[-78.01833,-0.64333],[-77.97444,-0.66528],[-77.97611,-0.70222],[-77.98917,-0.71472],[-78.00083,-0.77833],[-78.03083,-0.77667],[-78.02389,-0.76139],[-78.0375,-0.74361],[-78.04528,-0.71417],[-78.05083,-0.70694],[-78.08361,-0.70194],[-78.09222,-0.68361],[-78.08639,-0.67972],[-78.09056,-0.66111],[-78.10111,-0.65528]]]}},{"type":"Feature","properties":{"codigo":1007402090},"geometry":{"type":"Polygon","coordinates":[[[-79.56056,-0.66583],[-79.52861,-0.66333],[-79.53472,-0.70139],[-79.56056,-0.66583]]]}},{"type":"Feature","properties":{"codigo":1007403244},"geometry":{"type":"Polygon","coordinates":[[[-78.71444,-0.66528],[-78.69417,-0.65833],[-78.65583,-0.66583],[-78.6175,-0.64444],[-78.595,-0.65222],[-78.57944,-0.61806],[-78.56639,-0.60778],[-78.52194,-0.60194],[-78.51306,-0.59333],[-78.45361,-0.64694],[-78.43861,-0.68083],[-78.4475,-0.70361],[-78.46833,-0.71806],[-78.4825,-0.74389],[-78.51833,-0.75667],[-78.54417,-0.745],[-78.55639,-0.74806],[-78.58917,-0.7725],[-78.61,-0.79778],[-78.62,-0.84611],[-78.62694,-0.81333],[-78.67944,-0.78667],[-78.70417,-0.745],[-78.69444,-0.73361],[-78.69417,-0.69778],[-78.70583,-0.68944],[-78.71444,-0.66528]]]}},{"type":"Feature","properties":{"codigo":1007401813},"geometry":{"type":"Polygon","coordinates":[[[-76.66583,-0.63306],[-76.66167,-0.66528],[-76.64417,-0.66028],[-76.64917,-0.70639],[-76.65889,-0.71639],[-76.67917,-0.70917],[-76.70639,-0.7275],[-76.72056,-0.70306],[-76.73972,-0.69194],[-76.73056,-0.68],[-76.73667,-0.66778],[-76.71722,-0.65167],[-76.70611,-0.65417],[-76.69111,-0.63917],[-76.66583,-0.63306]]]}},{"type":"Feature","properties":{"codigo":1007401807},"geometry":{"type":"Polygon","coordinates":[[[-76.34,-0.70278],[-76.33694,-0.63417],[-76.32417,-0.59806],[-76.305,-0.62861],[-76.31444,-0.65222],[-76.30222,-0.67556],[-76.27694,-0.68],[-76.26028,-0.66056],[-76.24917,-0.66167],[-76.24611,-0.67389],[-76.21917,-0.68139],[-76.24833,-0.69417],[-76.28472,-0.73028],[-76.28639,-0.74056],[-76.30472,-0.74444],[-76.34056,-0.73139],[-76.35,-0.735],[-76.35639,-0.72389],[-76.36806,-0.72306],[-76.36583,-0.71333],[-76.35528,-0.71444],[-76.34,-0.70278]]]}},{"type":"Feature","properties":{"codigo":1007401202},"geometry":{"type":"Polygon","coordinates":[[[-80.03083,-0.65611],[-80.02722,-0.66667],[-80.03583,-0.68778],[-80.03917,-0.67028],[-80.04889,-0.66722],[-80.04222,-0.65611],[-80.03083,-0.65611]]]}},{"type":"Feature","properties":{"codigo":1007402089},"geometry":{"type":"Polygon","coordinates":[[[-79.57972,-0.60333],[-79.565,-0.66667],[-79.55806,-0.66611],[-79.52861,-0.71444],[-79.5175,-0.71194],[-79.51611,-0.72167],[-79.50472,-0.72639],[-79.5175,-0.75472],[-79.52167,-0.75],[-79.54278,-0.75889],[-79.56056,-0.77889],[-79.59111,-0.79056],[-79.59972,-0.85139],[-79.61056,-0.85444],[-79.62583,-0.82389],[-79.61778,-0.76306],[-79.62444,-0.70639],[-79.60889,-0.67083],[-79.59778,-0.61444],[-79.57972,-0.60333]]]}},{"type":"Feature","properties":{"codigo":1007401200},"geometry":{"type":"Polygon","coordinates":[[[-80.06361,-0.63694],[-80.05667,-0.64222],[-80.05556,-0.66361],[-80.03722,-0.67556],[-80.03028,-0.74972],[-80.05694,-0.74917],[-80.06333,-0.75833],[-80.09917,-0.76694],[-80.11556,-0.74889],[-80.12833,-0.7525],[-80.13833,-0.74417],[-80.14167,-0.7275],[-80.13222,-0.72139],[-80.12639,-0.69306],[-80.10361,-0.7],[-80.09889,-0.68472],[-80.0875,-0.68944],[-80.07833,-0.65444],[-80.06361,-0.63694]]]}},{"type":"Feature","properties":{"codigo":1007401820},"geometry":{"type":"Polygon","coordinates":[[[-76.64417,-0.66167],[-76.61917,-0.66833],[-76.60944,-0.65833],[-76.61556,-0.65389],[-76.6025,-0.64639],[-76.54861,-0.65],[-76.53,-0.62833],[-76.51389,-0.63389],[-76.51333,-0.64611],[-76.49611,-0.65306],[-76.51361,-0.65861],[-76.51778,-0.67778],[-76.53722,-0.69778],[-76.54472,-0.69639],[-76.54611,-0.71167],[-76.55222,-0.70694],[-76.56333,-0.71944],[-76.57778,-0.70444],[-76.59806,-0.72028],[-76.63139,-0.71389],[-76.64028,-0.72361],[-76.65833,-0.7175],[-76.65889,-0.70972],[-76.64917,-0.70639],[-76.64417,-0.66167]]]}},{"type":"Feature","properties":{"codigo":1007401653},"geometry":{"type":"Polygon","coordinates":[[[-75.71139,-0.6625],[-75.68889,-0.66694],[-75.68972,-0.68556],[-75.70056,-0.68306],[-75.71139,-0.6625]]]}},{"type":"Feature","properties":{"codigo":1007401651},"geometry":{"type":"Polygon","coordinates":[[[-75.69194,-0.69],[-75.6825,-0.65889],[-75.6875,-0.65222],[-75.67444,-0.64972],[-75.67194,-0.64194],[-75.66583,-0.63944],[-75.66,-0.64861],[-75.64694,-0.64111],[-75.62222,-0.64444],[-75.60583,-0.62806],[-75.60139,-0.64278],[-75.6075,-0.65278],[-75.6,-0.65444],[-75.59611,-0.66944],[-75.57611,-0.67111],[-75.57611,-0.68639],[-75.56389,-0.67833],[-75.55056,-0.68667],[-75.53667,-0.67417],[-75.52778,-0.67611],[-75.52778,-0.69222],[-75.54278,-0.70222],[-75.53222,-0.72556],[-75.54083,-0.73583],[-75.52222,-0.73167],[-75.52389,-0.74444],[-75.50639,-0.75639],[-75.51083,-0.77583],[-75.4975,-0.78361],[-75.49639,-0.81028],[-75.54889,-0.81861],[-75.55944,-0.79722],[-75.55611,-0.78944],[-75.56861,-0.78972],[-75.58083,-0.77028],[-75.58861,-0.77194],[-75.58861,-0.78111],[-75.60417,-0.7775],[-75.60111,-0.74389],[-75.62917,-0.73556],[-75.63194,-0.72278],[-75.64722,-0.73167],[-75.65528,-0.72],[-75.66167,-0.72194],[-75.66417,-0.70056],[-75.68167,-0.68694],[-75.69194,-0.69]]]}},{"type":"Feature","properties":{"codigo":1007401783},"geometry":{"type":"Polygon","coordinates":[[[-77.26889,-0.67556],[-77.26139,-0.66833],[-77.25083,-0.67556],[-77.24472,-0.66722],[-77.23556,-0.67083],[-77.23667,-0.68139],[-77.22167,-0.68083],[-77.21972,-0.69056],[-77.19361,-0.70417],[-77.17611,-0.69083],[-77.16778,-0.70417],[-77.15361,-0.67917],[-77.14833,-0.68861],[-77.12306,-0.69472],[-77.12139,-0.70333],[-77.13417,-0.70639],[-77.15833,-0.73056],[-77.1825,-0.73444],[-77.18278,-0.7275],[-77.19639,-0.72667],[-77.20611,-0.73972],[-77.20833,-0.72222],[-77.2175,-0.71917],[-77.23472,-0.69028],[-77.265,-0.68306],[-77.26889,-0.67556]]]}},{"type":"Feature","properties":{"codigo":1007401808},"geometry":{"type":"Polygon","coordinates":[[[-76.39444,-0.68056],[-76.36556,-0.665],[-76.35944,-0.67556],[-76.34083,-0.665],[-76.3325,-0.66861],[-76.34472,-0.70806],[-76.37472,-0.68556],[-76.39444,-0.68056]]]}},{"type":"Feature","properties":{"codigo":1007401730},"geometry":{"type":"Polygon","coordinates":[[[-77.07444,-0.6625],[-77.05694,-0.67361],[-77.06833,-0.70889],[-77.06361,-0.72056],[-77.07611,-0.72889],[-77.07694,-0.74278],[-77.13444,-0.74972],[-77.12694,-0.77694],[-77.17056,-0.79944],[-77.16417,-0.80389],[-77.17111,-0.81056],[-77.18583,-0.80806],[-77.18889,-0.82778],[-77.15583,-0.845],[-77.14778,-0.87111],[-77.13111,-0.88778],[-77.13972,-0.90389],[-77.145,-0.90028],[-77.14583,-0.90889],[-77.165,-0.91639],[-77.20361,-0.9],[-77.21111,-0.90389],[-77.21361,-0.89361],[-77.2275,-0.88694],[-77.23806,-0.88833],[-77.26028,-0.90667],[-77.26139,-0.91583],[-77.28417,-0.92694],[-77.29389,-0.92111],[-77.30222,-0.89306],[-77.335,-0.90333],[-77.33556,-0.88083],[-77.24694,-0.83028],[-77.22583,-0.79111],[-77.19139,-0.76556],[-77.18306,-0.74639],[-77.12139,-0.70333],[-77.1225,-0.675],[-77.08056,-0.67139],[-77.07444,-0.6625]]]}},{"type":"Feature","properties":{"codigo":1007401764},"geometry":{"type":"Polygon","coordinates":[[[-78.43861,-0.68056],[-78.39472,-0.71361],[-78.36944,-0.69944],[-78.34861,-0.69833],[-78.31611,-0.70167],[-78.31306,-0.70917],[-78.29306,-0.70833],[-78.28583,-0.71528],[-78.26639,-0.70917],[-78.26944,-0.73194],[-78.25333,-0.73722],[-78.33111,-0.78528],[-78.35194,-0.79389],[-78.36472,-0.78972],[-78.37333,-0.80278],[-78.38833,-0.80389],[-78.39833,-0.76972],[-78.39278,-0.74722],[-78.40194,-0.73139],[-78.42278,-0.71944],[-78.43861,-0.68056]]]}},{"type":"Feature","properties":{"codigo":1007401803},"geometry":{"type":"Polygon","coordinates":[[[-75.70139,-0.67556],[-75.69167,-0.69028],[-75.68167,-0.68694],[-75.66417,-0.70056],[-75.66194,-0.72528],[-75.67528,-0.72833],[-75.67889,-0.72139],[-75.68972,-0.73083],[-75.70861,-0.72972],[-75.71167,-0.71972],[-75.72389,-0.73194],[-75.74944,-0.73778],[-75.77056,-0.71833],[-75.76417,-0.69472],[-75.78056,-0.69611],[-75.78139,-0.68917],[-75.79528,-0.68722],[-75.79583,-0.67861],[-75.80389,-0.67556],[-75.82222,-0.68806],[-75.83667,-0.68639],[-75.83556,-0.67667],[-75.85444,-0.68389],[-75.91972,-0.68472],[-75.92861,-0.66472],[-75.94611,-0.66528],[-75.94028,-0.65167],[-75.9575,-0.63556],[-75.92972,-0.61278],[-75.92472,-0.61917],[-75.88528,-0.61944],[-75.87056,-0.625],[-75.8625,-0.63944],[-75.85556,-0.63167],[-75.84028,-0.63278],[-75.8175,-0.65167],[-75.79139,-0.65306],[-75.78806,-0.64694],[-75.77833,-0.65861],[-75.74444,-0.65889],[-75.74361,-0.67444],[-75.72694,-0.67222],[-75.70528,-0.68528],[-75.70139,-0.67556]]]}},{"type":"Feature","properties":{"codigo":1007401204},"geometry":{"type":"Polygon","coordinates":[[[-80.02722,-0.66611],[-80.01417,-0.67472],[-79.98361,-0.67611],[-79.97111,-0.66667],[-79.91667,-0.67611],[-79.88722,-0.69444],[-79.87694,-0.71833],[-79.88444,-0.775],[-79.89861,-0.77667],[-79.90583,-0.79194],[-79.92861,-0.79722],[-79.96333,-0.785],[-79.97611,-0.765],[-80.02722,-0.7575],[-80.02722,-0.73306],[-80.03972,-0.69944],[-80.02722,-0.66611]]]}},{"type":"Feature","properties":{"codigo":1007403245},"geometry":{"type":"Polygon","coordinates":[[[-78.45528,-0.71389],[-78.43778,-0.68694],[-78.44389,-0.72833],[-78.47917,-0.77417],[-78.51194,-0.78028],[-78.51139,-0.78722],[-78.54333,-0.81556],[-78.61667,-0.84611],[-78.61,-0.79778],[-78.58917,-0.7725],[-78.54444,-0.745],[-78.52833,-0.75639],[-78.49667,-0.75222],[-78.48083,-0.7425],[-78.46833,-0.71806],[-78.45528,-0.71389]]]}},{"type":"Feature","properties":{"codigo":1007401216},"geometry":{"type":"Polygon","coordinates":[[[-80.4,-0.69056],[-80.39389,-0.67639],[-80.37417,-0.67722],[-80.3625,-0.65444],[-80.34917,-0.66611],[-80.34889,-0.64],[-80.34861,-0.66472],[-80.31472,-0.65917],[-80.31167,-0.67139],[-80.295,-0.68361],[-80.30361,-0.70222],[-80.2925,-0.72444],[-80.29278,-0.745],[-80.32694,-0.76972],[-80.33806,-0.79111],[-80.37944,-0.80361],[-80.385,-0.78028],[-80.37167,-0.75778],[-80.37583,-0.74389],[-80.3975,-0.72639],[-80.4,-0.69056]]]}},{"type":"Feature","properties":{"codigo":1007401791},"geometry":{"type":"Polygon","coordinates":[[[-77.41389,-0.62333],[-77.35917,-0.63306],[-77.35139,-0.62556],[-77.33639,-0.635],[-77.3325,-0.695],[-77.34278,-0.70361],[-77.36333,-0.69889],[-77.37111,-0.71583],[-77.40056,-0.70861],[-77.42028,-0.68083],[-77.42333,-0.64861],[-77.41389,-0.62333]]]}},{"type":"Feature","properties":{"codigo":1007401198},"geometry":{"type":"Polygon","coordinates":[[[-80.12667,-0.63944],[-80.11556,-0.65472],[-80.11667,-0.66444],[-80.135,-0.67639],[-80.12667,-0.69444],[-80.14972,-0.69556],[-80.16556,-0.71111],[-80.17472,-0.69944],[-80.17167,-0.6875],[-80.16222,-0.685],[-80.12667,-0.63944]]]}},{"type":"Feature","properties":{"codigo":1007401196},"geometry":{"type":"Polygon","coordinates":[[[-80.22111,-0.63806],[-80.19194,-0.68806],[-80.16556,-0.71111],[-80.15028,-0.69583],[-80.13083,-0.69278],[-80.12889,-0.71167],[-80.14333,-0.73667],[-80.2,-0.735],[-80.21278,-0.70611],[-80.22861,-0.70028],[-80.22139,-0.69167],[-80.23444,-0.66583],[-80.22111,-0.63806]]]}},{"type":"Feature","properties":{"codigo":1007402135},"geometry":{"type":"Polygon","coordinates":[[[-79.02111,-0.63306],[-79.02333,-0.65139],[-79.05083,-0.67167],[-79.06694,-0.66806],[-79.09917,-0.69917],[-79.1375,-0.7],[-79.13917,-0.71306],[-79.18,-0.7525],[-79.21222,-0.74556],[-79.23889,-0.755],[-79.26639,-0.75222],[-79.30556,-0.77444],[-79.30833,-0.76528],[-79.33639,-0.76556],[-79.39444,-0.815],[-79.39639,-0.83889],[-79.41,-0.8375],[-79.40056,-0.77861],[-79.39028,-0.75917],[-79.36528,-0.73861],[-79.3425,-0.73444],[-79.30861,-0.70583],[-79.29278,-0.71028],[-79.26889,-0.70194],[-79.22472,-0.67333],[-79.17944,-0.67194],[-79.13611,-0.64556],[-79.12861,-0.64889],[-79.09139,-0.58611],[-79.07,-0.59694],[-79.06528,-0.62306],[-79.02111,-0.63306]]]}},{"type":"Feature","properties":{"codigo":1007401789},"geometry":{"type":"Polygon","coordinates":[[[-77.33139,-0.69361],[-77.33139,-0.70472],[-77.31472,-0.71806],[-77.31333,-0.72889],[-77.27972,-0.75778],[-77.28333,-0.77028],[-77.26472,-0.775],[-77.27389,-0.79083],[-77.30111,-0.79056],[-77.3075,-0.77417],[-77.33972,-0.78083],[-77.33972,-0.77139],[-77.34833,-0.76722],[-77.36222,-0.78],[-77.38056,-0.7775],[-77.39361,-0.76833],[-77.39167,-0.7625],[-77.40972,-0.76306],[-77.41917,-0.75528],[-77.43583,-0.75444],[-77.44028,-0.76194],[-77.465,-0.75556],[-77.45722,-0.74],[-77.44472,-0.74694],[-77.42556,-0.7375],[-77.41333,-0.74417],[-77.3825,-0.73611],[-77.3725,-0.72778],[-77.36417,-0.69944],[-77.34278,-0.70361],[-77.33139,-0.69361]]]}},{"type":"Feature","properties":{"codigo":1007401821},"geometry":{"type":"Polygon","coordinates":[[[-76.39444,-0.68056],[-76.35306,-0.70139],[-76.35083,-0.71222],[-76.36583,-0.71333],[-76.36694,-0.72472],[-76.35639,-0.72389],[-76.35,-0.735],[-76.32917,-0.73389],[-76.315,-0.74583],[-76.32778,-0.75389],[-76.35833,-0.755],[-76.38889,-0.79333],[-76.39972,-0.785],[-76.42583,-0.80194],[-76.44528,-0.79556],[-76.44833,-0.81167],[-76.43972,-0.82083],[-76.45694,-0.8275],[-76.46278,-0.83861],[-76.47389,-0.8325],[-76.49083,-0.84222],[-76.53333,-0.82472],[-76.54722,-0.83944],[-76.56722,-0.83806],[-76.56861,-0.82972],[-76.58,-0.83111],[-76.58861,-0.82139],[-76.59056,-0.80222],[-76.57444,-0.79361],[-76.56306,-0.77111],[-76.53028,-0.76556],[-76.52583,-0.76056],[-76.53333,-0.75472],[-76.50028,-0.73111],[-76.46278,-0.72417],[-76.46389,-0.71167],[-76.44611,-0.71333],[-76.42583,-0.68889],[-76.39444,-0.68056]]]}},{"type":"Feature","properties":{"codigo":1007401762},"geometry":{"type":"Polygon","coordinates":[[[-78.26528,-0.7375],[-78.27278,-0.68861],[-78.2575,-0.67833],[-78.25,-0.65083],[-78.22861,-0.62583],[-78.21722,-0.63528],[-78.21833,-0.66333],[-78.19889,-0.66111],[-78.17694,-0.67528],[-78.15639,-0.67556],[-78.16,-0.69778],[-78.12333,-0.73833],[-78.15806,-0.74667],[-78.17139,-0.76861],[-78.18417,-0.775],[-78.18167,-0.78528],[-78.19806,-0.79139],[-78.20667,-0.78583],[-78.20472,-0.76639],[-78.22556,-0.7575],[-78.24083,-0.73139],[-78.26528,-0.7375]]]}},{"type":"Feature","properties":{"codigo":1007401814},"geometry":{"type":"Polygon","coordinates":[[[-76.73972,-0.69194],[-76.71778,-0.71028],[-76.75028,-0.72611],[-76.77361,-0.75389],[-76.78528,-0.75639],[-76.79,-0.7475],[-76.81111,-0.745],[-76.80694,-0.73556],[-76.82444,-0.71972],[-76.82472,-0.71306],[-76.80694,-0.70472],[-76.78083,-0.71194],[-76.73972,-0.69194]]]}},{"type":"Feature","properties":{"codigo":1007402134},"geometry":{"type":"Polygon","coordinates":[[[-79.4,-0.67944],[-79.34528,-0.70361],[-79.32167,-0.70556],[-79.31889,-0.71667],[-79.39028,-0.75917],[-79.40639,-0.79472],[-79.40583,-0.82722],[-79.4175,-0.83361],[-79.42694,-0.81639],[-79.41778,-0.79222],[-79.42417,-0.74139],[-79.41972,-0.69056],[-79.4,-0.67944]]]}},{"type":"Feature","properties":{"codigo":1007401790},"geometry":{"type":"Polygon","coordinates":[[[-77.38722,-0.72056],[-77.37028,-0.71639],[-77.375,-0.72972],[-77.37722,-0.72028],[-77.38306,-0.72222],[-77.38722,-0.72056]]]}},{"type":"Feature","properties":{"codigo":1007402148},"geometry":{"type":"Polygon","coordinates":[[[-79.10333,-0.69944],[-79.10667,-0.71389],[-79.08556,-0.72889],[-79.08389,-0.74472],[-79.06861,-0.75556],[-79.06417,-0.77861],[-79.10778,-0.84778],[-79.14028,-0.85083],[-79.16139,-0.83056],[-79.16556,-0.81556],[-79.18444,-0.80778],[-79.18694,-0.79833],[-79.17611,-0.78917],[-79.18806,-0.77],[-79.22333,-0.76778],[-79.24389,-0.77194],[-79.25833,-0.78889],[-79.29,-0.7925],[-79.29167,-0.83667],[-79.30528,-0.865],[-79.30917,-0.8625],[-79.31306,-0.83972],[-79.30417,-0.81917],[-79.30972,-0.78972],[-79.30306,-0.77083],[-79.26639,-0.75222],[-79.23889,-0.755],[-79.20278,-0.74583],[-79.18833,-0.75556],[-79.15778,-0.73389],[-79.13917,-0.71306],[-79.1375,-0.7],[-79.10333,-0.69944]]]}},{"type":"Feature","properties":{"codigo":1007400655},"geometry":{"type":"Polygon","coordinates":[[[-78.92333,-0.71583],[-78.90528,-0.71583],[-78.88667,-0.705],[-78.8725,-0.68389],[-78.8725,-0.67083],[-78.86306,-0.68611],[-78.83111,-0.69528],[-78.83278,-0.75861],[-78.81306,-0.77694],[-78.81278,-0.80222],[-78.80389,-0.80778],[-78.80778,-0.87722],[-78.83306,-0.87806],[-78.85167,-0.86806],[-78.86611,-0.8775],[-78.87361,-0.89444],[-78.88528,-0.89556],[-78.89333,-0.87333],[-78.91444,-0.8675],[-78.93611,-0.87333],[-78.94,-0.85611],[-78.95306,-0.85111],[-78.94972,-0.80194],[-78.9375,-0.79722],[-78.93444,-0.77583],[-78.92417,-0.76722],[-78.93333,-0.75139],[-78.92333,-0.71583]]]}},{"type":"Feature","properties":{"codigo":1007401819},"geometry":{"type":"Polygon","coordinates":[[[-76.67917,-0.70917],[-76.63889,-0.73389],[-76.66806,-0.75],[-76.66278,-0.7575],[-76.66833,-0.77361],[-76.68083,-0.785],[-76.67889,-0.8025],[-76.67083,-0.80139],[-76.665,-0.81194],[-76.66778,-0.82972],[-76.69556,-0.85056],[-76.70917,-0.84667],[-76.71056,-0.86306],[-76.72972,-0.87972],[-76.73889,-0.88333],[-76.75194,-0.87333],[-76.76306,-0.89111],[-76.76722,-0.88028],[-76.78444,-0.87472],[-76.82889,-0.89361],[-76.84889,-0.89],[-76.85528,-0.88139],[-76.86583,-0.88667],[-76.86667,-0.8775],[-76.88611,-0.88444],[-76.89528,-0.87917],[-76.83444,-0.85111],[-76.83972,-0.84639],[-76.825,-0.82444],[-76.83,-0.81972],[-76.79667,-0.79778],[-76.7975,-0.78222],[-76.78972,-0.77972],[-76.78139,-0.7525],[-76.77306,-0.75361],[-76.73889,-0.71806],[-76.72361,-0.71861],[-76.71639,-0.71],[-76.70556,-0.7275],[-76.67917,-0.70917]]]}},{"type":"Feature","properties":{"codigo":1007401826},"geometry":{"type":"Polygon","coordinates":[[[-76.22472,-0.68833],[-76.19833,-0.69667],[-76.18417,-0.67167],[-76.1475,-0.65472],[-76.11306,-0.65194],[-76.08472,-0.67167],[-76.06028,-0.66556],[-76.0575,-0.68722],[-76.03528,-0.70028],[-76.03028,-0.72],[-76.00278,-0.71417],[-76.00167,-0.72583],[-76.00444,-0.73222],[-76.01583,-0.72917],[-76.02167,-0.74028],[-76.03972,-0.74278],[-76.04444,-0.73333],[-76.06056,-0.73778],[-76.05722,-0.74917],[-76.06528,-0.76333],[-76.07778,-0.75306],[-76.13417,-0.76306],[-76.18111,-0.74972],[-76.22472,-0.74778],[-76.23444,-0.75417],[-76.25667,-0.75333],[-76.26083,-0.74694],[-76.26167,-0.75556],[-76.27556,-0.75528],[-76.29083,-0.74278],[-76.24833,-0.69417],[-76.22472,-0.68833]]]}},{"type":"Feature","properties":{"codigo":1007401815},"geometry":{"type":"Polygon","coordinates":[[[-77.06833,-0.70889],[-77.04833,-0.67028],[-77.04694,-0.67694],[-77.02639,-0.67667],[-77.01917,-0.68722],[-76.99861,-0.67722],[-76.9525,-0.68222],[-76.94,-0.69139],[-76.93083,-0.68722],[-76.92361,-0.69944],[-76.88083,-0.72278],[-76.87417,-0.72194],[-76.875,-0.71222],[-76.84361,-0.71417],[-76.84194,-0.70028],[-76.80694,-0.73667],[-76.84417,-0.76333],[-76.86028,-0.76556],[-76.87806,-0.80528],[-76.88694,-0.80194],[-76.91083,-0.81556],[-76.91917,-0.80944],[-76.92611,-0.81611],[-76.93028,-0.80694],[-76.94222,-0.81639],[-76.99222,-0.79111],[-77.02333,-0.80333],[-77.06,-0.79333],[-77.10306,-0.7975],[-77.11611,-0.79167],[-77.14194,-0.81194],[-77.16583,-0.80556],[-77.17056,-0.79944],[-77.12694,-0.77694],[-77.13444,-0.74972],[-77.07694,-0.74278],[-77.07611,-0.72889],[-77.06361,-0.72056],[-77.06833,-0.70889]]]}},{"type":"Feature","properties":{"codigo":1007401205},"geometry":{"type":"Polygon","coordinates":[[[-80.26194,-0.72333],[-80.25361,-0.71167],[-80.23083,-0.71167],[-80.22778,-0.70028],[-80.21278,-0.70611],[-80.2,-0.735],[-80.18528,-0.73944],[-80.20639,-0.75083],[-80.22667,-0.7325],[-80.26194,-0.72333]]]}},{"type":"Feature","properties":{"codigo":1007401822},"geometry":{"type":"Polygon","coordinates":[[[-76.65611,-0.72278],[-76.63917,-0.72361],[-76.63111,-0.71389],[-76.59806,-0.72028],[-76.57778,-0.70444],[-76.55833,-0.71889],[-76.57,-0.73861],[-76.55833,-0.73306],[-76.53472,-0.74333],[-76.52472,-0.75],[-76.53333,-0.75472],[-76.52583,-0.76111],[-76.56306,-0.77111],[-76.56444,-0.78194],[-76.59139,-0.80944],[-76.63028,-0.82139],[-76.65028,-0.83889],[-76.6575,-0.82694],[-76.66833,-0.82917],[-76.665,-0.81194],[-76.67083,-0.80139],[-76.67889,-0.8025],[-76.68139,-0.78917],[-76.66278,-0.7575],[-76.66806,-0.75],[-76.63889,-0.73389],[-76.64056,-0.72611],[-76.65611,-0.72278]]]}},{"type":"Feature","properties":{"codigo":1007402096},"geometry":{"type":"Polygon","coordinates":[[[-79.5175,-0.75472],[-79.50611,-0.715],[-79.47778,-0.70889],[-79.47806,-0.70056],[-79.46028,-0.68639],[-79.45639,-0.7025],[-79.46556,-0.71917],[-79.47556,-0.72222],[-79.46667,-0.72917],[-79.485,-0.77056],[-79.49722,-0.77917],[-79.49,-0.7825],[-79.49111,-0.8],[-79.50028,-0.80528],[-79.51028,-0.83222],[-79.53472,-0.83361],[-79.55417,-0.85472],[-79.57556,-0.85389],[-79.605,-0.87],[-79.60694,-0.85444],[-79.6,-0.85222],[-79.59111,-0.82056],[-79.59222,-0.79194],[-79.55889,-0.77778],[-79.54278,-0.75889],[-79.52167,-0.75],[-79.5175,-0.75472]]]}},{"type":"Feature","properties":{"codigo":1007401793},"geometry":{"type":"Polygon","coordinates":[[[-77.58083,-0.60944],[-77.53667,-0.61944],[-77.53167,-0.64167],[-77.52139,-0.65111],[-77.4975,-0.64806],[-77.48444,-0.6575],[-77.47861,-0.65056],[-77.4675,-0.655],[-77.45361,-0.64861],[-77.45472,-0.69278],[-77.41167,-0.72361],[-77.37944,-0.71944],[-77.37528,-0.73],[-77.41333,-0.74417],[-77.42556,-0.7375],[-77.44556,-0.74694],[-77.45722,-0.74],[-77.47194,-0.76139],[-77.49,-0.75694],[-77.49917,-0.74306],[-77.52861,-0.74528],[-77.53167,-0.73778],[-77.54556,-0.73583],[-77.56861,-0.71389],[-77.56889,-0.69417],[-77.58333,-0.68556],[-77.59111,-0.66889],[-77.57806,-0.63972],[-77.59361,-0.6175],[-77.58083,-0.60944]]]}},{"type":"Feature","properties":{"codigo":1007401746},"geometry":{"type":"Polygon","coordinates":[[[-77.93028,-0.73194],[-77.91167,-0.71667],[-77.91278,-0.74028],[-77.90361,-0.75],[-77.87139,-0.74028],[-77.84389,-0.74556],[-77.84694,-0.76639],[-77.83806,-0.77806],[-77.81333,-0.77972],[-77.81083,-0.79361],[-77.79861,-0.79083],[-77.79417,-0.79694],[-77.79361,-0.81083],[-77.77222,-0.82056],[-77.7725,-0.85528],[-77.75944,-0.86722],[-77.78,-0.89833],[-77.77,-0.92806],[-77.78778,-0.93389],[-77.77583,-0.94611],[-77.78333,-0.95222],[-77.78111,-0.96778],[-77.80583,-0.98722],[-77.81528,-0.97333],[-77.82917,-0.97139],[-77.84444,-0.92917],[-77.86778,-0.91556],[-77.86333,-0.90889],[-77.87139,-0.905],[-77.87361,-0.88833],[-77.89861,-0.87444],[-77.93639,-0.87722],[-77.94333,-0.86972],[-77.93111,-0.83222],[-77.94417,-0.82694],[-77.93972,-0.79917],[-77.94667,-0.77583],[-77.93028,-0.73194]]]}},{"type":"Feature","properties":{"codigo":1007401766},"geometry":{"type":"Polygon","coordinates":[[[-77.97417,-0.6875],[-77.93972,-0.71028],[-77.94278,-0.7275],[-77.93028,-0.73194],[-77.93,-0.73917],[-77.93694,-0.74083],[-77.94667,-0.77583],[-77.94083,-0.82083],[-77.98611,-0.85306],[-78.00222,-0.84583],[-78.00361,-0.80389],[-78.01278,-0.79639],[-78.0,-0.77722],[-77.99917,-0.74806],[-77.97417,-0.6875]]]}},{"type":"Feature","properties":{"codigo":1007401797},"geometry":{"type":"Polygon","coordinates":[[[-77.18278,-0.73278],[-77.16333,-0.73139],[-77.18306,-0.74639],[-77.19194,-0.76611],[-77.22583,-0.79111],[-77.24694,-0.83028],[-77.26472,-0.835],[-77.33611,-0.88472],[-77.35806,-0.88417],[-77.39583,-0.90639],[-77.4075,-0.89722],[-77.40667,-0.9075],[-77.43333,-0.915],[-77.43861,-0.92833],[-77.44917,-0.92278],[-77.48611,-0.94833],[-77.52917,-0.95833],[-77.56194,-0.95333],[-77.57083,-0.935],[-77.58917,-0.94083],[-77.59333,-0.93361],[-77.59389,-0.91333],[-77.55139,-0.90111],[-77.55083,-0.88222],[-77.535,-0.87222],[-77.53694,-0.85639],[-77.50278,-0.87944],[-77.45444,-0.87972],[-77.44444,-0.87444],[-77.4375,-0.85194],[-77.41778,-0.84139],[-77.42278,-0.86111],[-77.41111,-0.87111],[-77.41417,-0.87722],[-77.39361,-0.87889],[-77.375,-0.86806],[-77.37472,-0.86028],[-77.36389,-0.86361],[-77.28611,-0.81861],[-77.25278,-0.78278],[-77.22306,-0.76139],[-77.20889,-0.76083],[-77.20528,-0.74889],[-77.19472,-0.7475],[-77.18278,-0.73278]]]}},{"type":"Feature","properties":{"codigo":1007401209},"geometry":{"type":"Polygon","coordinates":[[[-80.16139,-0.73528],[-80.14361,-0.73639],[-80.12833,-0.7525],[-80.11556,-0.74889],[-80.09917,-0.76694],[-80.045,-0.74861],[-80.01417,-0.76333],[-79.97778,-0.76444],[-79.96333,-0.785],[-79.93889,-0.79111],[-79.93472,-0.80972],[-79.96778,-0.83222],[-79.99194,-0.82778],[-80.07167,-0.86583],[-80.10667,-0.84583],[-80.10806,-0.83139],[-80.13139,-0.80972],[-80.15444,-0.80278],[-80.16472,-0.79139],[-80.19972,-0.78778],[-80.20083,-0.77667],[-80.16417,-0.76333],[-80.16139,-0.73528]]]}},{"type":"Feature","properties":{"codigo":1007401208},"geometry":{"type":"Polygon","coordinates":[[[-80.18528,-0.73778],[-80.17639,-0.73111],[-80.16139,-0.73528],[-80.16194,-0.75889],[-80.20083,-0.77667],[-80.20611,-0.81083],[-80.21583,-0.81167],[-80.2275,-0.78611],[-80.21778,-0.77167],[-80.19111,-0.76556],[-80.18333,-0.75528],[-80.18528,-0.73778]]]}},{"type":"Feature","properties":{"codigo":1007401760},"geometry":{"type":"Polygon","coordinates":[[[-78.12333,-0.73806],[-78.10306,-0.72222],[-78.11167,-0.71361],[-78.11222,-0.66361],[-78.09833,-0.655],[-78.09056,-0.66111],[-78.08639,-0.67972],[-78.09222,-0.68361],[-78.08361,-0.70194],[-78.05056,-0.70722],[-78.02528,-0.76917],[-78.08306,-0.80667],[-78.12139,-0.8],[-78.13167,-0.78639],[-78.14833,-0.78639],[-78.1675,-0.8025],[-78.19139,-0.79056],[-78.15806,-0.74667],[-78.12333,-0.73806]]]}},{"type":"Feature","properties":{"codigo":1007401784},"geometry":{"type":"Polygon","coordinates":[[[-77.20833,-0.74889],[-77.19639,-0.72667],[-77.18278,-0.7275],[-77.20056,-0.75056],[-77.20833,-0.74889]]]}},{"type":"Feature","properties":{"codigo":1007401215},"geometry":{"type":"Polygon","coordinates":[[[-80.26194,-0.72333],[-80.22667,-0.7325],[-80.22111,-0.74028],[-80.23389,-0.75194],[-80.22917,-0.76194],[-80.21917,-0.75806],[-80.21917,-0.77],[-80.23944,-0.78833],[-80.2425,-0.80389],[-80.3125,-0.81472],[-80.35528,-0.80028],[-80.33194,-0.78694],[-80.32694,-0.76972],[-80.29917,-0.75389],[-80.29111,-0.73861],[-80.28417,-0.74111],[-80.26194,-0.72333]]]}},{"type":"Feature","properties":{"codigo":1007401842},"geometry":{"type":"Polygon","coordinates":[[[-76.31361,-0.74306],[-76.27222,-0.77056],[-76.2425,-0.77944],[-76.23528,-0.79278],[-76.21,-0.80583],[-76.19889,-0.82944],[-76.17806,-0.8375],[-76.15917,-0.85778],[-76.15556,-0.89417],[-76.14139,-0.90361],[-76.16889,-0.90694],[-76.21139,-0.88139],[-76.22278,-0.88278],[-76.26444,-0.86306],[-76.26722,-0.84944],[-76.27972,-0.855],[-76.29944,-0.83167],[-76.30028,-0.81667],[-76.325,-0.82639],[-76.35944,-0.8075],[-76.37028,-0.81139],[-76.39028,-0.80333],[-76.39306,-0.7925],[-76.38111,-0.78944],[-76.38361,-0.78056],[-76.35917,-0.75556],[-76.32778,-0.75389],[-76.31361,-0.74306]]]}},{"type":"Feature","properties":{"codigo":1007401840},"geometry":{"type":"Polygon","coordinates":[[[-76.30444,-0.74444],[-76.28778,-0.74306],[-76.27222,-0.75556],[-76.26167,-0.75556],[-76.25972,-0.74694],[-76.25667,-0.75333],[-76.22333,-0.74778],[-76.1425,-0.75667],[-76.13222,-0.77056],[-76.11611,-0.76722],[-76.10722,-0.78111],[-76.08694,-0.77889],[-76.065,-0.79111],[-76.04944,-0.78472],[-76.03778,-0.79833],[-76.00917,-0.80528],[-76.01111,-0.81444],[-76.00278,-0.81778],[-75.97028,-0.81417],[-75.945,-0.83389],[-75.93806,-0.82083],[-75.92833,-0.81972],[-75.9025,-0.83361],[-75.89639,-0.85583],[-75.88611,-0.85472],[-75.885,-0.875],[-75.87083,-0.89056],[-75.88139,-0.92194],[-75.86639,-0.93667],[-75.88472,-0.93778],[-75.88806,-0.92889],[-75.9025,-0.92944],[-75.91917,-0.91778],[-75.94167,-0.92778],[-75.9775,-0.90861],[-76.01639,-0.9075],[-76.01806,-0.89722],[-76.03556,-0.88889],[-76.03667,-0.87667],[-76.04972,-0.86917],[-76.10556,-0.87111],[-76.15861,-0.85972],[-76.17806,-0.8375],[-76.19889,-0.82944],[-76.20972,-0.80611],[-76.23528,-0.79278],[-76.2425,-0.77944],[-76.27222,-0.77056],[-76.30444,-0.74444]]]}},{"type":"Feature","properties":{"codigo":1007402150},"geometry":{"type":"Polygon","coordinates":[[[-79.10417,-0.71611],[-79.07833,-0.72611],[-79.02361,-0.72972],[-79.00111,-0.74583],[-78.96889,-0.74417],[-78.94861,-0.72861],[-78.93167,-0.73083],[-78.93333,-0.75306],[-78.92417,-0.76722],[-78.93444,-0.77583],[-78.9375,-0.79722],[-78.94972,-0.80194],[-78.95306,-0.85139],[-78.97444,-0.85],[-78.98472,-0.83583],[-79.02083,-0.82056],[-79.04639,-0.81889],[-79.05222,-0.80389],[-79.07083,-0.79056],[-79.06417,-0.77861],[-79.06889,-0.755],[-79.08,-0.75083],[-79.08972,-0.72333],[-79.10417,-0.71611]]]}},{"type":"Feature","properties":{"codigo":1007401836},"geometry":{"type":"Polygon","coordinates":[[[-76.01417,-0.72861],[-76.00056,-0.74139],[-75.98222,-0.74806],[-75.9675,-0.74222],[-75.955,-0.75889],[-75.90722,-0.7775],[-75.8875,-0.80333],[-75.86306,-0.80833],[-75.85389,-0.85806],[-75.86861,-0.85389],[-75.88444,-0.87028],[-75.88583,-0.85528],[-75.89694,-0.85528],[-75.9025,-0.83361],[-75.92833,-0.81972],[-75.93806,-0.82083],[-75.945,-0.83389],[-75.97028,-0.81417],[-76.01111,-0.81444],[-76.00917,-0.80528],[-76.03778,-0.79833],[-76.04944,-0.78472],[-76.065,-0.79111],[-76.08694,-0.77889],[-76.10722,-0.78111],[-76.11694,-0.76667],[-76.13222,-0.77056],[-76.14056,-0.76194],[-76.07778,-0.75306],[-76.06528,-0.76333],[-76.05722,-0.74917],[-76.06056,-0.73778],[-76.04444,-0.73333],[-76.03889,-0.74278],[-76.01972,-0.73944],[-76.01417,-0.72861]]]}},{"type":"Feature","properties":{"codigo":1007401788},"geometry":{"type":"Polygon","coordinates":[[[-77.33111,-0.70139],[-77.3125,-0.69667],[-77.28889,-0.70333],[-77.2575,-0.73194],[-77.20833,-0.7475],[-77.20722,-0.75889],[-77.22306,-0.76139],[-77.26472,-0.7975],[-77.27139,-0.78111],[-77.26472,-0.775],[-77.28333,-0.77028],[-77.27972,-0.75778],[-77.31333,-0.72889],[-77.33111,-0.70139]]]}},{"type":"Feature","properties":{"codigo":1007401206},"geometry":{"type":"Polygon","coordinates":[[[-80.22111,-0.74028],[-80.20222,-0.75139],[-80.185,-0.73889],[-80.18333,-0.75528],[-80.19361,-0.76694],[-80.21917,-0.76944],[-80.21917,-0.75806],[-80.22917,-0.76194],[-80.23389,-0.75194],[-80.22111,-0.74028]]]}},{"type":"Feature","properties":{"codigo":1007401818},"geometry":{"type":"Polygon","coordinates":[[[-76.81333,-0.74111],[-76.78028,-0.75611],[-76.78972,-0.77972],[-76.7975,-0.78222],[-76.79667,-0.79778],[-76.83,-0.81972],[-76.825,-0.82444],[-76.83972,-0.84639],[-76.83444,-0.85111],[-76.84806,-0.86167],[-76.85417,-0.85778],[-76.91806,-0.8875],[-76.98722,-0.90833],[-76.98639,-0.92056],[-77.02444,-0.93556],[-77.01861,-0.96278],[-77.03194,-0.9625],[-77.04667,-0.97417],[-77.10111,-0.96972],[-77.12278,-0.98361],[-77.16111,-0.96917],[-77.18833,-0.98083],[-77.23611,-0.97333],[-77.25417,-0.97611],[-77.29361,-1.00222],[-77.31583,-0.99556],[-77.30028,-0.97722],[-77.29167,-0.98333],[-77.26167,-0.96833],[-77.26139,-0.9575],[-77.28389,-0.9475],[-77.28972,-0.93028],[-77.26139,-0.91583],[-77.26028,-0.90667],[-77.23861,-0.88861],[-77.2275,-0.88694],[-77.21361,-0.89361],[-77.21111,-0.90389],[-77.20361,-0.9],[-77.165,-0.91639],[-77.14583,-0.90889],[-77.145,-0.90028],[-77.13972,-0.90389],[-77.13778,-0.89278],[-77.12083,-0.88917],[-77.08611,-0.90056],[-77.02611,-0.89389],[-77.01139,-0.87306],[-76.95111,-0.84167],[-76.93333,-0.80833],[-76.92556,-0.81611],[-76.88694,-0.80194],[-76.88111,-0.80722],[-76.86889,-0.79472],[-76.87444,-0.785],[-76.86028,-0.76556],[-76.84417,-0.76333],[-76.81333,-0.74111]]]}},{"type":"Feature","properties":{"codigo":1007402067},"geometry":{"type":"Polygon","coordinates":[[[-79.66972,-0.77694],[-79.6475,-0.73833],[-79.63722,-0.74111],[-79.62278,-0.72417],[-79.61778,-0.76306],[-79.62333,-0.80111],[-79.65667,-0.82194],[-79.67,-0.81833],[-79.67917,-0.83556],[-79.67111,-0.86083],[-79.67611,-0.88056],[-79.70278,-0.88222],[-79.70639,-0.87194],[-79.71861,-0.86889],[-79.7175,-0.8425],[-79.68889,-0.80722],[-79.69694,-0.78639],[-79.66972,-0.77694]]]}},{"type":"Feature","properties":{"codigo":1007402069},"geometry":{"type":"Polygon","coordinates":[[[-79.6725,-0.76],[-79.66472,-0.76056],[-79.66889,-0.77583],[-79.68944,-0.78361],[-79.6725,-0.76]]]}},{"type":"Feature","properties":{"codigo":1007402068},"geometry":{"type":"Polygon","coordinates":[[[-79.87722,-0.75278],[-79.80472,-0.76389],[-79.77944,-0.74583],[-79.7375,-0.74806],[-79.72972,-0.75861],[-79.68611,-0.74083],[-79.67861,-0.75861],[-79.68972,-0.78167],[-79.68444,-0.78389],[-79.70139,-0.79472],[-79.72611,-0.80056],[-79.74167,-0.79528],[-79.74944,-0.80194],[-79.75667,-0.79611],[-79.76,-0.80222],[-79.80806,-0.77361],[-79.835,-0.78306],[-79.85639,-0.77111],[-79.88389,-0.77306],[-79.87722,-0.75278]]]}},{"type":"Feature","properties":{"codigo":1007401207},"geometry":{"type":"Polygon","coordinates":[[[-80.23944,-0.78833],[-80.21472,-0.77083],[-80.2275,-0.78611],[-80.22611,-0.79972],[-80.19556,-0.81944],[-80.19167,-0.83528],[-80.22417,-0.84889],[-80.23389,-0.86444],[-80.22917,-0.88417],[-80.25,-0.91833],[-80.26639,-0.92417],[-80.26972,-0.93556],[-80.29556,-0.93583],[-80.31111,-0.89917],[-80.33222,-0.88472],[-80.34861,-0.84167],[-80.38056,-0.82889],[-80.38278,-0.80722],[-80.355,-0.80028],[-80.32194,-0.81417],[-80.265,-0.81194],[-80.2425,-0.80389],[-80.23944,-0.78833]]]}},{"type":"Feature","properties":{"codigo":1007401759},"geometry":{"type":"Polygon","coordinates":[[[-78.04222,-0.77472],[-78.00694,-0.78083],[-78.01278,-0.79833],[-78.00361,-0.80389],[-78.00583,-0.82694],[-77.99806,-0.83833],[-78.00111,-0.845],[-78.01806,-0.84639],[-78.01917,-0.86028],[-78.03444,-0.85417],[-78.03222,-0.84639],[-78.05583,-0.82778],[-78.07083,-0.80194],[-78.04222,-0.77472]]]}},{"type":"Feature","properties":{"codigo":1007401757},"geometry":{"type":"Polygon","coordinates":[[[-78.27472,-0.75583],[-78.25083,-0.72889],[-78.24083,-0.73139],[-78.22556,-0.7575],[-78.20472,-0.76639],[-78.20667,-0.78583],[-78.17861,-0.80056],[-78.1675,-0.8025],[-78.14056,-0.78583],[-78.12861,-0.78722],[-78.12139,-0.8],[-78.06667,-0.80472],[-78.05583,-0.82778],[-78.03222,-0.84639],[-78.03444,-0.86861],[-78.02472,-0.88444],[-78.03417,-0.93583],[-78.05111,-0.93944],[-78.07778,-0.90472],[-78.09444,-0.90083],[-78.11194,-0.89944],[-78.11917,-0.90806],[-78.14444,-0.9],[-78.16806,-0.92361],[-78.18944,-0.92528],[-78.21083,-0.89694],[-78.24333,-0.89861],[-78.29194,-0.88333],[-78.32722,-0.89222],[-78.33528,-0.8775],[-78.34,-0.88861],[-78.35667,-0.89278],[-78.36889,-0.88],[-78.40056,-0.88139],[-78.40083,-0.84639],[-78.38889,-0.80361],[-78.37333,-0.80278],[-78.36472,-0.78972],[-78.35194,-0.79389],[-78.33111,-0.78528],[-78.29083,-0.75778],[-78.27472,-0.75583]]]}},{"type":"Feature","properties":{"codigo":1007401794},"geometry":{"type":"Polygon","coordinates":[[[-77.41972,-0.78972],[-77.43083,-0.75389],[-77.42389,-0.75722],[-77.41917,-0.75528],[-77.40972,-0.76306],[-77.39222,-0.76222],[-77.38056,-0.7775],[-77.36167,-0.78],[-77.34833,-0.76722],[-77.33972,-0.77139],[-77.33972,-0.78083],[-77.3075,-0.77417],[-77.30111,-0.79056],[-77.275,-0.79111],[-77.26917,-0.78444],[-77.26472,-0.7975],[-77.29333,-0.82361],[-77.35472,-0.85889],[-77.37472,-0.86028],[-77.375,-0.86806],[-77.39611,-0.87972],[-77.4125,-0.87806],[-77.42278,-0.86111],[-77.41778,-0.84139],[-77.42583,-0.84],[-77.41972,-0.78972]]]}},{"type":"Feature","properties":{"codigo":1007402097},"geometry":{"type":"Polygon","coordinates":[[[-79.93833,-0.79361],[-79.91861,-0.79694],[-79.90222,-0.78972],[-79.89528,-0.77444],[-79.86528,-0.77028],[-79.835,-0.78306],[-79.80806,-0.77361],[-79.765,-0.80139],[-79.74167,-0.79528],[-79.71,-0.79889],[-79.70028,-0.79083],[-79.68944,-0.79333],[-79.68861,-0.80389],[-79.69417,-0.82056],[-79.71694,-0.84111],[-79.72028,-0.86139],[-79.74028,-0.87778],[-79.74722,-0.8975],[-79.7375,-0.89917],[-79.75972,-0.90278],[-79.75722,-0.91833],[-79.77222,-0.92528],[-79.78333,-0.91833],[-79.80833,-0.93222],[-79.82,-0.92694],[-79.8275,-0.93278],[-79.84694,-0.91694],[-79.85194,-0.92167],[-79.86333,-0.91472],[-79.87472,-0.90222],[-79.87278,-0.89361],[-79.90028,-0.88528],[-79.89806,-0.87611],[-79.90889,-0.86278],[-79.89944,-0.84361],[-79.90222,-0.83111],[-79.91139,-0.81694],[-79.93528,-0.8125],[-79.93833,-0.79361]]]}},{"type":"Feature","properties":{"codigo":1007403241},"geometry":{"type":"Polygon","coordinates":[[[-78.43778,-0.68667],[-78.42556,-0.70111],[-78.42278,-0.71944],[-78.40194,-0.73139],[-78.39278,-0.74722],[-78.39833,-0.76833],[-78.39389,-0.79889],[-78.4275,-0.80722],[-78.4575,-0.79639],[-78.48417,-0.81583],[-78.55,-0.83028],[-78.55083,-0.82],[-78.515,-0.79111],[-78.51194,-0.78028],[-78.48111,-0.77528],[-78.45417,-0.74917],[-78.43778,-0.68667]]]}},{"type":"Feature","properties":{"codigo":1007401835},"geometry":{"type":"Polygon","coordinates":[[[-75.955,-0.75889],[-75.96722,-0.73611],[-75.92889,-0.73444],[-75.92083,-0.72472],[-75.89444,-0.72028],[-75.84694,-0.74944],[-75.82639,-0.74528],[-75.83,-0.76472],[-75.82167,-0.76778],[-75.82194,-0.78694],[-75.8025,-0.82444],[-75.81806,-0.83306],[-75.81556,-0.85194],[-75.82583,-0.84917],[-75.82611,-0.85694],[-75.83778,-0.86139],[-75.85667,-0.85444],[-75.85361,-0.83889],[-75.86278,-0.80861],[-75.8875,-0.80333],[-75.90722,-0.7775],[-75.955,-0.75889]]]}},{"type":"Feature","properties":{"codigo":1007403242},"geometry":{"type":"Polygon","coordinates":[[[-78.39444,-0.79944],[-78.39,-0.81972],[-78.40222,-0.86972],[-78.41722,-0.8775],[-78.46778,-0.87444],[-78.48611,-0.83028],[-78.50528,-0.83639],[-78.54833,-0.83083],[-78.48417,-0.81583],[-78.4575,-0.79639],[-78.4275,-0.80722],[-78.39444,-0.79944]]]}},{"type":"Feature","properties":{"codigo":1007403236},"geometry":{"type":"Polygon","coordinates":[[[-78.80389,-0.80778],[-78.77611,-0.78944],[-78.76722,-0.73389],[-78.75167,-0.73361],[-78.73917,-0.69583],[-78.725,-0.69083],[-78.71139,-0.66667],[-78.71,-0.6825],[-78.69417,-0.69778],[-78.69444,-0.73361],[-78.70417,-0.745],[-78.67944,-0.78667],[-78.62694,-0.81333],[-78.61972,-0.85222],[-78.63083,-0.87056],[-78.63056,-0.90194],[-78.6175,-0.95583],[-78.66167,-0.95111],[-78.6725,-0.93972],[-78.70194,-0.94972],[-78.72806,-0.90028],[-78.74028,-0.89417],[-78.75306,-0.91167],[-78.77083,-0.91111],[-78.77639,-0.92556],[-78.80889,-0.91944],[-78.81639,-0.89194],[-78.80556,-0.87306],[-78.80389,-0.80778]]]}},{"type":"Feature","properties":{"codigo":1007401210},"geometry":{"type":"Polygon","coordinates":[[[-80.20806,-0.81111],[-80.20444,-0.78389],[-80.18667,-0.785],[-80.13139,-0.80972],[-80.10694,-0.83444],[-80.11417,-0.84278],[-80.13333,-0.82806],[-80.16417,-0.82806],[-80.1775,-0.84722],[-80.19917,-0.85],[-80.20722,-0.84361],[-80.19306,-0.83694],[-80.19,-0.82556],[-80.20806,-0.81111]]]}},{"type":"Feature","properties":{"codigo":1007401816},"geometry":{"type":"Polygon","coordinates":[[[-77.18583,-0.80806],[-77.14194,-0.81194],[-77.12472,-0.79333],[-77.11194,-0.79139],[-77.10306,-0.7975],[-77.06,-0.79333],[-77.02333,-0.80333],[-76.99222,-0.79111],[-76.97389,-0.80222],[-76.985,-0.8375],[-77.0125,-0.83944],[-77.01389,-0.85167],[-77.04833,-0.86667],[-77.07972,-0.85583],[-77.0825,-0.84861],[-77.10583,-0.85],[-77.10944,-0.83972],[-77.13583,-0.82639],[-77.15028,-0.83611],[-77.18778,-0.82889],[-77.18583,-0.80806]]]}},{"type":"Feature","properties":{"codigo":1007401817},"geometry":{"type":"Polygon","coordinates":[[[-76.97389,-0.8025],[-76.93778,-0.815],[-76.94278,-0.83222],[-76.97278,-0.85639],[-77.01139,-0.87306],[-77.02611,-0.89389],[-77.04556,-0.89778],[-77.09444,-0.9],[-77.09972,-0.89194],[-77.1075,-0.89806],[-77.12056,-0.88917],[-77.13167,-0.89583],[-77.15111,-0.85111],[-77.17889,-0.83278],[-77.15028,-0.83611],[-77.13583,-0.82639],[-77.10944,-0.83972],[-77.10583,-0.85],[-77.0825,-0.84861],[-77.07972,-0.85583],[-77.04833,-0.86667],[-77.01389,-0.85167],[-77.0125,-0.83944],[-76.985,-0.8375],[-76.97389,-0.8025]]]}},{"type":"Feature","properties":{"codigo":1007401650},"geometry":{"type":"Polygon","coordinates":[[[-75.53333,-0.81639],[-75.49861,-0.81306],[-75.49972,-0.79694],[-75.49083,-0.79111],[-75.48361,-0.82778],[-75.46167,-0.83944],[-75.45361,-0.86361],[-75.42417,-0.865],[-75.42806,-0.87556],[-75.41583,-0.88972],[-75.40083,-0.885],[-75.3875,-0.90278],[-75.34917,-0.91278],[-75.34917,-0.92667],[-75.35944,-0.93389],[-75.38611,-0.91389],[-75.39472,-0.94083],[-75.40333,-0.9375],[-75.40694,-0.94833],[-75.41694,-0.94694],[-75.42333,-0.95694],[-75.43944,-0.95056],[-75.44111,-0.93611],[-75.47528,-0.94472],[-75.48139,-0.93417],[-75.47556,-0.92528],[-75.505,-0.92222],[-75.51167,-0.90194],[-75.55528,-0.87944],[-75.54194,-0.8375],[-75.54806,-0.82861],[-75.53333,-0.81639]]]}},{"type":"Feature","properties":{"codigo":1007402152},"geometry":{"type":"Polygon","coordinates":[[[-79.07,-0.79194],[-79.04167,-0.8225],[-79.03556,-0.82028],[-79.02083,-0.82167],[-79.02833,-0.8575],[-79.06528,-0.8975],[-79.07028,-0.93528],[-79.08167,-0.92806],[-79.09639,-0.94861],[-79.12167,-0.94944],[-79.13111,-0.96028],[-79.16556,-0.96139],[-79.18667,-0.97194],[-79.23472,-0.96222],[-79.23417,-0.94639],[-79.24611,-0.93833],[-79.29444,-0.93722],[-79.30306,-0.95],[-79.3325,-0.95639],[-79.34472,-0.94639],[-79.34306,-0.93306],[-79.37528,-0.92139],[-79.34111,-0.90972],[-79.32889,-0.91472],[-79.32611,-0.90639],[-79.26528,-0.87806],[-79.21611,-0.87917],[-79.16583,-0.86556],[-79.14361,-0.85083],[-79.11556,-0.85194],[-79.07,-0.79194]]]}},{"type":"Feature","properties":{"codigo":1007401834},"geometry":{"type":"Polygon","coordinates":[[[-75.81028,-0.80139],[-75.79083,-0.80167],[-75.78778,-0.8125],[-75.77611,-0.81167],[-75.76194,-0.82417],[-75.74222,-0.81028],[-75.73361,-0.82833],[-75.72361,-0.82361],[-75.72556,-0.8425],[-75.71389,-0.85694],[-75.72194,-0.88417],[-75.73917,-0.89722],[-75.73667,-0.90389],[-75.72472,-0.90306],[-75.72278,-0.91222],[-75.74694,-0.93222],[-75.75694,-0.95833],[-75.7475,-0.96333],[-75.75889,-0.98167],[-75.74417,-0.99667],[-75.75778,-1.00028],[-75.74889,-1.01528],[-75.76194,-1.01083],[-75.77861,-1.02861],[-75.7875,-1.00944],[-75.79611,-1.00889],[-75.79694,-0.98306],[-75.82,-0.96833],[-75.81389,-0.95361],[-75.80056,-0.96],[-75.8125,-0.93722],[-75.78722,-0.91306],[-75.80389,-0.90278],[-75.81472,-0.90556],[-75.8275,-0.89306],[-75.84583,-0.89556],[-75.84694,-0.88639],[-75.85583,-0.89056],[-75.85944,-0.87694],[-75.87861,-0.88333],[-75.885,-0.875],[-75.86861,-0.85389],[-75.85778,-0.85889],[-75.85111,-0.85278],[-75.83778,-0.86139],[-75.82611,-0.85694],[-75.82583,-0.84917],[-75.81667,-0.85333],[-75.81778,-0.8325],[-75.8025,-0.82583],[-75.81139,-0.81722],[-75.81028,-0.80139]]]}},{"type":"Feature","properties":{"codigo":1007401796},"geometry":{"type":"Polygon","coordinates":[[[-77.53556,-0.85611],[-77.52167,-0.81639],[-77.50639,-0.815],[-77.47528,-0.78917],[-77.42,-0.80111],[-77.42611,-0.80833],[-77.42528,-0.84417],[-77.45444,-0.87972],[-77.50278,-0.87944],[-77.51972,-0.87111],[-77.53556,-0.85611]]]}},{"type":"Feature","properties":{"codigo":1007403240},"geometry":{"type":"Polygon","coordinates":[[[-78.54667,-0.81667],[-78.5525,-0.82639],[-78.54611,-0.83306],[-78.59167,-0.86694],[-78.61194,-0.87139],[-78.62083,-0.89556],[-78.61833,-0.91389],[-78.62306,-0.91806],[-78.62639,-0.91806],[-78.62417,-0.8825],[-78.6,-0.83972],[-78.59083,-0.83],[-78.54667,-0.81667]]]}},{"type":"Feature","properties":{"codigo":1007403239},"geometry":{"type":"Polygon","coordinates":[[[-78.54611,-0.83306],[-78.5275,-0.83389],[-78.56139,-0.85139],[-78.58333,-0.87778],[-78.595,-0.91444],[-78.61861,-0.9225],[-78.62278,-0.93611],[-78.62722,-0.91833],[-78.61833,-0.91389],[-78.62083,-0.89556],[-78.61194,-0.87139],[-78.59167,-0.86694],[-78.54611,-0.83306]]]}},{"type":"Feature","properties":{"codigo":1007402133},"geometry":{"type":"Polygon","coordinates":[[[-79.42167,-0.75222],[-79.41694,-0.77333],[-79.42694,-0.81528],[-79.42361,-0.82972],[-79.39917,-0.84056],[-79.39111,-0.86472],[-79.39806,-0.86722],[-79.39583,-0.88444],[-79.40278,-0.88389],[-79.41361,-0.90028],[-79.42111,-0.89139],[-79.43361,-0.90556],[-79.45528,-0.88472],[-79.46,-0.86556],[-79.45,-0.85],[-79.455,-0.83444],[-79.44417,-0.82972],[-79.44889,-0.79556],[-79.44083,-0.79528],[-79.43389,-0.78194],[-79.43472,-0.75639],[-79.42167,-0.75222]]]}},{"type":"Feature","properties":{"codigo":1007401823},"geometry":{"type":"Polygon","coordinates":[[[-76.59111,-0.80889],[-76.58,-0.83111],[-76.56833,-0.83],[-76.56861,-0.85139],[-76.58917,-0.86556],[-76.60972,-0.865],[-76.6125,-0.87778],[-76.63861,-0.875],[-76.65889,-0.84444],[-76.63028,-0.82139],[-76.59111,-0.80889]]]}},{"type":"Feature","properties":{"codigo":1007401824},"geometry":{"type":"Polygon","coordinates":[[[-76.69556,-0.85056],[-76.6575,-0.82694],[-76.65028,-0.83722],[-76.65889,-0.845],[-76.64861,-0.86222],[-76.68167,-0.88],[-76.69472,-0.9025],[-76.73444,-0.92],[-76.78111,-0.93194],[-76.79667,-0.92556],[-76.81056,-0.93444],[-76.84333,-0.93333],[-76.84583,-0.94],[-76.88667,-0.94611],[-76.89833,-0.94611],[-76.9125,-0.93194],[-77.00472,-0.92778],[-76.985,-0.91944],[-76.98722,-0.90833],[-76.91806,-0.8875],[-76.90139,-0.875],[-76.88639,-0.88444],[-76.86667,-0.8775],[-76.86583,-0.88667],[-76.85528,-0.88139],[-76.84889,-0.89],[-76.82861,-0.89361],[-76.78306,-0.87472],[-76.76722,-0.88028],[-76.76194,-0.89111],[-76.75306,-0.87389],[-76.73889,-0.88333],[-76.72972,-0.87972],[-76.71056,-0.86306],[-76.70917,-0.84667],[-76.69556,-0.85056]]]}},{"type":"Feature","properties":{"codigo":1007402136},"geometry":{"type":"Polygon","coordinates":[[[-79.40028,-0.85167],[-79.39556,-0.81694],[-79.37972,-0.79944],[-79.33639,-0.76556],[-79.30833,-0.76528],[-79.30417,-0.81917],[-79.31361,-0.84528],[-79.33528,-0.84806],[-79.3325,-0.86333],[-79.345,-0.86694],[-79.35611,-0.88833],[-79.37722,-0.90278],[-79.40083,-0.90417],[-79.40611,-0.9175],[-79.4275,-0.91056],[-79.43417,-0.91778],[-79.43806,-0.91167],[-79.42417,-0.89333],[-79.41361,-0.90028],[-79.39528,-0.88389],[-79.39806,-0.86722],[-79.39111,-0.86],[-79.40028,-0.85167]]]}},{"type":"Feature","properties":{"codigo":1007401844},"geometry":{"type":"Polygon","coordinates":[[[-76.48278,-0.85083],[-76.47389,-0.8325],[-76.46278,-0.83861],[-76.45694,-0.8275],[-76.43972,-0.82083],[-76.44833,-0.81167],[-76.44611,-0.79611],[-76.42583,-0.80194],[-76.39917,-0.785],[-76.39,-0.80361],[-76.37028,-0.81139],[-76.35944,-0.8075],[-76.325,-0.82639],[-76.30028,-0.81667],[-76.29944,-0.83167],[-76.27972,-0.855],[-76.26722,-0.84944],[-76.26444,-0.86306],[-76.21472,-0.88389],[-76.20889,-0.91083],[-76.18389,-0.92028],[-76.19167,-0.9325],[-76.2125,-0.92806],[-76.23361,-0.94],[-76.24389,-0.93667],[-76.25778,-0.95583],[-76.27278,-0.95194],[-76.29083,-0.96472],[-76.30222,-0.95722],[-76.30111,-0.94194],[-76.31556,-0.94278],[-76.32028,-0.92917],[-76.33167,-0.92944],[-76.36833,-0.89139],[-76.38,-0.90639],[-76.39583,-0.89944],[-76.4,-0.91167],[-76.41167,-0.91444],[-76.46056,-0.89417],[-76.49278,-0.85778],[-76.48278,-0.85083]]]}},{"type":"Feature","properties":{"codigo":1007401737},"geometry":{"type":"Polygon","coordinates":[[[-77.61472,-0.84056],[-77.60472,-0.84167],[-77.60389,-0.82972],[-77.56722,-0.82528],[-77.56139,-0.81778],[-77.55389,-0.83333],[-77.53917,-0.82833],[-77.52861,-0.83528],[-77.53667,-0.84528],[-77.535,-0.87222],[-77.55083,-0.88222],[-77.55139,-0.90111],[-77.58083,-0.91389],[-77.59583,-0.91222],[-77.62028,-0.93083],[-77.60444,-0.95222],[-77.60389,-0.99139],[-77.57667,-1.02972],[-77.6025,-1.03694],[-77.61139,-1.01667],[-77.63028,-1.01],[-77.62222,-0.99889],[-77.62722,-0.9775],[-77.62222,-0.94667],[-77.6375,-0.95083],[-77.63722,-0.93361],[-77.66083,-0.94528],[-77.67139,-0.92583],[-77.66194,-0.91556],[-77.67917,-0.90194],[-77.68028,-0.8825],[-77.69417,-0.8675],[-77.69278,-0.85944],[-77.67306,-0.85389],[-77.65667,-0.86833],[-77.63222,-0.86917],[-77.61472,-0.84056]]]}},{"type":"Feature","properties":{"codigo":1007401845},"geometry":{"type":"Polygon","coordinates":[[[-76.56722,-0.83806],[-76.54722,-0.83944],[-76.53333,-0.82472],[-76.48111,-0.84417],[-76.49194,-0.86194],[-76.51556,-0.86278],[-76.52056,-0.87306],[-76.53389,-0.87389],[-76.52472,-0.8925],[-76.53,-0.90278],[-76.57889,-0.90556],[-76.61722,-0.92333],[-76.62556,-0.90167],[-76.61028,-0.88333],[-76.61278,-0.86806],[-76.57528,-0.85833],[-76.56722,-0.83806]]]}},{"type":"Feature","properties":{"codigo":1007401211},"geometry":{"type":"Polygon","coordinates":[[[-80.15722,-0.86639],[-80.17,-0.8325],[-80.16417,-0.82806],[-80.13333,-0.82806],[-80.07111,-0.86583],[-80.07972,-0.90333],[-80.06333,-0.92278],[-80.05694,-0.94917],[-80.06472,-0.9675],[-80.08333,-0.96667],[-80.08667,-0.94778],[-80.11944,-0.93806],[-80.11889,-0.92],[-80.16639,-0.89417],[-80.15722,-0.86639]]]}},{"type":"Feature","properties":{"codigo":1007401218},"geometry":{"type":"Polygon","coordinates":[[[-80.41194,-0.84306],[-80.38583,-0.82222],[-80.34861,-0.84167],[-80.33222,-0.88472],[-80.31833,-0.88944],[-80.29694,-0.92722],[-80.29639,-0.94667],[-80.34389,-0.955],[-80.36028,-0.95444],[-80.37111,-0.94472],[-80.38472,-0.95528],[-80.39917,-0.95472],[-80.41778,-0.9375],[-80.43361,-0.94],[-80.44333,-0.92694],[-80.45833,-0.93583],[-80.495,-0.875],[-80.48472,-0.87056],[-80.46583,-0.88917],[-80.43,-0.88694],[-80.42889,-0.87194],[-80.41,-0.85556],[-80.41194,-0.84306]]]}},{"type":"Feature","properties":{"codigo":1007403243},"geometry":{"type":"Polygon","coordinates":[[[-78.62222,-0.84528],[-78.59611,-0.83667],[-78.62417,-0.8825],[-78.62806,-0.91917],[-78.63167,-0.87583],[-78.62222,-0.84528]]]}},{"type":"Feature","properties":{"codigo":1007401742},"geometry":{"type":"Polygon","coordinates":[[[-77.71556,-0.84917],[-77.73556,-0.82139],[-77.74722,-0.82083],[-77.75139,-0.78139],[-77.77361,-0.77778],[-77.79111,-0.76417],[-77.77806,-0.73194],[-77.80694,-0.67833],[-77.79611,-0.65361],[-77.785,-0.65333],[-77.77528,-0.67389],[-77.7475,-0.68889],[-77.74139,-0.71917],[-77.69972,-0.75056],[-77.7025,-0.7625],[-77.70861,-0.75944],[-77.71,-0.7625],[-77.69833,-0.77389],[-77.69167,-0.79778],[-77.69556,-0.84111],[-77.70194,-0.85111],[-77.71556,-0.84917]]]}},{"type":"Feature","properties":{"codigo":1007401214},"geometry":{"type":"Polygon","coordinates":[[[-80.22278,-0.84778],[-80.19222,-0.85028],[-80.16417,-0.83944],[-80.16667,-0.85556],[-80.15694,-0.87611],[-80.16639,-0.89417],[-80.11889,-0.92],[-80.11944,-0.93806],[-80.08667,-0.94778],[-80.08333,-0.96667],[-80.06417,-0.96806],[-80.09306,-1.00417],[-80.10861,-0.99167],[-80.17306,-0.98528],[-80.195,-0.99556],[-80.20667,-0.99083],[-80.22833,-0.99806],[-80.24944,-0.98083],[-80.26389,-0.97917],[-80.29611,-0.94833],[-80.29222,-0.93639],[-80.26972,-0.93556],[-80.26639,-0.92417],[-80.25,-0.91833],[-80.22917,-0.88417],[-80.23389,-0.86444],[-80.22278,-0.84778]]]}},{"type":"Feature","properties":{"codigo":1007401741},"geometry":{"type":"Polygon","coordinates":[[[-77.71556,-0.84917],[-77.70333,-0.85083],[-77.69667,-0.86528],[-77.71667,-0.86],[-77.71556,-0.84917]]]}},{"type":"Feature","properties":{"codigo":1007402153},"geometry":{"type":"Polygon","coordinates":[[[-79.02083,-0.82139],[-78.98472,-0.83583],[-78.97444,-0.85],[-78.94,-0.85611],[-78.935,-0.89417],[-78.95583,-0.92417],[-78.97722,-0.91972],[-79.02889,-0.92833],[-79.03861,-0.92056],[-79.04167,-0.905],[-79.05528,-0.89167],[-79.02833,-0.8575],[-79.02083,-0.82139]]]}},{"type":"Feature","properties":{"codigo":1007401758},"geometry":{"type":"Polygon","coordinates":[[[-78.01806,-0.84639],[-77.98556,-0.85306],[-77.94639,-0.82556],[-77.93111,-0.83222],[-77.93889,-0.86028],[-77.96806,-0.89028],[-77.95528,-0.92806],[-77.96389,-0.94833],[-77.97639,-0.94194],[-77.99639,-0.94722],[-78.00889,-0.93722],[-78.02278,-0.94917],[-78.03861,-0.94056],[-78.02472,-0.88444],[-78.035,-0.85472],[-78.01917,-0.86028],[-78.01806,-0.84639]]]}},{"type":"Feature","properties":{"codigo":1007402088},"geometry":{"type":"Polygon","coordinates":[[[-79.62333,-0.80083],[-79.62222,-0.81806],[-79.62556,-0.82583],[-79.60583,-0.85639],[-79.6075,-0.87944],[-79.62972,-0.89083],[-79.64167,-0.88778],[-79.66194,-0.91667],[-79.67083,-0.90361],[-79.68417,-0.91417],[-79.70806,-0.91167],[-79.7125,-0.89694],[-79.70278,-0.8825],[-79.67611,-0.88056],[-79.67111,-0.86083],[-79.67917,-0.83556],[-79.67,-0.81833],[-79.65667,-0.82194],[-79.62333,-0.80083]]]}},{"type":"Feature","properties":{"codigo":1007402102},"geometry":{"type":"Polygon","coordinates":[[[-79.60667,-0.89722],[-79.57556,-0.85389],[-79.56667,-0.85806],[-79.54611,-0.85028],[-79.53472,-0.83361],[-79.51028,-0.83222],[-79.50028,-0.80528],[-79.49111,-0.8],[-79.49,-0.7825],[-79.49694,-0.78472],[-79.49722,-0.77917],[-79.485,-0.77056],[-79.47556,-0.74194],[-79.46861,-0.74167],[-79.46472,-0.75472],[-79.48333,-0.77556],[-79.47333,-0.78028],[-79.48167,-0.79833],[-79.47083,-0.81972],[-79.4875,-0.83833],[-79.48806,-0.90556],[-79.50361,-0.90889],[-79.505,-0.92944],[-79.52583,-0.93361],[-79.54056,-0.96222],[-79.56333,-0.97361],[-79.57444,-0.99278],[-79.58861,-0.99306],[-79.59611,-1.01028],[-79.62278,-1.03028],[-79.63028,-1.02778],[-79.63917,-1.04361],[-79.65833,-1.04222],[-79.66278,-1.03306],[-79.66972,-1.04139],[-79.67444,-1.03611],[-79.69306,-1.04028],[-79.68861,-1.03],[-79.66861,-1.02917],[-79.67111,-1.01917],[-79.66194,-1.00778],[-79.64028,-0.99444],[-79.63944,-0.96611],[-79.62,-0.95028],[-79.60333,-0.91833],[-79.60667,-0.89722]]]}},{"type":"Feature","properties":{"codigo":1007402147},"geometry":{"type":"Polygon","coordinates":[[[-79.31306,-0.84056],[-79.30778,-0.87056],[-79.29694,-0.87917],[-79.26417,-0.87222],[-79.2575,-0.88056],[-79.28639,-0.88583],[-79.3275,-0.90722],[-79.32889,-0.91472],[-79.34111,-0.90972],[-79.35028,-0.91778],[-79.37417,-0.91972],[-79.37722,-0.89972],[-79.35611,-0.88833],[-79.345,-0.86694],[-79.3325,-0.86333],[-79.33528,-0.84806],[-79.31306,-0.84056]]]}},{"type":"Feature","properties":{"codigo":1007402151},"geometry":{"type":"Polygon","coordinates":[[[-79.30667,-0.865],[-79.29167,-0.83667],[-79.29222,-0.795],[-79.25833,-0.78889],[-79.24389,-0.77194],[-79.22333,-0.76778],[-79.18806,-0.77],[-79.17611,-0.78917],[-79.18694,-0.79833],[-79.18444,-0.80778],[-79.16556,-0.81556],[-79.16139,-0.83056],[-79.14028,-0.85056],[-79.16583,-0.86556],[-79.21611,-0.87917],[-79.25611,-0.88222],[-79.26417,-0.87222],[-79.29694,-0.87917],[-79.30667,-0.865]]]}},{"type":"Feature","properties":{"codigo":1007401212},"geometry":{"type":"Polygon","coordinates":[[[-80.07111,-0.86583],[-79.99194,-0.82778],[-79.96778,-0.83222],[-79.93583,-0.81111],[-79.90806,-0.81944],[-79.89944,-0.84278],[-79.90889,-0.86167],[-79.89806,-0.87611],[-79.90222,-0.8825],[-79.87222,-0.89694],[-79.87417,-0.90528],[-79.92139,-0.93139],[-79.93806,-0.91611],[-79.96167,-0.92028],[-79.98333,-0.89667],[-80.07306,-0.88861],[-80.07111,-0.86583]]]}},{"type":"Feature","properties":{"codigo":1007401740},"geometry":{"type":"Polygon","coordinates":[[[-77.71361,-0.86139],[-77.68778,-0.86806],[-77.69472,-0.88361],[-77.70556,-0.88306],[-77.70389,-0.92528],[-77.72694,-0.94167],[-77.73333,-0.96],[-77.74111,-0.95528],[-77.75417,-0.97111],[-77.77889,-0.96972],[-77.78333,-0.95222],[-77.77583,-0.94611],[-77.78806,-0.93444],[-77.77028,-0.92917],[-77.78,-0.9],[-77.77583,-0.88694],[-77.75972,-0.86528],[-77.73833,-0.87583],[-77.71361,-0.86139]]]}},{"type":"Feature","properties":{"codigo":1007402101},"geometry":{"type":"Polygon","coordinates":[[[-79.60611,-0.86833],[-79.58889,-0.86389],[-79.60667,-0.89722],[-79.60333,-0.91833],[-79.62,-0.95028],[-79.63944,-0.96611],[-79.64028,-0.99444],[-79.66194,-1.00778],[-79.67111,-1.01917],[-79.66861,-1.02917],[-79.69444,-1.03639],[-79.69861,-1.02444],[-79.69056,-1.02111],[-79.68889,-0.995],[-79.6775,-0.98639],[-79.68528,-0.96639],[-79.67667,-0.94222],[-79.65694,-0.92611],[-79.66333,-0.9175],[-79.64167,-0.88778],[-79.62972,-0.89083],[-79.6075,-0.87944],[-79.60611,-0.86833]]]}},{"type":"Feature","properties":{"codigo":1007403238},"geometry":{"type":"Polygon","coordinates":[[[-78.5275,-0.83361],[-78.48611,-0.83028],[-78.46417,-0.88167],[-78.47972,-0.88556],[-78.48583,-0.90167],[-78.52778,-0.92778],[-78.55694,-0.93306],[-78.59083,-0.92167],[-78.61694,-0.935],[-78.61944,-0.93472],[-78.61861,-0.9225],[-78.595,-0.91444],[-78.58333,-0.87778],[-78.56139,-0.85139],[-78.5275,-0.83361]]]}},{"type":"Feature","properties":{"codigo":1007401773},"geometry":{"type":"Polygon","coordinates":[[[-78.42472,-0.87556],[-78.40444,-0.87306],[-78.39333,-0.88528],[-78.36889,-0.88],[-78.35722,-0.89278],[-78.34,-0.88861],[-78.33528,-0.8775],[-78.32722,-0.89222],[-78.29194,-0.88333],[-78.24333,-0.89861],[-78.21083,-0.89694],[-78.18944,-0.92556],[-78.20056,-0.935],[-78.19972,-0.95472],[-78.21389,-0.96306],[-78.26194,-0.95861],[-78.26583,-0.96778],[-78.28056,-0.96556],[-78.30389,-0.98194],[-78.31639,-0.98111],[-78.32667,-0.9525],[-78.34167,-0.94833],[-78.35,-0.95944],[-78.345,-0.975],[-78.35917,-0.97917],[-78.36083,-0.99972],[-78.37889,-1.005],[-78.39611,-0.99444],[-78.39611,-0.96278],[-78.40583,-0.96194],[-78.41306,-0.94917],[-78.42444,-0.9575],[-78.43,-0.94528],[-78.41306,-0.91056],[-78.42889,-0.88528],[-78.42472,-0.87556]]]}},{"type":"Feature","properties":{"codigo":1007401825},"geometry":{"type":"Polygon","coordinates":[[[-76.64861,-0.86194],[-76.63861,-0.875],[-76.61,-0.88056],[-76.61611,-0.8975],[-76.62556,-0.90167],[-76.61972,-0.91056],[-76.62528,-0.91361],[-76.61583,-0.91528],[-76.61778,-0.92556],[-76.63944,-0.93056],[-76.62333,-0.93889],[-76.62111,-0.95056],[-76.63472,-0.94528],[-76.64778,-0.95639],[-76.63944,-0.9675],[-76.64083,-0.98639],[-76.66472,-0.98917],[-76.70806,-0.97139],[-76.71139,-0.96389],[-76.72778,-0.97306],[-76.74944,-0.97111],[-76.76722,-0.95611],[-76.77361,-0.96694],[-76.79667,-0.96833],[-76.79583,-0.95722],[-76.81639,-0.95139],[-76.83139,-0.96056],[-76.85972,-0.95389],[-76.88778,-0.96361],[-76.96389,-0.96583],[-76.99694,-0.96],[-77.00194,-0.95222],[-77.01306,-0.955],[-77.02611,-0.94083],[-77.00861,-0.92444],[-76.93278,-0.93583],[-76.9125,-0.93194],[-76.89833,-0.94611],[-76.84583,-0.94],[-76.84333,-0.93333],[-76.81056,-0.93444],[-76.79667,-0.92556],[-76.78111,-0.93194],[-76.69472,-0.9025],[-76.68167,-0.88],[-76.64861,-0.86194]]]}},{"type":"Feature","properties":{"codigo":1007403246},"geometry":{"type":"Polygon","coordinates":[[[-78.46278,-0.8775],[-78.42472,-0.87556],[-78.42889,-0.88528],[-78.41306,-0.91],[-78.43028,-0.93833],[-78.42444,-0.9575],[-78.46861,-0.94667],[-78.47806,-0.95111],[-78.47722,-0.96389],[-78.50583,-0.97667],[-78.52972,-0.96389],[-78.55611,-0.96722],[-78.58,-0.95528],[-78.60278,-0.99083],[-78.60194,-0.9625],[-78.58306,-0.94056],[-78.52722,-0.9275],[-78.46278,-0.8775]]]}},{"type":"Feature","properties":{"codigo":1007402066},"geometry":{"type":"Polygon","coordinates":[[[-79.71444,-0.85167],[-79.71861,-0.86889],[-79.69306,-0.88222],[-79.70278,-0.8825],[-79.71222,-0.89639],[-79.70917,-0.91],[-79.72,-0.89278],[-79.7275,-0.89944],[-79.74722,-0.8975],[-79.74028,-0.87778],[-79.71444,-0.85167]]]}},{"type":"Feature","properties":{"codigo":1007401828},"geometry":{"type":"Polygon","coordinates":[[[-75.7225,-0.82722],[-75.69417,-0.86194],[-75.67361,-0.86167],[-75.66944,-0.85389],[-75.65944,-0.86],[-75.64361,-0.84833],[-75.64333,-0.83972],[-75.61028,-0.87667],[-75.59167,-0.88444],[-75.57611,-0.87556],[-75.56222,-0.88472],[-75.55528,-0.87944],[-75.53778,-0.88444],[-75.52972,-0.8975],[-75.51167,-0.90194],[-75.505,-0.92222],[-75.47556,-0.92528],[-75.48139,-0.93417],[-75.47528,-0.94472],[-75.44111,-0.93611],[-75.43944,-0.95056],[-75.4225,-0.95694],[-75.42278,-0.97472],[-75.43194,-0.97861],[-75.45,-0.96806],[-75.47111,-0.97667],[-75.47611,-0.9675],[-75.48083,-0.97333],[-75.48611,-0.9675],[-75.50444,-0.99194],[-75.52667,-0.99722],[-75.53667,-0.98194],[-75.56833,-0.98583],[-75.57694,-0.97306],[-75.60917,-0.96972],[-75.61194,-0.95361],[-75.6225,-0.955],[-75.64917,-0.92917],[-75.65056,-0.90722],[-75.69222,-0.9075],[-75.70528,-0.9275],[-75.72694,-0.90861],[-75.72472,-0.90306],[-75.73667,-0.90389],[-75.73917,-0.8975],[-75.72194,-0.88417],[-75.71583,-0.86694],[-75.71528,-0.85139],[-75.72583,-0.84139],[-75.7225,-0.82722]]]}},{"type":"Feature","properties":{"codigo":1007401217},"geometry":{"type":"Polygon","coordinates":[[[-80.50389,-0.885],[-80.505,-0.86861],[-80.49694,-0.86667],[-80.49528,-0.85611],[-80.51361,-0.835],[-80.52111,-0.83583],[-80.52056,-0.79694],[-80.51528,-0.78694],[-80.50278,-0.78917],[-80.49556,-0.78167],[-80.44833,-0.80222],[-80.41194,-0.84306],[-80.41,-0.85556],[-80.42889,-0.87194],[-80.43,-0.88694],[-80.46583,-0.88917],[-80.48472,-0.87056],[-80.50389,-0.885]]]}},{"type":"Feature","properties":{"codigo":1007401219},"geometry":{"type":"Polygon","coordinates":[[[-80.51389,-0.90639],[-80.49167,-0.87667],[-80.45861,-0.93556],[-80.44333,-0.92694],[-80.43389,-0.94056],[-80.4675,-0.95694],[-80.47611,-0.9725],[-80.50083,-0.96722],[-80.52111,-0.98528],[-80.54333,-0.95861],[-80.54583,-0.93722],[-80.53861,-0.91778],[-80.51389,-0.90639]]]}},{"type":"Feature","properties":{"codigo":1007400657},"geometry":{"type":"Polygon","coordinates":[[[-78.89417,-0.91306],[-78.85167,-0.86806],[-78.81139,-0.87889],[-78.81639,-0.89472],[-78.79611,-0.93444],[-78.8,-0.94389],[-78.81028,-0.9425],[-78.81167,-0.95889],[-78.80417,-0.98],[-78.7875,-0.98639],[-78.805,-1.0175],[-78.8175,-1.01917],[-78.83194,-0.995],[-78.85,-0.98278],[-78.86444,-0.98333],[-78.88,-0.96],[-78.89417,-0.91306]]]}},{"type":"Feature","properties":{"codigo":1007400656},"geometry":{"type":"Polygon","coordinates":[[[-78.93611,-0.87333],[-78.91556,-0.8675],[-78.89333,-0.87333],[-78.88917,-0.89083],[-78.87833,-0.89556],[-78.89417,-0.91306],[-78.88,-0.96],[-78.86444,-0.98333],[-78.85,-0.98278],[-78.83194,-0.995],[-78.81944,-1.01556],[-78.8325,-1.02306],[-78.8425,-1.07083],[-78.87611,-1.05],[-78.88472,-1.02389],[-78.90611,-1.03472],[-78.92111,-1.02194],[-78.92417,-0.95417],[-78.955,-0.91917],[-78.93722,-0.90361],[-78.93611,-0.87333]]]}},{"type":"Feature","properties":{"codigo":1007401732},"geometry":{"type":"Polygon","coordinates":[[[-77.33611,-0.88444],[-77.33417,-0.90417],[-77.31944,-0.89861],[-77.32694,-0.91806],[-77.33472,-0.91889],[-77.33167,-0.94306],[-77.34722,-0.94778],[-77.355,-0.96306],[-77.37417,-0.96556],[-77.37694,-0.98167],[-77.39028,-0.99111],[-77.3925,-1.01639],[-77.44333,-1.05139],[-77.44861,-1.06694],[-77.47889,-1.07944],[-77.48472,-1.06833],[-77.46583,-1.05222],[-77.46667,-1.02611],[-77.45639,-1.00444],[-77.47778,-0.99889],[-77.48972,-0.9625],[-77.50556,-0.94972],[-77.48611,-0.94833],[-77.44917,-0.92278],[-77.43861,-0.92833],[-77.43333,-0.915],[-77.40667,-0.9075],[-77.4075,-0.89722],[-77.39583,-0.90639],[-77.35806,-0.88417],[-77.33611,-0.88444]]]}},{"type":"Feature","properties":{"codigo":1007401846},"geometry":{"type":"Polygon","coordinates":[[[-76.49083,-0.86083],[-76.46056,-0.89417],[-76.44,-0.90472],[-76.45222,-0.91139],[-76.44028,-0.91972],[-76.43944,-0.945],[-76.47194,-0.93833],[-76.47889,-0.94917],[-76.51389,-0.94389],[-76.52306,-0.93556],[-76.5325,-0.94056],[-76.53944,-0.93083],[-76.56556,-0.93389],[-76.55361,-0.92639],[-76.5575,-0.905],[-76.53056,-0.90306],[-76.52472,-0.89333],[-76.53389,-0.87389],[-76.52056,-0.87306],[-76.51556,-0.86278],[-76.49083,-0.86083]]]}},{"type":"Feature","properties":{"codigo":1007402132},"geometry":{"type":"Polygon","coordinates":[[[-79.44556,-0.89694],[-79.43472,-0.90028],[-79.43611,-0.91278],[-79.44639,-0.90667],[-79.44556,-0.89694]]]}},{"type":"Feature","properties":{"codigo":1007401841},"geometry":{"type":"Polygon","coordinates":[[[-76.14556,-0.92139],[-76.14167,-0.9025],[-76.15556,-0.89417],[-76.15889,-0.85944],[-76.10556,-0.87111],[-76.05083,-0.86889],[-76.03667,-0.87667],[-76.03556,-0.88889],[-76.01806,-0.89722],[-76.01639,-0.9075],[-75.9775,-0.90861],[-75.94167,-0.92778],[-75.91917,-0.91778],[-75.9025,-0.92944],[-75.88667,-0.92972],[-75.88278,-0.93972],[-75.90083,-0.93667],[-75.92389,-0.94583],[-75.94028,-0.94083],[-75.945,-0.94667],[-75.98639,-0.94083],[-75.99444,-0.96389],[-76.01139,-0.97028],[-76.01806,-1.00583],[-76.05139,-1.01028],[-76.08361,-1.0],[-76.09,-0.98667],[-76.11861,-0.97306],[-76.14528,-0.98778],[-76.16639,-0.97417],[-76.16444,-0.9525],[-76.17472,-0.93944],[-76.16361,-0.93944],[-76.16083,-0.92694],[-76.14556,-0.92139]]]}},{"type":"Feature","properties":{"codigo":1007402130},"geometry":{"type":"Polygon","coordinates":[[[-79.48639,-0.93583],[-79.48444,-0.88861],[-79.48139,-0.9025],[-79.46056,-0.92],[-79.46111,-0.94556],[-79.44667,-0.95222],[-79.41306,-0.94972],[-79.40222,-0.95861],[-79.41556,-1.00917],[-79.40556,-1.04028],[-79.4125,-1.05889],[-79.40528,-1.07167],[-79.40694,-1.09472],[-79.41778,-1.09667],[-79.42722,-1.11361],[-79.43083,-1.08806],[-79.43361,-1.10417],[-79.44583,-1.11028],[-79.43556,-1.11611],[-79.43611,-1.13444],[-79.42278,-1.14111],[-79.42583,-1.15694],[-79.43306,-1.15833],[-79.43444,-1.17333],[-79.44889,-1.17611],[-79.44639,-1.18694],[-79.46028,-1.19],[-79.46056,-1.21167],[-79.47417,-1.21278],[-79.47889,-1.22694],[-79.47028,-1.25222],[-79.48028,-1.25417],[-79.48278,-1.27167],[-79.48778,-1.26556],[-79.50056,-1.27083],[-79.49583,-1.29028],[-79.51667,-1.30389],[-79.51722,-1.32556],[-79.53028,-1.32194],[-79.5675,-1.34528],[-79.575,-1.33806],[-79.57028,-1.33222],[-79.58722,-1.33861],[-79.59556,-1.33306],[-79.6175,-1.34972],[-79.62611,-1.34361],[-79.66306,-1.38139],[-79.67,-1.37194],[-79.7025,-1.37889],[-79.70583,-1.37444],[-79.69806,-1.37556],[-79.6825,-1.3575],[-79.68639,-1.34944],[-79.67806,-1.33667],[-79.65944,-1.33111],[-79.65944,-1.32083],[-79.64222,-1.32528],[-79.64167,-1.31611],[-79.60806,-1.29306],[-79.59083,-1.25917],[-79.57778,-1.26028],[-79.55222,-1.22444],[-79.5425,-1.22556],[-79.52528,-1.19278],[-79.51056,-1.18667],[-79.51889,-1.15472],[-79.50083,-1.13417],[-79.49694,-1.08472],[-79.48111,-1.05667],[-79.48861,-1.04472],[-79.48611,-1.03806],[-79.47472,-1.03889],[-79.48361,-1.03194],[-79.46611,-1.01583],[-79.46194,-0.98972],[-79.47361,-0.95917],[-79.4925,-0.94556],[-79.48639,-0.93583]]]}},{"type":"Feature","properties":{"codigo":1007401843},"geometry":{"type":"Polygon","coordinates":[[[-76.21472,-0.88389],[-76.16889,-0.90694],[-76.14556,-0.90472],[-76.14444,-0.91972],[-76.16083,-0.92694],[-76.16361,-0.93944],[-76.17667,-0.93944],[-76.18889,-0.91444],[-76.20889,-0.91083],[-76.21472,-0.88389]]]}},{"type":"Feature","properties":{"codigo":1007402065},"geometry":{"type":"Polygon","coordinates":[[[-79.75972,-0.90278],[-79.71889,-0.89361],[-79.71778,-0.90556],[-79.70944,-0.91],[-79.70972,-0.92889],[-79.695,-0.93722],[-79.68833,-0.96278],[-79.70222,-0.96389],[-79.70944,-0.99],[-79.725,-0.98889],[-79.72056,-0.99528],[-79.75278,-1.03444],[-79.75528,-1.06222],[-79.78028,-1.03833],[-79.80472,-1.06806],[-79.82028,-1.06583],[-79.82194,-1.05833],[-79.83111,-1.0625],[-79.8325,-1.03],[-79.84389,-1.01333],[-79.85944,-1.00917],[-79.88417,-1.0225],[-79.90556,-1.02056],[-79.91278,-1.0025],[-79.93222,-0.995],[-79.90306,-0.96],[-79.91,-0.935],[-79.91778,-0.93333],[-79.88306,-0.90639],[-79.87222,-0.90306],[-79.83778,-0.93],[-79.80833,-0.93222],[-79.78333,-0.91833],[-79.76472,-0.92306],[-79.755,-0.91472],[-79.75972,-0.90278]]]}},{"type":"Feature","properties":{"codigo":1007402100},"geometry":{"type":"Polygon","coordinates":[[[-79.70944,-0.91],[-79.68417,-0.91417],[-79.67083,-0.90361],[-79.65778,-0.92278],[-79.68389,-0.96028],[-79.68528,-0.97583],[-79.6775,-0.98639],[-79.68889,-0.995],[-79.69833,-1.03278],[-79.69111,-1.04111],[-79.67444,-1.03611],[-79.66972,-1.04139],[-79.66278,-1.03306],[-79.65833,-1.04222],[-79.6375,-1.04222],[-79.64417,-1.09111],[-79.65806,-1.10528],[-79.68306,-1.11111],[-79.69472,-1.13306],[-79.71972,-1.14194],[-79.72667,-1.16389],[-79.74528,-1.16472],[-79.74389,-1.17583],[-79.75472,-1.18167],[-79.75861,-1.19778],[-79.75528,-1.22],[-79.77139,-1.23778],[-79.81139,-1.25278],[-79.82583,-1.23583],[-79.85,-1.24028],[-79.86444,-1.25806],[-79.88028,-1.25778],[-79.88222,-1.26722],[-79.89222,-1.26861],[-79.88556,-1.25333],[-79.86472,-1.25333],[-79.85444,-1.22806],[-79.83111,-1.21167],[-79.80694,-1.21333],[-79.795,-1.18639],[-79.77944,-1.18222],[-79.78222,-1.16306],[-79.75889,-1.13389],[-79.7475,-1.09028],[-79.75611,-1.05667],[-79.75278,-1.03444],[-79.72056,-0.99528],[-79.725,-0.98889],[-79.70944,-0.99],[-79.70222,-0.96389],[-79.68833,-0.96278],[-79.695,-0.93722],[-79.70972,-0.92889],[-79.70944,-0.91]]]}},{"type":"Feature","properties":{"codigo":1007402131},"geometry":{"type":"Polygon","coordinates":[[[-79.45528,-0.91139],[-79.43333,-0.91778],[-79.42694,-0.91056],[-79.40889,-0.91611],[-79.4225,-0.92056],[-79.43056,-0.93472],[-79.43778,-0.93056],[-79.45028,-0.93861],[-79.45,-0.94889],[-79.45889,-0.94694],[-79.46083,-0.92056],[-79.45528,-0.91139]]]}},{"type":"Feature","properties":{"codigo":1007402146},"geometry":{"type":"Polygon","coordinates":[[[-79.4225,-0.92056],[-79.40083,-0.90417],[-79.37528,-0.9025],[-79.37222,-0.92556],[-79.34306,-0.93306],[-79.34472,-0.94639],[-79.33194,-0.95722],[-79.37361,-0.96611],[-79.39139,-0.98389],[-79.40972,-0.95056],[-79.45139,-0.95],[-79.45028,-0.93861],[-79.43778,-0.93056],[-79.43056,-0.93472],[-79.4225,-0.92056]]]}},{"type":"Feature","properties":{"codigo":1007401924},"geometry":{"type":"Polygon","coordinates":[[[-76.63917,-0.92944],[-76.57667,-0.90556],[-76.55444,-0.91083],[-76.55361,-0.92639],[-76.56528,-0.92917],[-76.56528,-0.93417],[-76.53944,-0.93083],[-76.5325,-0.94056],[-76.52306,-0.93556],[-76.51389,-0.94389],[-76.47889,-0.94917],[-76.475,-0.93889],[-76.45889,-0.93944],[-76.45806,-0.94833],[-76.47583,-0.95944],[-76.4775,-0.98333],[-76.46972,-0.99472],[-76.46139,-0.99306],[-76.4525,-1.01556],[-76.425,-1.01972],[-76.42583,-1.03972],[-76.41417,-1.05694],[-76.43472,-1.09917],[-76.45083,-1.07694],[-76.46778,-1.07917],[-76.475,-1.07222],[-76.5025,-1.07806],[-76.54056,-1.04083],[-76.52917,-1.02611],[-76.53944,-1.01611],[-76.55861,-1.02278],[-76.58,-1.00944],[-76.59694,-1.01778],[-76.5975,-0.98694],[-76.64,-0.97667],[-76.64528,-0.95111],[-76.62056,-0.94694],[-76.63917,-0.92944]]]}},{"type":"Feature","properties":{"codigo":1007401771},"geometry":{"type":"Polygon","coordinates":[[[-78.18944,-0.92528],[-78.15861,-0.92528],[-78.16306,-0.96194],[-78.13917,-1.03611],[-78.16861,-1.06639],[-78.19722,-1.07917],[-78.23389,-1.05444],[-78.25861,-1.0675],[-78.28944,-1.03917],[-78.27167,-1.035],[-78.25528,-1.01917],[-78.25972,-1.01528],[-78.24639,-0.99111],[-78.22667,-0.9875],[-78.22528,-0.96389],[-78.19972,-0.95472],[-78.20056,-0.935],[-78.18944,-0.92528]]]}},{"type":"Feature","properties":{"codigo":1007401731},"geometry":{"type":"Polygon","coordinates":[[[-77.3225,-0.89806],[-77.30222,-0.89306],[-77.29389,-0.92111],[-77.28417,-0.92667],[-77.29,-0.93167],[-77.28611,-0.94417],[-77.26139,-0.9575],[-77.26167,-0.96833],[-77.29167,-0.98333],[-77.30028,-0.97722],[-77.31778,-1.00028],[-77.38944,-1.01444],[-77.39028,-0.99111],[-77.37694,-0.98167],[-77.37417,-0.96556],[-77.355,-0.96306],[-77.34722,-0.94778],[-77.33167,-0.94306],[-77.33472,-0.91889],[-77.32083,-0.90833],[-77.3225,-0.89806]]]}},{"type":"Feature","properties":{"codigo":1007401833},"geometry":{"type":"Polygon","coordinates":[[[-75.72278,-0.91194],[-75.70139,-0.93167],[-75.7075,-0.93889],[-75.70028,-0.94583],[-75.70083,-0.97139],[-75.68361,-0.99472],[-75.68861,-1.00667],[-75.68,-1.01722],[-75.685,-1.0375],[-75.67167,-1.04333],[-75.66194,-1.05972],[-75.65333,-1.05778],[-75.64861,-1.07444],[-75.655,-1.085],[-75.6625,-1.08028],[-75.67194,-1.08778],[-75.69972,-1.08694],[-75.70611,-1.09861],[-75.69556,-1.11111],[-75.71139,-1.12917],[-75.73667,-1.11528],[-75.75306,-1.11639],[-75.755,-1.10833],[-75.76833,-1.11167],[-75.78278,-1.07472],[-75.80194,-1.06111],[-75.79667,-1.04806],[-75.77194,-1.03139],[-75.77139,-1.01611],[-75.74889,-1.01528],[-75.75778,-1.00028],[-75.74417,-0.99667],[-75.75889,-0.98167],[-75.7475,-0.96333],[-75.75694,-0.95833],[-75.74694,-0.93222],[-75.72278,-0.91194]]]}},{"type":"Feature","properties":{"codigo":1007402154},"geometry":{"type":"Polygon","coordinates":[[[-79.05528,-0.89194],[-79.02889,-0.92833],[-78.97722,-0.91972],[-78.95139,-0.92333],[-78.92444,-0.95361],[-78.92528,-0.97],[-78.94194,-0.97639],[-78.95528,-0.97083],[-78.98111,-0.99333],[-79.01361,-0.98417],[-79.01917,-0.96056],[-79.06556,-0.94944],[-79.06528,-0.8975],[-79.05528,-0.89194]]]}},{"type":"Feature","properties":{"codigo":1007401213},"geometry":{"type":"Polygon","coordinates":[[[-80.07306,-0.88861],[-79.98333,-0.89667],[-79.96167,-0.92028],[-79.93806,-0.91611],[-79.91028,-0.93472],[-79.90306,-0.96],[-79.93222,-0.995],[-79.91083,-1.00444],[-79.90528,-1.02333],[-79.93833,-1.05167],[-79.98306,-1.06806],[-79.99667,-1.06528],[-79.99556,-1.05417],[-80.01306,-1.05694],[-80.01417,-1.02389],[-80.0725,-1.0225],[-80.09222,-1.00972],[-80.08139,-0.98472],[-80.06472,-0.97528],[-80.05694,-0.94972],[-80.06333,-0.92278],[-80.07972,-0.90333],[-80.07306,-0.88861]]]}},{"type":"Feature","properties":{"codigo":1007401748},"geometry":{"type":"Polygon","coordinates":[[[-77.95667,-0.93167],[-77.96861,-0.89611],[-77.95861,-0.87556],[-77.94444,-0.86694],[-77.93639,-0.87722],[-77.89306,-0.87667],[-77.87361,-0.88833],[-77.87139,-0.905],[-77.86333,-0.90889],[-77.86778,-0.91556],[-77.84306,-0.93083],[-77.82917,-0.97139],[-77.81528,-0.97333],[-77.81556,-0.99389],[-77.85,-1.00028],[-77.86944,-0.98833],[-77.90361,-0.98778],[-77.92278,-0.94833],[-77.94028,-0.94722],[-77.95667,-0.93167]]]}},{"type":"Feature","properties":{"codigo":1007403237},"geometry":{"type":"Polygon","coordinates":[[[-78.61944,-0.93472],[-78.58417,-0.92139],[-78.55694,-0.9325],[-78.61444,-0.95806],[-78.61944,-0.93472]]]}},{"type":"Feature","properties":{"codigo":1007401839},"geometry":{"type":"Polygon","coordinates":[[[-75.88417,-0.93778],[-75.8775,-0.93722],[-75.87278,-0.94417],[-75.86833,-0.9675],[-75.88417,-0.93778]]]}},{"type":"Feature","properties":{"codigo":1007401756},"geometry":{"type":"Polygon","coordinates":[[[-78.15833,-0.93972],[-78.16417,-0.92083],[-78.15,-0.90167],[-78.11889,-0.90806],[-78.10806,-0.89917],[-78.07778,-0.90472],[-78.05333,-0.93806],[-78.0275,-0.94806],[-78.01889,-0.94917],[-78.00889,-0.93722],[-77.99639,-0.94722],[-77.97639,-0.94194],[-77.96639,-0.94944],[-77.95889,-0.97694],[-77.98583,-1.03139],[-77.98528,-1.05583],[-78.03667,-1.05583],[-78.05167,-1.04778],[-78.06583,-1.03472],[-78.065,-1.00417],[-78.09056,-0.96583],[-78.15833,-0.93972]]]}},{"type":"Feature","properties":{"codigo":1007401847},"geometry":{"type":"Polygon","coordinates":[[[-76.18722,-0.92778],[-76.16444,-0.9525],[-76.16611,-0.97444],[-76.18361,-0.97472],[-76.19306,-0.99111],[-76.17778,-1.00361],[-76.18528,-1.02028],[-76.1725,-1.02528],[-76.17972,-1.0375],[-76.17389,-1.05806],[-76.1625,-1.05833],[-76.15194,-1.07],[-76.14833,-1.08583],[-76.16056,-1.09917],[-76.20444,-1.0775],[-76.22556,-1.05278],[-76.23972,-1.05111],[-76.24056,-1.06],[-76.26917,-1.06778],[-76.31778,-1.03944],[-76.36278,-1.05778],[-76.37861,-1.04528],[-76.37056,-1.02611],[-76.38056,-1.0125],[-76.40917,-1.01472],[-76.41917,-1.00861],[-76.43167,-1.02028],[-76.4525,-1.01556],[-76.46139,-0.99306],[-76.46972,-0.99472],[-76.4775,-0.98333],[-76.47583,-0.95944],[-76.45722,-0.94333],[-76.43944,-0.945],[-76.44028,-0.91972],[-76.45222,-0.91139],[-76.44778,-0.90583],[-76.43,-0.90361],[-76.41167,-0.91444],[-76.4,-0.91167],[-76.39583,-0.89944],[-76.38,-0.90639],[-76.36833,-0.89139],[-76.33167,-0.92944],[-76.32028,-0.92917],[-76.31556,-0.94278],[-76.30111,-0.94194],[-76.30222,-0.95722],[-76.29083,-0.96472],[-76.27278,-0.95194],[-76.25778,-0.95583],[-76.24389,-0.93667],[-76.18722,-0.92778]]]}},{"type":"Feature","properties":{"codigo":1007401837},"geometry":{"type":"Polygon","coordinates":[[[-75.87667,-0.93944],[-75.86639,-0.93667],[-75.88139,-0.92194],[-75.87111,-0.89333],[-75.87528,-0.88056],[-75.85944,-0.87694],[-75.85583,-0.89056],[-75.84694,-0.88639],[-75.84583,-0.89556],[-75.8275,-0.89306],[-75.81472,-0.90556],[-75.80389,-0.90278],[-75.78722,-0.91306],[-75.8125,-0.93722],[-75.80056,-0.96],[-75.81389,-0.95361],[-75.82,-0.9675],[-75.8025,-0.97556],[-75.79167,-0.99778],[-75.79611,-1.00889],[-75.7875,-1.00944],[-75.78611,-1.02333],[-75.77194,-1.03111],[-75.79667,-1.04806],[-75.80194,-1.06111],[-75.83444,-1.05556],[-75.84583,-1.06611],[-75.8775,-1.05083],[-75.89472,-1.06444],[-75.91694,-1.04944],[-75.92306,-1.03389],[-75.93139,-1.03917],[-75.93778,-1.03167],[-75.9375,-1.02167],[-75.95278,-1.005],[-75.94917,-0.99639],[-75.93361,-0.99167],[-75.91889,-0.99694],[-75.905,-0.98972],[-75.89333,-0.99556],[-75.89278,-0.98472],[-75.865,-0.96222],[-75.87667,-0.93944]]]}},{"type":"Feature","properties":{"codigo":1007401749},"geometry":{"type":"Polygon","coordinates":[[[-77.96694,-0.94861],[-77.95639,-0.93167],[-77.94028,-0.94722],[-77.92278,-0.94833],[-77.90361,-0.98778],[-77.86944,-0.98833],[-77.85,-1.00028],[-77.81472,-0.99278],[-77.81056,-1.01278],[-77.81833,-1.0225],[-77.83194,-1.02306],[-77.8375,-1.03667],[-77.85167,-1.03333],[-77.88167,-1.04806],[-77.90972,-1.03056],[-77.93389,-1.03278],[-77.96528,-0.99389],[-77.95889,-0.97611],[-77.96694,-0.94861]]]}},{"type":"Feature","properties":{"codigo":1007403248},"geometry":{"type":"Polygon","coordinates":[[[-78.79611,-0.92444],[-78.77583,-0.92528],[-78.77083,-0.91111],[-78.75306,-0.91167],[-78.74028,-0.89417],[-78.72806,-0.90028],[-78.70194,-0.94972],[-78.68278,-0.93972],[-78.66722,-0.94278],[-78.65194,-0.9825],[-78.67722,-0.99472],[-78.68139,-0.98833],[-78.69639,-0.99111],[-78.71194,-0.9775],[-78.75722,-0.97306],[-78.76472,-0.98694],[-78.79444,-0.98556],[-78.80417,-0.98],[-78.81278,-0.95111],[-78.81028,-0.9425],[-78.7975,-0.94056],[-78.79611,-0.92444]]]}},{"type":"Feature","properties":{"codigo":1007403247},"geometry":{"type":"Polygon","coordinates":[[[-78.66361,-0.95028],[-78.64944,-0.95083],[-78.64111,-0.9775],[-78.60222,-1.00056],[-78.59861,-1.01],[-78.6325,-1.01028],[-78.63444,-0.99667],[-78.65806,-0.97444],[-78.66361,-0.95028]]]}},{"type":"Feature","properties":{"codigo":1007401220},"geometry":{"type":"Polygon","coordinates":[[[-80.45806,-0.95333],[-80.41833,-0.9375],[-80.39917,-0.95472],[-80.38472,-0.95528],[-80.37056,-0.94472],[-80.36028,-0.95444],[-80.33639,-0.94944],[-80.32083,-0.955],[-80.30139,-0.94361],[-80.26389,-0.97917],[-80.24944,-0.98083],[-80.22472,-1.00306],[-80.2475,-1.00583],[-80.27583,-1.03556],[-80.25361,-1.08639],[-80.28639,-1.09556],[-80.29528,-1.11],[-80.34361,-1.11389],[-80.35278,-1.10417],[-80.34833,-1.09444],[-80.35528,-1.07944],[-80.37667,-1.06611],[-80.39667,-1.0675],[-80.40389,-1.055],[-80.43556,-1.03611],[-80.43611,-1.00722],[-80.42528,-0.97861],[-80.44722,-0.96806],[-80.45806,-0.95333]]]}},{"type":"Feature","properties":{"codigo":1007403235},"geometry":{"type":"Polygon","coordinates":[[[-78.64917,-0.95222],[-78.61556,-0.95806],[-78.59611,-0.95306],[-78.60278,-0.99056],[-78.63917,-0.97917],[-78.64917,-0.95222]]]}},{"type":"Feature","properties":{"codigo":1007401827},"geometry":{"type":"Polygon","coordinates":[[[-75.42333,-0.97861],[-75.41694,-0.94694],[-75.40694,-0.94833],[-75.40333,-0.9375],[-75.39472,-0.94083],[-75.38667,-0.92556],[-75.38833,-0.95389],[-75.40167,-0.96806],[-75.39694,-0.9775],[-75.42333,-0.97861]]]}},{"type":"Feature","properties":{"codigo":1007401733},"geometry":{"type":"Polygon","coordinates":[[[-77.59389,-0.91333],[-77.59028,-0.93972],[-77.57083,-0.935],[-77.56194,-0.95333],[-77.53472,-0.95889],[-77.50556,-0.94972],[-77.48972,-0.9625],[-77.47889,-0.99389],[-77.49778,-1.00222],[-77.51111,-0.99833],[-77.51694,-1.015],[-77.54417,-1.02944],[-77.56083,-1.01361],[-77.58583,-1.01583],[-77.60667,-0.98361],[-77.60222,-0.96667],[-77.61222,-0.94639],[-77.60833,-0.94],[-77.62056,-0.93667],[-77.61278,-0.92306],[-77.59389,-0.91333]]]}},{"type":"Feature","properties":{"codigo":1007402202},"geometry":{"type":"Polygon","coordinates":[[[-79.37361,-0.96611],[-79.30306,-0.95],[-79.29444,-0.93722],[-79.24611,-0.93833],[-79.23417,-0.94639],[-79.23472,-0.96222],[-79.25417,-0.99111],[-79.29611,-0.97194],[-79.30972,-0.98444],[-79.32,-0.97639],[-79.35417,-0.98333],[-79.36972,-1.03194],[-79.36417,-1.06389],[-79.37056,-1.09],[-79.36417,-1.09],[-79.36389,-1.10694],[-79.37583,-1.11417],[-79.37389,-1.1275],[-79.38,-1.12972],[-79.38083,-1.12028],[-79.38944,-1.11472],[-79.39583,-1.12111],[-79.39917,-1.1075],[-79.41111,-1.09917],[-79.40528,-1.07194],[-79.4125,-1.06],[-79.40556,-1.04028],[-79.41556,-1.00944],[-79.41028,-0.98],[-79.39972,-0.9675],[-79.39056,-0.98389],[-79.37361,-0.96611]]]}},{"type":"Feature","properties":{"codigo":1007401928},"geometry":{"type":"Polygon","coordinates":[[[-77.01944,-0.95028],[-76.92833,-0.9725],[-76.93028,-0.98028],[-76.94722,-0.98444],[-76.94361,-0.995],[-76.95139,-1.00278],[-76.94194,-1.00722],[-76.95278,-1.01361],[-76.96611,-1.00389],[-77.00556,-1.00222],[-77.01389,-0.99333],[-77.06028,-0.99917],[-77.07111,-0.99056],[-77.09639,-1.00306],[-77.16694,-1.01472],[-77.17333,-1.00833],[-77.18278,-1.01194],[-77.18222,-1.00306],[-77.19611,-0.98944],[-77.22083,-0.99222],[-77.22806,-1.00194],[-77.295,-1.00639],[-77.25417,-0.97611],[-77.18833,-0.98083],[-77.16111,-0.96917],[-77.12278,-0.98361],[-77.10111,-0.96972],[-77.04667,-0.97417],[-77.03194,-0.9625],[-77.01861,-0.96278],[-77.01944,-0.95028]]]}},{"type":"Feature","properties":{"codigo":1007401838},"geometry":{"type":"Polygon","coordinates":[[[-75.90056,-0.93667],[-75.87194,-0.96222],[-75.89278,-0.98472],[-75.89333,-0.99556],[-75.93417,-0.99167],[-75.96556,-1.00889],[-75.99917,-0.99556],[-76.01889,-0.99694],[-76.01139,-0.97028],[-75.99444,-0.96389],[-75.98639,-0.94083],[-75.92389,-0.94583],[-75.90056,-0.93667]]]}},{"type":"Feature","properties":{"codigo":1007401739},"geometry":{"type":"Polygon","coordinates":[[[-77.75417,-0.97111],[-77.74111,-0.95528],[-77.7325,-0.95944],[-77.72694,-0.94167],[-77.70389,-0.92528],[-77.70556,-0.88306],[-77.68861,-0.87917],[-77.68028,-0.8825],[-77.67917,-0.90194],[-77.66194,-0.91556],[-77.67139,-0.92583],[-77.66083,-0.94528],[-77.63722,-0.93361],[-77.6375,-0.95083],[-77.62139,-0.94833],[-77.62694,-1.01722],[-77.64583,-1.01111],[-77.66083,-1.03583],[-77.67583,-1.03278],[-77.69611,-0.99],[-77.7325,-0.98472],[-77.75222,-0.99028],[-77.75417,-0.97111]]]}},{"type":"Feature","properties":{"codigo":1007401745},"geometry":{"type":"Polygon","coordinates":[[[-77.78111,-0.96694],[-77.75389,-0.97111],[-77.75111,-0.97861],[-77.75194,-0.99056],[-77.77056,-0.99611],[-77.7825,-1.01417],[-77.785,-1.00278],[-77.79389,-1.00111],[-77.79167,-0.99278],[-77.80778,-0.98861],[-77.78111,-0.96694]]]}},{"type":"Feature","properties":{"codigo":1007402199},"geometry":{"type":"Polygon","coordinates":[[[-79.23472,-0.96222],[-79.17444,-0.97],[-79.16556,-0.96139],[-79.13111,-0.96028],[-79.12167,-0.94944],[-79.09639,-0.94861],[-79.08083,-0.92806],[-79.06056,-0.95361],[-79.04167,-0.95083],[-79.02222,-0.95889],[-79.0125,-0.97139],[-79.01472,-0.98306],[-78.98861,-0.99278],[-78.95528,-0.97083],[-78.94194,-0.97639],[-78.92778,-0.96944],[-78.92111,-1.02222],[-78.93806,-1.02417],[-78.96611,-1.04861],[-79.03167,-1.06889],[-79.05389,-1.04806],[-79.08667,-1.05611],[-79.09833,-1.06889],[-79.14611,-1.0675],[-79.15417,-1.08861],[-79.16861,-1.09056],[-79.19556,-1.12861],[-79.2575,-1.12361],[-79.27778,-1.10083],[-79.29778,-1.09472],[-79.32028,-1.10833],[-79.33111,-1.12611],[-79.34528,-1.12972],[-79.34694,-1.11306],[-79.3325,-1.09083],[-79.335,-1.075],[-79.31833,-1.06139],[-79.32333,-1.05],[-79.31583,-1.04833],[-79.30944,-1.00889],[-79.27722,-0.98639],[-79.25417,-0.99111],[-79.23472,-0.96222]]]}},{"type":"Feature","properties":{"codigo":1007403230},"geometry":{"type":"Polygon","coordinates":[[[-78.49222,-0.97222],[-78.47667,-0.96333],[-78.47806,-0.95111],[-78.46861,-0.94667],[-78.45444,-0.94528],[-78.44194,-0.95722],[-78.42917,-0.95806],[-78.41306,-0.94917],[-78.40583,-0.96194],[-78.39611,-0.96278],[-78.39472,-0.9975],[-78.37528,-1.00556],[-78.35972,-1.0],[-78.345,-1.03389],[-78.32667,-1.04389],[-78.33278,-1.08472],[-78.34333,-1.0975],[-78.335,-1.10944],[-78.33833,-1.13611],[-78.35917,-1.16083],[-78.38306,-1.16056],[-78.38583,-1.17361],[-78.39972,-1.18389],[-78.41306,-1.17833],[-78.42167,-1.18806],[-78.43056,-1.185],[-78.44194,-1.175],[-78.44333,-1.15861],[-78.47889,-1.15667],[-78.48111,-1.14889],[-78.49444,-1.14806],[-78.4925,-1.125],[-78.50028,-1.11944],[-78.50111,-1.09944],[-78.51056,-1.09333],[-78.52583,-1.09833],[-78.535,-1.08167],[-78.53361,-1.06389],[-78.57861,-1.07361],[-78.57861,-1.06139],[-78.56583,-1.05389],[-78.51694,-1.05417],[-78.49528,-1.00028],[-78.49222,-0.97222]]]}},{"type":"Feature","properties":{"codigo":1007401648},"geometry":{"type":"Polygon","coordinates":[[[-75.31194,-0.97167],[-75.30139,-0.97556],[-75.30583,-0.99306],[-75.31611,-0.99083],[-75.31194,-0.97167]]]}},{"type":"Feature","properties":{"codigo":1007401925},"geometry":{"type":"Polygon","coordinates":[[[-76.92306,-0.98083],[-76.95556,-0.96778],[-76.94333,-0.96167],[-76.93722,-0.96806],[-76.8675,-0.96111],[-76.85972,-0.95389],[-76.82611,-0.96],[-76.81639,-0.95139],[-76.79583,-0.95722],[-76.79667,-0.96833],[-76.77361,-0.96694],[-76.76861,-0.95611],[-76.74944,-0.97111],[-76.72778,-0.97306],[-76.71139,-0.96389],[-76.70806,-0.97139],[-76.66472,-0.98917],[-76.64083,-0.98639],[-76.63806,-0.97556],[-76.62389,-0.97722],[-76.5975,-0.98694],[-76.59694,-1.01778],[-76.58,-1.00944],[-76.55861,-1.02278],[-76.53944,-1.01611],[-76.52917,-1.02611],[-76.54139,-1.03917],[-76.52278,-1.05833],[-76.54639,-1.07944],[-76.56361,-1.07694],[-76.57194,-1.08444],[-76.63528,-1.09528],[-76.66972,-1.08444],[-76.685,-1.09167],[-76.68056,-1.07139],[-76.71139,-1.07444],[-76.71056,-1.06556],[-76.73389,-1.05639],[-76.73694,-1.03861],[-76.78167,-1.02222],[-76.79306,-1.00694],[-76.79722,-1.01306],[-76.82944,-1.00167],[-76.84556,-1.01083],[-76.865,-0.97694],[-76.88806,-0.98306],[-76.90111,-0.97139],[-76.92306,-0.98083]]]}},{"type":"Feature","properties":{"codigo":1007403250},"geometry":{"type":"Polygon","coordinates":[[[-78.56139,-0.96472],[-78.53083,-0.96361],[-78.50583,-0.97667],[-78.49111,-0.97306],[-78.5075,-1.04028],[-78.51778,-1.055],[-78.57278,-1.05861],[-78.5775,-1.04333],[-78.5975,-1.0425],[-78.59139,-1.03722],[-78.59583,-1.02778],[-78.585,-0.97194],[-78.56417,-0.97083],[-78.56139,-0.96472]]]}},{"type":"Feature","properties":{"codigo":1007403233},"geometry":{"type":"Polygon","coordinates":[[[-78.59861,-1.01],[-78.58194,-0.95611],[-78.56306,-0.96],[-78.56417,-0.97083],[-78.585,-0.97194],[-78.59583,-1.02778],[-78.59139,-1.03722],[-78.63694,-1.04611],[-78.64917,-1.02167],[-78.63417,-1.01028],[-78.59861,-1.01]]]}},{"type":"Feature","properties":{"codigo":1007401829},"geometry":{"type":"Polygon","coordinates":[[[-75.44833,-0.96944],[-75.43194,-0.97861],[-75.40333,-0.97917],[-75.41694,-1.00444],[-75.43028,-0.99722],[-75.43556,-0.98167],[-75.45,-0.98083],[-75.44833,-0.96944]]]}},{"type":"Feature","properties":{"codigo":1007401927},"geometry":{"type":"Polygon","coordinates":[[[-76.92806,-0.97611],[-76.91889,-0.98389],[-76.93111,-0.98722],[-76.93083,-0.99667],[-76.91639,-1.01056],[-76.93167,-1.02472],[-76.93917,-1.01889],[-76.92944,-1.01417],[-76.94333,-1.01306],[-76.94333,-1.00111],[-76.95167,-0.99972],[-76.94361,-0.995],[-76.94722,-0.98444],[-76.92806,-0.97611]]]}},{"type":"Feature","properties":{"codigo":1007401832},"geometry":{"type":"Polygon","coordinates":[[[-75.70528,-0.9275],[-75.69222,-0.9075],[-75.65056,-0.90722],[-75.64917,-0.92917],[-75.6225,-0.955],[-75.61194,-0.95361],[-75.60917,-0.96972],[-75.5725,-0.97917],[-75.5825,-0.99417],[-75.60472,-0.99444],[-75.60639,-1.0075],[-75.62556,-1.02222],[-75.62389,-1.035],[-75.62972,-1.05],[-75.6375,-1.04528],[-75.63472,-1.05972],[-75.64194,-1.0625],[-75.64556,-1.08056],[-75.65333,-1.05778],[-75.66194,-1.05972],[-75.67167,-1.04333],[-75.685,-1.0375],[-75.68361,-0.99472],[-75.70083,-0.97139],[-75.70528,-0.9275]]]}},{"type":"Feature","properties":{"codigo":1007401223},"geometry":{"type":"Polygon","coordinates":[[[-80.5325,-0.97222],[-80.52,-0.98528],[-80.50083,-0.96722],[-80.47611,-0.9725],[-80.46111,-0.95278],[-80.4425,-0.97083],[-80.42778,-0.97194],[-80.43556,-1.03611],[-80.40389,-1.055],[-80.39667,-1.0675],[-80.37667,-1.06611],[-80.35528,-1.07944],[-80.35111,-1.1075],[-80.32417,-1.115],[-80.33083,-1.14028],[-80.39056,-1.17639],[-80.40222,-1.16472],[-80.45083,-1.18694],[-80.48583,-1.18222],[-80.52167,-1.18972],[-80.53639,-1.20056],[-80.53556,-1.17028],[-80.55861,-1.11806],[-80.55222,-1.10889],[-80.57028,-1.09528],[-80.56139,-1.08417],[-80.57278,-1.05583],[-80.55806,-1.05278],[-80.56417,-1.02778],[-80.54694,-1.01528],[-80.5325,-0.97222]]]}},{"type":"Feature","properties":{"codigo":1007401747},"geometry":{"type":"Polygon","coordinates":[[[-77.81528,-0.98111],[-77.79972,-0.99444],[-77.80472,-1.01583],[-77.81306,-1.01472],[-77.81528,-0.98111]]]}},{"type":"Feature","properties":{"codigo":1007403234},"geometry":{"type":"Polygon","coordinates":[[[-78.62611,-0.98694],[-78.60028,-0.99111],[-78.58861,-0.98278],[-78.59833,-1.00778],[-78.62611,-0.98694]]]}},{"type":"Feature","properties":{"codigo":1007401830},"geometry":{"type":"Polygon","coordinates":[[[-75.44833,-0.96944],[-75.45,-0.98083],[-75.43056,-0.98833],[-75.43889,-1.00417],[-75.46472,-1.01583],[-75.47028,-1.025],[-75.465,-1.03139],[-75.48417,-1.03028],[-75.51472,-1.04972],[-75.52778,-1.03417],[-75.5375,-1.04222],[-75.5475,-1.02333],[-75.55722,-1.03361],[-75.57806,-1.02111],[-75.58694,-1.02583],[-75.59417,-1.01722],[-75.6125,-1.01528],[-75.60472,-0.99444],[-75.5925,-0.98972],[-75.58444,-0.995],[-75.57528,-0.98278],[-75.54639,-0.97944],[-75.53306,-0.98444],[-75.52667,-0.99722],[-75.51639,-0.9975],[-75.49111,-0.97972],[-75.48611,-0.9675],[-75.48194,-0.97333],[-75.47611,-0.9675],[-75.47111,-0.97667],[-75.44833,-0.96944]]]}},{"type":"Feature","properties":{"codigo":1007403249},"geometry":{"type":"Polygon","coordinates":[[[-78.7875,-0.98722],[-78.76472,-0.98694],[-78.75722,-0.97306],[-78.71194,-0.9775],[-78.69639,-0.99111],[-78.68139,-0.98833],[-78.67722,-0.99472],[-78.64806,-0.98111],[-78.6325,-1.01028],[-78.64917,-1.02167],[-78.64861,-1.03278],[-78.65889,-1.02722],[-78.67167,-1.03556],[-78.68139,-1.05667],[-78.69167,-1.05861],[-78.70722,-1.05611],[-78.7275,-1.01778],[-78.75056,-1.00667],[-78.775,-1.00861],[-78.80139,-1.02361],[-78.80194,-1.00833],[-78.7875,-0.98722]]]}},{"type":"Feature","properties":{"codigo":1007401772},"geometry":{"type":"Polygon","coordinates":[[[-78.36083,-0.99972],[-78.35917,-0.97917],[-78.345,-0.975],[-78.35,-0.95944],[-78.34167,-0.94833],[-78.32667,-0.9525],[-78.31528,-0.98167],[-78.30389,-0.98194],[-78.28056,-0.96556],[-78.26694,-0.96833],[-78.26194,-0.95861],[-78.22139,-0.96056],[-78.22667,-0.9875],[-78.24639,-0.99111],[-78.25972,-1.01528],[-78.25528,-1.01917],[-78.27167,-1.035],[-78.31222,-1.03556],[-78.32722,-1.04389],[-78.33222,-1.03528],[-78.345,-1.03389],[-78.35028,-1.00944],[-78.36083,-0.99972]]]}},{"type":"Feature","properties":{"codigo":1007401929},"geometry":{"type":"Polygon","coordinates":[[[-77.315,-0.99694],[-77.2825,-1.01056],[-77.19611,-0.98944],[-77.18222,-1.00306],[-77.18278,-1.01194],[-77.17333,-1.00833],[-77.16639,-1.01472],[-77.09639,-1.00306],[-77.06972,-0.99056],[-77.06028,-0.99917],[-77.01389,-0.99333],[-77.00556,-1.00222],[-76.98417,-1.0],[-76.95278,-1.01361],[-76.92944,-1.01444],[-76.93778,-1.01694],[-76.94306,-1.03278],[-77.00861,-1.03694],[-77.01944,-1.045],[-77.04056,-1.04472],[-77.06833,-1.02917],[-77.1275,-1.02861],[-77.14056,-1.03806],[-77.18528,-1.03833],[-77.19361,-1.04639],[-77.2,-1.03722],[-77.215,-1.03528],[-77.22667,-1.04972],[-77.21944,-1.05528],[-77.22611,-1.06139],[-77.27667,-1.06278],[-77.32139,-1.08194],[-77.36111,-1.0725],[-77.37222,-1.05444],[-77.36528,-1.05139],[-77.3725,-1.03861],[-77.36583,-1.01028],[-77.315,-0.99694]]]}},{"type":"Feature","properties":{"codigo":1007401831},"geometry":{"type":"Polygon","coordinates":[[[-75.43194,-0.99333],[-75.41889,-1.005],[-75.45306,-1.05333],[-75.455,-1.06944],[-75.43889,-1.07722],[-75.43833,-1.085],[-75.455,-1.09861],[-75.47056,-1.09028],[-75.50056,-1.09194],[-75.51083,-1.10278],[-75.54361,-1.09556],[-75.565,-1.11139],[-75.59639,-1.11528],[-75.60528,-1.10528],[-75.61806,-1.10972],[-75.63222,-1.10167],[-75.64556,-1.11083],[-75.64806,-1.10389],[-75.66278,-1.10417],[-75.68194,-1.12278],[-75.70139,-1.12111],[-75.69556,-1.11111],[-75.70611,-1.09861],[-75.70056,-1.08778],[-75.64306,-1.07944],[-75.64194,-1.0625],[-75.63472,-1.05972],[-75.6375,-1.04528],[-75.62917,-1.04944],[-75.62639,-1.02389],[-75.61639,-1.01417],[-75.59417,-1.01722],[-75.58694,-1.02583],[-75.57806,-1.02111],[-75.55722,-1.03361],[-75.5475,-1.02333],[-75.5375,-1.04222],[-75.52778,-1.03417],[-75.51472,-1.04972],[-75.48417,-1.03028],[-75.465,-1.03139],[-75.47028,-1.025],[-75.46472,-1.01583],[-75.44194,-1.00722],[-75.43194,-0.99333]]]}},{"type":"Feature","properties":{"codigo":1007401221},"geometry":{"type":"Polygon","coordinates":[[[-80.22833,-0.99806],[-80.20667,-0.99083],[-80.195,-0.99556],[-80.17389,-0.98528],[-80.10861,-0.99167],[-80.07222,-1.02667],[-80.08444,-1.03917],[-80.09278,-1.03306],[-80.10972,-1.03722],[-80.13528,-1.02361],[-80.18361,-1.04167],[-80.19528,-1.03556],[-80.22306,-1.05028],[-80.26639,-1.05],[-80.27556,-1.035],[-80.2475,-1.00583],[-80.22556,-1.00556],[-80.22833,-0.99806]]]}},{"type":"Feature","properties":{"codigo":1007401899},"geometry":{"type":"Polygon","coordinates":[[[-76.02972,-1.01056],[-76.00333,-0.99472],[-75.96889,-1.00861],[-75.95278,-1.00417],[-75.93333,-1.03778],[-75.92306,-1.03389],[-75.91694,-1.04944],[-75.89472,-1.06444],[-75.8775,-1.05083],[-75.86694,-1.05972],[-75.85667,-1.05722],[-75.84833,-1.06528],[-75.85944,-1.07333],[-75.86444,-1.10556],[-75.90167,-1.14167],[-75.91417,-1.14333],[-75.92778,-1.13417],[-75.94611,-1.13556],[-75.96667,-1.11889],[-75.98722,-1.13056],[-76.00194,-1.11889],[-76.04278,-1.12361],[-76.06722,-1.11167],[-76.09944,-1.11278],[-76.13167,-1.09917],[-76.15611,-1.10556],[-76.15917,-1.09472],[-76.14833,-1.08583],[-76.15194,-1.07],[-76.1625,-1.05833],[-76.17389,-1.05806],[-76.17972,-1.0375],[-76.1725,-1.02528],[-76.18528,-1.02028],[-76.17778,-1.00361],[-76.19306,-0.99083],[-76.18361,-0.97472],[-76.15528,-0.97583],[-76.14528,-0.98778],[-76.11861,-0.97306],[-76.09,-0.98667],[-76.08361,-1.0],[-76.05139,-1.01028],[-76.02972,-1.01056]]]}},{"type":"Feature","properties":{"codigo":1007401750},"geometry":{"type":"Polygon","coordinates":[[[-77.79972,-0.99444],[-77.79167,-0.99278],[-77.79389,-1.00111],[-77.785,-1.00278],[-77.78222,-1.01417],[-77.77056,-0.99611],[-77.74722,-0.98778],[-77.69944,-0.98861],[-77.69639,-1.00056],[-77.68306,-1.00639],[-77.68167,-1.02917],[-77.66111,-1.03611],[-77.67667,-1.04722],[-77.68222,-1.0425],[-77.68806,-1.07028],[-77.69917,-1.07222],[-77.71028,-1.06056],[-77.73861,-1.06917],[-77.76972,-1.11444],[-77.7775,-1.11583],[-77.7925,-1.08167],[-77.78139,-1.05417],[-77.80333,-1.0475],[-77.8175,-1.07222],[-77.82694,-1.06861],[-77.82944,-1.05333],[-77.84556,-1.05944],[-77.84583,-1.04972],[-77.86222,-1.04444],[-77.85167,-1.03333],[-77.8375,-1.03667],[-77.82667,-1.01944],[-77.8225,-1.02417],[-77.80472,-1.01583],[-77.79972,-0.99444]]]}},{"type":"Feature","properties":{"codigo":1007401969},"geometry":{"type":"Polygon","coordinates":[[[-77.39083,-1.01361],[-77.36528,-1.01083],[-77.3725,-1.03806],[-77.36528,-1.05139],[-77.37222,-1.05444],[-77.36111,-1.0725],[-77.32194,-1.08194],[-77.30306,-1.07306],[-77.28389,-1.08111],[-77.26472,-1.07306],[-77.2425,-1.095],[-77.23722,-1.09194],[-77.23694,-1.10361],[-77.1525,-1.12778],[-77.15222,-1.135],[-77.11583,-1.15778],[-77.11528,-1.16778],[-77.10556,-1.17139],[-77.10806,-1.18417],[-77.07306,-1.19194],[-77.07556,-1.21083],[-77.06583,-1.22444],[-77.05028,-1.22278],[-77.03,-1.23972],[-76.98583,-1.24944],[-76.98111,-1.26583],[-76.95472,-1.27472],[-76.94694,-1.29111],[-76.96167,-1.29083],[-76.97194,-1.30056],[-76.98778,-1.28472],[-76.99083,-1.31],[-77.01556,-1.31722],[-77.0425,-1.29778],[-77.04583,-1.28222],[-77.06444,-1.27667],[-77.07694,-1.25944],[-77.10056,-1.24694],[-77.11306,-1.23194],[-77.11194,-1.22194],[-77.13694,-1.20361],[-77.13667,-1.195],[-77.19056,-1.16139],[-77.235,-1.15306],[-77.235,-1.145],[-77.30194,-1.10944],[-77.3075,-1.12417],[-77.35,-1.13139],[-77.40694,-1.15639],[-77.44583,-1.15944],[-77.46778,-1.145],[-77.47889,-1.14722],[-77.56361,-1.23861],[-77.62528,-1.26056],[-77.64194,-1.25583],[-77.64944,-1.26583],[-77.6625,-1.26222],[-77.7075,-1.29111],[-77.705,-1.25944],[-77.68306,-1.25278],[-77.66222,-1.22083],[-77.64111,-1.235],[-77.63944,-1.21944],[-77.62472,-1.22444],[-77.60361,-1.20833],[-77.59167,-1.19361],[-77.595,-1.18222],[-77.55111,-1.13972],[-77.53389,-1.10667],[-77.50833,-1.10361],[-77.48389,-1.07139],[-77.47472,-1.07972],[-77.44944,-1.0675],[-77.44333,-1.05139],[-77.42583,-1.045],[-77.41389,-1.02639],[-77.39083,-1.01361]]]}},{"type":"Feature","properties":{"codigo":1007401926},"geometry":{"type":"Polygon","coordinates":[[[-76.92972,-1.02944],[-76.91639,-1.01028],[-76.93139,-0.98833],[-76.91972,-0.98611],[-76.92167,-0.97528],[-76.90111,-0.97139],[-76.88806,-0.98306],[-76.865,-0.97694],[-76.8475,-1.01028],[-76.83361,-1.00944],[-76.82944,-1.00167],[-76.79722,-1.01306],[-76.79306,-1.00694],[-76.78167,-1.02222],[-76.73694,-1.03861],[-76.73389,-1.05639],[-76.71056,-1.06556],[-76.71139,-1.07444],[-76.68056,-1.07139],[-76.685,-1.09167],[-76.66972,-1.08444],[-76.63111,-1.09417],[-76.58889,-1.12806],[-76.58917,-1.13611],[-76.55944,-1.14056],[-76.55667,-1.1475],[-76.54694,-1.14389],[-76.53028,-1.16556],[-76.54444,-1.18278],[-76.57139,-1.1875],[-76.58972,-1.20556],[-76.61472,-1.2025],[-76.61528,-1.19333],[-76.63083,-1.18139],[-76.64778,-1.18833],[-76.65722,-1.18056],[-76.67778,-1.1825],[-76.69,-1.17056],[-76.73222,-1.1675],[-76.73639,-1.15722],[-76.74972,-1.16389],[-76.77917,-1.16194],[-76.81611,-1.1225],[-76.83944,-1.13444],[-76.85167,-1.12639],[-76.8675,-1.12806],[-76.88833,-1.11444],[-76.88889,-1.10472],[-76.91444,-1.09611],[-76.915,-1.08],[-76.93667,-1.06889],[-76.92889,-1.05444],[-76.92972,-1.02944]]]}},{"type":"Feature","properties":{"codigo":1007403251},"geometry":{"type":"Polygon","coordinates":[[[-78.81944,-1.01722],[-78.79694,-1.025],[-78.775,-1.00861],[-78.75056,-1.00667],[-78.7275,-1.01778],[-78.70722,-1.05611],[-78.69167,-1.05861],[-78.68139,-1.05667],[-78.67167,-1.03556],[-78.65833,-1.02722],[-78.6375,-1.0375],[-78.63583,-1.05972],[-78.61528,-1.05778],[-78.60861,-1.06639],[-78.615,-1.07333],[-78.63306,-1.0725],[-78.65139,-1.08694],[-78.66056,-1.12889],[-78.67444,-1.14583],[-78.72528,-1.14972],[-78.7475,-1.13167],[-78.78333,-1.14611],[-78.80833,-1.11139],[-78.83972,-1.10556],[-78.84528,-1.08778],[-78.83806,-1.03639],[-78.8325,-1.02306],[-78.81944,-1.01722]]]}},{"type":"Feature","properties":{"codigo":1007401930},"geometry":{"type":"Polygon","coordinates":[[[-76.94306,-1.03278],[-76.91972,-1.01833],[-76.92972,-1.02944],[-76.93167,-1.06333],[-76.95194,-1.06028],[-76.95222,-1.07194],[-76.98833,-1.06556],[-76.99972,-1.05639],[-77.03972,-1.05778],[-77.11083,-1.03667],[-77.15444,-1.06194],[-77.175,-1.06194],[-77.19222,-1.08056],[-77.22639,-1.07583],[-77.24806,-1.08667],[-77.26472,-1.07306],[-77.27889,-1.08083],[-77.29528,-1.075],[-77.27667,-1.06278],[-77.22611,-1.06139],[-77.21944,-1.05528],[-77.22667,-1.04972],[-77.215,-1.03528],[-77.2,-1.03722],[-77.19361,-1.04639],[-77.18528,-1.03833],[-77.14056,-1.03806],[-77.1275,-1.02861],[-77.06833,-1.02917],[-77.04056,-1.04472],[-77.01944,-1.045],[-77.00861,-1.03694],[-76.94306,-1.03278]]]}},{"type":"Feature","properties":{"codigo":1007401734},"geometry":{"type":"Polygon","coordinates":[[[-77.58056,-1.01861],[-77.56083,-1.01361],[-77.54694,-1.02944],[-77.53556,-1.0275],[-77.51611,-1.01417],[-77.51111,-0.99833],[-77.49778,-1.00222],[-77.48472,-0.99361],[-77.45611,-1.00583],[-77.46667,-1.02611],[-77.46722,-1.05472],[-77.48139,-1.06167],[-77.50833,-1.10361],[-77.53389,-1.10667],[-77.54722,-1.1325],[-77.55361,-1.10889],[-77.51889,-1.06194],[-77.54472,-1.04722],[-77.55278,-1.05222],[-77.55417,-1.04222],[-77.57083,-1.03667],[-77.58056,-1.01861]]]}},{"type":"Feature","properties":{"codigo":1007401755},"geometry":{"type":"Polygon","coordinates":[[[-77.96528,-0.99389],[-77.93389,-1.03056],[-77.94139,-1.0625],[-77.92694,-1.08333],[-77.93306,-1.09444],[-77.9725,-1.10694],[-77.98583,-1.12472],[-78.00778,-1.10417],[-77.98278,-1.05889],[-77.98833,-1.04],[-77.96528,-0.99389]]]}},{"type":"Feature","properties":{"codigo":1007401736},"geometry":{"type":"Polygon","coordinates":[[[-77.57806,-1.03278],[-77.56194,-1.04167],[-77.55167,-1.06917],[-77.5725,-1.06194],[-77.58444,-1.06778],[-77.59944,-1.05944],[-77.57806,-1.03278]]]}},{"type":"Feature","properties":{"codigo":1007401768},"geometry":{"type":"Polygon","coordinates":[[[-78.15833,-0.93972],[-78.09222,-0.96417],[-78.07444,-0.98917],[-78.06444,-1.00583],[-78.07028,-1.06861],[-78.09167,-1.06778],[-78.09222,-1.05083],[-78.12472,-1.03083],[-78.13944,-1.03528],[-78.16306,-0.96194],[-78.15833,-0.93972]]]}},{"type":"Feature","properties":{"codigo":1007401769},"geometry":{"type":"Polygon","coordinates":[[[-78.13917,-1.03556],[-78.12472,-1.03083],[-78.09222,-1.05083],[-78.09167,-1.06778],[-78.07056,-1.06778],[-78.07389,-1.11917],[-78.08806,-1.13528],[-78.11083,-1.11167],[-78.11139,-1.06583],[-78.13917,-1.03556]]]}},{"type":"Feature","properties":{"codigo":1007401738},"geometry":{"type":"Polygon","coordinates":[[[-77.67667,-1.04722],[-77.64583,-1.01111],[-77.61139,-1.01667],[-77.60306,-1.03694],[-77.58222,-1.03222],[-77.57806,-1.03278],[-77.59,-1.05111],[-77.60056,-1.04917],[-77.625,-1.07306],[-77.68722,-1.07111],[-77.68306,-1.04361],[-77.67667,-1.04722]]]}},{"type":"Feature","properties":{"codigo":1007401228},"geometry":{"type":"Polygon","coordinates":[[[-80.09083,-1.05111],[-80.07167,-1.02083],[-80.02861,-1.02056],[-80.01333,-1.025],[-80.01306,-1.05694],[-79.995,-1.05472],[-79.99556,-1.06472],[-80.01611,-1.0775],[-80.025,-1.10111],[-80.04778,-1.11583],[-80.04667,-1.12528],[-80.05861,-1.13528],[-80.07917,-1.13444],[-80.08083,-1.14861],[-80.10667,-1.14472],[-80.11889,-1.15556],[-80.125,-1.145],[-80.185,-1.13083],[-80.21194,-1.14889],[-80.20944,-1.15806],[-80.23167,-1.16972],[-80.235,-1.18139],[-80.22667,-1.19417],[-80.23306,-1.20639],[-80.28361,-1.21778],[-80.31,-1.21194],[-80.31861,-1.21944],[-80.35389,-1.20306],[-80.35361,-1.19222],[-80.32778,-1.1825],[-80.34,-1.16778],[-80.34167,-1.15028],[-80.31306,-1.10833],[-80.29528,-1.11],[-80.28639,-1.09556],[-80.25806,-1.08639],[-80.23361,-1.09111],[-80.22417,-1.07944],[-80.21528,-1.08611],[-80.16611,-1.08722],[-80.14222,-1.06667],[-80.12806,-1.07222],[-80.09083,-1.05111]]]}},{"type":"Feature","properties":{"codigo":1007402120},"geometry":{"type":"Polygon","coordinates":[[[-79.64278,-1.08611],[-79.63028,-1.02778],[-79.62278,-1.03028],[-79.59611,-1.01028],[-79.58861,-0.99306],[-79.57444,-0.99278],[-79.56333,-0.97361],[-79.54056,-0.96222],[-79.52583,-0.93361],[-79.50556,-0.93],[-79.50083,-0.90528],[-79.48972,-0.9075],[-79.48639,-0.93583],[-79.4925,-0.94556],[-79.47361,-0.95917],[-79.46194,-0.98917],[-79.46611,-1.01583],[-79.48361,-1.03194],[-79.47472,-1.03889],[-79.48611,-1.03806],[-79.48861,-1.04472],[-79.48111,-1.05583],[-79.49028,-1.06361],[-79.48806,-1.0775],[-79.51361,-1.08167],[-79.51528,-1.075],[-79.5325,-1.0725],[-79.55278,-1.08639],[-79.56889,-1.07167],[-79.60417,-1.07583],[-79.60028,-1.09139],[-79.60917,-1.11444],[-79.64306,-1.12333],[-79.67917,-1.17194],[-79.68278,-1.18972],[-79.72833,-1.21333],[-79.73722,-1.24028],[-79.7575,-1.255],[-79.75694,-1.26778],[-79.77417,-1.29722],[-79.76806,-1.31528],[-79.77972,-1.32028],[-79.78806,-1.34361],[-79.81417,-1.35889],[-79.81389,-1.3675],[-79.83111,-1.37722],[-79.84417,-1.39722],[-79.85222,-1.39528],[-79.84806,-1.3775],[-79.85639,-1.36111],[-79.84556,-1.35917],[-79.8475,-1.32222],[-79.81389,-1.29389],[-79.79556,-1.29111],[-79.78028,-1.27389],[-79.77528,-1.23889],[-79.75528,-1.22],[-79.75861,-1.19778],[-79.75472,-1.18167],[-79.74389,-1.17583],[-79.74583,-1.16556],[-79.72667,-1.16389],[-79.71972,-1.14194],[-79.69361,-1.13222],[-79.68306,-1.11111],[-79.65111,-1.10028],[-79.64278,-1.08611]]]}},{"type":"Feature","properties":{"codigo":1007401774},"geometry":{"type":"Polygon","coordinates":[[[-78.32667,-1.04389],[-78.31222,-1.03556],[-78.28972,-1.03889],[-78.25861,-1.0675],[-78.23389,-1.05444],[-78.19833,-1.07917],[-78.16944,-1.06667],[-78.16278,-1.08306],[-78.16694,-1.11111],[-78.22722,-1.13222],[-78.24639,-1.15444],[-78.26472,-1.15417],[-78.26639,-1.13917],[-78.30611,-1.14139],[-78.32167,-1.16028],[-78.33944,-1.165],[-78.34028,-1.17333],[-78.35083,-1.1725],[-78.35917,-1.16028],[-78.33806,-1.13556],[-78.335,-1.10944],[-78.34333,-1.0975],[-78.33278,-1.08472],[-78.32667,-1.04389]]]}},{"type":"Feature","properties":{"codigo":1007403232},"geometry":{"type":"Polygon","coordinates":[[[-78.63694,-1.04611],[-78.60306,-1.03667],[-78.5775,-1.04333],[-78.57278,-1.05861],[-78.63583,-1.05972],[-78.63694,-1.04611]]]}},{"type":"Feature","properties":{"codigo":1007401754},"geometry":{"type":"Polygon","coordinates":[[[-77.93389,-1.03278],[-77.90972,-1.03056],[-77.88194,-1.04806],[-77.86306,-1.04278],[-77.84583,-1.04972],[-77.84556,-1.05944],[-77.82944,-1.05333],[-77.82694,-1.06861],[-77.8175,-1.07222],[-77.80417,-1.05056],[-77.80056,-1.07611],[-77.825,-1.09944],[-77.83583,-1.09528],[-77.88972,-1.10778],[-77.89389,-1.12306],[-77.91111,-1.10639],[-77.92972,-1.105],[-77.92722,-1.08028],[-77.94139,-1.0625],[-77.93389,-1.03278]]]}},{"type":"Feature","properties":{"codigo":1007402064},"geometry":{"type":"Polygon","coordinates":[[[-79.90556,-1.02056],[-79.88417,-1.0225],[-79.85944,-1.00917],[-79.84389,-1.01333],[-79.83139,-1.0475],[-79.86944,-1.06417],[-79.87556,-1.07694],[-79.90611,-1.09722],[-79.94917,-1.0825],[-79.96806,-1.08417],[-79.97139,-1.07111],[-79.98111,-1.07],[-79.93694,-1.05083],[-79.90556,-1.02056]]]}},{"type":"Feature","properties":{"codigo":1007401246},"geometry":{"type":"Polygon","coordinates":[[[-80.70889,-0.96056],[-80.69861,-0.9575],[-80.69722,-0.94778],[-80.66028,-0.93278],[-80.655,-0.97444],[-80.66417,-0.9925],[-80.65139,-1.02111],[-80.63389,-1.02556],[-80.62222,-1.03972],[-80.57722,-1.04472],[-80.56889,-1.05083],[-80.57556,-1.06556],[-80.6275,-1.07111],[-80.70222,-1.04639],[-80.705,-1.03389],[-80.68639,-1.01111],[-80.6975,-1.0075],[-80.69556,-0.98111],[-80.70889,-0.96056]]]}},{"type":"Feature","properties":{"codigo":1007401222},"geometry":{"type":"Polygon","coordinates":[[[-80.26583,-1.05],[-80.22306,-1.05028],[-80.19528,-1.03556],[-80.18361,-1.04167],[-80.13528,-1.02361],[-80.10972,-1.03722],[-80.09278,-1.03306],[-80.08639,-1.03861],[-80.09083,-1.05111],[-80.12806,-1.07222],[-80.14222,-1.06667],[-80.16611,-1.08722],[-80.21528,-1.08611],[-80.22417,-1.07944],[-80.23361,-1.09111],[-80.24639,-1.09083],[-80.26583,-1.05]]]}},{"type":"Feature","properties":{"codigo":1007401735},"geometry":{"type":"Polygon","coordinates":[[[-77.56194,-1.04167],[-77.55417,-1.04222],[-77.55222,-1.0525],[-77.54472,-1.04722],[-77.53722,-1.05361],[-77.54222,-1.07139],[-77.555,-1.06889],[-77.55056,-1.06111],[-77.56194,-1.04167]]]}},{"type":"Feature","properties":{"codigo":1007401767},"geometry":{"type":"Polygon","coordinates":[[[-78.06583,-1.03472],[-78.03667,-1.05583],[-77.98278,-1.05667],[-78.00528,-1.10306],[-78.03444,-1.10889],[-78.05139,-1.12694],[-78.07444,-1.12028],[-78.06722,-1.06333],[-78.0725,-1.04611],[-78.06583,-1.03472]]]}},{"type":"Feature","properties":{"codigo":1007402207},"geometry":{"type":"Polygon","coordinates":[[[-78.99833,-1.06],[-78.96556,-1.04833],[-78.93722,-1.02389],[-78.915,-1.02306],[-78.90611,-1.03472],[-78.88472,-1.02389],[-78.88083,-1.04444],[-78.85111,-1.06194],[-78.84028,-1.07833],[-78.84583,-1.08639],[-78.87583,-1.06972],[-78.90917,-1.07222],[-78.92,-1.08278],[-78.95111,-1.07583],[-78.96944,-1.10083],[-79.02694,-1.1275],[-79.00806,-1.10111],[-79.01028,-1.08861],[-78.99528,-1.07417],[-78.99833,-1.06]]]}},{"type":"Feature","properties":{"codigo":1007403231},"geometry":{"type":"Polygon","coordinates":[[[-78.60833,-1.06111],[-78.58472,-1.05694],[-78.57639,-1.07556],[-78.59611,-1.08889],[-78.61028,-1.06917],[-78.60833,-1.06111]]]}},{"type":"Feature","properties":{"codigo":1007401898},"geometry":{"type":"Polygon","coordinates":[[[-75.85944,-1.07333],[-75.81528,-1.05417],[-75.78278,-1.07472],[-75.76833,-1.11167],[-75.755,-1.10833],[-75.75417,-1.11583],[-75.73667,-1.11528],[-75.71417,-1.12917],[-75.705,-1.11806],[-75.68194,-1.12278],[-75.66278,-1.10417],[-75.64806,-1.10389],[-75.64556,-1.11083],[-75.63222,-1.10167],[-75.61806,-1.10972],[-75.60528,-1.10528],[-75.59639,-1.11528],[-75.565,-1.11139],[-75.54361,-1.09556],[-75.51083,-1.10278],[-75.50056,-1.09194],[-75.47056,-1.09028],[-75.45583,-1.09889],[-75.44361,-1.09306],[-75.4375,-1.07583],[-75.41306,-1.08167],[-75.40833,-1.06417],[-75.38833,-1.07472],[-75.38139,-1.06972],[-75.33611,-1.07917],[-75.31028,-1.06861],[-75.2925,-1.08583],[-75.29278,-1.095],[-75.26611,-1.11472],[-75.2575,-1.12972],[-75.25472,-1.16472],[-75.23639,-1.17472],[-75.22722,-1.20222],[-75.19028,-1.21972],[-75.19194,-1.23528],[-75.16889,-1.25722],[-75.16556,-1.29833],[-75.18333,-1.30778],[-75.18861,-1.32472],[-75.17306,-1.33528],[-75.18028,-1.34833],[-75.17917,-1.37667],[-75.21611,-1.38889],[-75.21889,-1.38],[-75.23917,-1.37472],[-75.25111,-1.38889],[-75.28111,-1.33639],[-75.27972,-1.31167],[-75.28972,-1.30639],[-75.29861,-1.26417],[-75.3325,-1.27194],[-75.34944,-1.26472],[-75.35861,-1.27111],[-75.36333,-1.25194],[-75.3875,-1.25194],[-75.38611,-1.23833],[-75.40194,-1.23556],[-75.4025,-1.21667],[-75.42167,-1.20722],[-75.44222,-1.21694],[-75.45278,-1.20028],[-75.45556,-1.2075],[-75.47389,-1.20528],[-75.48639,-1.23028],[-75.51333,-1.215],[-75.53972,-1.21861],[-75.54861,-1.2275],[-75.59028,-1.23083],[-75.6225,-1.21611],[-75.64389,-1.23278],[-75.67222,-1.23667],[-75.67861,-1.25333],[-75.72472,-1.25361],[-75.73278,-1.27417],[-75.75861,-1.26861],[-75.78222,-1.27611],[-75.78417,-1.29222],[-75.79361,-1.29389],[-75.82389,-1.27528],[-75.8225,-1.26778],[-75.83694,-1.26417],[-75.83472,-1.25306],[-75.87222,-1.23306],[-75.89694,-1.24056],[-75.90694,-1.22833],[-75.88278,-1.18333],[-75.88472,-1.14778],[-75.875,-1.12583],[-75.88083,-1.11889],[-75.86444,-1.10556],[-75.85944,-1.07333]]]}},{"type":"Feature","properties":{"codigo":1007401770},"geometry":{"type":"Polygon","coordinates":[[[-78.16944,-1.06667],[-78.13917,-1.03556],[-78.11139,-1.06583],[-78.12389,-1.09417],[-78.14944,-1.1125],[-78.16639,-1.10972],[-78.16278,-1.08306],[-78.16944,-1.06667]]]}},{"type":"Feature","properties":{"codigo":1007402063},"geometry":{"type":"Polygon","coordinates":[[[-79.83389,-1.05056],[-79.83111,-1.0625],[-79.82194,-1.05833],[-79.81083,-1.06694],[-79.81583,-1.08222],[-79.85028,-1.09556],[-79.85611,-1.11222],[-79.86472,-1.11083],[-79.87333,-1.12528],[-79.88139,-1.11722],[-79.88639,-1.1275],[-79.90944,-1.13889],[-79.915,-1.12778],[-79.90222,-1.12028],[-79.90917,-1.09722],[-79.87556,-1.07694],[-79.86944,-1.06417],[-79.83389,-1.05056]]]}},{"type":"Feature","properties":{"codigo":1007402098},"geometry":{"type":"Polygon","coordinates":[[[-79.99667,-1.06528],[-79.97194,-1.07056],[-79.96806,-1.08417],[-79.94917,-1.0825],[-79.90917,-1.0975],[-79.90222,-1.12028],[-79.91389,-1.12556],[-79.90861,-1.13917],[-79.9275,-1.1675],[-79.94972,-1.16778],[-79.95528,-1.15361],[-79.99611,-1.15417],[-80.01167,-1.13806],[-80.04667,-1.12472],[-80.04778,-1.11583],[-80.025,-1.10111],[-80.01611,-1.0775],[-79.99667,-1.06528]]]}},{"type":"Feature","properties":{"codigo":1007402099},"geometry":{"type":"Polygon","coordinates":[[[-79.81083,-1.06694],[-79.80028,-1.08472],[-79.82083,-1.105],[-79.8275,-1.1325],[-79.81722,-1.14111],[-79.83389,-1.14833],[-79.84056,-1.17167],[-79.85806,-1.18917],[-79.87861,-1.19167],[-79.88972,-1.20833],[-79.90722,-1.21333],[-79.9175,-1.18583],[-79.90139,-1.16694],[-79.90222,-1.1325],[-79.88639,-1.1275],[-79.88139,-1.11722],[-79.87056,-1.12333],[-79.86472,-1.11083],[-79.85611,-1.11222],[-79.85028,-1.09556],[-79.81667,-1.08306],[-79.81083,-1.06694]]]}},{"type":"Feature","properties":{"codigo":1007402060},"geometry":{"type":"Polygon","coordinates":[[[-79.80528,-1.06806],[-79.78028,-1.03833],[-79.76389,-1.04722],[-79.76194,-1.06194],[-79.74972,-1.06222],[-79.75306,-1.11583],[-79.78222,-1.16306],[-79.77944,-1.18222],[-79.795,-1.18639],[-79.80694,-1.21333],[-79.83111,-1.21167],[-79.85444,-1.22806],[-79.86472,-1.25333],[-79.88556,-1.25333],[-79.89278,-1.26806],[-79.90389,-1.25444],[-79.9025,-1.23833],[-79.87972,-1.21],[-79.88861,-1.20111],[-79.87861,-1.19167],[-79.85806,-1.18917],[-79.84056,-1.17167],[-79.83389,-1.14833],[-79.81722,-1.14111],[-79.8275,-1.13139],[-79.81833,-1.09972],[-79.80056,-1.08639],[-79.80528,-1.06806]]]}},{"type":"Feature","properties":{"codigo":1007401247},"geometry":{"type":"Polygon","coordinates":[[[-80.86056,-1.06889],[-80.83222,-1.05944],[-80.82861,-1.06917],[-80.815,-1.06611],[-80.77222,-0.98167],[-80.75944,-0.97111],[-80.75917,-0.95889],[-80.71667,-0.95],[-80.69556,-0.98111],[-80.6975,-1.0075],[-80.68639,-1.01111],[-80.69889,-1.02111],[-80.70472,-1.04389],[-80.68917,-1.05333],[-80.67111,-1.05222],[-80.66778,-1.06194],[-80.65167,-1.06],[-80.62,-1.07194],[-80.60556,-1.06389],[-80.57611,-1.06583],[-80.57028,-1.0575],[-80.56917,-1.07667],[-80.56139,-1.08417],[-80.57028,-1.09528],[-80.55222,-1.10889],[-80.55861,-1.11806],[-80.54778,-1.14056],[-80.59528,-1.16222],[-80.59694,-1.14917],[-80.61194,-1.13417],[-80.63278,-1.13],[-80.66278,-1.09556],[-80.69417,-1.08833],[-80.69917,-1.11111],[-80.74,-1.09889],[-80.75722,-1.11472],[-80.77,-1.11472],[-80.78417,-1.1],[-80.82861,-1.09194],[-80.86056,-1.06889]]]}},{"type":"Feature","properties":{"codigo":1007401777},"geometry":{"type":"Polygon","coordinates":[[[-77.59833,-1.05139],[-77.59944,-1.05944],[-77.58444,-1.06778],[-77.5725,-1.06194],[-77.55139,-1.06917],[-77.55194,-1.07556],[-77.56917,-1.08806],[-77.57917,-1.11861],[-77.60111,-1.1475],[-77.61222,-1.15139],[-77.61111,-1.16528],[-77.62639,-1.16889],[-77.63639,-1.18278],[-77.64694,-1.18278],[-77.65028,-1.19722],[-77.66639,-1.20139],[-77.67361,-1.18972],[-77.66333,-1.16861],[-77.63056,-1.13694],[-77.63694,-1.12722],[-77.63,-1.115],[-77.63833,-1.10472],[-77.62806,-1.08389],[-77.63306,-1.07306],[-77.59833,-1.05139]]]}},{"type":"Feature","properties":{"codigo":1007401782},"geometry":{"type":"Polygon","coordinates":[[[-77.55167,-1.07056],[-77.54083,-1.07028],[-77.53972,-1.05611],[-77.51889,-1.06194],[-77.55361,-1.10889],[-77.54806,-1.13472],[-77.595,-1.18222],[-77.5925,-1.19611],[-77.62472,-1.22444],[-77.63944,-1.21944],[-77.64,-1.23472],[-77.65694,-1.22139],[-77.66861,-1.22167],[-77.66972,-1.20306],[-77.65028,-1.19722],[-77.64667,-1.1825],[-77.64083,-1.18528],[-77.62639,-1.16889],[-77.61111,-1.16528],[-77.61222,-1.15139],[-77.60111,-1.1475],[-77.57917,-1.11861],[-77.56917,-1.08806],[-77.55167,-1.07056]]]}},{"type":"Feature","properties":{"codigo":1007401778},"geometry":{"type":"Polygon","coordinates":[[[-77.69917,-1.07222],[-77.64528,-1.07722],[-77.63194,-1.07139],[-77.62806,-1.08389],[-77.63556,-1.11],[-77.65417,-1.12333],[-77.67972,-1.12167],[-77.69333,-1.13028],[-77.71694,-1.16306],[-77.72472,-1.18528],[-77.72028,-1.19833],[-77.82861,-1.30083],[-77.86278,-1.32056],[-77.89,-1.32056],[-77.87583,-1.29028],[-77.85917,-1.27583],[-77.85528,-1.24056],[-77.8375,-1.215],[-77.83278,-1.18889],[-77.81722,-1.17],[-77.7775,-1.15389],[-77.77583,-1.13333],[-77.765,-1.1225],[-77.77583,-1.11583],[-77.75167,-1.0925],[-77.74944,-1.07917],[-77.71111,-1.06056],[-77.69917,-1.07222]]]}},{"type":"Feature","properties":{"codigo":1007402128},"geometry":{"type":"Polygon","coordinates":[[[-79.55306,-1.11444],[-79.5325,-1.0725],[-79.52583,-1.07528],[-79.52417,-1.11278],[-79.54806,-1.12806],[-79.55222,-1.14556],[-79.54472,-1.15056],[-79.55778,-1.15306],[-79.58333,-1.20889],[-79.60889,-1.22889],[-79.61528,-1.26556],[-79.63361,-1.27556],[-79.63194,-1.29694],[-79.65139,-1.31333],[-79.66944,-1.31361],[-79.69917,-1.33833],[-79.71444,-1.33],[-79.71833,-1.30806],[-79.70167,-1.29861],[-79.68917,-1.28028],[-79.68917,-1.26583],[-79.65167,-1.22778],[-79.64694,-1.21167],[-79.6275,-1.20667],[-79.62444,-1.19389],[-79.59306,-1.16722],[-79.58806,-1.14028],[-79.57306,-1.13111],[-79.56444,-1.11389],[-79.55306,-1.11444]]]}},{"type":"Feature","properties":{"codigo":1007402129},"geometry":{"type":"Polygon","coordinates":[[[-79.52583,-1.07528],[-79.51472,-1.07528],[-79.51361,-1.08167],[-79.49972,-1.07444],[-79.49306,-1.07861],[-79.50083,-1.13417],[-79.51889,-1.15472],[-79.51056,-1.18667],[-79.52528,-1.19278],[-79.5425,-1.22556],[-79.55222,-1.22444],[-79.57778,-1.26028],[-79.59083,-1.25917],[-79.60806,-1.29306],[-79.64167,-1.31611],[-79.64222,-1.32528],[-79.65944,-1.32083],[-79.66167,-1.3325],[-79.69806,-1.34111],[-79.66944,-1.31361],[-79.65139,-1.31333],[-79.63194,-1.29694],[-79.63361,-1.27556],[-79.61528,-1.26556],[-79.60889,-1.22889],[-79.58333,-1.20889],[-79.55778,-1.15306],[-79.54472,-1.15056],[-79.55222,-1.14556],[-79.54806,-1.12806],[-79.52417,-1.11278],[-79.52583,-1.07528]]]}},{"type":"Feature","properties":{"codigo":1007401934},"geometry":{"type":"Polygon","coordinates":[[[-77.24611,-1.08639],[-77.22639,-1.07583],[-77.19222,-1.08056],[-77.175,-1.06194],[-77.15444,-1.06194],[-77.12083,-1.0375],[-77.10667,-1.03667],[-77.03972,-1.05778],[-76.99972,-1.05639],[-76.96472,-1.07111],[-76.95222,-1.07194],[-76.95278,-1.06083],[-76.93944,-1.05778],[-76.93611,-1.07028],[-76.915,-1.08],[-76.91444,-1.09611],[-76.88889,-1.10472],[-76.88833,-1.11444],[-76.8675,-1.12806],[-76.85167,-1.12639],[-76.83861,-1.13667],[-76.85722,-1.16611],[-76.875,-1.15972],[-76.88611,-1.16694],[-76.90056,-1.16722],[-76.92722,-1.14806],[-77.02056,-1.15083],[-77.03306,-1.14194],[-77.08,-1.13556],[-77.1075,-1.14417],[-77.11806,-1.13667],[-77.14861,-1.1375],[-77.16556,-1.12111],[-77.18944,-1.12222],[-77.19444,-1.11472],[-77.23694,-1.10361],[-77.23722,-1.09194],[-77.2425,-1.095],[-77.24611,-1.08639]]]}},{"type":"Feature","properties":{"codigo":1007402206},"geometry":{"type":"Polygon","coordinates":[[[-79.15444,-1.08889],[-79.14611,-1.0675],[-79.09833,-1.06889],[-79.08667,-1.05611],[-79.05417,-1.04806],[-79.03583,-1.06944],[-78.99806,-1.06],[-78.99528,-1.07417],[-79.0275,-1.12528],[-79.02833,-1.14194],[-79.00361,-1.16028],[-79.0425,-1.16833],[-79.05167,-1.15639],[-79.06583,-1.155],[-79.07667,-1.13611],[-79.10389,-1.13639],[-79.11722,-1.14861],[-79.13639,-1.15111],[-79.14306,-1.145],[-79.15139,-1.15472],[-79.21917,-1.17111],[-79.24944,-1.18833],[-79.26083,-1.20556],[-79.25944,-1.19111],[-79.23417,-1.16889],[-79.20111,-1.15472],[-79.17667,-1.15639],[-79.14361,-1.11667],[-79.14528,-1.09722],[-79.15444,-1.08889]]]}},{"type":"Feature","properties":{"codigo":1007403229},"geometry":{"type":"Polygon","coordinates":[[[-78.61028,-1.06917],[-78.59111,-1.08889],[-78.56583,-1.0675],[-78.53361,-1.06389],[-78.535,-1.08167],[-78.52583,-1.09833],[-78.51056,-1.09333],[-78.50111,-1.09944],[-78.50028,-1.11944],[-78.4925,-1.125],[-78.49472,-1.14778],[-78.45167,-1.15917],[-78.47861,-1.17222],[-78.48,-1.18361],[-78.50167,-1.20028],[-78.51306,-1.22944],[-78.53806,-1.23333],[-78.565,-1.21389],[-78.57,-1.20056],[-78.59,-1.20028],[-78.59139,-1.18611],[-78.62083,-1.18528],[-78.63,-1.16639],[-78.65333,-1.14806],[-78.67111,-1.15361],[-78.67306,-1.14111],[-78.66056,-1.12889],[-78.6525,-1.08833],[-78.63306,-1.0725],[-78.61028,-1.06917]]]}},{"type":"Feature","properties":{"codigo":1007401923},"geometry":{"type":"Polygon","coordinates":[[[-76.63056,-1.09444],[-76.57194,-1.08444],[-76.56361,-1.07694],[-76.5425,-1.07833],[-76.52167,-1.05806],[-76.49889,-1.08056],[-76.475,-1.07222],[-76.46778,-1.07917],[-76.45,-1.07722],[-76.43722,-1.0975],[-76.43778,-1.11556],[-76.44806,-1.12556],[-76.43833,-1.13083],[-76.48361,-1.15278],[-76.49278,-1.14139],[-76.52972,-1.16556],[-76.54694,-1.14389],[-76.55667,-1.1475],[-76.55944,-1.14056],[-76.58917,-1.13611],[-76.58889,-1.12806],[-76.63056,-1.09444]]]}},{"type":"Feature","properties":{"codigo":1007401900},"geometry":{"type":"Polygon","coordinates":[[[-76.43083,-1.0175],[-76.41917,-1.00861],[-76.40917,-1.01472],[-76.38056,-1.0125],[-76.37056,-1.02611],[-76.37861,-1.04528],[-76.36167,-1.05806],[-76.31778,-1.03944],[-76.26917,-1.06778],[-76.24056,-1.06],[-76.23972,-1.05111],[-76.22556,-1.05278],[-76.20444,-1.0775],[-76.17083,-1.08889],[-76.15417,-1.10611],[-76.13167,-1.09917],[-76.09944,-1.11278],[-76.06722,-1.11167],[-76.04278,-1.12361],[-76.00194,-1.11889],[-75.98722,-1.13056],[-75.96667,-1.11889],[-75.94611,-1.13556],[-75.92778,-1.13417],[-75.91611,-1.14333],[-75.90167,-1.14167],[-75.8775,-1.12139],[-75.88361,-1.18667],[-75.90806,-1.22833],[-75.9175,-1.21583],[-75.98333,-1.21556],[-76.00333,-1.20194],[-76.02861,-1.21556],[-76.05917,-1.19056],[-76.06917,-1.18944],[-76.07361,-1.20194],[-76.09694,-1.18306],[-76.10139,-1.21306],[-76.11472,-1.22056],[-76.12417,-1.20861],[-76.13861,-1.22361],[-76.13722,-1.20833],[-76.145,-1.20889],[-76.14361,-1.19167],[-76.15083,-1.18778],[-76.14139,-1.18083],[-76.14778,-1.16361],[-76.18361,-1.16361],[-76.19278,-1.15528],[-76.22778,-1.15833],[-76.24056,-1.15083],[-76.24583,-1.15694],[-76.26778,-1.15167],[-76.28,-1.1575],[-76.30778,-1.145],[-76.30611,-1.13139],[-76.31722,-1.13056],[-76.31889,-1.13778],[-76.34111,-1.12917],[-76.35222,-1.14111],[-76.39222,-1.125],[-76.40639,-1.13056],[-76.42083,-1.12361],[-76.43333,-1.13111],[-76.4475,-1.12639],[-76.41417,-1.05778],[-76.43083,-1.0175]]]}},{"type":"Feature","properties":{"codigo":1007401776},"geometry":{"type":"Polygon","coordinates":[[[-77.92778,-1.08833],[-77.92972,-1.10472],[-77.93944,-1.10583],[-77.93083,-1.15639],[-77.93778,-1.16306],[-77.96889,-1.16611],[-77.97472,-1.17472],[-77.99639,-1.15611],[-78.01167,-1.16889],[-78.02861,-1.16083],[-78.06028,-1.17833],[-78.08139,-1.20111],[-78.09667,-1.18083],[-78.115,-1.18222],[-78.11167,-1.15444],[-78.07944,-1.12139],[-78.05139,-1.12694],[-78.03444,-1.10889],[-78.01,-1.10306],[-77.98528,-1.12472],[-77.96167,-1.09972],[-77.92778,-1.08833]]]}},{"type":"Feature","properties":{"codigo":1007401775},"geometry":{"type":"Polygon","coordinates":[[[-78.20556,-1.12167],[-78.13667,-1.10694],[-78.11611,-1.08028],[-78.10694,-1.08667],[-78.11083,-1.11167],[-78.09194,-1.13667],[-78.11472,-1.15972],[-78.11444,-1.18472],[-78.12139,-1.19139],[-78.13417,-1.18167],[-78.18833,-1.1825],[-78.19,-1.15833],[-78.22917,-1.13889],[-78.20556,-1.12167]]]}},{"type":"Feature","properties":{"codigo":1007401751},"geometry":{"type":"Polygon","coordinates":[[[-77.80444,-1.05056],[-77.795,-1.04528],[-77.78083,-1.05472],[-77.7925,-1.08167],[-77.77472,-1.12111],[-77.765,-1.1225],[-77.77583,-1.13333],[-77.7775,-1.15389],[-77.81722,-1.17],[-77.83278,-1.18889],[-77.84944,-1.23694],[-77.91083,-1.23389],[-77.92333,-1.21639],[-77.92222,-1.1975],[-77.93778,-1.20667],[-77.9675,-1.1925],[-77.96972,-1.16667],[-77.94833,-1.16833],[-77.93083,-1.15694],[-77.93889,-1.10472],[-77.91111,-1.10639],[-77.89361,-1.12306],[-77.88972,-1.10778],[-77.83583,-1.09528],[-77.825,-1.09944],[-77.80056,-1.07611],[-77.80444,-1.05056]]]}},{"type":"Feature","properties":{"codigo":1007402194},"geometry":{"type":"Polygon","coordinates":[[[-79.41778,-1.09667],[-79.39639,-1.11611],[-79.40528,-1.1525],[-79.39889,-1.18583],[-79.42278,-1.19694],[-79.42861,-1.21167],[-79.41556,-1.21722],[-79.43583,-1.25806],[-79.42583,-1.28139],[-79.43528,-1.29],[-79.42917,-1.30444],[-79.43306,-1.34889],[-79.41944,-1.37639],[-79.43333,-1.38444],[-79.44139,-1.35222],[-79.45472,-1.35389],[-79.45167,-1.33583],[-79.48667,-1.29583],[-79.49167,-1.27444],[-79.47889,-1.26639],[-79.48028,-1.25417],[-79.47028,-1.25222],[-79.47889,-1.22694],[-79.47417,-1.21278],[-79.46056,-1.21167],[-79.46028,-1.19],[-79.44556,-1.18611],[-79.44889,-1.17611],[-79.43444,-1.17333],[-79.4225,-1.14667],[-79.43611,-1.13444],[-79.43556,-1.11611],[-79.44556,-1.10944],[-79.43361,-1.10417],[-79.43083,-1.08806],[-79.43,-1.11222],[-79.41944,-1.10694],[-79.41778,-1.09667]]]}},{"type":"Feature","properties":{"codigo":1007402203},"geometry":{"type":"Polygon","coordinates":[[[-79.37389,-1.12583],[-79.37583,-1.11417],[-79.36389,-1.10694],[-79.36417,-1.09],[-79.37056,-1.09],[-79.36417,-1.06389],[-79.36889,-1.02278],[-79.35417,-0.98333],[-79.32,-0.97639],[-79.30972,-0.98444],[-79.29694,-0.97194],[-79.27028,-0.98028],[-79.26,-0.99111],[-79.27722,-0.98639],[-79.30944,-1.00889],[-79.31583,-1.04833],[-79.32333,-1.05],[-79.31833,-1.06139],[-79.33472,-1.07444],[-79.3325,-1.09083],[-79.34694,-1.11306],[-79.34333,-1.125],[-79.35889,-1.11889],[-79.37389,-1.12583]]]}},{"type":"Feature","properties":{"codigo":1007402198},"geometry":{"type":"Polygon","coordinates":[[[-79.37806,-1.15333],[-79.35806,-1.11889],[-79.34389,-1.13056],[-79.32778,-1.13083],[-79.31722,-1.16611],[-79.35111,-1.16694],[-79.35944,-1.15611],[-79.37806,-1.15333]]]}},{"type":"Feature","properties":{"codigo":1007402208},"geometry":{"type":"Polygon","coordinates":[[[-79.02667,-1.1275],[-78.96944,-1.10083],[-78.95111,-1.07583],[-78.92,-1.08278],[-78.90917,-1.07222],[-78.87583,-1.06972],[-78.845,-1.08639],[-78.83972,-1.10556],[-78.80833,-1.11139],[-78.78889,-1.1325],[-78.79,-1.14278],[-78.83111,-1.16556],[-78.84583,-1.1825],[-78.85972,-1.17361],[-78.86167,-1.18306],[-78.87694,-1.18611],[-78.87861,-1.16833],[-78.89333,-1.16194],[-78.92944,-1.16361],[-78.94444,-1.17639],[-78.95306,-1.16694],[-78.96361,-1.17194],[-79.00389,-1.16],[-79.02833,-1.14194],[-79.02667,-1.1275]]]}},{"type":"Feature","properties":{"codigo":1007402201},"geometry":{"type":"Polygon","coordinates":[[[-79.38,-1.12972],[-79.36611,-1.12722],[-79.36639,-1.13583],[-79.37806,-1.15361],[-79.385,-1.14333],[-79.40222,-1.14],[-79.39139,-1.11556],[-79.38083,-1.12028],[-79.38,-1.12972]]]}},{"type":"Feature","properties":{"codigo":1007402200},"geometry":{"type":"Polygon","coordinates":[[[-79.33611,-1.12944],[-79.32028,-1.10833],[-79.29778,-1.09472],[-79.27778,-1.10083],[-79.2575,-1.12361],[-79.22889,-1.12139],[-79.21944,-1.13],[-79.19556,-1.12861],[-79.16611,-1.08944],[-79.14667,-1.09528],[-79.1425,-1.1125],[-79.17667,-1.15639],[-79.24,-1.15611],[-79.27833,-1.17306],[-79.31722,-1.165],[-79.32778,-1.13083],[-79.33611,-1.12944]]]}},{"type":"Feature","properties":{"codigo":1007401940},"geometry":{"type":"Polygon","coordinates":[[[-76.46111,-1.14528],[-76.42083,-1.12361],[-76.41528,-1.13028],[-76.39222,-1.125],[-76.38111,-1.13139],[-76.39056,-1.13861],[-76.39361,-1.17222],[-76.39167,-1.18972],[-76.37889,-1.19889],[-76.39694,-1.22028],[-76.39333,-1.23861],[-76.39972,-1.24528],[-76.42389,-1.24444],[-76.44111,-1.23139],[-76.46139,-1.18917],[-76.46111,-1.14528]]]}},{"type":"Feature","properties":{"codigo":1007402062},"geometry":{"type":"Polygon","coordinates":[[[-79.9275,-1.1675],[-79.90278,-1.13472],[-79.90139,-1.16694],[-79.9175,-1.18694],[-79.90778,-1.21389],[-79.92694,-1.20667],[-79.92778,-1.19222],[-79.95194,-1.2075],[-79.94972,-1.16778],[-79.9275,-1.1675]]]}},{"type":"Feature","properties":{"codigo":1007401939},"geometry":{"type":"Polygon","coordinates":[[[-76.39056,-1.13861],[-76.35139,-1.14111],[-76.34111,-1.12917],[-76.31889,-1.13778],[-76.31722,-1.13056],[-76.305,-1.13167],[-76.30917,-1.14306],[-76.29556,-1.1625],[-76.32667,-1.1925],[-76.32861,-1.21361],[-76.35278,-1.20861],[-76.36639,-1.21639],[-76.37111,-1.23361],[-76.3875,-1.24056],[-76.39694,-1.2325],[-76.39694,-1.22028],[-76.37889,-1.19889],[-76.39167,-1.18972],[-76.39361,-1.17222],[-76.39056,-1.13861]]]}},{"type":"Feature","properties":{"codigo":1007403256},"geometry":{"type":"Polygon","coordinates":[[[-78.78972,-1.14194],[-78.78306,-1.14611],[-78.78056,-1.19139],[-78.7975,-1.22472],[-78.80306,-1.26417],[-78.82222,-1.28111],[-78.86056,-1.24806],[-78.89028,-1.24556],[-78.89361,-1.22333],[-78.86333,-1.19389],[-78.85972,-1.17361],[-78.84583,-1.1825],[-78.83111,-1.16556],[-78.78972,-1.14194]]]}},{"type":"Feature","properties":{"codigo":1007403222},"geometry":{"type":"Polygon","coordinates":[[[-78.22917,-1.13806],[-78.21278,-1.15],[-78.23944,-1.175],[-78.22944,-1.175],[-78.18861,-1.23667],[-78.20222,-1.26861],[-78.20778,-1.32528],[-78.23944,-1.33389],[-78.25722,-1.32306],[-78.26556,-1.32972],[-78.27889,-1.32528],[-78.28667,-1.30194],[-78.2775,-1.29361],[-78.28944,-1.28583],[-78.28833,-1.25861],[-78.28083,-1.25167],[-78.28444,-1.22778],[-78.3075,-1.22361],[-78.31222,-1.20639],[-78.32917,-1.21],[-78.32694,-1.19528],[-78.34361,-1.17472],[-78.32889,-1.15722],[-78.32111,-1.15972],[-78.31167,-1.14278],[-78.26639,-1.13917],[-78.26472,-1.15417],[-78.24778,-1.15472],[-78.22917,-1.13806]]]}},{"type":"Feature","properties":{"codigo":1007402056},"geometry":{"type":"Polygon","coordinates":[[[-80.0775,-1.16389],[-80.07917,-1.13444],[-80.05861,-1.13528],[-80.04306,-1.12361],[-80.01167,-1.13806],[-79.99611,-1.15417],[-79.95222,-1.15472],[-79.95278,-1.20667],[-79.92667,-1.19361],[-79.92667,-1.23278],[-79.93528,-1.24111],[-79.90889,-1.29333],[-79.91833,-1.30667],[-79.90556,-1.30861],[-79.91167,-1.33583],[-79.9175,-1.3325],[-79.93056,-1.3475],[-79.96306,-1.36222],[-79.96667,-1.34944],[-79.95944,-1.32972],[-79.94889,-1.33056],[-79.94194,-1.29472],[-79.96306,-1.27361],[-79.96667,-1.24694],[-79.96083,-1.23833],[-79.97472,-1.23],[-80.03417,-1.23222],[-80.05083,-1.24611],[-80.12806,-1.25861],[-80.13444,-1.23083],[-80.16028,-1.22194],[-80.15667,-1.20833],[-80.14278,-1.2025],[-80.10889,-1.20806],[-80.10444,-1.18944],[-80.08639,-1.18667],[-80.0775,-1.16389]]]}},{"type":"Feature","properties":{"codigo":1007403254},"geometry":{"type":"Polygon","coordinates":[[[-78.78306,-1.14611],[-78.7475,-1.13167],[-78.72528,-1.14972],[-78.67417,-1.14556],[-78.6725,-1.16639],[-78.69028,-1.18278],[-78.68361,-1.19833],[-78.68833,-1.23639],[-78.675,-1.26139],[-78.71806,-1.26028],[-78.74028,-1.24028],[-78.77694,-1.23889],[-78.77667,-1.2275],[-78.79222,-1.22028],[-78.78056,-1.19139],[-78.78306,-1.14611]]]}},{"type":"Feature","properties":{"codigo":1007402197},"geometry":{"type":"Polygon","coordinates":[[[-79.40222,-1.14],[-79.35944,-1.15611],[-79.35111,-1.16694],[-79.31556,-1.16472],[-79.28833,-1.17361],[-79.26194,-1.16361],[-79.25361,-1.1675],[-79.24,-1.15611],[-79.20556,-1.15389],[-79.20111,-1.15583],[-79.27833,-1.19944],[-79.32972,-1.205],[-79.34333,-1.21611],[-79.35417,-1.22889],[-79.34944,-1.23972],[-79.36028,-1.27],[-79.39111,-1.29667],[-79.38806,-1.30694],[-79.40528,-1.31861],[-79.41028,-1.33556],[-79.41361,-1.3175],[-79.43306,-1.29972],[-79.43528,-1.29],[-79.42583,-1.28139],[-79.43583,-1.25806],[-79.41556,-1.21806],[-79.42861,-1.21194],[-79.42444,-1.19917],[-79.39889,-1.18583],[-79.40222,-1.14]]]}},{"type":"Feature","properties":{"codigo":1007401249},"geometry":{"type":"Polygon","coordinates":[[[-80.86056,-1.06889],[-80.82861,-1.09194],[-80.78417,-1.1],[-80.77,-1.11472],[-80.75722,-1.11472],[-80.74,-1.09889],[-80.69917,-1.11111],[-80.69417,-1.08833],[-80.66278,-1.09556],[-80.63278,-1.13],[-80.61194,-1.13417],[-80.59694,-1.14917],[-80.59778,-1.17194],[-80.61028,-1.17556],[-80.61833,-1.16389],[-80.62444,-1.17556],[-80.67722,-1.1875],[-80.68889,-1.19972],[-80.73889,-1.19167],[-80.75528,-1.21361],[-80.77639,-1.21389],[-80.79833,-1.24222],[-80.81611,-1.24056],[-80.83389,-1.22222],[-80.82972,-1.2075],[-80.83778,-1.17194],[-80.83056,-1.16722],[-80.82944,-1.14333],[-80.88194,-1.10583],[-80.87583,-1.09806],[-80.88056,-1.08278],[-80.87167,-1.08361],[-80.875,-1.07306],[-80.86056,-1.06889]]]}},{"type":"Feature","properties":{"codigo":1007401461},"geometry":{"type":"Polygon","coordinates":[[[-80.59556,-1.16194],[-80.55111,-1.14472],[-80.53556,-1.17028],[-80.54333,-1.22528],[-80.54306,-1.24583],[-80.53556,-1.25361],[-80.54556,-1.28],[-80.54167,-1.29639],[-80.55917,-1.31139],[-80.56333,-1.32528],[-80.58444,-1.32889],[-80.60444,-1.32167],[-80.61306,-1.30306],[-80.63889,-1.30639],[-80.63833,-1.27917],[-80.67194,-1.27],[-80.77694,-1.26639],[-80.79278,-1.27611],[-80.79833,-1.25389],[-80.785,-1.2525],[-80.75944,-1.22972],[-80.75611,-1.21167],[-80.73889,-1.19167],[-80.68889,-1.19972],[-80.67722,-1.1875],[-80.62444,-1.17556],[-80.61833,-1.16389],[-80.60194,-1.17556],[-80.59556,-1.16194]]]}},{"type":"Feature","properties":{"codigo":1007401933},"geometry":{"type":"Polygon","coordinates":[[[-76.85333,-1.17972],[-76.83722,-1.12861],[-76.81806,-1.12167],[-76.7975,-1.13556],[-76.77917,-1.16194],[-76.73056,-1.16],[-76.7175,-1.18611],[-76.69722,-1.19889],[-76.7125,-1.23],[-76.73806,-1.215],[-76.78639,-1.21861],[-76.81917,-1.19833],[-76.84139,-1.19694],[-76.85333,-1.17972]]]}},{"type":"Feature","properties":{"codigo":1007401922},"geometry":{"type":"Polygon","coordinates":[[[-76.54444,-1.18278],[-76.49278,-1.14139],[-76.48417,-1.15278],[-76.46056,-1.14444],[-76.46,-1.18],[-76.48444,-1.19778],[-76.48278,-1.21361],[-76.46139,-1.23306],[-76.46194,-1.25083],[-76.47722,-1.25472],[-76.48306,-1.26667],[-76.49528,-1.26333],[-76.49111,-1.25611],[-76.49861,-1.24167],[-76.56611,-1.23194],[-76.59472,-1.20889],[-76.57528,-1.19833],[-76.57139,-1.1875],[-76.54444,-1.18278]]]}},{"type":"Feature","properties":{"codigo":1007401935},"geometry":{"type":"Polygon","coordinates":[[[-77.1375,-1.14028],[-77.11806,-1.13667],[-77.10056,-1.14444],[-77.07222,-1.13583],[-77.03306,-1.14194],[-77.02056,-1.15083],[-76.92722,-1.14806],[-76.90056,-1.16722],[-76.875,-1.15972],[-76.85,-1.16306],[-76.85333,-1.17972],[-76.84222,-1.19417],[-76.85028,-1.20222],[-76.90472,-1.19778],[-76.93139,-1.21389],[-76.95583,-1.20917],[-76.96222,-1.21861],[-77.00333,-1.21],[-77.00889,-1.215],[-77.02056,-1.20417],[-77.02444,-1.21139],[-77.02667,-1.205],[-77.06056,-1.205],[-77.07611,-1.19889],[-77.07611,-1.18972],[-77.10806,-1.18417],[-77.10556,-1.17139],[-77.1375,-1.14028]]]}},{"type":"Feature","properties":{"codigo":1007401917},"geometry":{"type":"Polygon","coordinates":[[[-76.29139,-1.18556],[-76.30556,-1.14556],[-76.28,-1.1575],[-76.26778,-1.15167],[-76.24583,-1.15694],[-76.24056,-1.15083],[-76.22778,-1.15833],[-76.19278,-1.15528],[-76.18361,-1.16361],[-76.14694,-1.16389],[-76.14139,-1.18083],[-76.15083,-1.18778],[-76.14361,-1.19167],[-76.145,-1.20889],[-76.13722,-1.20833],[-76.13944,-1.22306],[-76.13111,-1.22528],[-76.13361,-1.24639],[-76.14611,-1.255],[-76.17111,-1.23139],[-76.2275,-1.2275],[-76.25056,-1.20056],[-76.28278,-1.18306],[-76.29139,-1.18556]]]}},{"type":"Feature","properties":{"codigo":1007401227},"geometry":{"type":"Polygon","coordinates":[[[-80.3925,-1.18111],[-80.36056,-1.155],[-80.34139,-1.15139],[-80.34,-1.16778],[-80.32778,-1.18194],[-80.35556,-1.19611],[-80.34583,-1.20778],[-80.34417,-1.22861],[-80.36139,-1.25167],[-80.36333,-1.28528],[-80.37444,-1.305],[-80.39528,-1.27861],[-80.41083,-1.24028],[-80.3925,-1.18111]]]}},{"type":"Feature","properties":{"codigo":1007403226},"geometry":{"type":"Polygon","coordinates":[[[-78.35917,-1.16083],[-78.32694,-1.19528],[-78.33194,-1.20667],[-78.32278,-1.215],[-78.33472,-1.22167],[-78.33361,-1.24944],[-78.36972,-1.31417],[-78.36611,-1.34028],[-78.39167,-1.39306],[-78.41111,-1.37667],[-78.41222,-1.35972],[-78.43417,-1.35139],[-78.44444,-1.33361],[-78.44167,-1.29222],[-78.44917,-1.28306],[-78.45167,-1.24944],[-78.43056,-1.185],[-78.42167,-1.18806],[-78.41306,-1.17833],[-78.39972,-1.18389],[-78.38583,-1.17361],[-78.38222,-1.16],[-78.35917,-1.16083]]]}},{"type":"Feature","properties":{"codigo":1007402209},"geometry":{"type":"Polygon","coordinates":[[[-79.00361,-1.16],[-78.96361,-1.17194],[-78.95306,-1.16694],[-78.94389,-1.17667],[-78.9775,-1.20111],[-79.00333,-1.20528],[-79.01306,-1.22417],[-79.00861,-1.2425],[-79.025,-1.27861],[-79.06028,-1.26472],[-79.09333,-1.22889],[-79.10417,-1.22889],[-79.10583,-1.21889],[-79.13583,-1.21028],[-79.14944,-1.19139],[-79.18861,-1.175],[-79.21917,-1.17667],[-79.23083,-1.20306],[-79.25944,-1.20556],[-79.24944,-1.18833],[-79.21917,-1.17111],[-79.15139,-1.15472],[-79.14306,-1.145],[-79.13639,-1.15111],[-79.11722,-1.14861],[-79.10389,-1.13639],[-79.07667,-1.13611],[-79.06583,-1.155],[-79.05167,-1.15639],[-79.0425,-1.16833],[-79.00361,-1.16]]]}},{"type":"Feature","properties":{"codigo":1007403228},"geometry":{"type":"Polygon","coordinates":[[[-78.47861,-1.17222],[-78.44333,-1.15861],[-78.44194,-1.175],[-78.43056,-1.18472],[-78.45167,-1.24944],[-78.44056,-1.32944],[-78.45972,-1.3375],[-78.47028,-1.40444],[-78.54,-1.41278],[-78.54167,-1.4275],[-78.55306,-1.43167],[-78.56528,-1.41583],[-78.565,-1.37444],[-78.57889,-1.35778],[-78.57972,-1.34111],[-78.56778,-1.33056],[-78.55583,-1.29722],[-78.53111,-1.27167],[-78.54667,-1.25556],[-78.54778,-1.24194],[-78.51306,-1.22944],[-78.50167,-1.20028],[-78.48,-1.18361],[-78.47861,-1.17222]]]}},{"type":"Feature","properties":{"codigo":1007402210},"geometry":{"type":"Polygon","coordinates":[[[-78.9775,-1.20111],[-78.92944,-1.16361],[-78.90611,-1.16],[-78.87861,-1.16833],[-78.87722,-1.18583],[-78.86278,-1.19194],[-78.89361,-1.22333],[-78.89083,-1.24806],[-78.9125,-1.24861],[-78.94861,-1.235],[-78.97278,-1.23833],[-79.00778,-1.21528],[-79.00306,-1.205],[-78.9775,-1.20111]]]}},{"type":"Feature","properties":{"codigo":1007401224},"geometry":{"type":"Polygon","coordinates":[[[-80.45083,-1.18694],[-80.40222,-1.16472],[-80.39528,-1.17694],[-80.3825,-1.17028],[-80.40778,-1.22889],[-80.4225,-1.22083],[-80.43056,-1.19861],[-80.45083,-1.18694]]]}},{"type":"Feature","properties":{"codigo":1007401753},"geometry":{"type":"Polygon","coordinates":[[[-78.11722,-1.18806],[-78.09667,-1.18083],[-78.08139,-1.20111],[-78.06028,-1.17833],[-78.02861,-1.16083],[-78.01167,-1.16889],[-77.99639,-1.15611],[-77.97,-1.17528],[-77.96722,-1.19278],[-77.93778,-1.20667],[-77.92222,-1.1975],[-77.92056,-1.22417],[-77.91083,-1.23389],[-77.88306,-1.23944],[-77.89611,-1.24722],[-77.93361,-1.23361],[-77.95083,-1.24111],[-77.96806,-1.23083],[-78.01222,-1.23139],[-78.0675,-1.27694],[-78.08111,-1.28083],[-78.09556,-1.27056],[-78.11056,-1.27861],[-78.11944,-1.26556],[-78.11639,-1.25],[-78.12472,-1.22528],[-78.11722,-1.18806]]]}},{"type":"Feature","properties":{"codigo":1007402058},"geometry":{"type":"Polygon","coordinates":[[[-80.22694,-1.19194],[-80.235,-1.18139],[-80.23167,-1.16972],[-80.20944,-1.15806],[-80.21194,-1.14889],[-80.185,-1.13083],[-80.125,-1.145],[-80.11889,-1.15556],[-80.10639,-1.14472],[-80.08278,-1.14694],[-80.0775,-1.15639],[-80.08639,-1.18667],[-80.10444,-1.18944],[-80.10972,-1.20833],[-80.14167,-1.2025],[-80.155,-1.20806],[-80.15833,-1.20111],[-80.18139,-1.20389],[-80.19556,-1.19389],[-80.22694,-1.19194]]]}},{"type":"Feature","properties":{"codigo":1007403221},"geometry":{"type":"Polygon","coordinates":[[[-78.21194,-1.14667],[-78.19,-1.15833],[-78.18833,-1.1825],[-78.13417,-1.18167],[-78.13,-1.19111],[-78.11722,-1.18806],[-78.115,-1.19417],[-78.12472,-1.22528],[-78.11639,-1.25],[-78.11944,-1.26556],[-78.11,-1.27861],[-78.11389,-1.29167],[-78.1425,-1.28722],[-78.16389,-1.31917],[-78.21,-1.3225],[-78.19861,-1.28056],[-78.20222,-1.26861],[-78.18861,-1.23639],[-78.20472,-1.20639],[-78.23972,-1.17139],[-78.21194,-1.14667]]]}},{"type":"Feature","properties":{"codigo":1007401225},"geometry":{"type":"Polygon","coordinates":[[[-80.53639,-1.20056],[-80.52167,-1.18972],[-80.45694,-1.18361],[-80.43056,-1.19861],[-80.42194,-1.21778],[-80.43528,-1.22722],[-80.43972,-1.25694],[-80.47472,-1.33139],[-80.48889,-1.33333],[-80.50417,-1.35111],[-80.5475,-1.33806],[-80.56333,-1.32528],[-80.55917,-1.31139],[-80.54167,-1.29639],[-80.54556,-1.28],[-80.53556,-1.25361],[-80.54306,-1.24583],[-80.54333,-1.22528],[-80.53639,-1.20056]]]}},{"type":"Feature","properties":{"codigo":1007401779},"geometry":{"type":"Polygon","coordinates":[[[-77.63556,-1.11],[-77.63056,-1.13694],[-77.66333,-1.16861],[-77.67333,-1.18861],[-77.6625,-1.22889],[-77.67639,-1.23639],[-77.68306,-1.25278],[-77.70361,-1.25833],[-77.71194,-1.2275],[-77.70778,-1.21917],[-77.74806,-1.23167],[-77.72028,-1.19833],[-77.72472,-1.18528],[-77.71694,-1.16306],[-77.69361,-1.13056],[-77.67972,-1.12167],[-77.65417,-1.12333],[-77.63556,-1.11]]]}},{"type":"Feature","properties":{"codigo":1007401932},"geometry":{"type":"Polygon","coordinates":[[[-76.72361,-1.17028],[-76.69,-1.17056],[-76.67778,-1.1825],[-76.65722,-1.18056],[-76.64861,-1.18833],[-76.63083,-1.18139],[-76.61528,-1.19333],[-76.61472,-1.2025],[-76.59278,-1.20361],[-76.59167,-1.21417],[-76.57444,-1.22028],[-76.57333,-1.22861],[-76.51778,-1.23972],[-76.51306,-1.28472],[-76.53556,-1.30806],[-76.59583,-1.31361],[-76.61667,-1.30167],[-76.62194,-1.28472],[-76.64222,-1.27139],[-76.67972,-1.27278],[-76.68222,-1.26306],[-76.70583,-1.26056],[-76.70611,-1.20806],[-76.69722,-1.19833],[-76.7175,-1.18611],[-76.72361,-1.17028]]]}},{"type":"Feature","properties":{"codigo":1007402205},"geometry":{"type":"Polygon","coordinates":[[[-79.25194,-1.185],[-79.26083,-1.20556],[-79.23083,-1.20306],[-79.21917,-1.17667],[-79.18861,-1.175],[-79.14944,-1.19139],[-79.12833,-1.21444],[-79.15917,-1.22472],[-79.19056,-1.21528],[-79.21028,-1.23833],[-79.28278,-1.21583],[-79.31722,-1.255],[-79.335,-1.25722],[-79.34056,-1.27306],[-79.36028,-1.28583],[-79.36194,-1.30833],[-79.37056,-1.30417],[-79.38889,-1.32194],[-79.39583,-1.31917],[-79.38806,-1.30694],[-79.39111,-1.29667],[-79.36028,-1.27],[-79.34944,-1.23972],[-79.35417,-1.22889],[-79.34333,-1.21611],[-79.32972,-1.205],[-79.29306,-1.20472],[-79.25194,-1.185]]]}},{"type":"Feature","properties":{"codigo":1007402057},"geometry":{"type":"Polygon","coordinates":[[[-80.22694,-1.19194],[-80.19556,-1.19389],[-80.18139,-1.20389],[-80.15833,-1.20111],[-80.16028,-1.22194],[-80.13444,-1.23083],[-80.13194,-1.24222],[-80.15278,-1.24194],[-80.16667,-1.25167],[-80.18694,-1.24667],[-80.23083,-1.27889],[-80.26111,-1.28472],[-80.28861,-1.26583],[-80.28722,-1.25889],[-80.2725,-1.24306],[-80.25083,-1.23583],[-80.24917,-1.20944],[-80.23111,-1.20556],[-80.22694,-1.19194]]]}},{"type":"Feature","properties":{"codigo":1007401973},"geometry":{"type":"Polygon","coordinates":[[[-77.53694,-1.21222],[-77.52417,-1.20028],[-77.52472,-1.19056],[-77.49278,-1.16833],[-77.47889,-1.14722],[-77.46778,-1.145],[-77.44583,-1.15944],[-77.40694,-1.15639],[-77.35,-1.13139],[-77.3075,-1.12417],[-77.30194,-1.10944],[-77.235,-1.145],[-77.235,-1.15306],[-77.21361,-1.15722],[-77.225,-1.16944],[-77.22139,-1.18278],[-77.16667,-1.21306],[-77.17139,-1.22583],[-77.18111,-1.22722],[-77.25056,-1.21278],[-77.29167,-1.225],[-77.2975,-1.20694],[-77.31639,-1.2075],[-77.32694,-1.19667],[-77.36167,-1.19806],[-77.36667,-1.18556],[-77.37556,-1.18528],[-77.43417,-1.19889],[-77.45,-1.21472],[-77.4725,-1.21028],[-77.485,-1.21583],[-77.51389,-1.20583],[-77.53694,-1.21222]]]}},{"type":"Feature","properties":{"codigo":1007402061},"geometry":{"type":"Polygon","coordinates":[[[-79.9075,-1.21278],[-79.88556,-1.20444],[-79.87972,-1.20917],[-79.9025,-1.23833],[-79.90389,-1.255],[-79.89222,-1.27611],[-79.9,-1.28611],[-79.92389,-1.27111],[-79.93528,-1.24111],[-79.92667,-1.23278],[-79.93056,-1.205],[-79.9075,-1.21278]]]}},{"type":"Feature","properties":{"codigo":1007401975},"geometry":{"type":"Polygon","coordinates":[[[-77.53694,-1.21222],[-77.51861,-1.21417],[-77.51833,-1.2375],[-77.46556,-1.26889],[-77.49028,-1.29389],[-77.54944,-1.30556],[-77.57361,-1.325],[-77.57389,-1.31222],[-77.58611,-1.30667],[-77.58139,-1.295],[-77.63,-1.26083],[-77.56361,-1.23861],[-77.53694,-1.21222]]]}},{"type":"Feature","properties":{"codigo":1007401918},"geometry":{"type":"Polygon","coordinates":[[[-76.32889,-1.21361],[-76.32667,-1.1925],[-76.29833,-1.16806],[-76.29139,-1.18556],[-76.28278,-1.18306],[-76.25056,-1.20056],[-76.22806,-1.22722],[-76.17111,-1.23139],[-76.14611,-1.25528],[-76.17833,-1.27111],[-76.19417,-1.25778],[-76.20444,-1.265],[-76.23111,-1.24861],[-76.24722,-1.25083],[-76.26917,-1.23333],[-76.30083,-1.23472],[-76.32889,-1.21361]]]}},{"type":"Feature","properties":{"codigo":1007401937},"geometry":{"type":"Polygon","coordinates":[[[-77.07333,-1.19889],[-77.04083,-1.20889],[-77.02667,-1.205],[-77.02472,-1.21139],[-77.02056,-1.20417],[-77.00889,-1.215],[-76.99306,-1.21111],[-76.93639,-1.24389],[-76.915,-1.24972],[-76.90778,-1.24444],[-76.9075,-1.25306],[-76.88806,-1.26333],[-76.85,-1.25667],[-76.84722,-1.25056],[-76.82278,-1.27333],[-76.80056,-1.28167],[-76.76667,-1.27778],[-76.75278,-1.29111],[-76.72361,-1.28972],[-76.69778,-1.26194],[-76.68222,-1.26306],[-76.67972,-1.27278],[-76.65222,-1.26833],[-76.63278,-1.27611],[-76.61667,-1.30167],[-76.5825,-1.31472],[-76.53417,-1.3075],[-76.52389,-1.28944],[-76.50806,-1.28194],[-76.5,-1.2975],[-76.46806,-1.30917],[-76.46417,-1.35056],[-76.47583,-1.35333],[-76.49306,-1.34111],[-76.52944,-1.3425],[-76.56056,-1.37278],[-76.57611,-1.36556],[-76.59694,-1.36778],[-76.59917,-1.39278],[-76.61389,-1.3825],[-76.62528,-1.38583],[-76.645,-1.37778],[-76.66167,-1.385],[-76.66278,-1.39389],[-76.68028,-1.3875],[-76.69917,-1.39139],[-76.72222,-1.36889],[-76.73194,-1.37361],[-76.77417,-1.35944],[-76.80611,-1.36694],[-76.82806,-1.35889],[-76.83889,-1.36472],[-76.86056,-1.36],[-76.89056,-1.3425],[-76.90333,-1.34278],[-76.90778,-1.35083],[-76.92167,-1.33028],[-76.93639,-1.32667],[-76.93583,-1.31306],[-76.96583,-1.29889],[-76.96167,-1.29083],[-76.94667,-1.29056],[-76.95472,-1.27472],[-76.98083,-1.26611],[-76.98583,-1.24944],[-77.03,-1.23972],[-77.05028,-1.22278],[-77.06583,-1.22444],[-77.07556,-1.21083],[-77.07333,-1.19889]]]}},{"type":"Feature","properties":{"codigo":1007401936},"geometry":{"type":"Polygon","coordinates":[[[-76.98444,-1.21694],[-76.96222,-1.21861],[-76.95333,-1.20861],[-76.93139,-1.21389],[-76.90472,-1.19778],[-76.85028,-1.20222],[-76.8425,-1.19444],[-76.81917,-1.19833],[-76.78639,-1.21861],[-76.73806,-1.215],[-76.72083,-1.22861],[-76.70694,-1.22556],[-76.70111,-1.23389],[-76.70944,-1.25139],[-76.6975,-1.26194],[-76.72361,-1.28972],[-76.75278,-1.29111],[-76.76667,-1.27778],[-76.80056,-1.28167],[-76.82278,-1.27333],[-76.84722,-1.25056],[-76.85,-1.25667],[-76.88806,-1.26333],[-76.9075,-1.25306],[-76.90778,-1.24444],[-76.93194,-1.24556],[-76.98444,-1.21694]]]}},{"type":"Feature","properties":{"codigo":1007401229},"geometry":{"type":"Polygon","coordinates":[[[-80.34583,-1.20778],[-80.31861,-1.21944],[-80.30556,-1.21139],[-80.29528,-1.21778],[-80.25,-1.21222],[-80.25083,-1.23583],[-80.2725,-1.24306],[-80.28722,-1.25889],[-80.28861,-1.26583],[-80.26139,-1.28222],[-80.26667,-1.29083],[-80.29361,-1.30861],[-80.31139,-1.3025],[-80.34944,-1.31556],[-80.37306,-1.31278],[-80.37583,-1.305],[-80.36333,-1.28528],[-80.365,-1.26139],[-80.34417,-1.22861],[-80.34583,-1.20778]]]}},{"type":"Feature","properties":{"codigo":1007401972},"geometry":{"type":"Polygon","coordinates":[[[-77.1675,-1.22111],[-77.16694,-1.21194],[-77.22139,-1.18278],[-77.225,-1.16944],[-77.21361,-1.15722],[-77.19056,-1.16139],[-77.17639,-1.17583],[-77.15778,-1.18083],[-77.11111,-1.22472],[-77.12361,-1.24528],[-77.14917,-1.24889],[-77.16222,-1.24361],[-77.15028,-1.23111],[-77.1675,-1.22111]]]}},{"type":"Feature","properties":{"codigo":1007403253},"geometry":{"type":"Polygon","coordinates":[[[-78.66889,-1.155],[-78.65333,-1.14806],[-78.61611,-1.18861],[-78.59139,-1.18611],[-78.59,-1.20028],[-78.57,-1.20056],[-78.565,-1.21389],[-78.54833,-1.22278],[-78.54889,-1.23556],[-78.60083,-1.30583],[-78.62806,-1.30806],[-78.66028,-1.32778],[-78.71833,-1.38833],[-78.72417,-1.38417],[-78.71333,-1.35528],[-78.7175,-1.34528],[-78.68889,-1.32389],[-78.67222,-1.28667],[-78.68083,-1.26333],[-78.675,-1.25194],[-78.68833,-1.23639],[-78.68361,-1.19833],[-78.69028,-1.18278],[-78.66889,-1.155]]]}},{"type":"Feature","properties":{"codigo":1007401919},"geometry":{"type":"Polygon","coordinates":[[[-76.35417,-1.24056],[-76.36639,-1.21639],[-76.34694,-1.20667],[-76.30083,-1.23472],[-76.26917,-1.23333],[-76.24722,-1.25083],[-76.23111,-1.24861],[-76.20444,-1.265],[-76.19417,-1.25778],[-76.17833,-1.27111],[-76.13528,-1.27389],[-76.13667,-1.28444],[-76.12556,-1.29472],[-76.12972,-1.31694],[-76.11667,-1.31972],[-76.11194,-1.34528],[-76.12833,-1.35472],[-76.13333,-1.36778],[-76.19972,-1.35056],[-76.20028,-1.37444],[-76.21278,-1.37833],[-76.23917,-1.36083],[-76.26139,-1.35861],[-76.25778,-1.34639],[-76.29,-1.32139],[-76.27806,-1.29833],[-76.28389,-1.28528],[-76.30611,-1.2875],[-76.32222,-1.27944],[-76.3325,-1.26611],[-76.32778,-1.25278],[-76.35722,-1.24639],[-76.35417,-1.24056]]]}},{"type":"Feature","properties":{"codigo":1007401974},"geometry":{"type":"Polygon","coordinates":[[[-77.52306,-1.21111],[-77.51389,-1.20583],[-77.485,-1.21583],[-77.4725,-1.21028],[-77.45,-1.21472],[-77.43417,-1.19889],[-77.36667,-1.18556],[-77.36167,-1.19806],[-77.32694,-1.19667],[-77.31639,-1.2075],[-77.2975,-1.20694],[-77.29167,-1.225],[-77.25056,-1.21278],[-77.20806,-1.21694],[-77.19333,-1.22694],[-77.16167,-1.21972],[-77.15028,-1.23222],[-77.15917,-1.2425],[-77.19667,-1.25361],[-77.23056,-1.23944],[-77.26056,-1.25194],[-77.35389,-1.22139],[-77.37861,-1.22861],[-77.41194,-1.25972],[-77.45417,-1.28139],[-77.46806,-1.26194],[-77.49111,-1.25917],[-77.50667,-1.23889],[-77.51833,-1.2375],[-77.51417,-1.22444],[-77.52306,-1.21111]]]}},{"type":"Feature","properties":{"codigo":1007401915},"geometry":{"type":"Polygon","coordinates":[[[-76.1325,-1.22444],[-76.12417,-1.20861],[-76.11472,-1.22056],[-76.10083,-1.2125],[-76.09694,-1.18306],[-76.07361,-1.20194],[-76.06917,-1.18944],[-76.05917,-1.19056],[-76.02861,-1.21556],[-76.00333,-1.20194],[-75.98333,-1.21556],[-75.9175,-1.21583],[-75.89694,-1.24056],[-75.87222,-1.23306],[-75.83472,-1.25306],[-75.83694,-1.26417],[-75.8225,-1.26778],[-75.82389,-1.27528],[-75.76194,-1.31028],[-75.73389,-1.35806],[-75.71194,-1.36778],[-75.69639,-1.36583],[-75.68361,-1.37611],[-75.67722,-1.39639],[-75.63556,-1.43444],[-75.63139,-1.44833],[-75.58722,-1.45972],[-75.59472,-1.48222],[-75.58,-1.49278],[-75.57778,-1.5125],[-75.58667,-1.51694],[-75.57778,-1.5275],[-75.58583,-1.53833],[-75.58194,-1.54889],[-75.59444,-1.55722],[-75.61056,-1.55167],[-75.61639,-1.56778],[-75.61639,-1.5575],[-75.62806,-1.55667],[-75.64111,-1.53667],[-75.66556,-1.5425],[-75.70028,-1.50917],[-75.71667,-1.50861],[-75.72222,-1.49028],[-75.74333,-1.48583],[-75.73889,-1.48],[-75.75972,-1.46611],[-75.76861,-1.44139],[-75.78,-1.44389],[-75.78,-1.43417],[-75.78917,-1.44222],[-75.81833,-1.42861],[-75.83278,-1.43194],[-75.83972,-1.41556],[-75.86222,-1.39972],[-75.87639,-1.41389],[-75.89194,-1.39806],[-75.92861,-1.40722],[-75.93167,-1.39139],[-75.94333,-1.39028],[-75.95778,-1.37306],[-75.98778,-1.3775],[-76.00083,-1.36972],[-75.99944,-1.36111],[-76.01722,-1.36],[-76.03667,-1.3425],[-76.05222,-1.35417],[-76.06806,-1.33139],[-76.09139,-1.345],[-76.11194,-1.34528],[-76.11667,-1.31972],[-76.12972,-1.31694],[-76.12556,-1.29472],[-76.13694,-1.28361],[-76.12222,-1.24306],[-76.1325,-1.22444]]]}},{"type":"Feature","properties":{"codigo":1007401226},"geometry":{"type":"Polygon","coordinates":[[[-80.42278,-1.21944],[-80.40833,-1.22889],[-80.41083,-1.24028],[-80.39528,-1.27861],[-80.36944,-1.31472],[-80.37389,-1.33417],[-80.38722,-1.345],[-80.40222,-1.33611],[-80.42056,-1.34278],[-80.44917,-1.33056],[-80.475,-1.33194],[-80.43972,-1.25694],[-80.43528,-1.22722],[-80.42278,-1.21944]]]}},{"type":"Feature","properties":{"codigo":1007401909},"geometry":{"type":"Polygon","coordinates":[[[-75.57028,-1.23861],[-75.51333,-1.215],[-75.48639,-1.23028],[-75.47389,-1.20528],[-75.45556,-1.2075],[-75.45278,-1.20028],[-75.44167,-1.21694],[-75.44611,-1.22056],[-75.43222,-1.23167],[-75.43389,-1.24778],[-75.42528,-1.26028],[-75.43167,-1.27472],[-75.45194,-1.28333],[-75.45694,-1.29444],[-75.46944,-1.29028],[-75.46583,-1.30472],[-75.49222,-1.31944],[-75.51306,-1.31639],[-75.51917,-1.33444],[-75.54417,-1.35111],[-75.54361,-1.37028],[-75.57139,-1.35194],[-75.58639,-1.32944],[-75.56194,-1.27444],[-75.57972,-1.25444],[-75.57028,-1.23861]]]}},{"type":"Feature","properties":{"codigo":1007403252},"geometry":{"type":"Polygon","coordinates":[[[-78.54722,-1.22528],[-78.53806,-1.23444],[-78.54778,-1.24194],[-78.54972,-1.23556],[-78.54722,-1.22528]]]}},{"type":"Feature","properties":{"codigo":1007401780},"geometry":{"type":"Polygon","coordinates":[[[-77.77583,-1.24528],[-77.72083,-1.21806],[-77.70722,-1.21944],[-77.71944,-1.24667],[-77.75944,-1.28056],[-77.76667,-1.32861],[-77.77528,-1.33333],[-77.77333,-1.3425],[-77.7625,-1.345],[-77.77278,-1.35278],[-77.76972,-1.35972],[-77.79556,-1.375],[-77.78833,-1.38639],[-77.79278,-1.39194],[-77.83194,-1.40639],[-77.81972,-1.43056],[-77.83,-1.44667],[-77.845,-1.44444],[-77.84639,-1.4325],[-77.86917,-1.4375],[-77.86972,-1.45083],[-77.88389,-1.45278],[-77.89722,-1.47111],[-77.92583,-1.45444],[-77.9325,-1.42361],[-77.92833,-1.40694],[-77.94778,-1.39389],[-77.96833,-1.39556],[-77.96694,-1.37306],[-77.95056,-1.36944],[-77.94333,-1.35778],[-77.93583,-1.36028],[-77.89028,-1.32056],[-77.86278,-1.32056],[-77.82861,-1.30083],[-77.77583,-1.24528]]]}},{"type":"Feature","properties":{"codigo":1007401752},"geometry":{"type":"Polygon","coordinates":[[[-77.88389,-1.23778],[-77.85361,-1.23722],[-77.85222,-1.255],[-77.89444,-1.33],[-77.92194,-1.3425],[-77.95056,-1.36944],[-77.96667,-1.37278],[-77.96778,-1.39694],[-77.97667,-1.39583],[-77.98167,-1.40444],[-78.05083,-1.42722],[-78.08861,-1.42694],[-78.09167,-1.40583],[-78.10528,-1.39472],[-78.10528,-1.38139],[-78.11944,-1.36417],[-78.11833,-1.30639],[-78.11,-1.27861],[-78.09556,-1.27056],[-78.08111,-1.28083],[-78.0675,-1.27694],[-78.01222,-1.23139],[-77.96806,-1.23083],[-77.95083,-1.24111],[-77.93361,-1.23361],[-77.89611,-1.24722],[-77.88389,-1.23778]]]}},{"type":"Feature","properties":{"codigo":1007401938},"geometry":{"type":"Polygon","coordinates":[[[-76.39333,-1.23722],[-76.38639,-1.24056],[-76.36139,-1.22806],[-76.35722,-1.24639],[-76.34528,-1.24778],[-76.34694,-1.26333],[-76.38333,-1.25694],[-76.38917,-1.26611],[-76.39194,-1.26556],[-76.39972,-1.24556],[-76.39333,-1.23722]]]}},{"type":"Feature","properties":{"codigo":1007403258},"geometry":{"type":"Polygon","coordinates":[[[-78.54972,-1.23583],[-78.54667,-1.25556],[-78.53111,-1.27167],[-78.55583,-1.29722],[-78.56778,-1.33056],[-78.57972,-1.34111],[-78.57889,-1.35778],[-78.565,-1.37444],[-78.56528,-1.41583],[-78.54278,-1.43833],[-78.55056,-1.4525],[-78.58806,-1.46194],[-78.60472,-1.48861],[-78.64056,-1.49361],[-78.65972,-1.51],[-78.67472,-1.4975],[-78.71,-1.495],[-78.71667,-1.48111],[-78.73639,-1.46889],[-78.75194,-1.46611],[-78.77306,-1.47444],[-78.81694,-1.47],[-78.79389,-1.43472],[-78.79278,-1.41333],[-78.76222,-1.41056],[-78.74778,-1.39389],[-78.73444,-1.39417],[-78.72444,-1.38444],[-78.715,-1.38833],[-78.68528,-1.3475],[-78.6675,-1.34194],[-78.66028,-1.32778],[-78.62806,-1.30806],[-78.60083,-1.30583],[-78.54972,-1.23583]]]}},{"type":"Feature","properties":{"codigo":1007401971},"geometry":{"type":"Polygon","coordinates":[[[-77.12528,-1.25444],[-77.11306,-1.23167],[-77.06444,-1.27667],[-77.04583,-1.28222],[-77.0425,-1.29778],[-77.01556,-1.31611],[-77.01556,-1.32833],[-77.05833,-1.3225],[-77.10167,-1.28806],[-77.13472,-1.28611],[-77.15972,-1.27083],[-77.13833,-1.25417],[-77.12528,-1.25444]]]}},{"type":"Feature","properties":{"codigo":1007401921},"geometry":{"type":"Polygon","coordinates":[[[-76.46,-1.18],[-76.44194,-1.23056],[-76.42389,-1.24444],[-76.40222,-1.24361],[-76.39056,-1.2625],[-76.40139,-1.26111],[-76.41028,-1.295],[-76.43694,-1.295],[-76.45361,-1.31028],[-76.45694,-1.335],[-76.44972,-1.345],[-76.45694,-1.35722],[-76.46722,-1.35389],[-76.46806,-1.30917],[-76.48056,-1.29083],[-76.46972,-1.28278],[-76.47389,-1.26167],[-76.46194,-1.25083],[-76.46111,-1.23417],[-76.48278,-1.21361],[-76.48444,-1.20139],[-76.46,-1.18]]]}},{"type":"Feature","properties":{"codigo":1007403257},"geometry":{"type":"Polygon","coordinates":[[[-78.89167,-1.24833],[-78.86167,-1.2475],[-78.82,-1.28111],[-78.82389,-1.315],[-78.81611,-1.32694],[-78.82194,-1.33583],[-78.8125,-1.35889],[-78.75361,-1.40333],[-78.79278,-1.41333],[-78.79389,-1.43472],[-78.81694,-1.46889],[-78.87583,-1.46056],[-78.89528,-1.43583],[-78.90806,-1.43278],[-78.91583,-1.40944],[-78.92889,-1.40472],[-78.92639,-1.3725],[-78.93917,-1.35778],[-78.93417,-1.3375],[-78.91639,-1.32667],[-78.91472,-1.30806],[-78.89306,-1.28472],[-78.88556,-1.25889],[-78.89167,-1.24833]]]}},{"type":"Feature","properties":{"codigo":1007401979},"geometry":{"type":"Polygon","coordinates":[[[-77.16222,-1.24361],[-77.13861,-1.24861],[-77.13083,-1.24167],[-77.12222,-1.24806],[-77.1475,-1.25889],[-77.16083,-1.27472],[-77.18028,-1.27556],[-77.18472,-1.2875],[-77.20639,-1.29],[-77.2,-1.28389],[-77.20944,-1.25056],[-77.16222,-1.24361]]]}},{"type":"Feature","properties":{"codigo":1007402211},"geometry":{"type":"Polygon","coordinates":[[[-79.00778,-1.21528],[-78.97278,-1.23833],[-78.94861,-1.235],[-78.9125,-1.24861],[-78.89167,-1.24833],[-78.88556,-1.25806],[-78.89778,-1.29472],[-78.91472,-1.30806],[-78.91472,-1.32417],[-78.93417,-1.3375],[-78.93806,-1.35556],[-78.96417,-1.3475],[-78.97556,-1.35444],[-78.98611,-1.32972],[-79.00444,-1.32417],[-79.01833,-1.30333],[-79.02528,-1.27861],[-79.00861,-1.2425],[-79.01306,-1.22417],[-79.00778,-1.21528]]]}},{"type":"Feature","properties":{"codigo":1007402119},"geometry":{"type":"Polygon","coordinates":[[[-79.80722,-1.25111],[-79.77444,-1.23944],[-79.77861,-1.27111],[-79.7875,-1.28222],[-79.8475,-1.32222],[-79.84556,-1.35917],[-79.85639,-1.36111],[-79.84806,-1.3775],[-79.85306,-1.39333],[-79.83694,-1.40806],[-79.8525,-1.45889],[-79.86389,-1.46917],[-79.88139,-1.46861],[-79.87556,-1.40083],[-79.89306,-1.36889],[-79.88444,-1.33972],[-79.87028,-1.33389],[-79.86444,-1.31639],[-79.83639,-1.28944],[-79.83944,-1.28083],[-79.81222,-1.2675],[-79.80722,-1.25111]]]}},{"type":"Feature","properties":{"codigo":1007401916},"geometry":{"type":"Polygon","coordinates":[[[-76.16722,-1.26639],[-76.13361,-1.24639],[-76.13417,-1.23333],[-76.12389,-1.2375],[-76.12361,-1.25528],[-76.135,-1.27472],[-76.16583,-1.27306],[-76.16722,-1.26639]]]}},{"type":"Feature","properties":{"codigo":1007401781},"geometry":{"type":"Polygon","coordinates":[[[-77.71,-1.23167],[-77.70306,-1.25611],[-77.70944,-1.29306],[-77.69806,-1.30667],[-77.71472,-1.34083],[-77.70611,-1.36361],[-77.71306,-1.38139],[-77.70889,-1.40028],[-77.72167,-1.40444],[-77.74333,-1.39694],[-77.74444,-1.40722],[-77.76333,-1.42167],[-77.77139,-1.41333],[-77.79111,-1.4225],[-77.78667,-1.44417],[-77.79472,-1.45472],[-77.80194,-1.43167],[-77.8125,-1.43],[-77.81972,-1.43778],[-77.8325,-1.4075],[-77.78833,-1.38722],[-77.79556,-1.375],[-77.76972,-1.35972],[-77.77278,-1.35278],[-77.7625,-1.34556],[-77.77333,-1.3425],[-77.77528,-1.33333],[-77.76667,-1.32861],[-77.75917,-1.28],[-77.71,-1.23167]]]}},{"type":"Feature","properties":{"codigo":1007403255},"geometry":{"type":"Polygon","coordinates":[[[-78.79222,-1.21972],[-78.77667,-1.2275],[-78.77667,-1.23917],[-78.74028,-1.24028],[-78.71806,-1.26028],[-78.6975,-1.25917],[-78.67556,-1.26889],[-78.67778,-1.30028],[-78.68889,-1.32389],[-78.71722,-1.34472],[-78.71333,-1.35528],[-78.72361,-1.38389],[-78.75556,-1.40167],[-78.80889,-1.36444],[-78.82167,-1.33806],[-78.81611,-1.32694],[-78.82389,-1.315],[-78.82028,-1.27806],[-78.80306,-1.26417],[-78.80444,-1.24806],[-78.79222,-1.21972]]]}},{"type":"Feature","properties":{"codigo":1007401931},"geometry":{"type":"Polygon","coordinates":[[[-76.51417,-1.24194],[-76.49861,-1.24167],[-76.49278,-1.26528],[-76.48306,-1.26667],[-76.47278,-1.25639],[-76.46972,-1.28278],[-76.48056,-1.28972],[-76.47278,-1.30583],[-76.5,-1.2975],[-76.51333,-1.28083],[-76.51889,-1.26028],[-76.51417,-1.24194]]]}},{"type":"Feature","properties":{"codigo":1007401920},"geometry":{"type":"Polygon","coordinates":[[[-76.39194,-1.26528],[-76.3825,-1.25694],[-76.35028,-1.26556],[-76.34306,-1.24472],[-76.32778,-1.25278],[-76.3325,-1.26611],[-76.32222,-1.27944],[-76.30611,-1.2875],[-76.28583,-1.28444],[-76.27806,-1.29833],[-76.28944,-1.31972],[-76.30167,-1.31139],[-76.37167,-1.32111],[-76.38222,-1.30306],[-76.40889,-1.29111],[-76.40139,-1.26111],[-76.39194,-1.26528]]]}},{"type":"Feature","properties":{"codigo":1007402059},"geometry":{"type":"Polygon","coordinates":[[[-79.89278,-1.26806],[-79.83667,-1.23722],[-79.82583,-1.23583],[-79.81444,-1.25139],[-79.80472,-1.2525],[-79.81361,-1.26889],[-79.83944,-1.28083],[-79.83639,-1.28944],[-79.86444,-1.31639],[-79.87028,-1.33389],[-79.90861,-1.36722],[-79.91028,-1.38472],[-79.90111,-1.3975],[-79.90833,-1.40917],[-79.8925,-1.4125],[-79.89167,-1.42028],[-79.90306,-1.42833],[-79.915,-1.42194],[-79.92667,-1.42639],[-79.94028,-1.41444],[-79.93222,-1.41139],[-79.93167,-1.38583],[-79.9225,-1.36917],[-79.92528,-1.3425],[-79.90778,-1.32722],[-79.90556,-1.30861],[-79.91833,-1.30694],[-79.90889,-1.29361],[-79.91778,-1.27833],[-79.89389,-1.28417],[-79.89278,-1.26806]]]}},{"type":"Feature","properties":{"codigo":1007401912},"geometry":{"type":"Polygon","coordinates":[[[-75.72833,-1.27028],[-75.72472,-1.25361],[-75.67861,-1.25333],[-75.67222,-1.23667],[-75.64389,-1.23278],[-75.6225,-1.21611],[-75.59056,-1.23083],[-75.54472,-1.22694],[-75.57083,-1.23944],[-75.57972,-1.25528],[-75.56361,-1.26917],[-75.56417,-1.28639],[-75.59694,-1.32889],[-75.60833,-1.33167],[-75.61778,-1.32361],[-75.65,-1.32333],[-75.65833,-1.30694],[-75.68694,-1.30056],[-75.69583,-1.28333],[-75.70528,-1.28694],[-75.705,-1.27667],[-75.72833,-1.27028]]]}},{"type":"Feature","properties":{"codigo":1007402052},"geometry":{"type":"Polygon","coordinates":[[[-80.22333,-1.27194],[-80.18694,-1.24667],[-80.16667,-1.25167],[-80.15278,-1.24194],[-80.13167,-1.24389],[-80.12806,-1.25861],[-80.11444,-1.26],[-80.04833,-1.24528],[-80.04639,-1.23611],[-80.03417,-1.23222],[-79.97472,-1.23],[-79.96083,-1.23833],[-79.96667,-1.24694],[-79.96306,-1.27361],[-79.94194,-1.295],[-79.94889,-1.33056],[-79.95611,-1.32694],[-79.96556,-1.34389],[-79.96944,-1.30472],[-79.96417,-1.29583],[-79.98028,-1.27861],[-79.9925,-1.27917],[-79.99944,-1.29306],[-80.05083,-1.30806],[-80.0775,-1.32722],[-80.11111,-1.33472],[-80.1375,-1.325],[-80.14917,-1.33278],[-80.16556,-1.30667],[-80.20556,-1.29194],[-80.21528,-1.29611],[-80.22333,-1.27194]]]}},{"type":"Feature","properties":{"codigo":1007401980},"geometry":{"type":"Polygon","coordinates":[[[-77.20833,-1.24944],[-77.20278,-1.27778],[-77.23667,-1.28167],[-77.27278,-1.27639],[-77.28833,-1.26806],[-77.29111,-1.25694],[-77.31444,-1.24778],[-77.33917,-1.25389],[-77.395,-1.2825],[-77.42139,-1.32833],[-77.45056,-1.34861],[-77.46944,-1.35111],[-77.50333,-1.38306],[-77.52583,-1.38639],[-77.53944,-1.3775],[-77.5725,-1.38417],[-77.56222,-1.37139],[-77.48139,-1.34556],[-77.46639,-1.32611],[-77.47083,-1.31583],[-77.4525,-1.29278],[-77.45278,-1.28139],[-77.41194,-1.25972],[-77.37556,-1.22722],[-77.33889,-1.22222],[-77.26056,-1.25194],[-77.23139,-1.23944],[-77.20833,-1.24944]]]}},{"type":"Feature","properties":{"codigo":1007402212},"geometry":{"type":"Polygon","coordinates":[[[-79.12833,-1.21389],[-79.10583,-1.21889],[-79.10417,-1.22889],[-79.09333,-1.22889],[-79.06028,-1.26472],[-79.03111,-1.27139],[-79.01389,-1.31139],[-79.00444,-1.32417],[-78.98611,-1.32972],[-78.97667,-1.34806],[-78.98444,-1.365],[-79.0225,-1.38361],[-79.0675,-1.36583],[-79.08917,-1.33611],[-79.11139,-1.33444],[-79.12694,-1.34694],[-79.15778,-1.31667],[-79.21444,-1.29833],[-79.25778,-1.31833],[-79.26833,-1.33167],[-79.27944,-1.32722],[-79.29333,-1.33361],[-79.32361,-1.3225],[-79.33056,-1.33167],[-79.36806,-1.33778],[-79.39639,-1.32722],[-79.38389,-1.31056],[-79.37056,-1.30417],[-79.36194,-1.30833],[-79.36028,-1.28583],[-79.34056,-1.27306],[-79.335,-1.25722],[-79.31722,-1.255],[-79.28278,-1.21583],[-79.21028,-1.23833],[-79.19056,-1.21528],[-79.15917,-1.22472],[-79.12833,-1.21389]]]}},{"type":"Feature","properties":{"codigo":1007401978},"geometry":{"type":"Polygon","coordinates":[[[-77.46556,-1.26778],[-77.4525,-1.28167],[-77.4525,-1.29278],[-77.47083,-1.31583],[-77.46639,-1.32611],[-77.48139,-1.34556],[-77.56222,-1.37139],[-77.59444,-1.3925],[-77.62694,-1.40056],[-77.63028,-1.40944],[-77.64639,-1.4075],[-77.64528,-1.39667],[-77.60667,-1.37],[-77.59028,-1.34167],[-77.57167,-1.33167],[-77.55444,-1.30806],[-77.49028,-1.29389],[-77.46556,-1.26778]]]}},{"type":"Feature","properties":{"codigo":1007402053},"geometry":{"type":"Polygon","coordinates":[[[-80.26556,-1.34806],[-80.24222,-1.27611],[-80.23083,-1.27889],[-80.22361,-1.27167],[-80.21528,-1.29611],[-80.20556,-1.29194],[-80.16556,-1.30667],[-80.14917,-1.33278],[-80.13694,-1.325],[-80.10833,-1.33472],[-80.0775,-1.32722],[-80.03056,-1.29861],[-79.99944,-1.29306],[-79.9925,-1.27917],[-79.98028,-1.27861],[-79.96417,-1.29583],[-79.96972,-1.31611],[-79.96444,-1.33583],[-79.97667,-1.34278],[-79.98861,-1.33333],[-80.00917,-1.34917],[-80.01778,-1.33889],[-80.02194,-1.3525],[-80.03528,-1.33889],[-80.035,-1.34667],[-80.06722,-1.35806],[-80.06722,-1.3925],[-80.08361,-1.40278],[-80.1025,-1.40833],[-80.11389,-1.40361],[-80.12556,-1.41194],[-80.155,-1.40778],[-80.20556,-1.42667],[-80.24,-1.415],[-80.23833,-1.39],[-80.26556,-1.34806]]]}},{"type":"Feature","properties":{"codigo":1007402055},"geometry":{"type":"Polygon","coordinates":[[[-80.26194,-1.28333],[-80.24778,-1.28833],[-80.26583,-1.34694],[-80.23833,-1.39],[-80.23861,-1.41556],[-80.25083,-1.42528],[-80.26222,-1.41139],[-80.27722,-1.41361],[-80.2825,-1.43139],[-80.30083,-1.4425],[-80.35361,-1.41167],[-80.36111,-1.4],[-80.355,-1.38889],[-80.36833,-1.36667],[-80.38111,-1.36139],[-80.38583,-1.34361],[-80.37389,-1.33417],[-80.36972,-1.315],[-80.34167,-1.31417],[-80.32667,-1.30361],[-80.29361,-1.30861],[-80.26194,-1.28333]]]}},{"type":"Feature","properties":{"codigo":1007401981},"geometry":{"type":"Polygon","coordinates":[[[-77.20417,-1.27806],[-77.2,-1.28639],[-77.225,-1.30389],[-77.30167,-1.31083],[-77.31944,-1.30444],[-77.36,-1.33583],[-77.38417,-1.33528],[-77.42444,-1.355],[-77.48111,-1.36667],[-77.46944,-1.35111],[-77.45056,-1.34861],[-77.42139,-1.32833],[-77.395,-1.2825],[-77.33833,-1.25361],[-77.30278,-1.25167],[-77.26556,-1.27861],[-77.20417,-1.27806]]]}},{"type":"Feature","properties":{"codigo":1007401982},"geometry":{"type":"Polygon","coordinates":[[[-77.20639,-1.29],[-77.18472,-1.2875],[-77.18028,-1.27556],[-77.17028,-1.27889],[-77.15694,-1.27139],[-77.13472,-1.28611],[-77.10167,-1.28806],[-77.05833,-1.3225],[-77.01361,-1.33306],[-77.0275,-1.34694],[-77.04333,-1.35194],[-77.05361,-1.34444],[-77.065,-1.35139],[-77.06556,-1.36056],[-77.08667,-1.36556],[-77.13028,-1.3575],[-77.14444,-1.36861],[-77.16083,-1.36028],[-77.21083,-1.35972],[-77.2375,-1.34056],[-77.27361,-1.3525],[-77.31611,-1.34],[-77.34167,-1.34917],[-77.37583,-1.3825],[-77.39861,-1.36417],[-77.43278,-1.38278],[-77.44778,-1.37417],[-77.50083,-1.37889],[-77.4825,-1.36639],[-77.42444,-1.355],[-77.38417,-1.33528],[-77.36,-1.33583],[-77.31944,-1.30444],[-77.30278,-1.31083],[-77.25667,-1.30222],[-77.24083,-1.30722],[-77.21583,-1.30083],[-77.20639,-1.29]]]}},{"type":"Feature","properties":{"codigo":1007401976},"geometry":{"type":"Polygon","coordinates":[[[-77.70722,-1.29111],[-77.64028,-1.25583],[-77.58139,-1.29583],[-77.58611,-1.31056],[-77.60306,-1.31278],[-77.62028,-1.32778],[-77.64333,-1.32056],[-77.70667,-1.3675],[-77.71472,-1.34083],[-77.69806,-1.30667],[-77.70722,-1.29111]]]}},{"type":"Feature","properties":{"codigo":1007402186},"geometry":{"type":"Polygon","coordinates":[[[-79.4875,-1.26694],[-79.48639,-1.29194],[-79.50139,-1.30556],[-79.4925,-1.32472],[-79.49583,-1.37444],[-79.50944,-1.37778],[-79.50639,-1.38528],[-79.52389,-1.41361],[-79.54639,-1.42167],[-79.55333,-1.44889],[-79.57,-1.45167],[-79.57389,-1.46556],[-79.58639,-1.45944],[-79.60222,-1.47833],[-79.59139,-1.49917],[-79.60278,-1.52278],[-79.64056,-1.54611],[-79.66389,-1.54889],[-79.66583,-1.56083],[-79.68611,-1.57417],[-79.68444,-1.59472],[-79.6575,-1.59778],[-79.65417,-1.61056],[-79.66528,-1.62528],[-79.65361,-1.64806],[-79.67778,-1.64556],[-79.68111,-1.62583],[-79.69639,-1.61639],[-79.70139,-1.5975],[-79.73778,-1.57833],[-79.74556,-1.55667],[-79.73778,-1.54944],[-79.73889,-1.53667],[-79.74444,-1.53861],[-79.74,-1.52306],[-79.70861,-1.49056],[-79.68333,-1.49417],[-79.67389,-1.44583],[-79.65472,-1.42139],[-79.6325,-1.40889],[-79.63028,-1.38694],[-79.60944,-1.37583],[-79.60167,-1.36],[-79.57889,-1.36861],[-79.57611,-1.35944],[-79.56361,-1.35944],[-79.55528,-1.33278],[-79.53028,-1.32194],[-79.51722,-1.32556],[-79.51667,-1.30389],[-79.49583,-1.29028],[-79.50056,-1.27083],[-79.4875,-1.26694]]]}},{"type":"Feature","properties":{"codigo":1007401911},"geometry":{"type":"Polygon","coordinates":[[[-75.78667,-1.29528],[-75.78222,-1.27611],[-75.75861,-1.26861],[-75.72528,-1.27028],[-75.705,-1.27667],[-75.70528,-1.28694],[-75.69583,-1.28333],[-75.68694,-1.30056],[-75.65833,-1.30694],[-75.65,-1.32333],[-75.61083,-1.32556],[-75.62333,-1.34111],[-75.645,-1.34639],[-75.66333,-1.38472],[-75.68,-1.39083],[-75.68278,-1.37722],[-75.69639,-1.36583],[-75.71194,-1.36778],[-75.73917,-1.35361],[-75.76194,-1.31028],[-75.78056,-1.305],[-75.78667,-1.29528]]]}},{"type":"Feature","properties":{"codigo":1007401967},"geometry":{"type":"Polygon","coordinates":[[[-76.97472,-1.29806],[-76.93444,-1.31444],[-76.93861,-1.32278],[-76.94889,-1.31639],[-76.95556,-1.32139],[-76.945,-1.3625],[-76.95472,-1.38028],[-76.98389,-1.37],[-77.0025,-1.37417],[-77.00944,-1.36639],[-76.98583,-1.32361],[-76.98972,-1.31278],[-76.97472,-1.29806]]]}},{"type":"Feature","properties":{"codigo":1007402121},"geometry":{"type":"Polygon","coordinates":[[[-79.54083,-1.08111],[-79.55306,-1.11444],[-79.56444,-1.11389],[-79.57306,-1.13111],[-79.5875,-1.13944],[-79.59,-1.16222],[-79.62444,-1.19389],[-79.62556,-1.20472],[-79.64694,-1.21167],[-79.65167,-1.22778],[-79.68917,-1.26583],[-79.68917,-1.28028],[-79.70306,-1.30056],[-79.71611,-1.305],[-79.74389,-1.3375],[-79.76444,-1.34306],[-79.775,-1.36694],[-79.79333,-1.35278],[-79.79694,-1.37889],[-79.82306,-1.38694],[-79.825,-1.40111],[-79.83611,-1.40833],[-79.84694,-1.40028],[-79.83111,-1.37722],[-79.81389,-1.3675],[-79.81417,-1.35889],[-79.78806,-1.34361],[-79.77972,-1.32028],[-79.76806,-1.31528],[-79.77417,-1.29722],[-79.75694,-1.26778],[-79.7575,-1.255],[-79.73722,-1.24028],[-79.73,-1.21528],[-79.68278,-1.18972],[-79.67917,-1.17194],[-79.64306,-1.12333],[-79.60917,-1.11444],[-79.60028,-1.09139],[-79.60444,-1.07611],[-79.56889,-1.07167],[-79.56,-1.08444],[-79.54083,-1.08111]]]}},{"type":"Feature","properties":{"codigo":1007401968},"geometry":{"type":"Polygon","coordinates":[[[-77.00778,-1.31722],[-76.99083,-1.31],[-76.98889,-1.28694],[-76.98,-1.28667],[-76.97472,-1.29833],[-76.98972,-1.31278],[-76.98583,-1.32361],[-76.9925,-1.33222],[-77.00167,-1.33528],[-77.00778,-1.31722]]]}},{"type":"Feature","properties":{"codigo":1007401970},"geometry":{"type":"Polygon","coordinates":[[[-77.01556,-1.31722],[-77.00389,-1.32056],[-77.01444,-1.33167],[-77.01806,-1.33],[-77.01556,-1.31722]]]}},{"type":"Feature","properties":{"codigo":1007403219},"geometry":{"type":"Polygon","coordinates":[[[-78.16833,-1.32028],[-78.14556,-1.30028],[-78.1425,-1.28722],[-78.11389,-1.29167],[-78.11944,-1.36417],[-78.10528,-1.38139],[-78.10528,-1.39472],[-78.09167,-1.40583],[-78.08472,-1.43417],[-78.10083,-1.45917],[-78.09222,-1.45944],[-78.09333,-1.46889],[-78.06806,-1.48583],[-78.07528,-1.49833],[-78.06861,-1.51917],[-78.0575,-1.54028],[-78.03917,-1.55167],[-78.04,-1.59278],[-78.02111,-1.63806],[-78.02583,-1.64528],[-78.01917,-1.67472],[-78.04528,-1.62333],[-78.0525,-1.62861],[-78.05056,-1.63944],[-78.05722,-1.63861],[-78.06833,-1.61389],[-78.0675,-1.56722],[-78.10444,-1.54083],[-78.12139,-1.48889],[-78.17083,-1.4875],[-78.17806,-1.51306],[-78.19722,-1.5175],[-78.21222,-1.50528],[-78.26194,-1.51278],[-78.29306,-1.49722],[-78.28917,-1.4775],[-78.24222,-1.47861],[-78.23472,-1.46528],[-78.21694,-1.45667],[-78.21278,-1.43944],[-78.19583,-1.44111],[-78.18778,-1.42083],[-78.195,-1.3775],[-78.18417,-1.35417],[-78.16389,-1.34583],[-78.15861,-1.3275],[-78.16833,-1.32028]]]}},{"type":"Feature","properties":{"codigo":1007401941},"geometry":{"type":"Polygon","coordinates":[[[-76.4075,-1.2925],[-76.38222,-1.30306],[-76.37167,-1.32111],[-76.29389,-1.31167],[-76.25778,-1.34639],[-76.27139,-1.37444],[-76.29389,-1.38833],[-76.29222,-1.40083],[-76.28111,-1.40528],[-76.28167,-1.41833],[-76.28833,-1.42111],[-76.30639,-1.40333],[-76.37722,-1.41139],[-76.3875,-1.40278],[-76.40028,-1.40417],[-76.425,-1.36111],[-76.43667,-1.36194],[-76.445,-1.35278],[-76.45472,-1.35722],[-76.45361,-1.31028],[-76.43694,-1.295],[-76.4075,-1.2925]]]}},{"type":"Feature","properties":{"codigo":1007402204},"geometry":{"type":"Polygon","coordinates":[[[-79.39556,-1.31444],[-79.39389,-1.33333],[-79.40222,-1.33694],[-79.40528,-1.31861],[-79.39556,-1.31444]]]}},{"type":"Feature","properties":{"codigo":1007403220},"geometry":{"type":"Polygon","coordinates":[[[-78.23222,-1.33389],[-78.17556,-1.31722],[-78.15861,-1.3275],[-78.16444,-1.34667],[-78.18417,-1.35417],[-78.19389,-1.37417],[-78.19083,-1.41111],[-78.21167,-1.40833],[-78.24639,-1.38083],[-78.26472,-1.37556],[-78.28611,-1.34306],[-78.27917,-1.32583],[-78.26556,-1.32972],[-78.25722,-1.32306],[-78.23222,-1.33389]]]}},{"type":"Feature","properties":{"codigo":1007401977},"geometry":{"type":"Polygon","coordinates":[[[-77.60306,-1.31278],[-77.57389,-1.31222],[-77.57139,-1.33139],[-77.59028,-1.34167],[-77.60667,-1.37],[-77.64528,-1.39667],[-77.64111,-1.41167],[-77.65333,-1.42611],[-77.71444,-1.41361],[-77.71778,-1.40361],[-77.70778,-1.39556],[-77.71278,-1.37833],[-77.69583,-1.35389],[-77.64333,-1.32056],[-77.62028,-1.32778],[-77.60306,-1.31278]]]}},{"type":"Feature","properties":{"codigo":1007402126},"geometry":{"type":"Polygon","coordinates":[[[-79.73111,-1.32528],[-79.71583,-1.31556],[-79.715,-1.32944],[-79.7075,-1.33333],[-79.71889,-1.36028],[-79.71278,-1.37556],[-79.6875,-1.37861],[-79.67,-1.37194],[-79.65972,-1.38333],[-79.67333,-1.38056],[-79.68833,-1.3925],[-79.69,-1.40556],[-79.70222,-1.41028],[-79.70806,-1.42333],[-79.70361,-1.44806],[-79.71167,-1.45556],[-79.70722,-1.46472],[-79.74194,-1.49389],[-79.73611,-1.48361],[-79.74333,-1.47889],[-79.73972,-1.45861],[-79.75167,-1.45139],[-79.75778,-1.43417],[-79.73444,-1.38472],[-79.75556,-1.38361],[-79.76417,-1.37167],[-79.75278,-1.36056],[-79.75417,-1.34778],[-79.72806,-1.33611],[-79.73111,-1.32528]]]}},{"type":"Feature","properties":{"codigo":1007403224},"geometry":{"type":"Polygon","coordinates":[[[-78.33472,-1.22167],[-78.31222,-1.20639],[-78.30778,-1.22333],[-78.28583,-1.22556],[-78.28056,-1.24111],[-78.28944,-1.28583],[-78.2775,-1.29361],[-78.28667,-1.30194],[-78.27833,-1.32556],[-78.28639,-1.33278],[-78.27861,-1.36111],[-78.28611,-1.36278],[-78.29778,-1.40583],[-78.33139,-1.37778],[-78.34222,-1.34778],[-78.36611,-1.34028],[-78.37056,-1.33194],[-78.36972,-1.31417],[-78.34333,-1.27583],[-78.34556,-1.26194],[-78.33361,-1.24944],[-78.33472,-1.22167]]]}},{"type":"Feature","properties":{"codigo":1007401462},"geometry":{"type":"Polygon","coordinates":[[[-80.63889,-1.30639],[-80.61306,-1.30306],[-80.60444,-1.32167],[-80.58444,-1.32889],[-80.56306,-1.32528],[-80.5475,-1.33806],[-80.51972,-1.34194],[-80.52167,-1.3525],[-80.51,-1.36583],[-80.51333,-1.37639],[-80.55917,-1.36333],[-80.55833,-1.39056],[-80.54667,-1.39111],[-80.54778,-1.41361],[-80.55694,-1.41667],[-80.56528,-1.43472],[-80.61389,-1.42944],[-80.66694,-1.44306],[-80.68333,-1.43444],[-80.68111,-1.40528],[-80.69556,-1.39417],[-80.69694,-1.38167],[-80.73472,-1.36528],[-80.74028,-1.3525],[-80.73361,-1.34417],[-80.69972,-1.33056],[-80.68944,-1.31778],[-80.64806,-1.32639],[-80.63889,-1.30639]]]}},{"type":"Feature","properties":{"codigo":1007402193},"geometry":{"type":"Polygon","coordinates":[[[-79.47083,-1.36417],[-79.50139,-1.30556],[-79.48694,-1.29278],[-79.46583,-1.32667],[-79.45167,-1.33583],[-79.45472,-1.35389],[-79.44139,-1.35222],[-79.43194,-1.39861],[-79.42,-1.40028],[-79.41917,-1.41278],[-79.43056,-1.41222],[-79.43917,-1.42917],[-79.4525,-1.42528],[-79.46333,-1.40889],[-79.47083,-1.36417]]]}},{"type":"Feature","properties":{"codigo":1007401983},"geometry":{"type":"Polygon","coordinates":[[[-77.0275,-1.34694],[-77.00778,-1.32028],[-76.9925,-1.33944],[-77.00972,-1.37194],[-77.03306,-1.38028],[-77.06833,-1.37861],[-77.10694,-1.39444],[-77.10556,-1.40222],[-77.1175,-1.41111],[-77.20222,-1.40667],[-77.22972,-1.41306],[-77.26389,-1.40639],[-77.2925,-1.41389],[-77.32389,-1.43139],[-77.32611,-1.44],[-77.36611,-1.44694],[-77.41917,-1.42861],[-77.43833,-1.41306],[-77.50139,-1.40333],[-77.515,-1.40778],[-77.57833,-1.38528],[-77.53917,-1.3775],[-77.51528,-1.38611],[-77.45611,-1.37389],[-77.43278,-1.38278],[-77.4,-1.36417],[-77.37583,-1.3825],[-77.34167,-1.34917],[-77.31611,-1.34],[-77.27361,-1.3525],[-77.2375,-1.34056],[-77.21083,-1.35972],[-77.16083,-1.36028],[-77.14444,-1.36861],[-77.13028,-1.3575],[-77.08667,-1.36556],[-77.06556,-1.36056],[-77.065,-1.35139],[-77.05361,-1.34444],[-77.04333,-1.35194],[-77.0275,-1.34694]]]}},{"type":"Feature","properties":{"codigo":1007401910},"geometry":{"type":"Polygon","coordinates":[[[-75.61139,-1.3275],[-75.59694,-1.32889],[-75.57806,-1.30333],[-75.58611,-1.33083],[-75.57139,-1.35194],[-75.54444,-1.37],[-75.54917,-1.38194],[-75.57889,-1.39],[-75.605,-1.42611],[-75.61917,-1.42472],[-75.63306,-1.43944],[-75.68,-1.39083],[-75.66333,-1.38472],[-75.645,-1.34639],[-75.62333,-1.34111],[-75.61139,-1.3275]]]}},{"type":"Feature","properties":{"codigo":1007402196},"geometry":{"type":"Polygon","coordinates":[[[-79.42944,-1.3075],[-79.41361,-1.3175],[-79.41028,-1.33556],[-79.39806,-1.33556],[-79.39306,-1.32778],[-79.36806,-1.33778],[-79.33972,-1.33028],[-79.33056,-1.3325],[-79.35778,-1.35167],[-79.37361,-1.34972],[-79.39556,-1.35694],[-79.40444,-1.37139],[-79.41861,-1.37167],[-79.43306,-1.34889],[-79.42944,-1.3075]]]}},{"type":"Feature","properties":{"codigo":1007402127},"geometry":{"type":"Polygon","coordinates":[[[-79.70806,-1.33194],[-79.6975,-1.34139],[-79.68139,-1.34222],[-79.6825,-1.3575],[-79.69889,-1.37583],[-79.71278,-1.37556],[-79.71889,-1.36361],[-79.70806,-1.33194]]]}},{"type":"Feature","properties":{"codigo":1007402051},"geometry":{"type":"Polygon","coordinates":[[[-79.97306,-1.34222],[-79.96194,-1.33889],[-79.96167,-1.34556],[-79.97333,-1.35028],[-79.97306,-1.34222]]]}},{"type":"Feature","properties":{"codigo":1007402054},"geometry":{"type":"Polygon","coordinates":[[[-80.48889,-1.33333],[-80.44917,-1.33056],[-80.42056,-1.34278],[-80.40222,-1.33611],[-80.38583,-1.34361],[-80.38111,-1.36139],[-80.36833,-1.36667],[-80.355,-1.38889],[-80.36111,-1.4],[-80.35361,-1.41167],[-80.30083,-1.4425],[-80.2825,-1.43139],[-80.27639,-1.41333],[-80.26222,-1.41139],[-80.25083,-1.42528],[-80.23861,-1.41472],[-80.21306,-1.42361],[-80.25222,-1.46278],[-80.26806,-1.51028],[-80.29306,-1.51],[-80.29694,-1.50278],[-80.32333,-1.5125],[-80.32778,-1.54778],[-80.35694,-1.55556],[-80.39583,-1.53472],[-80.39806,-1.51167],[-80.42278,-1.48389],[-80.4275,-1.46583],[-80.45139,-1.44417],[-80.45611,-1.41917],[-80.48083,-1.38889],[-80.48861,-1.3575],[-80.50444,-1.35139],[-80.48889,-1.33333]]]}},{"type":"Feature","properties":{"codigo":1007402213},"geometry":{"type":"Polygon","coordinates":[[[-79.35778,-1.35167],[-79.32361,-1.3225],[-79.29333,-1.33361],[-79.27944,-1.32722],[-79.26611,-1.33111],[-79.25778,-1.31833],[-79.21444,-1.29833],[-79.15778,-1.31667],[-79.12667,-1.34722],[-79.14139,-1.35472],[-79.15417,-1.35139],[-79.16389,-1.37],[-79.215,-1.36278],[-79.22611,-1.37111],[-79.22667,-1.38361],[-79.26417,-1.37667],[-79.2975,-1.39583],[-79.3225,-1.39028],[-79.32944,-1.39833],[-79.34444,-1.39611],[-79.37361,-1.36556],[-79.39083,-1.37472],[-79.40417,-1.37139],[-79.39556,-1.35694],[-79.35778,-1.35167]]]}},{"type":"Feature","properties":{"codigo":1007402050},"geometry":{"type":"Polygon","coordinates":[[[-80.01167,-1.34917],[-79.98806,-1.33333],[-79.97306,-1.34222],[-79.97333,-1.35028],[-79.96611,-1.34917],[-79.9625,-1.36222],[-79.94917,-1.35194],[-79.92278,-1.34417],[-79.93778,-1.42528],[-79.95333,-1.43333],[-79.9775,-1.41444],[-79.97778,-1.40417],[-79.9875,-1.40333],[-79.98917,-1.36833],[-80.01028,-1.35917],[-80.01167,-1.34917]]]}},{"type":"Feature","properties":{"codigo":1007401966},"geometry":{"type":"Polygon","coordinates":[[[-76.94889,-1.31639],[-76.92167,-1.33028],[-76.90056,-1.36167],[-76.88222,-1.36222],[-76.85694,-1.37944],[-76.85583,-1.40222],[-76.84167,-1.41083],[-76.8525,-1.41778],[-76.84944,-1.42583],[-76.85944,-1.42278],[-76.86472,-1.43167],[-76.87,-1.4225],[-76.88889,-1.42194],[-76.89472,-1.43694],[-76.90389,-1.42861],[-76.93528,-1.42444],[-76.94,-1.44139],[-76.95417,-1.44278],[-76.95306,-1.43083],[-76.96583,-1.42889],[-76.94417,-1.39167],[-76.95556,-1.32139],[-76.94889,-1.31639]]]}},{"type":"Feature","properties":{"codigo":1007402108},"geometry":{"type":"Polygon","coordinates":[[[-80.52167,-1.3525],[-80.48861,-1.3575],[-80.48083,-1.38889],[-80.45611,-1.41917],[-80.45139,-1.44417],[-80.4275,-1.46583],[-80.42278,-1.48389],[-80.39806,-1.51167],[-80.39556,-1.56194],[-80.41056,-1.565],[-80.40361,-1.5875],[-80.41083,-1.59639],[-80.43389,-1.59194],[-80.44111,-1.58],[-80.47889,-1.6],[-80.5175,-1.60556],[-80.53278,-1.58778],[-80.56778,-1.57972],[-80.57139,-1.55667],[-80.55389,-1.55222],[-80.56694,-1.52944],[-80.55361,-1.51167],[-80.53611,-1.50778],[-80.52417,-1.48944],[-80.52778,-1.4575],[-80.51833,-1.42944],[-80.52556,-1.41889],[-80.54778,-1.41389],[-80.54667,-1.39111],[-80.55833,-1.39056],[-80.56083,-1.36806],[-80.55778,-1.36333],[-80.51333,-1.37639],[-80.51,-1.36583],[-80.52167,-1.3525]]]}},{"type":"Feature","properties":{"codigo":1007402261},"geometry":{"type":"Polygon","coordinates":[[[-79.02,-1.38361],[-78.96417,-1.3475],[-78.93833,-1.35556],[-78.92639,-1.3725],[-78.93167,-1.38361],[-78.92556,-1.3925],[-78.93917,-1.40972],[-78.93667,-1.43028],[-78.94472,-1.43222],[-78.96278,-1.46917],[-78.99444,-1.50417],[-78.99583,-1.52194],[-79.01,-1.54],[-79.01528,-1.56528],[-79.00722,-1.575],[-79.00167,-1.61222],[-79.01028,-1.61417],[-79.06167,-1.58583],[-79.06583,-1.56],[-79.04333,-1.49056],[-79.06222,-1.47139],[-79.04694,-1.42944],[-79.04917,-1.39472],[-79.05611,-1.38667],[-79.05083,-1.37278],[-79.02,-1.38361]]]}},{"type":"Feature","properties":{"codigo":1007401957},"geometry":{"type":"Polygon","coordinates":[[[-76.49306,-1.34111],[-76.425,-1.36111],[-76.40028,-1.40417],[-76.3875,-1.40278],[-76.37722,-1.41139],[-76.30639,-1.40333],[-76.28944,-1.41611],[-76.27417,-1.44833],[-76.24056,-1.45667],[-76.22139,-1.45222],[-76.20806,-1.48139],[-76.17444,-1.5075],[-76.17278,-1.52],[-76.16361,-1.52028],[-76.12417,-1.55806],[-76.07944,-1.5625],[-76.06806,-1.54972],[-76.05639,-1.57278],[-76.06806,-1.59333],[-76.05861,-1.60806],[-76.04667,-1.61167],[-76.04444,-1.63306],[-76.06944,-1.62722],[-76.08556,-1.64028],[-76.09833,-1.63306],[-76.09694,-1.62556],[-76.13028,-1.60861],[-76.16611,-1.60722],[-76.25667,-1.57917],[-76.27111,-1.58611],[-76.2775,-1.56611],[-76.28444,-1.56444],[-76.28194,-1.5525],[-76.31861,-1.54389],[-76.3325,-1.52917],[-76.38361,-1.52028],[-76.41306,-1.4975],[-76.42528,-1.46722],[-76.5,-1.445],[-76.54083,-1.41944],[-76.58528,-1.4225],[-76.58306,-1.40111],[-76.59889,-1.395],[-76.59694,-1.36778],[-76.57611,-1.36556],[-76.56056,-1.37278],[-76.53278,-1.34333],[-76.49306,-1.34111]]]}},{"type":"Feature","properties":{"codigo":1007401965},"geometry":{"type":"Polygon","coordinates":[[[-76.90056,-1.36167],[-76.90333,-1.34278],[-76.89056,-1.3425],[-76.81833,-1.38083],[-76.79806,-1.38056],[-76.77167,-1.39278],[-76.76944,-1.40944],[-76.78528,-1.41556],[-76.78361,-1.44611],[-76.79611,-1.44361],[-76.82917,-1.47361],[-76.86444,-1.46],[-76.85806,-1.43917],[-76.8475,-1.43306],[-76.8525,-1.41778],[-76.84167,-1.41083],[-76.85583,-1.40222],[-76.85944,-1.37667],[-76.88444,-1.36139],[-76.90056,-1.36167]]]}},{"type":"Feature","properties":{"codigo":1007401948},"geometry":{"type":"Polygon","coordinates":[[[-76.11028,-1.37694],[-76.1325,-1.35944],[-76.1175,-1.34694],[-76.09139,-1.345],[-76.06806,-1.33139],[-76.05222,-1.35417],[-76.03667,-1.3425],[-76.01722,-1.36],[-75.99944,-1.36111],[-76.00083,-1.36972],[-75.98778,-1.3775],[-75.96167,-1.37139],[-75.93861,-1.39194],[-75.96722,-1.40667],[-75.96389,-1.42222],[-75.95278,-1.42806],[-75.95833,-1.44417],[-75.98139,-1.42556],[-76.02028,-1.42306],[-76.02778,-1.41056],[-76.04333,-1.42111],[-76.06194,-1.41611],[-76.08083,-1.3825],[-76.10194,-1.36944],[-76.11028,-1.37694]]]}},{"type":"Feature","properties":{"codigo":1007401908},"geometry":{"type":"Polygon","coordinates":[[[-75.54917,-1.38194],[-75.54417,-1.35111],[-75.52833,-1.33944],[-75.51944,-1.34361],[-75.52917,-1.38472],[-75.52,-1.39194],[-75.52,-1.41],[-75.54028,-1.40667],[-75.56278,-1.44972],[-75.60417,-1.45694],[-75.63139,-1.44833],[-75.63306,-1.43944],[-75.61917,-1.42472],[-75.605,-1.42611],[-75.57889,-1.39],[-75.54917,-1.38194]]]}},{"type":"Feature","properties":{"codigo":1007402195},"geometry":{"type":"Polygon","coordinates":[[[-79.42056,-1.37028],[-79.36361,-1.36972],[-79.35528,-1.38944],[-79.32972,-1.3975],[-79.33694,-1.43583],[-79.38917,-1.42333],[-79.39806,-1.41694],[-79.39667,-1.40694],[-79.4175,-1.40889],[-79.42,-1.40028],[-79.43194,-1.39861],[-79.43278,-1.38444],[-79.42056,-1.37917],[-79.42056,-1.37028]]]}},{"type":"Feature","properties":{"codigo":1007402215},"geometry":{"type":"Polygon","coordinates":[[[-79.14139,-1.35472],[-79.11139,-1.33444],[-79.08917,-1.33611],[-79.0675,-1.36583],[-79.05056,-1.37306],[-79.05278,-1.39556],[-79.06194,-1.39056],[-79.0725,-1.3975],[-79.09361,-1.42889],[-79.11028,-1.43944],[-79.145,-1.43861],[-79.15889,-1.42917],[-79.18944,-1.43472],[-79.2225,-1.42111],[-79.22917,-1.39444],[-79.22611,-1.37111],[-79.21722,-1.36361],[-79.16389,-1.37],[-79.15417,-1.35139],[-79.14139,-1.35472]]]}},{"type":"Feature","properties":{"codigo":1007401984},"geometry":{"type":"Polygon","coordinates":[[[-77.01556,-1.37417],[-77.00611,-1.36806],[-76.9625,-1.38111],[-76.94556,-1.37806],[-76.94528,-1.39917],[-76.95361,-1.4],[-76.96583,-1.42722],[-76.95306,-1.43083],[-76.95361,-1.44056],[-76.96861,-1.45472],[-76.99333,-1.44917],[-76.99389,-1.44278],[-77.02111,-1.44389],[-77.00056,-1.42861],[-76.99417,-1.40806],[-77.01556,-1.37417]]]}},{"type":"Feature","properties":{"codigo":1007401949},"geometry":{"type":"Polygon","coordinates":[[[-76.21111,-1.38472],[-76.20028,-1.37444],[-76.20389,-1.35611],[-76.19306,-1.34972],[-76.14778,-1.36528],[-76.12083,-1.36611],[-76.11556,-1.37611],[-76.10194,-1.36944],[-76.08056,-1.38278],[-76.06194,-1.41611],[-76.04333,-1.42111],[-76.02778,-1.41056],[-76.02028,-1.42306],[-75.98139,-1.42556],[-75.9575,-1.44528],[-75.99722,-1.4625],[-76.015,-1.45528],[-76.0225,-1.46056],[-76.05389,-1.44167],[-76.09778,-1.44833],[-76.11389,-1.43556],[-76.11861,-1.41722],[-76.135,-1.41722],[-76.15139,-1.39611],[-76.16889,-1.39528],[-76.17639,-1.40833],[-76.18917,-1.40611],[-76.21111,-1.38472]]]}},{"type":"Feature","properties":{"codigo":1007401950},"geometry":{"type":"Polygon","coordinates":[[[-76.26083,-1.35861],[-76.23917,-1.36083],[-76.20889,-1.37778],[-76.21111,-1.38472],[-76.18917,-1.40611],[-76.17639,-1.40833],[-76.17056,-1.39611],[-76.15583,-1.39333],[-76.135,-1.41722],[-76.11861,-1.41722],[-76.11389,-1.43556],[-76.09778,-1.44833],[-76.04611,-1.44361],[-76.02278,-1.45944],[-76.02083,-1.46917],[-75.95694,-1.49306],[-75.94306,-1.51111],[-75.97444,-1.52806],[-76.00861,-1.53111],[-76.04972,-1.50528],[-76.06278,-1.50778],[-76.09361,-1.49194],[-76.11861,-1.49472],[-76.16,-1.47528],[-76.17056,-1.47833],[-76.16639,-1.49611],[-76.18389,-1.49139],[-76.19083,-1.49778],[-76.20806,-1.48139],[-76.22139,-1.45222],[-76.24056,-1.45667],[-76.27417,-1.44833],[-76.28639,-1.42889],[-76.28806,-1.42028],[-76.27833,-1.41417],[-76.29222,-1.40083],[-76.29389,-1.38833],[-76.26083,-1.35861]]]}},{"type":"Feature","properties":{"codigo":1007402155},"geometry":{"type":"Polygon","coordinates":[[[-79.66222,-1.38639],[-79.62611,-1.34361],[-79.6175,-1.34972],[-79.59556,-1.33306],[-79.58722,-1.33861],[-79.57444,-1.33056],[-79.57333,-1.34222],[-79.56167,-1.34528],[-79.56361,-1.35944],[-79.57611,-1.35944],[-79.57889,-1.36861],[-79.60167,-1.36],[-79.60944,-1.37583],[-79.63028,-1.38694],[-79.6325,-1.40889],[-79.65472,-1.42139],[-79.67389,-1.44583],[-79.68389,-1.49472],[-79.70861,-1.49056],[-79.70917,-1.4975],[-79.73361,-1.51111],[-79.74167,-1.49389],[-79.70722,-1.46472],[-79.71167,-1.45556],[-79.70361,-1.44806],[-79.70806,-1.42333],[-79.70222,-1.41028],[-79.69,-1.40556],[-79.68833,-1.3925],[-79.67333,-1.38056],[-79.66222,-1.38639]]]}},{"type":"Feature","properties":{"codigo":1007402187},"geometry":{"type":"Polygon","coordinates":[[[-79.49278,-1.32944],[-79.47083,-1.36417],[-79.47222,-1.39139],[-79.53417,-1.47556],[-79.52722,-1.50417],[-79.53528,-1.51278],[-79.53722,-1.52833],[-79.52889,-1.53778],[-79.53528,-1.55194],[-79.52361,-1.56444],[-79.53167,-1.59056],[-79.54278,-1.6075],[-79.55861,-1.60694],[-79.56444,-1.62278],[-79.62722,-1.62139],[-79.64,-1.63556],[-79.64889,-1.63194],[-79.65333,-1.64806],[-79.66528,-1.62528],[-79.65417,-1.61194],[-79.65694,-1.59833],[-79.68444,-1.59472],[-79.68611,-1.57417],[-79.66583,-1.56083],[-79.66389,-1.54889],[-79.64056,-1.54611],[-79.60278,-1.52278],[-79.59139,-1.49917],[-79.60222,-1.47833],[-79.58639,-1.45944],[-79.57083,-1.46417],[-79.57,-1.45167],[-79.54806,-1.44083],[-79.54639,-1.42167],[-79.52389,-1.41361],[-79.50639,-1.38528],[-79.50944,-1.37778],[-79.49278,-1.36722],[-79.49778,-1.34556],[-79.49278,-1.32944]]]}},{"type":"Feature","properties":{"codigo":1007401964},"geometry":{"type":"Polygon","coordinates":[[[-76.84444,-1.36306],[-76.82806,-1.35889],[-76.79917,-1.36694],[-76.77417,-1.35944],[-76.73194,-1.37361],[-76.72222,-1.36889],[-76.7075,-1.38806],[-76.72167,-1.39778],[-76.71972,-1.41889],[-76.73889,-1.4275],[-76.73611,-1.44222],[-76.76361,-1.45306],[-76.75889,-1.4625],[-76.76861,-1.47667],[-76.80083,-1.48194],[-76.775,-1.45167],[-76.78694,-1.43111],[-76.78528,-1.41556],[-76.76778,-1.40333],[-76.77167,-1.39278],[-76.79806,-1.38056],[-76.81833,-1.38083],[-76.84444,-1.36306]]]}},{"type":"Feature","properties":{"codigo":1007403225},"geometry":{"type":"Polygon","coordinates":[[[-78.39083,-1.39278],[-78.36944,-1.34389],[-78.35722,-1.34083],[-78.34222,-1.34778],[-78.33139,-1.37778],[-78.29861,-1.40361],[-78.29194,-1.41889],[-78.30306,-1.44028],[-78.29833,-1.48],[-78.31667,-1.49694],[-78.345,-1.50361],[-78.35,-1.52222],[-78.36444,-1.51417],[-78.36306,-1.49833],[-78.37472,-1.49333],[-78.35556,-1.46083],[-78.38333,-1.43944],[-78.39083,-1.39278]]]}},{"type":"Feature","properties":{"codigo":1007403227},"geometry":{"type":"Polygon","coordinates":[[[-78.44444,-1.33361],[-78.43417,-1.35139],[-78.41222,-1.35972],[-78.41111,-1.37667],[-78.38972,-1.39306],[-78.38333,-1.43944],[-78.35556,-1.46083],[-78.37472,-1.49306],[-78.38778,-1.49389],[-78.39528,-1.48444],[-78.42361,-1.48583],[-78.45,-1.46972],[-78.46889,-1.44],[-78.47389,-1.40639],[-78.46278,-1.38278],[-78.46583,-1.35861],[-78.45833,-1.33583],[-78.44444,-1.33361]]]}},{"type":"Feature","properties":{"codigo":1007401963},"geometry":{"type":"Polygon","coordinates":[[[-76.7075,-1.38694],[-76.66278,-1.39389],[-76.66167,-1.385],[-76.64361,-1.37778],[-76.62528,-1.38583],[-76.61389,-1.3825],[-76.58306,-1.40111],[-76.58611,-1.42056],[-76.60611,-1.43194],[-76.59639,-1.44833],[-76.605,-1.46472],[-76.59889,-1.51028],[-76.61361,-1.50167],[-76.64417,-1.50667],[-76.6575,-1.48722],[-76.67556,-1.4775],[-76.70722,-1.49028],[-76.7375,-1.485],[-76.74528,-1.44528],[-76.73611,-1.44222],[-76.73694,-1.42417],[-76.71972,-1.41889],[-76.71611,-1.40444],[-76.72306,-1.40139],[-76.7075,-1.38694]]]}},{"type":"Feature","properties":{"codigo":1007402214},"geometry":{"type":"Polygon","coordinates":[[[-79.33722,-1.43611],[-79.3225,-1.39028],[-79.28889,-1.39417],[-79.26417,-1.37667],[-79.22667,-1.38361],[-79.20722,-1.49111],[-79.2125,-1.52028],[-79.22278,-1.52139],[-79.22778,-1.50722],[-79.25528,-1.49056],[-79.27639,-1.43444],[-79.29972,-1.42944],[-79.31139,-1.44306],[-79.36167,-1.46056],[-79.37806,-1.45833],[-79.38333,-1.44028],[-79.39472,-1.44083],[-79.40694,-1.42556],[-79.43861,-1.42778],[-79.43056,-1.41222],[-79.40472,-1.40417],[-79.38917,-1.42333],[-79.33722,-1.43611]]]}},{"type":"Feature","properties":{"codigo":1007401985},"geometry":{"type":"Polygon","coordinates":[[[-77.01556,-1.37417],[-77.00139,-1.40167],[-77.06833,-1.4025],[-77.09444,-1.41167],[-77.13889,-1.43444],[-77.16833,-1.46611],[-77.20417,-1.46278],[-77.22111,-1.47222],[-77.25139,-1.47333],[-77.29278,-1.45583],[-77.36639,-1.44639],[-77.32611,-1.44],[-77.32389,-1.43139],[-77.2925,-1.41389],[-77.26389,-1.40639],[-77.22972,-1.41306],[-77.20222,-1.40667],[-77.11861,-1.41139],[-77.10556,-1.40222],[-77.10694,-1.39444],[-77.06833,-1.37861],[-77.01556,-1.37417]]]}},{"type":"Feature","properties":{"codigo":1007403223},"geometry":{"type":"Polygon","coordinates":[[[-78.29806,-1.40583],[-78.28611,-1.36278],[-78.27417,-1.36139],[-78.22889,-1.39972],[-78.19111,-1.41111],[-78.18806,-1.42278],[-78.19583,-1.44111],[-78.21278,-1.43944],[-78.21694,-1.45667],[-78.23472,-1.46528],[-78.24222,-1.47861],[-78.2975,-1.48028],[-78.30389,-1.46306],[-78.30278,-1.43917],[-78.29194,-1.42028],[-78.29806,-1.40583]]]}},{"type":"Feature","properties":{"codigo":1007401947},"geometry":{"type":"Polygon","coordinates":[[[-75.96722,-1.40667],[-75.93167,-1.39139],[-75.93306,-1.40139],[-75.90806,-1.44917],[-75.93389,-1.47139],[-75.93417,-1.48583],[-75.94833,-1.505],[-75.95694,-1.49306],[-76.02083,-1.46917],[-76.02278,-1.46056],[-76.01583,-1.45528],[-75.98083,-1.46028],[-75.95417,-1.44333],[-75.95278,-1.42806],[-75.96389,-1.42222],[-75.96722,-1.40667]]]}},{"type":"Feature","properties":{"codigo":1007402048},"geometry":{"type":"Polygon","coordinates":[[[-80.10056,-1.40806],[-80.06722,-1.3925],[-80.06667,-1.3575],[-80.035,-1.34667],[-80.03528,-1.33889],[-80.02194,-1.3525],[-80.01722,-1.33889],[-80.01111,-1.35833],[-79.98917,-1.36833],[-79.9875,-1.40333],[-79.97806,-1.40389],[-79.9775,-1.41444],[-79.95333,-1.43333],[-79.94139,-1.42694],[-79.93194,-1.45889],[-79.94667,-1.47361],[-79.95417,-1.46778],[-79.97194,-1.47528],[-79.98028,-1.4825],[-79.97972,-1.49833],[-80.00806,-1.50861],[-80.00167,-1.48833],[-80.01417,-1.46972],[-80.03083,-1.45583],[-80.04806,-1.46972],[-80.05139,-1.45111],[-80.06861,-1.445],[-80.07056,-1.42806],[-80.08917,-1.43028],[-80.10056,-1.40806]]]}},{"type":"Feature","properties":{"codigo":1007401987},"geometry":{"type":"Polygon","coordinates":[[[-77.62861,-1.40806],[-77.62694,-1.40056],[-77.59444,-1.3925],[-77.58167,-1.38111],[-77.54667,-1.40056],[-77.43833,-1.41306],[-77.41917,-1.42861],[-77.36028,-1.45111],[-77.31528,-1.45083],[-77.27639,-1.465],[-77.26694,-1.46194],[-77.25056,-1.47528],[-77.26889,-1.48889],[-77.28833,-1.48194],[-77.30306,-1.4875],[-77.32889,-1.47417],[-77.34194,-1.47778],[-77.35722,-1.46583],[-77.41333,-1.45917],[-77.42639,-1.44528],[-77.44194,-1.44667],[-77.44722,-1.43917],[-77.51278,-1.43778],[-77.52778,-1.43083],[-77.54833,-1.435],[-77.55111,-1.42917],[-77.58083,-1.435],[-77.58444,-1.42361],[-77.61222,-1.40583],[-77.62861,-1.40806]]]}},{"type":"Feature","properties":{"codigo":1007402122},"geometry":{"type":"Polygon","coordinates":[[[-79.83694,-1.40806],[-79.825,-1.40111],[-79.82306,-1.38694],[-79.795,-1.37667],[-79.79333,-1.35278],[-79.775,-1.36694],[-79.76444,-1.34306],[-79.73111,-1.32528],[-79.72806,-1.33611],[-79.75417,-1.34778],[-79.75278,-1.36056],[-79.76361,-1.36917],[-79.75556,-1.38361],[-79.73444,-1.38472],[-79.75583,-1.43333],[-79.76944,-1.43361],[-79.79139,-1.45556],[-79.82611,-1.46972],[-79.8325,-1.48222],[-79.84917,-1.48194],[-79.86806,-1.46861],[-79.8525,-1.45889],[-79.83694,-1.40806]]]}},{"type":"Feature","properties":{"codigo":1007401989},"geometry":{"type":"Polygon","coordinates":[[[-77.64111,-1.41],[-77.61222,-1.40583],[-77.58444,-1.42361],[-77.58083,-1.435],[-77.55111,-1.42917],[-77.54833,-1.435],[-77.52778,-1.43083],[-77.51278,-1.43778],[-77.44722,-1.43917],[-77.44194,-1.44667],[-77.42639,-1.44528],[-77.41333,-1.45917],[-77.35722,-1.46583],[-77.33111,-1.48556],[-77.33028,-1.49389],[-77.37861,-1.49667],[-77.39833,-1.48611],[-77.41167,-1.48917],[-77.46861,-1.47222],[-77.4925,-1.49111],[-77.58333,-1.47389],[-77.61306,-1.45944],[-77.63611,-1.45833],[-77.64861,-1.4475],[-77.65389,-1.42667],[-77.64111,-1.41]]]}},{"type":"Feature","properties":{"codigo":1007402192},"geometry":{"type":"Polygon","coordinates":[[[-79.49111,-1.42111],[-79.47611,-1.40333],[-79.47139,-1.38361],[-79.4525,-1.42528],[-79.43917,-1.42917],[-79.43778,-1.41972],[-79.43139,-1.4375],[-79.45167,-1.44861],[-79.46194,-1.44194],[-79.47444,-1.44806],[-79.46389,-1.45417],[-79.47361,-1.48472],[-79.46972,-1.495],[-79.45722,-1.49472],[-79.46861,-1.51417],[-79.46333,-1.5175],[-79.46722,-1.53833],[-79.48278,-1.52056],[-79.47417,-1.49472],[-79.48111,-1.48222],[-79.47361,-1.47528],[-79.48889,-1.46861],[-79.47972,-1.46],[-79.49111,-1.42111]]]}},{"type":"Feature","properties":{"codigo":1007402104},"geometry":{"type":"Polygon","coordinates":[[[-80.19694,-1.42417],[-80.16639,-1.41056],[-80.12556,-1.41194],[-80.11361,-1.40361],[-80.10028,-1.40806],[-80.08917,-1.43028],[-80.07194,-1.42667],[-80.06861,-1.445],[-80.05139,-1.45111],[-80.05333,-1.46333],[-80.04444,-1.47111],[-80.04556,-1.505],[-80.03028,-1.51778],[-80.03611,-1.54583],[-80.05722,-1.54611],[-80.07944,-1.53556],[-80.09056,-1.51889],[-80.11944,-1.52444],[-80.115,-1.53389],[-80.12111,-1.53722],[-80.13917,-1.53278],[-80.14472,-1.51583],[-80.16667,-1.50444],[-80.15389,-1.475],[-80.16361,-1.46306],[-80.18944,-1.47389],[-80.19861,-1.46611],[-80.19222,-1.435],[-80.19694,-1.42417]]]}},{"type":"Feature","properties":{"codigo":1007401990},"geometry":{"type":"Polygon","coordinates":[[[-77.71722,-1.40361],[-77.70083,-1.42111],[-77.65361,-1.42583],[-77.65528,-1.43639],[-77.63611,-1.45833],[-77.49306,-1.49111],[-77.46861,-1.47222],[-77.41167,-1.48917],[-77.39833,-1.48611],[-77.37861,-1.49667],[-77.33722,-1.49583],[-77.33583,-1.52111],[-77.39361,-1.55417],[-77.39611,-1.56556],[-77.40861,-1.56694],[-77.45972,-1.55194],[-77.46833,-1.54306],[-77.48806,-1.54556],[-77.51722,-1.53333],[-77.53083,-1.51889],[-77.56028,-1.52056],[-77.61361,-1.50694],[-77.62278,-1.51333],[-77.62722,-1.50333],[-77.63889,-1.50111],[-77.65611,-1.50306],[-77.66583,-1.51556],[-77.67611,-1.50111],[-77.70583,-1.50528],[-77.72417,-1.49556],[-77.73917,-1.49944],[-77.74472,-1.49222],[-77.76444,-1.49667],[-77.78278,-1.48583],[-77.79417,-1.47306],[-77.78667,-1.44417],[-77.79361,-1.425],[-77.77139,-1.41333],[-77.75833,-1.41889],[-77.74333,-1.39694],[-77.71722,-1.40361]]]}},{"type":"Feature","properties":{"codigo":1007402106},"geometry":{"type":"Polygon","coordinates":[[[-80.21306,-1.42361],[-80.19778,-1.42361],[-80.19222,-1.43472],[-80.19944,-1.46417],[-80.19306,-1.47194],[-80.20528,-1.48417],[-80.21083,-1.52056],[-80.19083,-1.53056],[-80.16917,-1.56944],[-80.15806,-1.56556],[-80.13389,-1.57361],[-80.13,-1.59111],[-80.1875,-1.58083],[-80.21472,-1.59389],[-80.23944,-1.56361],[-80.27361,-1.56917],[-80.28861,-1.54722],[-80.29972,-1.56083],[-80.32778,-1.54583],[-80.32694,-1.51528],[-80.29694,-1.50278],[-80.29306,-1.51],[-80.26806,-1.51028],[-80.25222,-1.46278],[-80.21306,-1.42361]]]}},{"type":"Feature","properties":{"codigo":1007402049},"geometry":{"type":"Polygon","coordinates":[[[-79.93194,-1.45889],[-79.93833,-1.41917],[-79.90472,-1.42722],[-79.91278,-1.43861],[-79.90833,-1.465],[-79.92222,-1.50417],[-79.93972,-1.52444],[-79.94278,-1.5475],[-79.95028,-1.55],[-79.96361,-1.53972],[-79.95306,-1.52333],[-79.99083,-1.50167],[-79.97972,-1.49833],[-79.98028,-1.4825],[-79.97194,-1.47528],[-79.95417,-1.46778],[-79.94667,-1.47361],[-79.93194,-1.45889]]]}},{"type":"Feature","properties":{"codigo":1007402118},"geometry":{"type":"Polygon","coordinates":[[[-79.91278,-1.43861],[-79.89111,-1.41361],[-79.90833,-1.40917],[-79.90111,-1.3975],[-79.91028,-1.38472],[-79.90861,-1.36722],[-79.88667,-1.34806],[-79.89306,-1.36889],[-79.87556,-1.40083],[-79.88139,-1.46861],[-79.86833,-1.46667],[-79.86583,-1.47611],[-79.8325,-1.48222],[-79.82611,-1.46972],[-79.79139,-1.45556],[-79.76944,-1.43361],[-79.75667,-1.43528],[-79.76444,-1.46111],[-79.7925,-1.48028],[-79.79139,-1.49111],[-79.80028,-1.49583],[-79.79472,-1.50417],[-79.805,-1.50694],[-79.78833,-1.53556],[-79.79389,-1.55],[-79.80722,-1.54611],[-79.8025,-1.55611],[-79.81056,-1.56194],[-79.79167,-1.57083],[-79.80472,-1.57333],[-79.81111,-1.58528],[-79.82028,-1.58389],[-79.81972,-1.59833],[-79.82833,-1.59889],[-79.83139,-1.61472],[-79.85222,-1.60944],[-79.84944,-1.63222],[-79.86111,-1.64472],[-79.86833,-1.63972],[-79.86472,-1.62972],[-79.88417,-1.62444],[-79.89028,-1.61389],[-79.885,-1.59778],[-79.90167,-1.56722],[-79.89028,-1.54333],[-79.89194,-1.52139],[-79.91444,-1.48194],[-79.90722,-1.45083],[-79.91278,-1.43861]]]}},{"type":"Feature","properties":{"codigo":1007403217},"geometry":{"type":"Polygon","coordinates":[[[-78.08833,-1.42694],[-78.05083,-1.42722],[-77.96583,-1.39444],[-77.94778,-1.39389],[-77.92861,-1.40667],[-77.93111,-1.44861],[-77.90167,-1.46917],[-77.91528,-1.49694],[-77.90889,-1.52278],[-77.89833,-1.52],[-77.88583,-1.5325],[-77.88778,-1.5475],[-77.86861,-1.5575],[-77.865,-1.57167],[-77.85278,-1.58],[-77.84917,-1.59278],[-77.855,-1.59889],[-77.84556,-1.60917],[-77.86361,-1.60139],[-77.87889,-1.60778],[-77.8775,-1.61417],[-77.89722,-1.62528],[-77.90167,-1.64722],[-77.91611,-1.64611],[-77.93028,-1.62889],[-77.92167,-1.58889],[-77.96639,-1.56028],[-78.00694,-1.56194],[-78.00806,-1.55083],[-78.02639,-1.54583],[-78.0325,-1.53],[-78.04722,-1.52694],[-78.06806,-1.48583],[-78.09333,-1.46889],[-78.09222,-1.45944],[-78.10083,-1.45917],[-78.09972,-1.44917],[-78.08528,-1.43861],[-78.08833,-1.42694]]]}},{"type":"Feature","properties":{"codigo":1007403259},"geometry":{"type":"Polygon","coordinates":[[[-78.55056,-1.4525],[-78.54,-1.41278],[-78.52639,-1.41611],[-78.47361,-1.40306],[-78.46889,-1.44],[-78.44083,-1.47389],[-78.50444,-1.505],[-78.51806,-1.52194],[-78.54667,-1.52861],[-78.57861,-1.51972],[-78.59167,-1.5075],[-78.63056,-1.52083],[-78.63472,-1.49611],[-78.60472,-1.48861],[-78.58806,-1.46194],[-78.55056,-1.4525]]]}},{"type":"Feature","properties":{"codigo":1007402216},"geometry":{"type":"Polygon","coordinates":[[[-79.22222,-1.42111],[-79.18944,-1.43472],[-79.15889,-1.42917],[-79.145,-1.43861],[-79.11028,-1.43944],[-79.06111,-1.39056],[-79.04917,-1.39472],[-79.04694,-1.42944],[-79.05889,-1.45333],[-79.0575,-1.47833],[-79.06833,-1.49028],[-79.08917,-1.5],[-79.10056,-1.49639],[-79.13111,-1.515],[-79.15389,-1.51167],[-79.20361,-1.52972],[-79.2125,-1.52028],[-79.20722,-1.49111],[-79.22222,-1.42111]]]}},{"type":"Feature","properties":{"codigo":1007401991},"geometry":{"type":"Polygon","coordinates":[[[-76.93972,-1.44111],[-76.93528,-1.42444],[-76.90389,-1.42861],[-76.89472,-1.43694],[-76.88333,-1.42083],[-76.87,-1.4225],[-76.86472,-1.43167],[-76.85333,-1.42417],[-76.8475,-1.43222],[-76.87278,-1.46972],[-76.88667,-1.46861],[-76.90583,-1.48028],[-76.91333,-1.47528],[-76.93278,-1.48056],[-76.93806,-1.46889],[-76.92778,-1.44417],[-76.93972,-1.44111]]]}},{"type":"Feature","properties":{"codigo":1007401986},"geometry":{"type":"Polygon","coordinates":[[[-77.06833,-1.4025],[-76.99444,-1.40306],[-76.99583,-1.41611],[-77.0125,-1.43917],[-77.08944,-1.445],[-77.10417,-1.46028],[-77.12278,-1.45917],[-77.13444,-1.46861],[-77.13694,-1.4875],[-77.16111,-1.50972],[-77.23472,-1.51833],[-77.2525,-1.50611],[-77.25,-1.49417],[-77.24194,-1.49222],[-77.25306,-1.48056],[-77.24528,-1.46861],[-77.22111,-1.47222],[-77.20417,-1.46278],[-77.18278,-1.46806],[-77.1775,-1.46111],[-77.16833,-1.46611],[-77.13889,-1.43444],[-77.09444,-1.41167],[-77.06833,-1.4025]]]}},{"type":"Feature","properties":{"codigo":1007401480},"geometry":{"type":"Polygon","coordinates":[[[-80.68333,-1.43444],[-80.66694,-1.44306],[-80.61389,-1.42944],[-80.56806,-1.43528],[-80.55361,-1.41472],[-80.53167,-1.41639],[-80.51833,-1.42778],[-80.52778,-1.4575],[-80.52417,-1.48944],[-80.53611,-1.50778],[-80.55583,-1.51694],[-80.56778,-1.50972],[-80.59722,-1.51972],[-80.59833,-1.53028],[-80.62917,-1.52833],[-80.6325,-1.54278],[-80.67556,-1.56],[-80.68417,-1.5875],[-80.70694,-1.56917],[-80.73917,-1.56972],[-80.77472,-1.54556],[-80.79694,-1.54639],[-80.81167,-1.53778],[-80.805,-1.52306],[-80.77556,-1.50667],[-80.73444,-1.50694],[-80.72139,-1.51833],[-80.70528,-1.50778],[-80.70694,-1.47028],[-80.68833,-1.45306],[-80.68333,-1.43444]]]}},{"type":"Feature","properties":{"codigo":1007401992},"geometry":{"type":"Polygon","coordinates":[[[-76.95417,-1.44167],[-76.92778,-1.44417],[-76.93667,-1.4675],[-76.94833,-1.45861],[-76.9875,-1.47361],[-77.01361,-1.47],[-77.07472,-1.51056],[-77.15944,-1.50556],[-77.13694,-1.4875],[-77.13278,-1.46639],[-77.10417,-1.46028],[-77.08944,-1.445],[-77.02556,-1.43917],[-76.99389,-1.44278],[-76.99333,-1.44917],[-76.96917,-1.455],[-76.95417,-1.44167]]]}},{"type":"Feature","properties":{"codigo":1007401945},"geometry":{"type":"Polygon","coordinates":[[[-75.92694,-1.40667],[-75.89194,-1.39806],[-75.87639,-1.41389],[-75.86222,-1.39972],[-75.83972,-1.41556],[-75.83278,-1.43194],[-75.81833,-1.42861],[-75.78917,-1.44222],[-75.78,-1.43417],[-75.78528,-1.46],[-75.75333,-1.51861],[-75.75639,-1.53778],[-75.77583,-1.55278],[-75.78861,-1.53917],[-75.78167,-1.53],[-75.79083,-1.51056],[-75.80889,-1.51389],[-75.82639,-1.50639],[-75.82361,-1.49417],[-75.8475,-1.5],[-75.88278,-1.48],[-75.88778,-1.46333],[-75.91083,-1.45528],[-75.92694,-1.40667]]]}},{"type":"Feature","properties":{"codigo":1007401962},"geometry":{"type":"Polygon","coordinates":[[[-76.58611,-1.42056],[-76.54083,-1.41944],[-76.49028,-1.44778],[-76.49556,-1.46639],[-76.51278,-1.46278],[-76.52528,-1.47],[-76.53472,-1.48694],[-76.52972,-1.51472],[-76.53722,-1.52611],[-76.58556,-1.50361],[-76.60861,-1.53389],[-76.60833,-1.51778],[-76.59722,-1.50556],[-76.60528,-1.47611],[-76.59639,-1.44833],[-76.60611,-1.43194],[-76.58611,-1.42056]]]}},{"type":"Feature","properties":{"codigo":1007403181},"geometry":{"type":"Polygon","coordinates":[[[-77.82056,-1.43194],[-77.81972,-1.43778],[-77.8125,-1.43],[-77.80167,-1.43194],[-77.79861,-1.45194],[-77.79028,-1.45778],[-77.79417,-1.47306],[-77.76444,-1.49667],[-77.74472,-1.49222],[-77.73833,-1.49972],[-77.72417,-1.49556],[-77.69167,-1.50611],[-77.67611,-1.50111],[-77.66583,-1.51556],[-77.65278,-1.51],[-77.63583,-1.54972],[-77.61083,-1.5575],[-77.60861,-1.58111],[-77.58389,-1.60417],[-77.5925,-1.62417],[-77.56139,-1.66667],[-77.56528,-1.68944],[-77.58222,-1.68611],[-77.5975,-1.69806],[-77.635,-1.70528],[-77.66861,-1.69389],[-77.68167,-1.69833],[-77.69667,-1.68917],[-77.74056,-1.70778],[-77.76944,-1.67028],[-77.77806,-1.67528],[-77.79528,-1.66222],[-77.81444,-1.67028],[-77.82778,-1.66444],[-77.82639,-1.64667],[-77.84278,-1.62944],[-77.84583,-1.60528],[-77.855,-1.59889],[-77.84917,-1.59278],[-77.85278,-1.58],[-77.865,-1.57167],[-77.86861,-1.5575],[-77.88778,-1.5475],[-77.88583,-1.5325],[-77.8975,-1.52056],[-77.90889,-1.52278],[-77.91528,-1.49694],[-77.90194,-1.47],[-77.88389,-1.46111],[-77.88389,-1.45278],[-77.86972,-1.45083],[-77.86917,-1.4375],[-77.84639,-1.4325],[-77.845,-1.44444],[-77.83,-1.44667],[-77.82056,-1.43194]]]}},{"type":"Feature","properties":{"codigo":1007401960},"geometry":{"type":"Polygon","coordinates":[[[-76.49333,-1.46417],[-76.48583,-1.44694],[-76.44861,-1.45694],[-76.42528,-1.46722],[-76.41306,-1.4975],[-76.38361,-1.52028],[-76.3325,-1.52917],[-76.31861,-1.54389],[-76.28194,-1.5525],[-76.28444,-1.56444],[-76.2775,-1.56611],[-76.27167,-1.58583],[-76.26333,-1.58722],[-76.25944,-1.60556],[-76.23944,-1.61556],[-76.24611,-1.6275],[-76.28889,-1.63944],[-76.29778,-1.62722],[-76.3225,-1.62556],[-76.36639,-1.64944],[-76.38917,-1.63361],[-76.43917,-1.63083],[-76.45194,-1.62194],[-76.47833,-1.62889],[-76.49611,-1.62306],[-76.49333,-1.62833],[-76.50306,-1.63028],[-76.52778,-1.62278],[-76.53056,-1.61472],[-76.54056,-1.61389],[-76.52083,-1.58472],[-76.52972,-1.57306],[-76.51694,-1.5525],[-76.52944,-1.53222],[-76.51083,-1.53278],[-76.50861,-1.51472],[-76.48167,-1.49361],[-76.49333,-1.46417]]]}},{"type":"Feature","properties":{"codigo":1007402262},"geometry":{"type":"Polygon","coordinates":[[[-78.92944,-1.39972],[-78.92417,-1.41028],[-78.91528,-1.41028],[-78.90806,-1.43278],[-78.89528,-1.43583],[-78.87667,-1.46],[-78.83778,-1.46583],[-78.8675,-1.48944],[-78.86722,-1.51194],[-78.88528,-1.54694],[-78.92694,-1.55694],[-78.93417,-1.58333],[-78.96111,-1.58194],[-78.97417,-1.59972],[-78.98611,-1.59556],[-78.99167,-1.61278],[-79.00056,-1.61361],[-79.01528,-1.56528],[-79.01056,-1.54167],[-78.99583,-1.52194],[-78.99444,-1.50417],[-78.96278,-1.46917],[-78.94472,-1.43222],[-78.93667,-1.43028],[-78.93972,-1.41194],[-78.92944,-1.39972]]]}},{"type":"Feature","properties":{"codigo":1007403268},"geometry":{"type":"Polygon","coordinates":[[[-78.83778,-1.465],[-78.80444,-1.47306],[-78.8025,-1.49417],[-78.78889,-1.50778],[-78.78111,-1.5375],[-78.7825,-1.55917],[-78.77111,-1.56333],[-78.77528,-1.61806],[-78.77083,-1.63194],[-78.75556,-1.64028],[-78.75472,-1.65889],[-78.76556,-1.66],[-78.78222,-1.67889],[-78.80889,-1.67472],[-78.81528,-1.65306],[-78.83722,-1.66028],[-78.8425,-1.65361],[-78.8375,-1.6],[-78.85306,-1.585],[-78.84556,-1.56],[-78.86028,-1.54139],[-78.87722,-1.53472],[-78.8675,-1.48944],[-78.83778,-1.465]]]}},{"type":"Feature","properties":{"codigo":1007401994},"geometry":{"type":"Polygon","coordinates":[[[-76.86444,-1.46],[-76.82917,-1.47361],[-76.79611,-1.44361],[-76.77556,-1.44083],[-76.775,-1.45167],[-76.81444,-1.49806],[-76.82444,-1.49806],[-76.83222,-1.50972],[-76.82889,-1.52361],[-76.8475,-1.53028],[-76.84833,-1.54111],[-76.89194,-1.54444],[-76.92028,-1.56056],[-77.02472,-1.53778],[-77.03389,-1.545],[-77.05667,-1.54306],[-77.0625,-1.55917],[-77.11333,-1.55944],[-77.12917,-1.57],[-77.16111,-1.56972],[-77.165,-1.57556],[-77.26111,-1.55222],[-77.28139,-1.53472],[-77.32139,-1.54472],[-77.35111,-1.54194],[-77.35611,-1.55083],[-77.36583,-1.54694],[-77.37417,-1.55333],[-77.375,-1.54556],[-77.33583,-1.52028],[-77.29361,-1.52694],[-77.27917,-1.51444],[-77.2625,-1.51583],[-77.24583,-1.505],[-77.23472,-1.51833],[-77.19556,-1.50917],[-77.19111,-1.51694],[-77.17028,-1.51722],[-77.13833,-1.53556],[-77.0075,-1.51778],[-76.97139,-1.50528],[-76.95917,-1.4925],[-76.93611,-1.49083],[-76.92028,-1.47722],[-76.90583,-1.48028],[-76.88667,-1.46861],[-76.87389,-1.47028],[-76.86444,-1.46]]]}},{"type":"Feature","properties":{"codigo":1007402125},"geometry":{"type":"Polygon","coordinates":[[[-79.78417,-1.47639],[-79.76444,-1.46111],[-79.7625,-1.44],[-79.75111,-1.44361],[-79.75167,-1.45139],[-79.73972,-1.45861],[-79.74333,-1.47889],[-79.73611,-1.48361],[-79.74222,-1.49722],[-79.73333,-1.51167],[-79.74444,-1.53778],[-79.73889,-1.53667],[-79.73778,-1.54944],[-79.74222,-1.555],[-79.74806,-1.54611],[-79.75111,-1.5575],[-79.75944,-1.55917],[-79.75667,-1.5825],[-79.7625,-1.58611],[-79.75111,-1.615],[-79.76417,-1.61778],[-79.76722,-1.62944],[-79.79194,-1.64111],[-79.79444,-1.65111],[-79.78556,-1.67972],[-79.77694,-1.68278],[-79.78111,-1.69222],[-79.75889,-1.71139],[-79.74861,-1.74583],[-79.73639,-1.75222],[-79.74167,-1.76889],[-79.72972,-1.77694],[-79.72222,-1.77194],[-79.70611,-1.80944],[-79.72194,-1.81667],[-79.7175,-1.83528],[-79.73806,-1.83167],[-79.74667,-1.84306],[-79.76056,-1.84417],[-79.77194,-1.83222],[-79.77917,-1.86333],[-79.79167,-1.85583],[-79.79444,-1.8425],[-79.81861,-1.83806],[-79.81833,-1.85722],[-79.78444,-1.88111],[-79.80139,-1.88556],[-79.81444,-1.9],[-79.83,-1.88056],[-79.84833,-1.89806],[-79.85,-1.86917],[-79.86,-1.86222],[-79.85528,-1.85278],[-79.86333,-1.83972],[-79.855,-1.83444],[-79.85167,-1.81],[-79.84306,-1.81917],[-79.82972,-1.815],[-79.82611,-1.79222],[-79.83333,-1.79278],[-79.84167,-1.77722],[-79.825,-1.74028],[-79.83667,-1.73306],[-79.83472,-1.72556],[-79.83889,-1.73056],[-79.84583,-1.72528],[-79.84833,-1.70917],[-79.85667,-1.70861],[-79.85833,-1.7025],[-79.84389,-1.68528],[-79.84806,-1.67306],[-79.82917,-1.67361],[-79.82972,-1.68194],[-79.81667,-1.68611],[-79.80611,-1.67861],[-79.82333,-1.665],[-79.82278,-1.65722],[-79.80556,-1.64222],[-79.79917,-1.6125],[-79.77583,-1.58889],[-79.79333,-1.57722],[-79.7775,-1.57611],[-79.76944,-1.53806],[-79.75028,-1.53389],[-79.75611,-1.51389],[-79.77083,-1.51694],[-79.77972,-1.50833],[-79.78417,-1.47639]]]}},{"type":"Feature","properties":{"codigo":1007403293},"geometry":{"type":"Polygon","coordinates":[[[-78.29833,-1.48],[-78.28639,-1.48139],[-78.29306,-1.49722],[-78.2725,-1.51056],[-78.21222,-1.50528],[-78.19889,-1.5175],[-78.17972,-1.51472],[-78.18028,-1.52194],[-78.16583,-1.53111],[-78.16472,-1.54861],[-78.14056,-1.56333],[-78.135,-1.58389],[-78.13083,-1.615],[-78.14472,-1.62583],[-78.14556,-1.64167],[-78.18694,-1.62611],[-78.19861,-1.60361],[-78.23472,-1.61417],[-78.24444,-1.62611],[-78.27472,-1.63083],[-78.29194,-1.62444],[-78.30083,-1.64139],[-78.34389,-1.65167],[-78.36361,-1.64444],[-78.36417,-1.60611],[-78.3775,-1.58556],[-78.37028,-1.57556],[-78.37639,-1.53528],[-78.36472,-1.53306],[-78.36222,-1.52167],[-78.35,-1.52222],[-78.345,-1.50361],[-78.31667,-1.49694],[-78.29833,-1.48]]]}},{"type":"Feature","properties":{"codigo":1007401993},"geometry":{"type":"Polygon","coordinates":[[[-76.94833,-1.45861],[-76.92944,-1.48222],[-76.935,-1.49028],[-76.95917,-1.4925],[-76.97139,-1.50528],[-77.0075,-1.51778],[-77.13833,-1.53556],[-77.17028,-1.51722],[-77.19361,-1.51389],[-77.15167,-1.50333],[-77.07472,-1.51056],[-77.01361,-1.47],[-76.9875,-1.47361],[-76.94833,-1.45861]]]}},{"type":"Feature","properties":{"codigo":1007401995},"geometry":{"type":"Polygon","coordinates":[[[-76.80194,-1.48056],[-76.77361,-1.48083],[-76.75889,-1.4625],[-76.76361,-1.45306],[-76.74917,-1.4425],[-76.73917,-1.45972],[-76.7375,-1.485],[-76.71667,-1.48722],[-76.71389,-1.49778],[-76.73306,-1.51333],[-76.73167,-1.52639],[-76.73806,-1.52944],[-76.80111,-1.54639],[-76.8575,-1.54444],[-76.84833,-1.54111],[-76.8475,-1.53028],[-76.82889,-1.52361],[-76.83194,-1.50889],[-76.80194,-1.48056]]]}},{"type":"Feature","properties":{"codigo":1007401988},"geometry":{"type":"Polygon","coordinates":[[[-77.34167,-1.47778],[-77.32889,-1.47417],[-77.30306,-1.4875],[-77.28833,-1.48194],[-77.27028,-1.48889],[-77.25222,-1.48083],[-77.24194,-1.49222],[-77.2625,-1.51583],[-77.30917,-1.52556],[-77.33583,-1.52028],[-77.33917,-1.50333],[-77.32972,-1.48722],[-77.34167,-1.47778]]]}},{"type":"Feature","properties":{"codigo":1007403260},"geometry":{"type":"Polygon","coordinates":[[[-78.44111,-1.47417],[-78.42361,-1.48583],[-78.39528,-1.48444],[-78.38778,-1.49389],[-78.36306,-1.49833],[-78.36472,-1.51361],[-78.3575,-1.52111],[-78.37667,-1.53722],[-78.37028,-1.57556],[-78.3775,-1.58556],[-78.36417,-1.60611],[-78.36361,-1.64472],[-78.3725,-1.65694],[-78.40972,-1.665],[-78.42472,-1.65889],[-78.43667,-1.66639],[-78.45917,-1.65333],[-78.46583,-1.63861],[-78.45722,-1.61833],[-78.46444,-1.59722],[-78.45778,-1.57889],[-78.46583,-1.57528],[-78.46833,-1.55778],[-78.49639,-1.54917],[-78.49722,-1.53417],[-78.51806,-1.52194],[-78.50444,-1.505],[-78.44111,-1.47417]]]}},{"type":"Feature","properties":{"codigo":1007401946},"geometry":{"type":"Polygon","coordinates":[[[-75.94944,-1.5175],[-75.9275,-1.46389],[-75.90056,-1.45556],[-75.8875,-1.46361],[-75.88278,-1.48],[-75.8475,-1.5],[-75.82361,-1.49417],[-75.82556,-1.5075],[-75.79083,-1.51056],[-75.78167,-1.53],[-75.78861,-1.53917],[-75.77778,-1.54639],[-75.77583,-1.56139],[-75.78806,-1.58139],[-75.79694,-1.5825],[-75.79694,-1.59278],[-75.80611,-1.59472],[-75.83556,-1.58778],[-75.84472,-1.57806],[-75.87333,-1.5825],[-75.91556,-1.55167],[-75.93139,-1.56222],[-75.97528,-1.52917],[-75.94944,-1.5175]]]}},{"type":"Feature","properties":{"codigo":1007402103},"geometry":{"type":"Polygon","coordinates":[[[-80.04444,-1.47111],[-80.03,-1.45611],[-80.00167,-1.48833],[-80.01583,-1.52806],[-80.01083,-1.54528],[-80.02333,-1.54111],[-80.04139,-1.55667],[-80.03028,-1.51778],[-80.04556,-1.505],[-80.04444,-1.47111]]]}},{"type":"Feature","properties":{"codigo":1007402047},"geometry":{"type":"Polygon","coordinates":[[[-80.00778,-1.50861],[-79.98444,-1.50306],[-79.9525,-1.525],[-79.96222,-1.54278],[-79.98139,-1.53722],[-79.99167,-1.54611],[-80.00389,-1.53361],[-80.00833,-1.54028],[-80.01444,-1.53694],[-80.00778,-1.50861]]]}},{"type":"Feature","properties":{"codigo":1007403264},"geometry":{"type":"Polygon","coordinates":[[[-78.80444,-1.47361],[-78.73639,-1.46889],[-78.71667,-1.48111],[-78.71,-1.495],[-78.67472,-1.4975],[-78.66083,-1.51],[-78.63778,-1.49361],[-78.63056,-1.52083],[-78.58611,-1.50833],[-78.57056,-1.52722],[-78.585,-1.55333],[-78.56861,-1.60167],[-78.57417,-1.60444],[-78.57194,-1.62917],[-78.58444,-1.63306],[-78.57889,-1.64917],[-78.59472,-1.65222],[-78.60472,-1.66611],[-78.63139,-1.66111],[-78.63917,-1.65667],[-78.63667,-1.64667],[-78.645,-1.65111],[-78.66833,-1.64111],[-78.67389,-1.61722],[-78.73722,-1.59028],[-78.75972,-1.56],[-78.78111,-1.56167],[-78.78778,-1.51194],[-78.8025,-1.49417],[-78.80444,-1.47361]]]}},{"type":"Feature","properties":{"codigo":1007401996},"geometry":{"type":"Polygon","coordinates":[[[-76.715,-1.48972],[-76.67556,-1.4775],[-76.6575,-1.48722],[-76.64417,-1.50667],[-76.61361,-1.50167],[-76.59972,-1.51056],[-76.61972,-1.55222],[-76.63889,-1.55889],[-76.65611,-1.58139],[-76.66306,-1.57611],[-76.695,-1.60028],[-76.72222,-1.58639],[-76.73611,-1.59028],[-76.79889,-1.57417],[-76.86111,-1.57806],[-76.87778,-1.58611],[-76.90083,-1.56333],[-76.91639,-1.55944],[-76.87667,-1.54056],[-76.83361,-1.54944],[-76.73806,-1.52944],[-76.73167,-1.52639],[-76.73306,-1.51333],[-76.71417,-1.49833],[-76.715,-1.48972]]]}},{"type":"Feature","properties":{"codigo":1007402218},"geometry":{"type":"Polygon","coordinates":[[[-79.39639,-1.51972],[-79.36806,-1.48583],[-79.35444,-1.48528],[-79.30556,-1.53222],[-79.29056,-1.52417],[-79.27028,-1.54139],[-79.245,-1.54333],[-79.24806,-1.56111],[-79.25833,-1.57583],[-79.27417,-1.58028],[-79.28722,-1.57139],[-79.31417,-1.5725],[-79.32361,-1.56306],[-79.34611,-1.58056],[-79.37778,-1.58139],[-79.38444,-1.57472],[-79.39889,-1.58389],[-79.40111,-1.575],[-79.37778,-1.53861],[-79.38472,-1.52222],[-79.39639,-1.51972]]]}},{"type":"Feature","properties":{"codigo":1007402190},"geometry":{"type":"Polygon","coordinates":[[[-79.38361,-1.49778],[-79.38833,-1.51056],[-79.41222,-1.52],[-79.4225,-1.54528],[-79.43778,-1.54167],[-79.43917,-1.52528],[-79.46278,-1.54444],[-79.46,-1.55917],[-79.47111,-1.56417],[-79.48306,-1.60361],[-79.4725,-1.61944],[-79.47806,-1.64389],[-79.48667,-1.64694],[-79.48194,-1.65222],[-79.48361,-1.65472],[-79.49083,-1.64556],[-79.50833,-1.65111],[-79.50611,-1.63694],[-79.51833,-1.63167],[-79.52,-1.65111],[-79.54306,-1.65917],[-79.54833,-1.64917],[-79.5575,-1.64972],[-79.56056,-1.63472],[-79.58028,-1.62556],[-79.57722,-1.61944],[-79.56444,-1.62278],[-79.55528,-1.605],[-79.54278,-1.6075],[-79.53167,-1.59056],[-79.52361,-1.56444],[-79.53528,-1.55194],[-79.52889,-1.53972],[-79.53056,-1.52889],[-79.53722,-1.52833],[-79.53528,-1.51278],[-79.52722,-1.50417],[-79.53417,-1.47556],[-79.49417,-1.42167],[-79.48167,-1.44056],[-79.47972,-1.46083],[-79.48889,-1.46861],[-79.47361,-1.47528],[-79.48111,-1.48222],[-79.47417,-1.49472],[-79.48278,-1.52056],[-79.46806,-1.53833],[-79.44861,-1.50639],[-79.42222,-1.52333],[-79.39806,-1.49806],[-79.38361,-1.49778]]]}},{"type":"Feature","properties":{"codigo":1007402116},"geometry":{"type":"Polygon","coordinates":[[[-79.92944,-1.51972],[-79.91444,-1.48139],[-79.89194,-1.52139],[-79.89028,-1.54389],[-79.90167,-1.56722],[-79.885,-1.59778],[-79.89194,-1.66556],[-79.88139,-1.7],[-79.88361,-1.71361],[-79.90222,-1.72111],[-79.90083,-1.70222],[-79.90889,-1.69083],[-79.89972,-1.67583],[-79.91667,-1.66278],[-79.91472,-1.65028],[-79.92278,-1.64306],[-79.91833,-1.63194],[-79.92667,-1.62306],[-79.9225,-1.61333],[-79.94222,-1.59611],[-79.93639,-1.58167],[-79.945,-1.57583],[-79.92306,-1.53694],[-79.92944,-1.51972]]]}},{"type":"Feature","properties":{"codigo":1007403177},"geometry":{"type":"Polygon","coordinates":[[[-77.65694,-1.5075],[-77.6325,-1.50139],[-77.62278,-1.51333],[-77.61472,-1.50694],[-77.58944,-1.50944],[-77.56056,-1.52],[-77.54639,-1.53],[-77.5425,-1.55861],[-77.5125,-1.57611],[-77.51639,-1.58667],[-77.49722,-1.58778],[-77.43111,-1.61944],[-77.35806,-1.68139],[-77.35556,-1.6925],[-77.32111,-1.69861],[-77.31056,-1.71306],[-77.30722,-1.7375],[-77.28556,-1.76667],[-77.28917,-1.78139],[-77.28083,-1.8],[-77.31444,-1.785],[-77.33111,-1.76833],[-77.365,-1.76083],[-77.3775,-1.72222],[-77.39833,-1.71389],[-77.40972,-1.69083],[-77.43167,-1.69667],[-77.44194,-1.68556],[-77.44611,-1.69167],[-77.4575,-1.68444],[-77.46889,-1.68806],[-77.53472,-1.64333],[-77.55028,-1.64528],[-77.57306,-1.6175],[-77.59056,-1.61778],[-77.58389,-1.60417],[-77.60861,-1.58111],[-77.61083,-1.5575],[-77.63583,-1.54972],[-77.65694,-1.5075]]]}},{"type":"Feature","properties":{"codigo":1007402191},"geometry":{"type":"Polygon","coordinates":[[[-79.43139,-1.43778],[-79.42944,-1.42583],[-79.40694,-1.42556],[-79.39472,-1.44083],[-79.38333,-1.44028],[-79.37806,-1.45833],[-79.36167,-1.46056],[-79.31139,-1.44306],[-79.29972,-1.42944],[-79.27639,-1.43444],[-79.25528,-1.49056],[-79.2275,-1.5075],[-79.22306,-1.52278],[-79.24722,-1.54389],[-79.27028,-1.54139],[-79.29056,-1.52417],[-79.30472,-1.5325],[-79.32611,-1.51889],[-79.34167,-1.49333],[-79.36611,-1.48528],[-79.38028,-1.4975],[-79.39806,-1.49806],[-79.42222,-1.52333],[-79.44861,-1.50639],[-79.46444,-1.52861],[-79.46861,-1.51417],[-79.45722,-1.49472],[-79.46972,-1.495],[-79.47361,-1.48472],[-79.46389,-1.45417],[-79.47444,-1.44806],[-79.46222,-1.44194],[-79.44944,-1.44806],[-79.43139,-1.43778]]]}},{"type":"Feature","properties":{"codigo":1007402222},"geometry":{"type":"Polygon","coordinates":[[[-79.22278,-1.52139],[-79.21194,-1.52028],[-79.20333,-1.52972],[-79.15389,-1.51167],[-79.13111,-1.515],[-79.10056,-1.49639],[-79.08917,-1.5],[-79.06944,-1.49083],[-79.05778,-1.47833],[-79.04333,-1.49],[-79.06083,-1.54222],[-79.105,-1.5325],[-79.12444,-1.55389],[-79.15778,-1.55444],[-79.18139,-1.57111],[-79.20861,-1.56917],[-79.22,-1.58444],[-79.25361,-1.57056],[-79.245,-1.54222],[-79.22278,-1.52139]]]}},{"type":"Feature","properties":{"codigo":1007401961},"geometry":{"type":"Polygon","coordinates":[[[-76.53778,-1.52611],[-76.52972,-1.51472],[-76.53472,-1.48694],[-76.52528,-1.47],[-76.49333,-1.46417],[-76.48167,-1.49361],[-76.50861,-1.51472],[-76.51083,-1.53278],[-76.53361,-1.535],[-76.53778,-1.52611]]]}},{"type":"Feature","properties":{"codigo":1007403261},"geometry":{"type":"Polygon","coordinates":[[[-78.57306,-1.51972],[-78.54667,-1.52861],[-78.52694,-1.51972],[-78.51083,-1.52222],[-78.49722,-1.53417],[-78.49639,-1.54917],[-78.46806,-1.55806],[-78.46583,-1.57528],[-78.45778,-1.57889],[-78.46417,-1.59694],[-78.49306,-1.59222],[-78.50083,-1.58389],[-78.52444,-1.58556],[-78.52972,-1.59972],[-78.55167,-1.59389],[-78.56778,-1.5725],[-78.57306,-1.51972]]]}},{"type":"Feature","properties":{"codigo":1007401955},"geometry":{"type":"Polygon","coordinates":[[[-76.17278,-1.52],[-76.18333,-1.49139],[-76.16639,-1.49611],[-76.17056,-1.47833],[-76.16,-1.47528],[-76.11861,-1.49472],[-76.09361,-1.49194],[-76.06278,-1.50778],[-76.04972,-1.50528],[-76.01194,-1.53028],[-75.97667,-1.52528],[-75.95417,-1.54333],[-75.96417,-1.56611],[-75.95306,-1.5825],[-75.95917,-1.60361],[-75.97556,-1.59806],[-75.98139,-1.60917],[-75.9975,-1.5875],[-76.01361,-1.59],[-76.03139,-1.57111],[-76.05667,-1.57278],[-76.06806,-1.54972],[-76.07944,-1.5625],[-76.12417,-1.55806],[-76.16361,-1.52028],[-76.17278,-1.52]]]}},{"type":"Feature","properties":{"codigo":1007401997},"geometry":{"type":"Polygon","coordinates":[[[-76.61972,-1.55222],[-76.58556,-1.50361],[-76.53778,-1.52611],[-76.5475,-1.54444],[-76.58667,-1.56194],[-76.59194,-1.57444],[-76.58306,-1.59306],[-76.60944,-1.60694],[-76.60556,-1.61361],[-76.63833,-1.62833],[-76.65528,-1.60778],[-76.66917,-1.61444],[-76.68833,-1.60917],[-76.69472,-1.59722],[-76.66306,-1.57611],[-76.65611,-1.58139],[-76.63889,-1.55889],[-76.61972,-1.55222]]]}},{"type":"Feature","properties":{"codigo":1007401998},"geometry":{"type":"Polygon","coordinates":[[[-76.53806,-1.53389],[-76.525,-1.53556],[-76.51694,-1.5525],[-76.52972,-1.57306],[-76.52167,-1.58722],[-76.54056,-1.61306],[-76.52861,-1.6175],[-76.53306,-1.63528],[-76.55028,-1.64639],[-76.56361,-1.64389],[-76.575,-1.65611],[-76.58167,-1.65361],[-76.58139,-1.64194],[-76.60528,-1.63833],[-76.61778,-1.62556],[-76.63,-1.6275],[-76.6275,-1.61917],[-76.60556,-1.61361],[-76.60944,-1.60694],[-76.58306,-1.59306],[-76.59194,-1.57444],[-76.585,-1.56],[-76.57,-1.55806],[-76.53806,-1.53389]]]}},{"type":"Feature","properties":{"codigo":1007401944},"geometry":{"type":"Polygon","coordinates":[[[-75.78,-1.44389],[-75.76861,-1.44139],[-75.75972,-1.46611],[-75.73889,-1.48],[-75.74333,-1.48583],[-75.72861,-1.48583],[-75.71778,-1.49528],[-75.71667,-1.50861],[-75.70028,-1.50917],[-75.67306,-1.53472],[-75.67556,-1.55361],[-75.69556,-1.57333],[-75.695,-1.59],[-75.73444,-1.60194],[-75.79028,-1.58333],[-75.77167,-1.54444],[-75.75111,-1.52806],[-75.78528,-1.46],[-75.78,-1.44389]]]}},{"type":"Feature","properties":{"codigo":1007402831},"geometry":{"type":"Polygon","coordinates":[[[-77.54528,-1.54361],[-77.54639,-1.53],[-77.56,-1.52111],[-77.55028,-1.51556],[-77.53083,-1.51889],[-77.51722,-1.53333],[-77.48806,-1.54556],[-77.46833,-1.54306],[-77.45694,-1.55306],[-77.41639,-1.56111],[-77.40333,-1.5775],[-77.29806,-1.57306],[-77.27333,-1.58389],[-77.26694,-1.59583],[-77.21278,-1.63306],[-77.17194,-1.63472],[-77.16806,-1.64306],[-77.14583,-1.64528],[-77.1575,-1.66833],[-77.13833,-1.68083],[-77.1375,-1.69083],[-77.11306,-1.70889],[-77.09889,-1.73306],[-77.11306,-1.73611],[-77.1225,-1.71639],[-77.15667,-1.68417],[-77.2,-1.67444],[-77.21333,-1.65389],[-77.24417,-1.65333],[-77.33139,-1.61778],[-77.37583,-1.61806],[-77.41417,-1.60417],[-77.42889,-1.60944],[-77.47333,-1.57167],[-77.49917,-1.56639],[-77.52222,-1.54556],[-77.54528,-1.54361]]]}},{"type":"Feature","properties":{"codigo":1007402046},"geometry":{"type":"Polygon","coordinates":[[[-79.98139,-1.53722],[-79.95222,-1.54556],[-79.96528,-1.56583],[-79.96333,-1.61944],[-79.99528,-1.64056],[-79.99472,-1.63389],[-80.00306,-1.63694],[-80.0125,-1.62833],[-79.99833,-1.62806],[-80.00083,-1.61833],[-79.99083,-1.60528],[-80.0275,-1.54722],[-80.02333,-1.54111],[-80.01083,-1.54528],[-80.00556,-1.53306],[-79.99167,-1.54611],[-79.98139,-1.53722]]]}},{"type":"Feature","properties":{"codigo":1007402105},"geometry":{"type":"Polygon","coordinates":[[[-80.19306,-1.47194],[-80.16361,-1.46306],[-80.15389,-1.475],[-80.16667,-1.50444],[-80.14472,-1.51583],[-80.13278,-1.5375],[-80.11528,-1.53417],[-80.11944,-1.52444],[-80.10944,-1.51889],[-80.09722,-1.52444],[-80.09056,-1.51889],[-80.07944,-1.53556],[-80.03861,-1.54806],[-80.07528,-1.57722],[-80.08722,-1.5725],[-80.08639,-1.58639],[-80.10833,-1.59833],[-80.11833,-1.615],[-80.11778,-1.60917],[-80.13056,-1.60611],[-80.12556,-1.59333],[-80.13278,-1.57472],[-80.15806,-1.56556],[-80.16917,-1.56944],[-80.19083,-1.53056],[-80.21056,-1.52111],[-80.20528,-1.48417],[-80.19306,-1.47194]]]}},{"type":"Feature","properties":{"codigo":1007401943},"geometry":{"type":"Polygon","coordinates":[[[-75.67222,-1.53806],[-75.65722,-1.54389],[-75.64028,-1.53722],[-75.63278,-1.56556],[-75.63889,-1.58222],[-75.63056,-1.59861],[-75.63833,-1.60306],[-75.66139,-1.66444],[-75.67806,-1.64278],[-75.67611,-1.62833],[-75.69028,-1.60139],[-75.68139,-1.58889],[-75.69611,-1.58028],[-75.67222,-1.53806]]]}},{"type":"Feature","properties":{"codigo":1007402044},"geometry":{"type":"Polygon","coordinates":[[[-79.95278,-1.54583],[-79.94361,-1.54861],[-79.93972,-1.52444],[-79.92861,-1.52],[-79.92306,-1.53694],[-79.94889,-1.58556],[-79.95056,-1.60806],[-79.94139,-1.62111],[-79.94417,-1.63806],[-79.95194,-1.64194],[-79.94667,-1.66139],[-79.95722,-1.67056],[-79.94528,-1.69],[-79.96917,-1.68861],[-79.96639,-1.71222],[-79.95528,-1.72194],[-79.96306,-1.72944],[-79.95889,-1.74972],[-79.98028,-1.74917],[-79.98889,-1.74],[-80.01472,-1.74889],[-80.0225,-1.73861],[-80.00694,-1.73028],[-79.99889,-1.73444],[-79.99833,-1.70389],[-80.01722,-1.70917],[-80.02222,-1.69472],[-80.01611,-1.67972],[-80.06306,-1.65861],[-80.045,-1.65639],[-80.01278,-1.62889],[-80.00306,-1.63694],[-79.99472,-1.63389],[-79.99444,-1.64056],[-79.96833,-1.62528],[-79.96083,-1.58417],[-79.96528,-1.56583],[-79.95278,-1.54583]]]}},{"type":"Feature","properties":{"codigo":1007402805},"geometry":{"type":"Polygon","coordinates":[[[-77.375,-1.5475],[-77.37417,-1.55333],[-77.36583,-1.54694],[-77.36083,-1.55222],[-77.35333,-1.5425],[-77.32444,-1.54111],[-77.30056,-1.55194],[-77.29139,-1.56528],[-77.26778,-1.5675],[-77.25194,-1.57806],[-77.23972,-1.605],[-77.20694,-1.60639],[-77.19611,-1.62],[-77.11278,-1.63667],[-77.08944,-1.62528],[-77.04972,-1.64361],[-77.02,-1.63611],[-77.02611,-1.65667],[-77.00972,-1.67278],[-77.02444,-1.67667],[-77.03333,-1.66972],[-77.03889,-1.6775],[-77.07722,-1.64528],[-77.09667,-1.65139],[-77.09972,-1.66111],[-77.13833,-1.6525],[-77.15389,-1.64056],[-77.16667,-1.64361],[-77.17194,-1.63472],[-77.21278,-1.63306],[-77.26694,-1.59583],[-77.27333,-1.58389],[-77.30167,-1.57194],[-77.3925,-1.57778],[-77.40833,-1.5725],[-77.40667,-1.56361],[-77.39611,-1.56556],[-77.39361,-1.55417],[-77.375,-1.5475]]]}},{"type":"Feature","properties":{"codigo":1007402107},"geometry":{"type":"Polygon","coordinates":[[[-80.39583,-1.53472],[-80.35472,-1.55611],[-80.32083,-1.54417],[-80.31083,-1.55778],[-80.2975,-1.56083],[-80.28861,-1.54722],[-80.27556,-1.56861],[-80.24528,-1.5625],[-80.22833,-1.57],[-80.21472,-1.59389],[-80.1875,-1.58083],[-80.12833,-1.59083],[-80.13056,-1.60611],[-80.11778,-1.61278],[-80.14167,-1.61667],[-80.16139,-1.6375],[-80.16917,-1.63278],[-80.1875,-1.65028],[-80.18972,-1.66472],[-80.20306,-1.66972],[-80.19833,-1.68528],[-80.21417,-1.69472],[-80.22639,-1.68778],[-80.24083,-1.69333],[-80.26139,-1.67056],[-80.26639,-1.68306],[-80.2775,-1.67361],[-80.29361,-1.67722],[-80.29167,-1.68333],[-80.30417,-1.69056],[-80.31778,-1.67778],[-80.32972,-1.67778],[-80.35083,-1.7225],[-80.36472,-1.72083],[-80.38639,-1.70444],[-80.3925,-1.665],[-80.41611,-1.61583],[-80.40361,-1.5875],[-80.41056,-1.565],[-80.39556,-1.56194],[-80.39583,-1.53472]]]}},{"type":"Feature","properties":{"codigo":1007402045},"geometry":{"type":"Polygon","coordinates":[[[-80.07528,-1.57722],[-80.0275,-1.54944],[-80.01139,-1.58],[-80.00389,-1.58056],[-80.0025,-1.59472],[-79.99083,-1.60528],[-80.00083,-1.61833],[-79.99833,-1.62806],[-80.00917,-1.62583],[-80.06222,-1.66222],[-80.08944,-1.66361],[-80.09917,-1.65111],[-80.11222,-1.65194],[-80.11194,-1.6025],[-80.08833,-1.58889],[-80.08722,-1.5725],[-80.07528,-1.57722]]]}},{"type":"Feature","properties":{"codigo":1007402801},"geometry":{"type":"Polygon","coordinates":[[[-77.12806,-1.56806],[-77.11333,-1.55944],[-77.0625,-1.55917],[-77.05667,-1.54306],[-77.03389,-1.545],[-77.02472,-1.53778],[-76.9625,-1.55639],[-76.90222,-1.5625],[-76.87778,-1.58611],[-76.84056,-1.57722],[-76.79806,-1.60361],[-76.79611,-1.61889],[-76.82639,-1.63306],[-76.9025,-1.60389],[-76.94194,-1.62944],[-76.95306,-1.64694],[-76.96778,-1.63861],[-76.95778,-1.61694],[-76.97444,-1.60972],[-77.02861,-1.60778],[-77.07472,-1.56611],[-77.09417,-1.5725],[-77.12806,-1.56806]]]}},{"type":"Feature","properties":{"codigo":1007402802},"geometry":{"type":"Polygon","coordinates":[[[-77.17028,-1.58028],[-77.29139,-1.56528],[-77.31917,-1.54333],[-77.28139,-1.53472],[-77.26111,-1.55222],[-77.16528,-1.57556],[-77.15583,-1.56917],[-77.10694,-1.56639],[-77.09417,-1.5725],[-77.07472,-1.56611],[-77.02861,-1.60778],[-76.97444,-1.60972],[-76.95667,-1.62056],[-76.98944,-1.6325],[-77.02694,-1.62111],[-77.03861,-1.6275],[-77.07694,-1.60806],[-77.08194,-1.61306],[-77.13972,-1.60111],[-77.17028,-1.58028]]]}},{"type":"Feature","properties":{"codigo":1007401486},"geometry":{"type":"Polygon","coordinates":[[[-80.56111,-1.5175],[-80.56639,-1.53861],[-80.55556,-1.54361],[-80.555,-1.55417],[-80.57139,-1.55667],[-80.56889,-1.575],[-80.5875,-1.58333],[-80.595,-1.59944],[-80.61222,-1.60083],[-80.63056,-1.61667],[-80.66139,-1.67556],[-80.66917,-1.66611],[-80.66889,-1.62778],[-80.68194,-1.58444],[-80.67556,-1.56],[-80.6325,-1.54278],[-80.62917,-1.52833],[-80.59833,-1.53028],[-80.59722,-1.51972],[-80.56778,-1.50972],[-80.56111,-1.5175]]]}},{"type":"Feature","properties":{"codigo":1007402221},"geometry":{"type":"Polygon","coordinates":[[[-79.26167,-1.57694],[-79.25361,-1.57],[-79.21861,-1.58528],[-79.19222,-1.62028],[-79.20333,-1.63972],[-79.22833,-1.65194],[-79.27806,-1.6475],[-79.31917,-1.66333],[-79.32444,-1.6575],[-79.33667,-1.66222],[-79.33972,-1.64583],[-79.35389,-1.64028],[-79.37556,-1.66194],[-79.38278,-1.71278],[-79.39139,-1.71472],[-79.39806,-1.73528],[-79.40778,-1.74028],[-79.40472,-1.75083],[-79.42278,-1.76056],[-79.42028,-1.76667],[-79.47667,-1.77417],[-79.49278,-1.78778],[-79.48917,-1.79722],[-79.5,-1.8025],[-79.52917,-1.79472],[-79.51139,-1.78194],[-79.5075,-1.76806],[-79.49333,-1.76611],[-79.49556,-1.75806],[-79.50806,-1.75611],[-79.52333,-1.70806],[-79.51278,-1.69806],[-79.49528,-1.69583],[-79.49083,-1.68583],[-79.4775,-1.69806],[-79.45806,-1.67333],[-79.44389,-1.68611],[-79.42611,-1.67556],[-79.40333,-1.68778],[-79.36667,-1.64389],[-79.36306,-1.6275],[-79.33833,-1.62389],[-79.33083,-1.61583],[-79.26583,-1.63361],[-79.24861,-1.615],[-79.26139,-1.60028],[-79.26167,-1.57694]]]}},{"type":"Feature","properties":{"codigo":1007402217},"geometry":{"type":"Polygon","coordinates":[[[-79.39417,-1.51028],[-79.39639,-1.51972],[-79.38472,-1.52222],[-79.37778,-1.53861],[-79.40111,-1.575],[-79.39944,-1.58667],[-79.37389,-1.61944],[-79.35361,-1.62472],[-79.36361,-1.62806],[-79.36667,-1.64389],[-79.40333,-1.68778],[-79.42611,-1.67556],[-79.44389,-1.68611],[-79.45806,-1.67333],[-79.48278,-1.69806],[-79.47333,-1.68194],[-79.49,-1.65861],[-79.48194,-1.65306],[-79.48667,-1.64694],[-79.47806,-1.64389],[-79.4725,-1.61861],[-79.48306,-1.60361],[-79.47111,-1.56417],[-79.46,-1.55917],[-79.46278,-1.54444],[-79.43917,-1.52528],[-79.43778,-1.54167],[-79.42556,-1.54694],[-79.41222,-1.52],[-79.39417,-1.51028]]]}},{"type":"Feature","properties":{"codigo":1007402219},"geometry":{"type":"Polygon","coordinates":[[[-79.39861,-1.58389],[-79.38444,-1.57472],[-79.37778,-1.58139],[-79.34611,-1.58056],[-79.32333,-1.56306],[-79.31417,-1.5725],[-79.26167,-1.57694],[-79.26139,-1.60028],[-79.24861,-1.615],[-79.26583,-1.63361],[-79.3225,-1.61583],[-79.36,-1.62444],[-79.38111,-1.61333],[-79.39861,-1.58389]]]}},{"type":"Feature","properties":{"codigo":1007402223},"geometry":{"type":"Polygon","coordinates":[[[-79.22056,-1.58444],[-79.20861,-1.56917],[-79.18139,-1.57111],[-79.15778,-1.55444],[-79.12444,-1.55389],[-79.105,-1.5325],[-79.06028,-1.54556],[-79.06583,-1.5625],[-79.05667,-1.59389],[-79.05917,-1.61528],[-79.06778,-1.63056],[-79.09417,-1.63],[-79.10333,-1.6525],[-79.11694,-1.64972],[-79.13972,-1.6275],[-79.16611,-1.63167],[-79.17667,-1.61611],[-79.19222,-1.62444],[-79.22056,-1.58444]]]}},{"type":"Feature","properties":{"codigo":1007401484},"geometry":{"type":"Polygon","coordinates":[[[-80.76167,-1.55639],[-80.73917,-1.56972],[-80.70694,-1.56917],[-80.68611,-1.58694],[-80.70083,-1.59639],[-80.705,-1.60917],[-80.70861,-1.63583],[-80.70194,-1.65583],[-80.73972,-1.65361],[-80.75972,-1.67333],[-80.775,-1.66028],[-80.77222,-1.64694],[-80.78056,-1.63056],[-80.76111,-1.58833],[-80.76167,-1.55639]]]}},{"type":"Feature","properties":{"codigo":1007401485},"geometry":{"type":"Polygon","coordinates":[[[-80.70083,-1.59639],[-80.68056,-1.58444],[-80.67611,-1.59333],[-80.66917,-1.66611],[-80.65333,-1.68972],[-80.65639,-1.71361],[-80.64111,-1.73278],[-80.65583,-1.75028],[-80.73861,-1.73083],[-80.74417,-1.71139],[-80.75944,-1.70583],[-80.75722,-1.69028],[-80.74806,-1.68389],[-80.75889,-1.67306],[-80.75139,-1.66083],[-80.7375,-1.65333],[-80.70194,-1.65583],[-80.70861,-1.63583],[-80.705,-1.60917],[-80.70083,-1.59639]]]}},{"type":"Feature","properties":{"codigo":1007401953},"geometry":{"type":"Polygon","coordinates":[[[-75.79472,-1.60306],[-75.79333,-1.58194],[-75.78528,-1.58917],[-75.76333,-1.58778],[-75.75083,-1.59972],[-75.74583,-1.59417],[-75.73444,-1.60194],[-75.71778,-1.59778],[-75.72306,-1.61194],[-75.70861,-1.62556],[-75.72389,-1.64194],[-75.71611,-1.64028],[-75.71833,-1.65111],[-75.70556,-1.66889],[-75.735,-1.67056],[-75.75694,-1.69194],[-75.76889,-1.68194],[-75.78722,-1.68139],[-75.8075,-1.64861],[-75.7925,-1.64472],[-75.78972,-1.61917],[-75.77722,-1.61],[-75.79472,-1.60306]]]}},{"type":"Feature","properties":{"codigo":1007403263},"geometry":{"type":"Polygon","coordinates":[[[-78.57556,-1.54194],[-78.55972,-1.58722],[-78.52444,-1.61833],[-78.53139,-1.64111],[-78.51917,-1.67139],[-78.52444,-1.695],[-78.53639,-1.67611],[-78.56389,-1.67083],[-78.58389,-1.63833],[-78.58306,-1.63028],[-78.57194,-1.62917],[-78.57417,-1.60444],[-78.56861,-1.6025],[-78.585,-1.55667],[-78.57556,-1.54194]]]}},{"type":"Feature","properties":{"codigo":1007401954},"geometry":{"type":"Polygon","coordinates":[[[-75.95417,-1.54417],[-75.94417,-1.5575],[-75.9225,-1.56056],[-75.91556,-1.55167],[-75.87333,-1.5825],[-75.84472,-1.57806],[-75.83028,-1.58972],[-75.80028,-1.59222],[-75.79472,-1.60306],[-75.77722,-1.61],[-75.78972,-1.61917],[-75.78806,-1.63833],[-75.79806,-1.64944],[-75.84611,-1.65278],[-75.86056,-1.69444],[-75.87278,-1.7],[-75.90361,-1.74083],[-75.90889,-1.76583],[-75.97972,-1.72639],[-75.98333,-1.70417],[-75.97556,-1.69472],[-75.99861,-1.67722],[-76.00056,-1.64611],[-75.99028,-1.63083],[-75.99722,-1.61417],[-75.99056,-1.60778],[-75.98083,-1.61139],[-75.97333,-1.5975],[-75.96056,-1.60639],[-75.95306,-1.5825],[-75.96417,-1.56611],[-75.95417,-1.54417]]]}},{"type":"Feature","properties":{"codigo":1007402109},"geometry":{"type":"Polygon","coordinates":[[[-80.59417,-1.59806],[-80.58778,-1.58361],[-80.57111,-1.575],[-80.53278,-1.58778],[-80.5175,-1.60556],[-80.47889,-1.6],[-80.44361,-1.58028],[-80.43389,-1.59194],[-80.41361,-1.59167],[-80.41611,-1.61583],[-80.3925,-1.665],[-80.38694,-1.70167],[-80.40028,-1.6975],[-80.415,-1.67139],[-80.43194,-1.66472],[-80.44833,-1.705],[-80.47056,-1.70361],[-80.49194,-1.73194],[-80.50278,-1.76611],[-80.51917,-1.76833],[-80.52556,-1.78528],[-80.535,-1.71333],[-80.56111,-1.69389],[-80.54833,-1.69056],[-80.54972,-1.66028],[-80.58861,-1.64056],[-80.59417,-1.59806]]]}},{"type":"Feature","properties":{"codigo":1007401951},"geometry":{"type":"Polygon","coordinates":[[[-75.71778,-1.59889],[-75.68389,-1.58528],[-75.68111,-1.59361],[-75.69028,-1.60139],[-75.67694,-1.62556],[-75.67306,-1.65528],[-75.69222,-1.64333],[-75.70861,-1.61556],[-75.71667,-1.62139],[-75.72306,-1.61194],[-75.71778,-1.59889]]]}},{"type":"Feature","properties":{"codigo":1007403262},"geometry":{"type":"Polygon","coordinates":[[[-78.54194,-1.60917],[-78.54361,-1.59333],[-78.52972,-1.59972],[-78.52444,-1.58556],[-78.50083,-1.58389],[-78.49306,-1.59222],[-78.46417,-1.59722],[-78.45722,-1.61778],[-78.46389,-1.64833],[-78.43667,-1.66639],[-78.42472,-1.65889],[-78.41083,-1.665],[-78.41194,-1.68222],[-78.43583,-1.69],[-78.46361,-1.75056],[-78.47972,-1.74778],[-78.49306,-1.73472],[-78.50556,-1.73583],[-78.52583,-1.71194],[-78.51917,-1.67139],[-78.53139,-1.64111],[-78.52444,-1.61833],[-78.54194,-1.60917]]]}},{"type":"Feature","properties":{"codigo":1007402800},"geometry":{"type":"Polygon","coordinates":[[[-76.84056,-1.57722],[-76.79889,-1.57417],[-76.73611,-1.59028],[-76.72222,-1.58639],[-76.71222,-1.59639],[-76.69028,-1.60056],[-76.68278,-1.61278],[-76.65361,-1.60889],[-76.63528,-1.62944],[-76.66222,-1.63417],[-76.66194,-1.64583],[-76.64167,-1.66417],[-76.65944,-1.68278],[-76.65528,-1.70111],[-76.68778,-1.70944],[-76.70806,-1.67972],[-76.75528,-1.64778],[-76.775,-1.64778],[-76.77833,-1.63389],[-76.79556,-1.63278],[-76.7975,-1.60417],[-76.84056,-1.57722]]]}},{"type":"Feature","properties":{"codigo":1007403291},"geometry":{"type":"Polygon","coordinates":[[[-78.13167,-1.60111],[-78.14056,-1.56333],[-78.16472,-1.54861],[-78.16583,-1.53111],[-78.18139,-1.52],[-78.17083,-1.4875],[-78.12139,-1.48889],[-78.10444,-1.54083],[-78.0675,-1.56722],[-78.0675,-1.59972],[-78.07861,-1.60056],[-78.09,-1.62278],[-78.10833,-1.605],[-78.13167,-1.60111]]]}},{"type":"Feature","properties":{"codigo":1007401956},"geometry":{"type":"Polygon","coordinates":[[[-76.05639,-1.57278],[-76.03139,-1.57111],[-76.01361,-1.59],[-75.9975,-1.5875],[-75.98139,-1.60722],[-75.99722,-1.61417],[-75.99028,-1.63083],[-76.00056,-1.64611],[-75.99861,-1.67528],[-76.02333,-1.67056],[-76.02917,-1.66278],[-76.02444,-1.645],[-76.04667,-1.63278],[-76.04389,-1.61639],[-76.06861,-1.59028],[-76.05639,-1.57278]]]}},{"type":"Feature","properties":{"codigo":1007403176},"geometry":{"type":"Polygon","coordinates":[[[-77.54528,-1.54361],[-77.52222,-1.54556],[-77.49917,-1.56639],[-77.47194,-1.5725],[-77.46056,-1.58806],[-77.42389,-1.60667],[-77.40083,-1.635],[-77.38111,-1.64083],[-77.37417,-1.65361],[-77.34611,-1.65],[-77.30583,-1.67556],[-77.29306,-1.70472],[-77.26278,-1.73028],[-77.26806,-1.75611],[-77.25472,-1.77944],[-77.26417,-1.79361],[-77.28083,-1.79972],[-77.28917,-1.78139],[-77.28556,-1.76667],[-77.30722,-1.7375],[-77.31056,-1.71306],[-77.32111,-1.69861],[-77.35556,-1.6925],[-77.35806,-1.68139],[-77.43111,-1.61944],[-77.49722,-1.58778],[-77.51639,-1.58667],[-77.5125,-1.57611],[-77.53944,-1.56194],[-77.54528,-1.54361]]]}},{"type":"Feature","properties":{"codigo":1007402183},"geometry":{"type":"Polygon","coordinates":[[[-79.74806,-1.54611],[-79.73778,-1.57833],[-79.70194,-1.59694],[-79.69556,-1.6075],[-79.70694,-1.62417],[-79.70361,-1.63639],[-79.7125,-1.63944],[-79.70222,-1.66083],[-79.71472,-1.68917],[-79.70583,-1.71444],[-79.71667,-1.74694],[-79.70778,-1.77694],[-79.68639,-1.77972],[-79.67333,-1.80083],[-79.68611,-1.83028],[-79.6725,-1.84611],[-79.66889,-1.87111],[-79.71583,-1.83083],[-79.72194,-1.81667],[-79.70611,-1.80944],[-79.71944,-1.7875],[-79.71556,-1.78028],[-79.74167,-1.76889],[-79.73639,-1.75222],[-79.74861,-1.74583],[-79.75889,-1.71139],[-79.78111,-1.69222],[-79.77694,-1.68278],[-79.78556,-1.67972],[-79.79444,-1.65111],[-79.79194,-1.64111],[-79.76722,-1.62944],[-79.76417,-1.61778],[-79.75139,-1.61556],[-79.7625,-1.58611],[-79.75667,-1.5825],[-79.75944,-1.55917],[-79.75111,-1.5575],[-79.74806,-1.54611]]]}},{"type":"Feature","properties":{"codigo":1007402260},"geometry":{"type":"Polygon","coordinates":[[[-79.00861,-1.61417],[-79.00194,-1.61222],[-78.99667,-1.61361],[-79.00222,-1.61694],[-79.00861,-1.61417]]]}},{"type":"Feature","properties":{"codigo":1007402259},"geometry":{"type":"Polygon","coordinates":[[[-79.05667,-1.59389],[-79.02667,-1.59972],[-78.99222,-1.625],[-78.96333,-1.62833],[-78.94972,-1.62056],[-78.94444,-1.63],[-78.95,-1.6525],[-78.96833,-1.67139],[-78.98111,-1.66722],[-79.01083,-1.68444],[-79.03083,-1.65667],[-79.03278,-1.63972],[-79.06806,-1.63083],[-79.05667,-1.59389]]]}},{"type":"Feature","properties":{"codigo":1007402263},"geometry":{"type":"Polygon","coordinates":[[[-79.00278,-1.61722],[-78.98611,-1.59556],[-78.97417,-1.59972],[-78.96111,-1.58194],[-78.93417,-1.58333],[-78.92694,-1.55694],[-78.88528,-1.54694],[-78.87722,-1.53333],[-78.84556,-1.56],[-78.85306,-1.585],[-78.8375,-1.6],[-78.84639,-1.64167],[-78.8375,-1.66056],[-78.84722,-1.67167],[-78.85778,-1.67139],[-78.86722,-1.6475],[-78.88083,-1.64611],[-78.88556,-1.63222],[-78.90306,-1.62278],[-78.93417,-1.63194],[-78.94972,-1.62056],[-78.96333,-1.62833],[-78.99222,-1.625],[-79.00278,-1.61722]]]}},{"type":"Feature","properties":{"codigo":1007402043},"geometry":{"type":"Polygon","coordinates":[[[-80.11889,-1.61333],[-80.11222,-1.65194],[-80.09917,-1.65111],[-80.08194,-1.665],[-80.03778,-1.66556],[-80.0375,-1.67222],[-80.01611,-1.67972],[-80.02194,-1.70389],[-80.01194,-1.70944],[-79.99972,-1.70194],[-79.99917,-1.73472],[-80.01083,-1.73111],[-80.02667,-1.74389],[-80.03333,-1.73139],[-80.04583,-1.73389],[-80.0675,-1.71556],[-80.08833,-1.72306],[-80.0975,-1.70944],[-80.125,-1.70972],[-80.14944,-1.68917],[-80.16139,-1.70111],[-80.18167,-1.6975],[-80.19667,-1.70361],[-80.20361,-1.67167],[-80.18972,-1.66472],[-80.1875,-1.65028],[-80.16917,-1.63278],[-80.15639,-1.635],[-80.14167,-1.61667],[-80.11889,-1.61333]]]}},{"type":"Feature","properties":{"codigo":1007402832},"geometry":{"type":"Polygon","coordinates":[[[-77.42389,-1.60667],[-77.37583,-1.61806],[-77.36333,-1.61417],[-77.30583,-1.65417],[-77.30806,-1.66444],[-77.28333,-1.68611],[-77.24056,-1.695],[-77.22333,-1.71028],[-77.21361,-1.70389],[-77.20556,-1.70806],[-77.20472,-1.7],[-77.165,-1.6975],[-77.11611,-1.73389],[-77.11528,-1.74222],[-77.15583,-1.74722],[-77.16944,-1.73917],[-77.18944,-1.75111],[-77.22806,-1.72917],[-77.25417,-1.74306],[-77.32389,-1.66056],[-77.33889,-1.65917],[-77.34611,-1.65],[-77.37417,-1.65361],[-77.38111,-1.64083],[-77.41889,-1.61944],[-77.42389,-1.60667]]]}},{"type":"Feature","properties":{"codigo":1007403216},"geometry":{"type":"Polygon","coordinates":[[[-78.03056,-1.61833],[-78.04,-1.59278],[-78.03917,-1.55167],[-78.06556,-1.52583],[-78.07528,-1.49861],[-78.07028,-1.48889],[-78.04722,-1.52694],[-78.0325,-1.53],[-78.02639,-1.54583],[-78.00806,-1.55083],[-78.00694,-1.56194],[-77.96639,-1.56028],[-77.92167,-1.58889],[-77.9275,-1.645],[-77.94139,-1.64278],[-77.97556,-1.61],[-77.99444,-1.62694],[-78.03056,-1.61833]]]}},{"type":"Feature","properties":{"codigo":1007403290},"geometry":{"type":"Polygon","coordinates":[[[-78.08639,-1.63333],[-78.07833,-1.60028],[-78.06917,-1.60278],[-78.06167,-1.61861],[-78.06833,-1.66417],[-78.08833,-1.65833],[-78.09333,-1.63861],[-78.08639,-1.63333]]]}},{"type":"Feature","properties":{"codigo":1007403292},"geometry":{"type":"Polygon","coordinates":[[[-78.13167,-1.60111],[-78.10833,-1.605],[-78.085,-1.62556],[-78.09333,-1.63861],[-78.09056,-1.65167],[-78.14083,-1.66833],[-78.145,-1.62639],[-78.13139,-1.61667],[-78.13167,-1.60111]]]}},{"type":"Feature","properties":{"codigo":1007402804},"geometry":{"type":"Polygon","coordinates":[[[-77.24889,-1.58139],[-77.26028,-1.57],[-77.17028,-1.58028],[-77.13972,-1.60111],[-77.08194,-1.61306],[-77.07694,-1.60806],[-77.03861,-1.6275],[-77.02694,-1.62111],[-77.01417,-1.62861],[-77.0375,-1.64417],[-77.075,-1.63694],[-77.08944,-1.62528],[-77.10861,-1.63639],[-77.14833,-1.63111],[-77.17472,-1.61972],[-77.19806,-1.61944],[-77.20694,-1.60639],[-77.23972,-1.605],[-77.24889,-1.58139]]]}},{"type":"Feature","properties":{"codigo":1007402799},"geometry":{"type":"Polygon","coordinates":[[[-76.63722,-1.63333],[-76.61778,-1.62556],[-76.57944,-1.64778],[-76.58306,-1.68667],[-76.59639,-1.69472],[-76.59889,-1.72611],[-76.61472,-1.72333],[-76.64278,-1.74111],[-76.65472,-1.73028],[-76.65139,-1.71389],[-76.66167,-1.70389],[-76.65472,-1.69944],[-76.65944,-1.68278],[-76.64167,-1.66417],[-76.66194,-1.64583],[-76.66222,-1.63417],[-76.63722,-1.63333]]]}},{"type":"Feature","properties":{"codigo":1007402809},"geometry":{"type":"Polygon","coordinates":[[[-76.52778,-1.62278],[-76.49333,-1.62833],[-76.46694,-1.65194],[-76.46861,-1.66472],[-76.42528,-1.68694],[-76.40139,-1.72722],[-76.39028,-1.73278],[-76.39667,-1.7375],[-76.42611,-1.73056],[-76.43972,-1.75472],[-76.43333,-1.77889],[-76.43917,-1.79583],[-76.45639,-1.78306],[-76.47806,-1.78611],[-76.47694,-1.75417],[-76.49444,-1.74194],[-76.49583,-1.72167],[-76.52194,-1.67944],[-76.51861,-1.66306],[-76.53694,-1.64222],[-76.52778,-1.62278]]]}},{"type":"Feature","properties":{"codigo":1007402185},"geometry":{"type":"Polygon","coordinates":[[[-79.58111,-1.62389],[-79.56778,-1.63167],[-79.58639,-1.64611],[-79.58583,-1.67917],[-79.59611,-1.6825],[-79.59361,-1.69444],[-79.60111,-1.70333],[-79.61028,-1.69889],[-79.615,-1.70444],[-79.62,-1.72583],[-79.62944,-1.73139],[-79.62361,-1.73444],[-79.6275,-1.74833],[-79.6375,-1.75778],[-79.62972,-1.77306],[-79.63361,-1.78972],[-79.62528,-1.79306],[-79.6275,-1.84083],[-79.63611,-1.85278],[-79.64222,-1.8475],[-79.65222,-1.85778],[-79.65972,-1.85167],[-79.6675,-1.86028],[-79.68611,-1.83028],[-79.67278,-1.81139],[-79.67889,-1.78694],[-79.70778,-1.77694],[-79.71667,-1.74694],[-79.70583,-1.71444],[-79.71472,-1.68917],[-79.70278,-1.66556],[-79.7125,-1.64028],[-79.70361,-1.63639],[-79.70556,-1.61972],[-79.69611,-1.61222],[-79.68111,-1.62583],[-79.68056,-1.64333],[-79.65611,-1.64917],[-79.64889,-1.63194],[-79.64,-1.63556],[-79.62722,-1.62139],[-79.58111,-1.62389]]]}},{"type":"Feature","properties":{"codigo":1007401959},"geometry":{"type":"Polygon","coordinates":[[[-76.25306,-1.63167],[-76.23944,-1.61556],[-76.25944,-1.60556],[-76.26722,-1.585],[-76.26194,-1.57889],[-76.16611,-1.60722],[-76.12583,-1.61],[-76.08556,-1.64028],[-76.06944,-1.62722],[-76.04917,-1.63444],[-76.09694,-1.68472],[-76.09389,-1.69528],[-76.10472,-1.70861],[-76.09944,-1.72889],[-76.11361,-1.72361],[-76.12278,-1.73028],[-76.15056,-1.71389],[-76.2025,-1.72278],[-76.22139,-1.71111],[-76.22056,-1.7],[-76.25194,-1.6825],[-76.25861,-1.66222],[-76.24528,-1.64194],[-76.25306,-1.63167]]]}},{"type":"Feature","properties":{"codigo":1007402803},"geometry":{"type":"Polygon","coordinates":[[[-77.015,-1.62528],[-76.99194,-1.6325],[-76.97611,-1.62556],[-76.95972,-1.62889],[-76.96722,-1.64389],[-77.0075,-1.65028],[-77.01944,-1.64722],[-77.015,-1.62528]]]}},{"type":"Feature","properties":{"codigo":1007401958},"geometry":{"type":"Polygon","coordinates":[[[-76.04917,-1.63389],[-76.03083,-1.63611],[-76.02444,-1.645],[-76.02917,-1.66278],[-76.02333,-1.67083],[-76.0425,-1.67028],[-76.05944,-1.65361],[-76.06083,-1.64083],[-76.04917,-1.63389]]]}},{"type":"Feature","properties":{"codigo":1007401999},"geometry":{"type":"Polygon","coordinates":[[[-76.2825,-1.63667],[-76.25667,-1.62722],[-76.24528,-1.64917],[-76.26722,-1.66361],[-76.2825,-1.63667]]]}},{"type":"Feature","properties":{"codigo":1007403294},"geometry":{"type":"Polygon","coordinates":[[[-78.29667,-1.6325],[-78.28917,-1.62361],[-78.27472,-1.63083],[-78.24333,-1.62583],[-78.23472,-1.61417],[-78.1975,-1.60361],[-78.18694,-1.62611],[-78.14167,-1.64167],[-78.14083,-1.69111],[-78.17028,-1.70306],[-78.18389,-1.67917],[-78.21889,-1.67389],[-78.24278,-1.68111],[-78.25028,-1.66944],[-78.27167,-1.66778],[-78.29667,-1.6325]]]}},{"type":"Feature","properties":{"codigo":1007402117},"geometry":{"type":"Polygon","coordinates":[[[-79.88417,-1.62444],[-79.86472,-1.62972],[-79.86694,-1.64944],[-79.84806,-1.67306],[-79.84389,-1.68528],[-79.85833,-1.70333],[-79.84806,-1.70972],[-79.8475,-1.72556],[-79.86389,-1.71722],[-79.88417,-1.72722],[-79.88139,-1.69944],[-79.89194,-1.66556],[-79.88417,-1.62444]]]}},{"type":"Feature","properties":{"codigo":1007402123},"geometry":{"type":"Polygon","coordinates":[[[-79.86694,-1.64944],[-79.84944,-1.63222],[-79.85222,-1.60944],[-79.83139,-1.61472],[-79.82833,-1.59889],[-79.81972,-1.59833],[-79.82028,-1.58389],[-79.81111,-1.58528],[-79.80472,-1.57333],[-79.79167,-1.57083],[-79.81056,-1.56083],[-79.8025,-1.55611],[-79.805,-1.54361],[-79.79194,-1.54833],[-79.78833,-1.53444],[-79.805,-1.50694],[-79.79556,-1.50583],[-79.79972,-1.49417],[-79.78417,-1.47639],[-79.77972,-1.50833],[-79.77083,-1.51694],[-79.75611,-1.51389],[-79.75028,-1.53389],[-79.76944,-1.53806],[-79.7775,-1.57611],[-79.79333,-1.57722],[-79.77583,-1.58889],[-79.79917,-1.6125],[-79.80556,-1.64222],[-79.82278,-1.65722],[-79.82333,-1.665],[-79.80611,-1.67861],[-79.82056,-1.68556],[-79.83028,-1.68139],[-79.82917,-1.67361],[-79.85222,-1.67167],[-79.86694,-1.64944]]]}},{"type":"Feature","properties":{"codigo":1007403218},"geometry":{"type":"Polygon","coordinates":[[[-78.03056,-1.61833],[-77.99444,-1.62694],[-77.99222,-1.61944],[-77.96944,-1.61222],[-77.94139,-1.64278],[-77.92806,-1.645],[-77.92417,-1.66417],[-77.93556,-1.66528],[-77.9275,-1.67389],[-77.93417,-1.68194],[-77.95194,-1.67194],[-77.97528,-1.68167],[-77.97389,-1.69194],[-77.99361,-1.70694],[-77.98861,-1.72556],[-77.99472,-1.75694],[-78.01222,-1.77333],[-78.03472,-1.77778],[-78.03667,-1.79083],[-78.07528,-1.80417],[-78.065,-1.7825],[-78.04833,-1.78],[-78.03806,-1.74972],[-78.02,-1.73167],[-78.01611,-1.70778],[-78.02583,-1.67806],[-78.01722,-1.66972],[-78.03056,-1.61833]]]}},{"type":"Feature","properties":{"codigo":1007403215},"geometry":{"type":"Polygon","coordinates":[[[-77.92583,-1.65528],[-77.92361,-1.63833],[-77.91556,-1.65],[-77.92583,-1.65528]]]}},{"type":"Feature","properties":{"codigo":1007402806},"geometry":{"type":"Polygon","coordinates":[[[-77.02306,-1.64694],[-76.95222,-1.64694],[-76.94194,-1.62944],[-76.90056,-1.60361],[-76.82639,-1.63306],[-76.79694,-1.6225],[-76.79556,-1.63278],[-76.77361,-1.63861],[-76.77611,-1.64917],[-76.80389,-1.65028],[-76.82028,-1.66306],[-76.84833,-1.65861],[-76.85528,-1.66917],[-76.89056,-1.65833],[-76.89167,-1.67111],[-76.93083,-1.67917],[-76.94167,-1.69083],[-77.02611,-1.65667],[-77.02306,-1.64694]]]}},{"type":"Feature","properties":{"codigo":1007402000},"geometry":{"type":"Polygon","coordinates":[[[-76.2825,-1.63667],[-76.28056,-1.64694],[-76.30139,-1.64972],[-76.32194,-1.67417],[-76.33972,-1.67833],[-76.35861,-1.69583],[-76.36472,-1.7025],[-76.36194,-1.7225],[-76.37694,-1.73694],[-76.39889,-1.73],[-76.41833,-1.69361],[-76.44167,-1.67389],[-76.46861,-1.66472],[-76.46694,-1.65194],[-76.48611,-1.64111],[-76.49611,-1.62306],[-76.47833,-1.62889],[-76.45194,-1.62194],[-76.43917,-1.63083],[-76.38917,-1.63361],[-76.37083,-1.64917],[-76.3225,-1.62556],[-76.29778,-1.62722],[-76.28972,-1.63917],[-76.2825,-1.63667]]]}},{"type":"Feature","properties":{"codigo":1007403214},"geometry":{"type":"Polygon","coordinates":[[[-77.91556,-1.64639],[-77.90194,-1.6475],[-77.89167,-1.6175],[-77.86361,-1.60139],[-77.845,-1.60944],[-77.84278,-1.62944],[-77.82639,-1.64667],[-77.82778,-1.66194],[-77.84611,-1.66667],[-77.84111,-1.71778],[-77.84917,-1.71917],[-77.85222,-1.73083],[-77.83722,-1.78],[-77.82111,-1.80028],[-77.82694,-1.81333],[-77.82222,-1.82528],[-77.835,-1.83333],[-77.82083,-1.86472],[-77.86056,-1.85222],[-77.89528,-1.79972],[-77.91222,-1.79611],[-77.915,-1.78833],[-77.92056,-1.79222],[-77.92889,-1.78139],[-77.94917,-1.78167],[-77.97333,-1.79417],[-78.03583,-1.78583],[-78.03472,-1.77778],[-78.01222,-1.77333],[-77.99472,-1.75694],[-77.98861,-1.72556],[-77.99361,-1.70694],[-77.97389,-1.69194],[-77.97528,-1.68167],[-77.95194,-1.67194],[-77.93417,-1.68194],[-77.9275,-1.67389],[-77.93556,-1.66528],[-77.92639,-1.66722],[-77.92833,-1.65861],[-77.91556,-1.64639]]]}},{"type":"Feature","properties":{"codigo":1007403304},"geometry":{"type":"Polygon","coordinates":[[[-78.36361,-1.64444],[-78.34389,-1.65167],[-78.30083,-1.64139],[-78.29611,-1.6325],[-78.27194,-1.66194],[-78.27722,-1.68111],[-78.26833,-1.69028],[-78.27139,-1.71139],[-78.26083,-1.72639],[-78.26833,-1.72944],[-78.26528,-1.73861],[-78.28417,-1.78139],[-78.29778,-1.78472],[-78.3175,-1.76139],[-78.35972,-1.74972],[-78.38639,-1.72389],[-78.41861,-1.71167],[-78.41083,-1.665],[-78.3725,-1.65694],[-78.36361,-1.64444]]]}},{"type":"Feature","properties":{"codigo":1007402258},"geometry":{"type":"Polygon","coordinates":[[[-79.10333,-1.6525],[-79.09417,-1.63],[-79.04167,-1.63306],[-79.00306,-1.70083],[-78.96889,-1.72444],[-78.93861,-1.72972],[-78.92667,-1.72028],[-78.91,-1.72528],[-78.89,-1.71333],[-78.87528,-1.7175],[-78.89306,-1.78778],[-78.90278,-1.78722],[-78.91278,-1.80333],[-78.93306,-1.80972],[-78.94722,-1.83639],[-78.97167,-1.85472],[-78.98028,-1.88472],[-78.99722,-1.89],[-78.995,-1.905],[-79.00667,-1.93472],[-79.03306,-1.93194],[-79.04833,-1.90833],[-79.04806,-1.83944],[-79.03833,-1.82056],[-79.03444,-1.77111],[-79.07972,-1.70556],[-79.10583,-1.69944],[-79.09861,-1.685],[-79.10333,-1.6525]]]}},{"type":"Feature","properties":{"codigo":1007402226},"geometry":{"type":"Polygon","coordinates":[[[-79.20333,-1.63972],[-79.17667,-1.61611],[-79.16611,-1.63167],[-79.13972,-1.6275],[-79.11694,-1.64972],[-79.10333,-1.6525],[-79.09861,-1.685],[-79.10556,-1.69833],[-79.12667,-1.71361],[-79.16556,-1.71361],[-79.19472,-1.69444],[-79.21861,-1.69806],[-79.22694,-1.685],[-79.28806,-1.67083],[-79.30167,-1.69528],[-79.30306,-1.72333],[-79.33333,-1.74056],[-79.34833,-1.76611],[-79.3625,-1.77361],[-79.36056,-1.78],[-79.38861,-1.78722],[-79.39194,-1.79861],[-79.41139,-1.79611],[-79.43139,-1.80556],[-79.43806,-1.77139],[-79.40583,-1.75278],[-79.40778,-1.74028],[-79.39806,-1.73528],[-79.39139,-1.71472],[-79.38278,-1.71278],[-79.37667,-1.66528],[-79.365,-1.64722],[-79.34694,-1.64083],[-79.33667,-1.66222],[-79.32444,-1.6575],[-79.31944,-1.66333],[-79.27806,-1.6475],[-79.22833,-1.65194],[-79.20333,-1.63972]]]}},{"type":"Feature","properties":{"codigo":1007403289},"geometry":{"type":"Polygon","coordinates":[[[-78.06167,-1.62944],[-78.055,-1.64028],[-78.05139,-1.62611],[-78.03889,-1.62944],[-78.03361,-1.66389],[-78.05972,-1.69194],[-78.06056,-1.70917],[-78.07472,-1.71306],[-78.06806,-1.68139],[-78.06,-1.68056],[-78.05694,-1.67],[-78.06889,-1.66694],[-78.06167,-1.62944]]]}},{"type":"Feature","properties":{"codigo":1007402827},"geometry":{"type":"Polygon","coordinates":[[[-77.14556,-1.64556],[-77.1175,-1.65528],[-77.115,-1.67139],[-77.09167,-1.69194],[-77.05806,-1.68722],[-77.02722,-1.70667],[-76.98361,-1.71778],[-76.97306,-1.71417],[-76.92667,-1.73528],[-76.92167,-1.745],[-76.89861,-1.74611],[-76.85556,-1.78861],[-76.83444,-1.79389],[-76.8325,-1.78556],[-76.81528,-1.78722],[-76.79944,-1.79722],[-76.77722,-1.83222],[-76.75167,-1.84556],[-76.75278,-1.86583],[-76.79556,-1.86028],[-76.80611,-1.84333],[-76.81833,-1.84889],[-76.83806,-1.84306],[-76.84139,-1.83194],[-76.85194,-1.83528],[-76.85306,-1.82472],[-76.86861,-1.81556],[-76.88972,-1.81139],[-76.91417,-1.8175],[-76.91944,-1.82611],[-76.95444,-1.81861],[-76.96694,-1.82556],[-77.00722,-1.80778],[-77.02722,-1.78667],[-77.05472,-1.77972],[-77.06944,-1.75556],[-77.09944,-1.735],[-77.11306,-1.70889],[-77.1375,-1.69083],[-77.13833,-1.68083],[-77.1575,-1.66833],[-77.14556,-1.64556]]]}},{"type":"Feature","properties":{"codigo":1007401952},"geometry":{"type":"Polygon","coordinates":[[[-75.71389,-1.61917],[-75.70528,-1.61889],[-75.68194,-1.65167],[-75.66722,-1.65389],[-75.66167,-1.66417],[-75.66639,-1.67611],[-75.7,-1.70028],[-75.71917,-1.74611],[-75.77917,-1.74833],[-75.78139,-1.72361],[-75.78972,-1.71444],[-75.78194,-1.68639],[-75.76889,-1.68194],[-75.75694,-1.69194],[-75.735,-1.67056],[-75.70583,-1.66917],[-75.71833,-1.65111],[-75.71611,-1.64028],[-75.72389,-1.64194],[-75.70861,-1.62556],[-75.71389,-1.61917]]]}},{"type":"Feature","properties":{"codigo":1007402798},"geometry":{"type":"Polygon","coordinates":[[[-76.58167,-1.65361],[-76.53694,-1.6375],[-76.51861,-1.66306],[-76.52194,-1.67944],[-76.49583,-1.72167],[-76.49444,-1.74194],[-76.47694,-1.75417],[-76.4775,-1.78361],[-76.54194,-1.81611],[-76.55833,-1.80806],[-76.59389,-1.81194],[-76.59778,-1.79806],[-76.60861,-1.79361],[-76.59667,-1.74833],[-76.60528,-1.72806],[-76.59889,-1.72611],[-76.59583,-1.69361],[-76.58306,-1.68667],[-76.58167,-1.65361]]]}},{"type":"Feature","properties":{"codigo":1007402189},"geometry":{"type":"Polygon","coordinates":[[[-79.56778,-1.63167],[-79.54306,-1.65917],[-79.52,-1.65111],[-79.51833,-1.63167],[-79.50667,-1.63639],[-79.50917,-1.65],[-79.49083,-1.64556],[-79.48444,-1.6525],[-79.4875,-1.66917],[-79.47528,-1.67333],[-79.47333,-1.68194],[-79.48056,-1.69333],[-79.49194,-1.68611],[-79.49528,-1.69583],[-79.51167,-1.69722],[-79.52333,-1.7075],[-79.50806,-1.75611],[-79.49556,-1.75806],[-79.49333,-1.76611],[-79.5075,-1.76806],[-79.51139,-1.78194],[-79.54139,-1.79972],[-79.57222,-1.75583],[-79.56028,-1.73222],[-79.57611,-1.71222],[-79.56417,-1.69861],[-79.57639,-1.69639],[-79.58417,-1.70528],[-79.59611,-1.68278],[-79.58583,-1.67917],[-79.58639,-1.64611],[-79.56778,-1.63167]]]}},{"type":"Feature","properties":{"codigo":1007403267},"geometry":{"type":"Polygon","coordinates":[[[-78.74639,-1.69306],[-78.75556,-1.64028],[-78.77083,-1.63194],[-78.77528,-1.61806],[-78.77472,-1.57444],[-78.76278,-1.55861],[-78.73194,-1.59417],[-78.67194,-1.61861],[-78.66833,-1.64111],[-78.645,-1.65111],[-78.63639,-1.64694],[-78.6275,-1.72],[-78.67583,-1.71472],[-78.71694,-1.74389],[-78.73222,-1.71639],[-78.74556,-1.71556],[-78.74778,-1.70361],[-78.73861,-1.69639],[-78.74639,-1.69306]]]}},{"type":"Feature","properties":{"codigo":1007402001},"geometry":{"type":"Polygon","coordinates":[[[-76.28056,-1.64694],[-76.26722,-1.66361],[-76.25611,-1.66472],[-76.24889,-1.68611],[-76.21889,-1.70222],[-76.21917,-1.72306],[-76.20472,-1.74667],[-76.20778,-1.77556],[-76.23028,-1.77417],[-76.245,-1.76111],[-76.26222,-1.76222],[-76.27333,-1.75278],[-76.29722,-1.75944],[-76.34139,-1.72306],[-76.36361,-1.72028],[-76.36472,-1.7025],[-76.34917,-1.68611],[-76.32194,-1.67417],[-76.30139,-1.64972],[-76.28056,-1.64694]]]}},{"type":"Feature","properties":{"codigo":1007403295},"geometry":{"type":"Polygon","coordinates":[[[-78.09056,-1.65167],[-78.08333,-1.66417],[-78.05694,-1.67],[-78.06,-1.68056],[-78.06806,-1.68139],[-78.07361,-1.72194],[-78.09444,-1.74222],[-78.0875,-1.75944],[-78.09167,-1.77556],[-78.10806,-1.79556],[-78.14028,-1.7925],[-78.15833,-1.81389],[-78.175,-1.80556],[-78.1825,-1.78611],[-78.19889,-1.7825],[-78.22194,-1.79111],[-78.22861,-1.77444],[-78.24944,-1.775],[-78.25611,-1.75861],[-78.24972,-1.7325],[-78.27111,-1.71222],[-78.27556,-1.66833],[-78.25028,-1.66944],[-78.24194,-1.68139],[-78.21889,-1.67389],[-78.18389,-1.67917],[-78.16917,-1.70306],[-78.1425,-1.69444],[-78.14056,-1.66833],[-78.13111,-1.66111],[-78.09056,-1.65167]]]}},{"type":"Feature","properties":{"codigo":1007403265},"geometry":{"type":"Polygon","coordinates":[[[-78.63333,-1.65944],[-78.60472,-1.66611],[-78.59472,-1.65222],[-78.57861,-1.64917],[-78.56389,-1.67083],[-78.53639,-1.67611],[-78.51028,-1.73917],[-78.52889,-1.7425],[-78.57889,-1.72528],[-78.59972,-1.72889],[-78.60194,-1.72056],[-78.62083,-1.71722],[-78.61861,-1.71],[-78.63167,-1.69361],[-78.63333,-1.65944]]]}},{"type":"Feature","properties":{"codigo":1007402807},"geometry":{"type":"Polygon","coordinates":[[[-76.88972,-1.66917],[-76.89056,-1.65833],[-76.85528,-1.66917],[-76.84833,-1.65861],[-76.82028,-1.66306],[-76.80389,-1.65028],[-76.75917,-1.64667],[-76.70806,-1.67972],[-76.68778,-1.70944],[-76.66167,-1.70389],[-76.65139,-1.71389],[-76.65639,-1.72528],[-76.64944,-1.73583],[-76.66972,-1.74806],[-76.68639,-1.74083],[-76.69694,-1.75861],[-76.72194,-1.74028],[-76.75694,-1.75389],[-76.78556,-1.72944],[-76.83222,-1.71778],[-76.83056,-1.71028],[-76.84278,-1.69889],[-76.88972,-1.66917]]]}},{"type":"Feature","properties":{"codigo":1007403288},"geometry":{"type":"Polygon","coordinates":[[[-78.03611,-1.69528],[-78.03361,-1.65528],[-78.02278,-1.67056],[-78.01611,-1.70917],[-78.02,-1.73167],[-78.05167,-1.7725],[-78.03833,-1.73806],[-78.04417,-1.72528],[-78.03833,-1.72],[-78.04389,-1.70889],[-78.03611,-1.69528]]]}},{"type":"Feature","properties":{"codigo":1007402264},"geometry":{"type":"Polygon","coordinates":[[[-78.94444,-1.62972],[-78.91861,-1.63083],[-78.90306,-1.62278],[-78.88556,-1.63222],[-78.88083,-1.64611],[-78.86722,-1.6475],[-78.85778,-1.67056],[-78.86556,-1.71806],[-78.89,-1.71333],[-78.91,-1.72528],[-78.92667,-1.72028],[-78.93917,-1.72972],[-78.96889,-1.72444],[-79.00306,-1.70083],[-79.01083,-1.68472],[-78.95833,-1.66333],[-78.94444,-1.62972]]]}},{"type":"Feature","properties":{"codigo":1007402002},"geometry":{"type":"Polygon","coordinates":[[[-76.05972,-1.65111],[-76.04306,-1.67],[-76.00139,-1.67333],[-75.97556,-1.69472],[-75.98333,-1.70417],[-75.97722,-1.7275],[-75.98972,-1.75028],[-76.01722,-1.75],[-76.02806,-1.76583],[-76.04778,-1.74056],[-76.0725,-1.73389],[-76.08639,-1.73861],[-76.09944,-1.72917],[-76.10472,-1.70861],[-76.09389,-1.69528],[-76.09694,-1.68472],[-76.08667,-1.66861],[-76.05972,-1.65111]]]}},{"type":"Feature","properties":{"codigo":1007403269},"geometry":{"type":"Polygon","coordinates":[[[-78.85778,-1.67139],[-78.81528,-1.65306],[-78.80889,-1.67472],[-78.78222,-1.67889],[-78.76556,-1.66],[-78.75528,-1.65917],[-78.74639,-1.69306],[-78.73861,-1.69639],[-78.74778,-1.70944],[-78.72944,-1.755],[-78.7625,-1.75861],[-78.77944,-1.74306],[-78.80028,-1.74972],[-78.80444,-1.76361],[-78.8175,-1.76722],[-78.82194,-1.75444],[-78.85111,-1.74972],[-78.85278,-1.73],[-78.86111,-1.72917],[-78.86722,-1.71306],[-78.85778,-1.67139]]]}},{"type":"Feature","properties":{"codigo":1007401483},"geometry":{"type":"Polygon","coordinates":[[[-80.78056,-1.63],[-80.7725,-1.665],[-80.74806,-1.68361],[-80.75722,-1.69028],[-80.75472,-1.70028],[-80.7825,-1.69528],[-80.78389,-1.68472],[-80.805,-1.68583],[-80.81722,-1.6725],[-80.81028,-1.64778],[-80.79528,-1.6325],[-80.78056,-1.63]]]}},{"type":"Feature","properties":{"codigo":1007401487},"geometry":{"type":"Polygon","coordinates":[[[-80.66111,-1.67556],[-80.63056,-1.61667],[-80.61222,-1.60083],[-80.59361,-1.59806],[-80.58944,-1.63917],[-80.55056,-1.65833],[-80.54833,-1.69056],[-80.56111,-1.69389],[-80.535,-1.71333],[-80.52833,-1.73694],[-80.535,-1.74778],[-80.52528,-1.78667],[-80.55361,-1.82194],[-80.565,-1.82833],[-80.57056,-1.81694],[-80.59278,-1.8125],[-80.64389,-1.76861],[-80.63528,-1.73917],[-80.65639,-1.71361],[-80.65333,-1.68972],[-80.66111,-1.67556]]]}},{"type":"Feature","properties":{"codigo":1007402808},"geometry":{"type":"Polygon","coordinates":[[[-77.1175,-1.65528],[-77.09556,-1.66111],[-77.09667,-1.65139],[-77.07722,-1.64528],[-77.03889,-1.6775],[-77.03333,-1.66972],[-77.02444,-1.67667],[-77.01,-1.67306],[-77.01806,-1.66667],[-77.01194,-1.66389],[-76.94222,-1.69083],[-76.93083,-1.67917],[-76.88833,-1.66917],[-76.84278,-1.69889],[-76.83056,-1.71028],[-76.83222,-1.71778],[-76.78556,-1.72944],[-76.75694,-1.75389],[-76.72194,-1.74028],[-76.69694,-1.75861],[-76.68639,-1.74083],[-76.66972,-1.74806],[-76.65861,-1.7375],[-76.64083,-1.74111],[-76.61306,-1.72333],[-76.59667,-1.74694],[-76.60861,-1.79361],[-76.58667,-1.81444],[-76.61,-1.84333],[-76.64639,-1.84556],[-76.65667,-1.83889],[-76.67056,-1.85083],[-76.74639,-1.85361],[-76.76222,-1.83528],[-76.77722,-1.83222],[-76.79944,-1.79722],[-76.81528,-1.78722],[-76.8325,-1.78556],[-76.83444,-1.79389],[-76.85556,-1.78861],[-76.89861,-1.74611],[-76.92167,-1.745],[-76.92667,-1.73528],[-76.97306,-1.71417],[-76.98361,-1.71778],[-77.02722,-1.70667],[-77.05806,-1.68722],[-77.09167,-1.69194],[-77.115,-1.67139],[-77.1175,-1.65528]]]}},{"type":"Feature","properties":{"codigo":1007402003},"geometry":{"type":"Polygon","coordinates":[[[-75.8075,-1.65056],[-75.78056,-1.685],[-75.78972,-1.71444],[-75.78139,-1.72361],[-75.77917,-1.7475],[-75.80917,-1.75528],[-75.82278,-1.80417],[-75.83917,-1.81],[-75.885,-1.7875],[-75.90889,-1.76694],[-75.90722,-1.755],[-75.87722,-1.705],[-75.86056,-1.69444],[-75.84611,-1.65278],[-75.8075,-1.65056]]]}},{"type":"Feature","properties":{"codigo":1007403180},"geometry":{"type":"Polygon","coordinates":[[[-77.56417,-1.69694],[-77.56111,-1.6675],[-77.58861,-1.6325],[-77.59,-1.6175],[-77.57306,-1.6175],[-77.55028,-1.64528],[-77.53472,-1.64333],[-77.46889,-1.68806],[-77.4575,-1.68444],[-77.44611,-1.69167],[-77.44194,-1.68556],[-77.43167,-1.69667],[-77.40972,-1.69083],[-77.39833,-1.71389],[-77.3775,-1.72222],[-77.37,-1.75556],[-77.31556,-1.81972],[-77.28667,-1.88056],[-77.30972,-1.86278],[-77.34,-1.81639],[-77.35222,-1.80667],[-77.35778,-1.81028],[-77.37444,-1.78722],[-77.41972,-1.75917],[-77.43306,-1.76361],[-77.45222,-1.75528],[-77.45278,-1.76083],[-77.47722,-1.7625],[-77.48722,-1.75194],[-77.51611,-1.75],[-77.53222,-1.76056],[-77.54028,-1.73889],[-77.56583,-1.73111],[-77.57361,-1.70944],[-77.56417,-1.69694]]]}},{"type":"Feature","properties":{"codigo":1007402110},"geometry":{"type":"Polygon","coordinates":[[[-80.21917,-1.69472],[-80.19972,-1.68611],[-80.19333,-1.70444],[-80.18167,-1.6975],[-80.16139,-1.70111],[-80.14944,-1.68917],[-80.125,-1.70972],[-80.0975,-1.70944],[-80.06361,-1.7525],[-80.06333,-1.76472],[-80.03833,-1.77194],[-80.03861,-1.78806],[-80.02833,-1.79972],[-80.05556,-1.79472],[-80.06111,-1.83194],[-80.08,-1.84111],[-80.08417,-1.83306],[-80.09972,-1.83472],[-80.10306,-1.82611],[-80.12222,-1.82722],[-80.14278,-1.79139],[-80.19556,-1.79667],[-80.21556,-1.75611],[-80.20778,-1.73722],[-80.22167,-1.71472],[-80.21917,-1.69472]]]}},{"type":"Feature","properties":{"codigo":1007402163},"geometry":{"type":"Polygon","coordinates":[[[-80.45139,-1.70444],[-80.42972,-1.66444],[-80.37472,-1.71556],[-80.31694,-1.72806],[-80.31417,-1.76361],[-80.295,-1.81167],[-80.32472,-1.81306],[-80.33028,-1.79722],[-80.35694,-1.78056],[-80.35722,-1.76528],[-80.38083,-1.75556],[-80.37917,-1.74694],[-80.39083,-1.73472],[-80.41,-1.74722],[-80.42056,-1.74306],[-80.45139,-1.70444]]]}},{"type":"Feature","properties":{"codigo":1007402231},"geometry":{"type":"Polygon","coordinates":[[[-79.10556,-1.69833],[-79.0925,-1.71417],[-79.095,-1.78694],[-79.12944,-1.82611],[-79.15333,-1.82528],[-79.15306,-1.83472],[-79.165,-1.84389],[-79.18861,-1.82556],[-79.21583,-1.82167],[-79.24,-1.79556],[-79.24056,-1.78111],[-79.25306,-1.77417],[-79.27583,-1.79111],[-79.28278,-1.8125],[-79.29611,-1.81694],[-79.30667,-1.84833],[-79.32278,-1.84722],[-79.3325,-1.86361],[-79.34972,-1.86528],[-79.32778,-1.82861],[-79.30417,-1.82111],[-79.29333,-1.79306],[-79.27972,-1.78472],[-79.27083,-1.76583],[-79.22806,-1.7475],[-79.2225,-1.73667],[-79.17722,-1.73361],[-79.16528,-1.71361],[-79.12667,-1.71361],[-79.10556,-1.69833]]]}},{"type":"Feature","properties":{"codigo":1007403182},"geometry":{"type":"Polygon","coordinates":[[[-77.74028,-1.70778],[-77.69667,-1.68917],[-77.68167,-1.69833],[-77.66861,-1.69389],[-77.635,-1.70528],[-77.5975,-1.69806],[-77.58222,-1.68611],[-77.56667,-1.69],[-77.57361,-1.70944],[-77.56083,-1.74139],[-77.565,-1.75528],[-77.54972,-1.77944],[-77.5575,-1.78472],[-77.585,-1.77778],[-77.58722,-1.78722],[-77.59778,-1.78639],[-77.61556,-1.76],[-77.64278,-1.77889],[-77.65556,-1.77583],[-77.65778,-1.76667],[-77.685,-1.77389],[-77.70889,-1.76667],[-77.72667,-1.73806],[-77.7175,-1.72194],[-77.74028,-1.70778]]]}},{"type":"Feature","properties":{"codigo":1007403210},"geometry":{"type":"Polygon","coordinates":[[[-77.82806,-1.66194],[-77.81833,-1.67028],[-77.80056,-1.66194],[-77.77806,-1.67528],[-77.76944,-1.67028],[-77.76611,-1.68278],[-77.74806,-1.69083],[-77.74639,-1.70583],[-77.7175,-1.72194],[-77.72667,-1.73806],[-77.70889,-1.76667],[-77.68861,-1.77389],[-77.65778,-1.76667],[-77.65556,-1.77583],[-77.64278,-1.77889],[-77.61556,-1.76],[-77.59,-1.78944],[-77.585,-1.81222],[-77.54861,-1.79417],[-77.53361,-1.80083],[-77.53306,-1.82278],[-77.51583,-1.8425],[-77.5175,-1.86194],[-77.49861,-1.92694],[-77.49722,-1.95389],[-77.50417,-1.95833],[-77.4825,-1.97056],[-77.5,-1.97528],[-77.52,-1.95806],[-77.52861,-1.96528],[-77.56583,-1.92667],[-77.58972,-1.93472],[-77.60972,-1.92667],[-77.61083,-1.91639],[-77.62139,-1.91611],[-77.62889,-1.89722],[-77.64361,-1.88611],[-77.67028,-1.8875],[-77.6875,-1.91778],[-77.70556,-1.90694],[-77.70333,-1.87361],[-77.71139,-1.86528],[-77.74611,-1.86139],[-77.75222,-1.84806],[-77.77056,-1.83944],[-77.77583,-1.82389],[-77.79139,-1.81417],[-77.81444,-1.81472],[-77.82444,-1.78917],[-77.83722,-1.78],[-77.85222,-1.73083],[-77.84917,-1.71917],[-77.84111,-1.71778],[-77.84611,-1.66667],[-77.82806,-1.66194]]]}},{"type":"Feature","properties":{"codigo":1007403296},"geometry":{"type":"Polygon","coordinates":[[[-78.07444,-1.71306],[-78.06056,-1.70917],[-78.05972,-1.69194],[-78.0375,-1.66972],[-78.03611,-1.69528],[-78.04389,-1.70889],[-78.03833,-1.72],[-78.04417,-1.72528],[-78.03833,-1.73806],[-78.05306,-1.76556],[-78.04833,-1.78],[-78.06528,-1.78278],[-78.07944,-1.82028],[-78.0925,-1.81833],[-78.11194,-1.85639],[-78.13944,-1.85556],[-78.14972,-1.82278],[-78.15722,-1.82083],[-78.14889,-1.79722],[-78.10806,-1.79556],[-78.09167,-1.77556],[-78.0875,-1.75944],[-78.09444,-1.74222],[-78.07361,-1.72194],[-78.07444,-1.71306]]]}},{"type":"Feature","properties":{"codigo":1007403266},"geometry":{"type":"Polygon","coordinates":[[[-78.62917,-1.6975],[-78.61722,-1.71417],[-78.625,-1.72917],[-78.63111,-1.71139],[-78.62917,-1.6975]]]}},{"type":"Feature","properties":{"codigo":1007402115},"geometry":{"type":"Polygon","coordinates":[[[-79.90028,-1.71917],[-79.89333,-1.71278],[-79.88056,-1.71889],[-79.8925,-1.74944],[-79.88222,-1.75944],[-79.90472,-1.78528],[-79.90806,-1.77611],[-79.90056,-1.76444],[-79.90722,-1.74667],[-79.90083,-1.74444],[-79.90028,-1.71917]]]}},{"type":"Feature","properties":{"codigo":1007402265},"geometry":{"type":"Polygon","coordinates":[[[-78.87528,-1.72056],[-78.86361,-1.71833],[-78.86111,-1.72917],[-78.85278,-1.73],[-78.85111,-1.74972],[-78.83444,-1.75556],[-78.84694,-1.83083],[-78.83278,-1.83861],[-78.85056,-1.85806],[-78.84528,-1.88333],[-78.85611,-1.92222],[-78.8525,-1.93972],[-78.86278,-1.95278],[-78.88861,-1.95556],[-78.90472,-1.9675],[-78.93667,-1.94611],[-78.95444,-1.95583],[-78.96889,-1.94306],[-78.98944,-1.95222],[-78.99111,-1.94222],[-79.00806,-1.935],[-78.99556,-1.9075],[-78.99722,-1.89],[-78.98028,-1.88472],[-78.97167,-1.85472],[-78.94722,-1.83639],[-78.93306,-1.80972],[-78.91278,-1.80333],[-78.90278,-1.78722],[-78.89361,-1.78861],[-78.87528,-1.72056]]]}},{"type":"Feature","properties":{"codigo":1007402114},"geometry":{"type":"Polygon","coordinates":[[[-79.945,-1.57583],[-79.93639,-1.58167],[-79.94222,-1.59611],[-79.9225,-1.61333],[-79.92667,-1.62306],[-79.91833,-1.63194],[-79.92278,-1.64306],[-79.91472,-1.65028],[-79.91667,-1.66278],[-79.89917,-1.67778],[-79.90889,-1.69083],[-79.89972,-1.71083],[-79.905,-1.71806],[-79.90083,-1.74444],[-79.90722,-1.74667],[-79.90139,-1.77472],[-79.91389,-1.7875],[-79.93389,-1.79139],[-79.93917,-1.81583],[-79.96861,-1.77778],[-79.97639,-1.77889],[-79.975,-1.765],[-79.98278,-1.75694],[-79.97889,-1.74472],[-79.95889,-1.74972],[-79.96306,-1.72944],[-79.955,-1.72361],[-79.96639,-1.71222],[-79.96889,-1.6875],[-79.94528,-1.69],[-79.95722,-1.67056],[-79.94667,-1.66139],[-79.95194,-1.64194],[-79.94306,-1.63472],[-79.94278,-1.61333],[-79.95056,-1.60806],[-79.945,-1.57583]]]}},{"type":"Feature","properties":{"codigo":1007402160},"geometry":{"type":"Polygon","coordinates":[[[-80.35083,-1.7225],[-80.32972,-1.67778],[-80.31778,-1.67778],[-80.30417,-1.69056],[-80.29167,-1.68333],[-80.29361,-1.67722],[-80.2775,-1.67361],[-80.26639,-1.68306],[-80.26139,-1.67056],[-80.24083,-1.69333],[-80.2225,-1.68889],[-80.22167,-1.71472],[-80.20778,-1.73722],[-80.21556,-1.75611],[-80.19417,-1.80556],[-80.21778,-1.80667],[-80.25444,-1.82778],[-80.27389,-1.81806],[-80.29306,-1.7675],[-80.315,-1.74444],[-80.31667,-1.72833],[-80.35083,-1.7225]]]}},{"type":"Feature","properties":{"codigo":1007402124},"geometry":{"type":"Polygon","coordinates":[[[-79.88389,-1.7275],[-79.86333,-1.71722],[-79.85444,-1.72639],[-79.83472,-1.72556],[-79.83667,-1.73306],[-79.825,-1.74028],[-79.84167,-1.77722],[-79.83333,-1.79278],[-79.82611,-1.79222],[-79.82972,-1.815],[-79.84306,-1.81917],[-79.85167,-1.81],[-79.855,-1.83444],[-79.86333,-1.83972],[-79.85667,-1.85833],[-79.87,-1.84944],[-79.88194,-1.86139],[-79.89167,-1.84639],[-79.88889,-1.82361],[-79.90528,-1.81389],[-79.9075,-1.79778],[-79.89056,-1.79111],[-79.89722,-1.77444],[-79.88222,-1.75944],[-79.8925,-1.75],[-79.88389,-1.7275]]]}},{"type":"Feature","properties":{"codigo":1007403271},"geometry":{"type":"Polygon","coordinates":[[[-78.62417,-1.72833],[-78.61778,-1.71722],[-78.60194,-1.72056],[-78.59972,-1.72889],[-78.57889,-1.72528],[-78.52444,-1.74333],[-78.50833,-1.73306],[-78.49306,-1.73472],[-78.46139,-1.76028],[-78.47917,-1.77167],[-78.48417,-1.7975],[-78.47611,-1.80944],[-78.49972,-1.82],[-78.50611,-1.83389],[-78.51694,-1.83],[-78.53306,-1.84139],[-78.58222,-1.82722],[-78.6075,-1.83583],[-78.625,-1.82917],[-78.62917,-1.79194],[-78.62167,-1.78],[-78.61556,-1.78389],[-78.61611,-1.77278],[-78.63333,-1.765],[-78.62861,-1.73917],[-78.61917,-1.73417],[-78.62417,-1.72833]]]}},{"type":"Feature","properties":{"codigo":1007403270},"geometry":{"type":"Polygon","coordinates":[[[-78.62778,-1.72056],[-78.61917,-1.73417],[-78.62861,-1.73917],[-78.63333,-1.765],[-78.61611,-1.77278],[-78.61556,-1.78389],[-78.62667,-1.785],[-78.62944,-1.81972],[-78.64056,-1.82139],[-78.66972,-1.79556],[-78.68083,-1.80056],[-78.68861,-1.79278],[-78.71222,-1.74167],[-78.67583,-1.71472],[-78.62778,-1.72056]]]}},{"type":"Feature","properties":{"codigo":1007402813},"geometry":{"type":"Polygon","coordinates":[[[-76.21611,-1.715],[-76.20167,-1.72278],[-76.15056,-1.71389],[-76.12278,-1.73028],[-76.11222,-1.72361],[-76.07694,-1.73889],[-76.07667,-1.77389],[-76.08944,-1.775],[-76.11639,-1.83861],[-76.12611,-1.83833],[-76.12583,-1.83139],[-76.14806,-1.81694],[-76.18583,-1.80944],[-76.19222,-1.79611],[-76.2025,-1.79333],[-76.21,-1.76806],[-76.20472,-1.74667],[-76.21917,-1.72306],[-76.21611,-1.715]]]}},{"type":"Feature","properties":{"codigo":1007402815},"geometry":{"type":"Polygon","coordinates":[[[-76.37444,-1.73556],[-76.36333,-1.72278],[-76.34139,-1.72306],[-76.29722,-1.75944],[-76.27333,-1.75278],[-76.26222,-1.76222],[-76.245,-1.76111],[-76.23028,-1.77417],[-76.20778,-1.77556],[-76.20833,-1.785],[-76.18528,-1.80944],[-76.18583,-1.82917],[-76.1425,-1.84722],[-76.14361,-1.86083],[-76.12417,-1.87611],[-76.12833,-1.88444],[-76.14056,-1.88528],[-76.14056,-1.89472],[-76.15333,-1.89861],[-76.16944,-1.88333],[-76.18222,-1.88694],[-76.19639,-1.87944],[-76.22028,-1.89083],[-76.25417,-1.87472],[-76.26056,-1.85806],[-76.26778,-1.86194],[-76.30333,-1.84694],[-76.31611,-1.83278],[-76.31694,-1.81861],[-76.32833,-1.81833],[-76.34028,-1.80139],[-76.34,-1.79028],[-76.37194,-1.76611],[-76.37444,-1.73556]]]}},{"type":"Feature","properties":{"codigo":1007402830},"geometry":{"type":"Polygon","coordinates":[[[-77.115,-1.73583],[-77.165,-1.6975],[-77.20472,-1.7],[-77.20556,-1.70806],[-77.21361,-1.70389],[-77.22333,-1.71028],[-77.24056,-1.695],[-77.28333,-1.68611],[-77.30806,-1.66444],[-77.30583,-1.65417],[-77.34056,-1.63361],[-77.35667,-1.61472],[-77.33139,-1.61778],[-77.30361,-1.63417],[-77.28472,-1.63333],[-77.24417,-1.65333],[-77.21278,-1.65417],[-77.2,-1.67444],[-77.15667,-1.68417],[-77.1225,-1.71639],[-77.115,-1.73583]]]}},{"type":"Feature","properties":{"codigo":1007402829},"geometry":{"type":"Polygon","coordinates":[[[-77.11444,-1.73639],[-77.11306,-1.73583],[-77.11222,-1.73667],[-77.11444,-1.73639]]]}},{"type":"Feature","properties":{"codigo":1007402828},"geometry":{"type":"Polygon","coordinates":[[[-77.11222,-1.73639],[-77.09389,-1.73528],[-77.05472,-1.77972],[-77.02722,-1.78667],[-77.00722,-1.80778],[-76.96833,-1.82528],[-76.95444,-1.81861],[-76.91944,-1.82611],[-76.91417,-1.8175],[-76.88889,-1.81139],[-76.85861,-1.82111],[-76.85194,-1.83528],[-76.84139,-1.83194],[-76.83861,-1.84278],[-76.82583,-1.84778],[-76.80611,-1.84333],[-76.79556,-1.86028],[-76.75833,-1.86889],[-76.75889,-1.88361],[-76.74861,-1.88833],[-76.75722,-1.89722],[-76.75056,-1.90611],[-76.77694,-1.90528],[-76.78611,-1.91444],[-76.81833,-1.90917],[-76.83583,-1.92917],[-76.89278,-1.91361],[-76.89528,-1.90139],[-76.97889,-1.86222],[-76.9875,-1.8475],[-77.01583,-1.84806],[-77.07528,-1.80722],[-77.09194,-1.80806],[-77.12194,-1.77278],[-77.15778,-1.74889],[-77.11639,-1.74333],[-77.11222,-1.73639]]]}},{"type":"Feature","properties":{"codigo":1007402810},"geometry":{"type":"Polygon","coordinates":[[[-76.42611,-1.73056],[-76.37444,-1.73556],[-76.37722,-1.77972],[-76.37,-1.78778],[-76.37083,-1.82417],[-76.36361,-1.83583],[-76.36944,-1.85139],[-76.41472,-1.86],[-76.42167,-1.85472],[-76.4175,-1.84222],[-76.42611,-1.83],[-76.42611,-1.8],[-76.43944,-1.79167],[-76.43333,-1.77889],[-76.43972,-1.75472],[-76.42611,-1.73056]]]}},{"type":"Feature","properties":{"codigo":1007402042},"geometry":{"type":"Polygon","coordinates":[[[-80.08806,-1.72306],[-80.0675,-1.71556],[-80.01472,-1.74889],[-80.00111,-1.74],[-79.985,-1.74139],[-79.97694,-1.77389],[-79.98694,-1.78694],[-80.01056,-1.77194],[-80.0125,-1.79278],[-80.02167,-1.80306],[-80.03861,-1.78806],[-80.03889,-1.77139],[-80.06333,-1.76472],[-80.06361,-1.7525],[-80.08806,-1.72306]]]}},{"type":"Feature","properties":{"codigo":1007403280},"geometry":{"type":"Polygon","coordinates":[[[-78.74028,-1.72],[-78.73222,-1.71639],[-78.72667,-1.73583],[-78.71111,-1.74472],[-78.68861,-1.79139],[-78.68722,-1.81667],[-78.69556,-1.83667],[-78.68861,-1.855],[-78.70278,-1.88444],[-78.72222,-1.88944],[-78.74806,-1.86028],[-78.75917,-1.79889],[-78.77806,-1.755],[-78.78722,-1.75056],[-78.77917,-1.74306],[-78.7625,-1.75861],[-78.7325,-1.75722],[-78.74028,-1.72]]]}},{"type":"Feature","properties":{"codigo":1007402837},"geometry":{"type":"Polygon","coordinates":[[[-77.17861,-1.74889],[-77.16944,-1.73917],[-77.15722,-1.74583],[-77.09194,-1.80806],[-77.07528,-1.80722],[-77.01583,-1.84806],[-76.9875,-1.8475],[-76.97889,-1.86222],[-76.89528,-1.90139],[-76.89389,-1.91306],[-76.85083,-1.92167],[-76.84944,-1.92861],[-76.82972,-1.92361],[-76.79722,-1.95],[-76.79083,-1.96528],[-76.76389,-1.97722],[-76.74833,-2.005],[-76.73667,-2.00167],[-76.72278,-2.01778],[-76.70333,-2.02139],[-76.69389,-2.04417],[-76.70028,-2.05389],[-76.71833,-2.05389],[-76.73111,-2.03222],[-76.76861,-2.02139],[-76.78417,-2.00528],[-76.81917,-1.99333],[-76.84472,-1.9625],[-76.85722,-1.9575],[-76.86722,-1.96306],[-76.90139,-1.95028],[-76.90306,-1.93722],[-76.91778,-1.9325],[-76.94333,-1.90028],[-76.98444,-1.89222],[-76.99722,-1.88028],[-77.03056,-1.86944],[-77.03472,-1.85778],[-77.04361,-1.86333],[-77.06,-1.83389],[-77.11278,-1.80917],[-77.12833,-1.78444],[-77.14667,-1.77917],[-77.15222,-1.76722],[-77.17222,-1.76306],[-77.17861,-1.74889]]]}},{"type":"Feature","properties":{"codigo":1007402676},"geometry":{"type":"Polygon","coordinates":[[[-77.26528,-1.73694],[-77.25167,-1.74306],[-77.24444,-1.7325],[-77.22694,-1.72917],[-77.18944,-1.75111],[-77.1825,-1.74583],[-77.17222,-1.76306],[-77.15222,-1.76722],[-77.14667,-1.77917],[-77.12833,-1.78444],[-77.11278,-1.80917],[-77.06,-1.83389],[-77.04361,-1.86333],[-77.03472,-1.85778],[-77.03056,-1.86944],[-76.99722,-1.88028],[-76.98444,-1.89222],[-76.94333,-1.90028],[-76.91778,-1.9325],[-76.90306,-1.93722],[-76.90139,-1.95028],[-76.89028,-1.95111],[-76.87361,-1.97278],[-76.86361,-1.9725],[-76.85444,-1.98944],[-76.82833,-2.00417],[-76.82056,-2.01722],[-76.81139,-2.02194],[-76.80667,-2.01056],[-76.79389,-2.01944],[-76.73944,-2.09389],[-76.71139,-2.10861],[-76.67056,-2.15056],[-76.65417,-2.15278],[-76.65167,-2.175],[-76.62389,-2.19083],[-76.61861,-2.21694],[-76.62472,-2.22667],[-76.59556,-2.25583],[-76.58167,-2.29639],[-76.56694,-2.30556],[-76.55028,-2.29972],[-76.54278,-2.30444],[-76.53222,-2.35],[-76.50833,-2.35889],[-76.45889,-2.35722],[-76.45917,-2.37167],[-76.42944,-2.37556],[-76.41556,-2.39056],[-76.41583,-2.41917],[-76.40583,-2.44472],[-76.41667,-2.46361],[-76.46278,-2.43056],[-76.46889,-2.41167],[-76.48278,-2.40806],[-76.4925,-2.39222],[-76.50083,-2.40167],[-76.5125,-2.39389],[-76.51389,-2.40389],[-76.52361,-2.41306],[-76.5375,-2.41167],[-76.55028,-2.43],[-76.57583,-2.41306],[-76.56722,-2.35778],[-76.58083,-2.34194],[-76.60083,-2.3375],[-76.64222,-2.27889],[-76.66389,-2.27167],[-76.68222,-2.23528],[-76.6725,-2.22944],[-76.69222,-2.22111],[-76.70389,-2.19639],[-76.72389,-2.18556],[-76.74639,-2.13083],[-76.76806,-2.10917],[-76.78583,-2.10694],[-76.83472,-2.0475],[-76.87722,-2.02639],[-76.89889,-1.995],[-76.95861,-1.97667],[-76.99278,-1.95167],[-77.03972,-1.8925],[-77.1275,-1.85056],[-77.12389,-1.84139],[-77.1375,-1.82278],[-77.15306,-1.82472],[-77.17278,-1.81139],[-77.19556,-1.81694],[-77.2575,-1.79083],[-77.25472,-1.77889],[-77.26806,-1.75611],[-77.26528,-1.73694]]]}},{"type":"Feature","properties":{"codigo":1007403305},"geometry":{"type":"Polygon","coordinates":[[[-78.4675,-1.75167],[-78.45139,-1.73194],[-78.43361,-1.68667],[-78.41833,-1.685],[-78.42028,-1.70861],[-78.41194,-1.71806],[-78.38639,-1.72389],[-78.35972,-1.74972],[-78.3175,-1.76139],[-78.30611,-1.77944],[-78.32333,-1.78972],[-78.33917,-1.82611],[-78.36417,-1.82],[-78.36306,-1.82806],[-78.39139,-1.85639],[-78.42083,-1.82917],[-78.42028,-1.805],[-78.43778,-1.79222],[-78.44583,-1.76222],[-78.46111,-1.76083],[-78.4675,-1.75167]]]}},{"type":"Feature","properties":{"codigo":1007403198},"geometry":{"type":"Polygon","coordinates":[[[-77.56417,-1.73333],[-77.55389,-1.73028],[-77.54028,-1.73889],[-77.51583,-1.7875],[-77.51944,-1.805],[-77.45306,-1.88611],[-77.41944,-1.88806],[-77.39028,-1.90472],[-77.35528,-1.91278],[-77.34722,-1.92472],[-77.33694,-1.92444],[-77.33611,-1.91806],[-77.31194,-1.9275],[-77.30667,-1.94083],[-77.27389,-1.95306],[-77.28556,-1.96167],[-77.26778,-1.96889],[-77.26,-1.98639],[-77.25833,-1.97861],[-77.23167,-1.98806],[-77.22028,-1.98278],[-77.21,-1.99972],[-77.18361,-1.99972],[-77.18861,-2.02083],[-77.1725,-2.03889],[-77.17694,-2.04472],[-77.17917,-2.04083],[-77.19528,-2.04111],[-77.14083,-2.08528],[-77.14389,-2.10028],[-77.12722,-2.10917],[-77.10556,-2.14],[-77.105,-2.15667],[-77.16722,-2.12972],[-77.16861,-2.11417],[-77.18889,-2.10667],[-77.20083,-2.08944],[-77.21306,-2.08556],[-77.20639,-2.08222],[-77.22639,-2.07194],[-77.23028,-2.05917],[-77.26194,-2.04111],[-77.27528,-2.02333],[-77.30417,-2.01694],[-77.31639,-2.02472],[-77.3175,-2.00944],[-77.33139,-1.99944],[-77.34889,-2.00972],[-77.36611,-2.00722],[-77.41361,-1.97917],[-77.43722,-1.94306],[-77.47167,-1.93556],[-77.46583,-1.92528],[-77.47444,-1.91944],[-77.46639,-1.91194],[-77.5,-1.89444],[-77.50333,-1.88083],[-77.51194,-1.87917],[-77.51583,-1.8425],[-77.53306,-1.82278],[-77.53361,-1.80083],[-77.54861,-1.79417],[-77.585,-1.81222],[-77.59139,-1.78778],[-77.58556,-1.77806],[-77.5575,-1.78472],[-77.54972,-1.77944],[-77.565,-1.75528],[-77.56417,-1.73333]]]}},{"type":"Feature","properties":{"codigo":1007403201},"geometry":{"type":"Polygon","coordinates":[[[-77.53194,-1.76056],[-77.51611,-1.75],[-77.48722,-1.75194],[-77.46944,-1.76389],[-77.44694,-1.80167],[-77.41361,-1.82306],[-77.4025,-1.85111],[-77.38556,-1.85389],[-77.32556,-1.8975],[-77.3175,-1.89361],[-77.25389,-1.91028],[-77.24611,-1.905],[-77.20167,-1.94222],[-77.17806,-1.97556],[-77.14972,-1.98861],[-77.13417,-1.9825],[-77.09917,-2.00083],[-77.07472,-2.05111],[-77.04889,-2.07583],[-77.04972,-2.08556],[-76.98917,-2.17111],[-76.995,-2.20389],[-77.04861,-2.09833],[-77.05806,-2.10056],[-77.06889,-2.07889],[-77.0725,-2.08361],[-77.08972,-2.07222],[-77.10861,-2.04139],[-77.125,-2.0325],[-77.11917,-2.02333],[-77.14806,-2.00944],[-77.18361,-2.01611],[-77.18361,-1.99972],[-77.21,-1.99972],[-77.22028,-1.98278],[-77.23167,-1.98806],[-77.25833,-1.97861],[-77.26,-1.98639],[-77.26778,-1.96889],[-77.28556,-1.96167],[-77.27389,-1.95306],[-77.30667,-1.94083],[-77.31194,-1.9275],[-77.33611,-1.91806],[-77.33694,-1.92444],[-77.34722,-1.92472],[-77.35528,-1.91278],[-77.39028,-1.90472],[-77.41944,-1.88806],[-77.45306,-1.88611],[-77.51944,-1.805],[-77.51583,-1.7875],[-77.53194,-1.76056]]]}},{"type":"Feature","properties":{"codigo":1007402814},"geometry":{"type":"Polygon","coordinates":[[[-76.07833,-1.73722],[-76.06417,-1.73528],[-76.03694,-1.74889],[-76.02222,-1.7875],[-76.02778,-1.79944],[-76.02306,-1.81806],[-76.00806,-1.82444],[-76.025,-1.85333],[-76.04167,-1.855],[-76.05306,-1.84056],[-76.06861,-1.84917],[-76.09278,-1.83667],[-76.10194,-1.84972],[-76.11028,-1.84639],[-76.11167,-1.81694],[-76.09333,-1.79639],[-76.08889,-1.77417],[-76.07667,-1.77389],[-76.07833,-1.73722]]]}},{"type":"Feature","properties":{"codigo":1007402228},"geometry":{"type":"Polygon","coordinates":[[[-79.16528,-1.71361],[-79.17722,-1.73361],[-79.2225,-1.73667],[-79.24639,-1.75806],[-79.28778,-1.76306],[-79.3375,-1.80611],[-79.35333,-1.80778],[-79.36389,-1.79889],[-79.39111,-1.80639],[-79.38944,-1.78778],[-79.36056,-1.78],[-79.3625,-1.77361],[-79.34833,-1.76611],[-79.33333,-1.74056],[-79.30306,-1.72333],[-79.30167,-1.69528],[-79.28806,-1.67083],[-79.22694,-1.685],[-79.21861,-1.69806],[-79.19472,-1.69444],[-79.16528,-1.71361]]]}},{"type":"Feature","properties":{"codigo":1007402733},"geometry":{"type":"Polygon","coordinates":[[[-76.0325,-1.76417],[-76.02111,-1.7625],[-76.01722,-1.75],[-75.98972,-1.75028],[-75.9825,-1.73056],[-75.96917,-1.72778],[-75.95,-1.74778],[-75.93611,-1.74861],[-75.87417,-1.795],[-75.84194,-1.80583],[-75.80667,-1.84167],[-75.855,-1.86639],[-75.85556,-1.88083],[-75.86639,-1.88361],[-75.85833,-1.90361],[-75.86472,-1.90972],[-75.87583,-1.90556],[-75.88028,-1.89056],[-75.90111,-1.88944],[-75.91139,-1.86],[-75.93194,-1.85972],[-75.95611,-1.84056],[-76.00056,-1.83833],[-76.01111,-1.82056],[-76.02306,-1.81806],[-76.02778,-1.79944],[-76.02222,-1.7875],[-76.0325,-1.76417]]]}},{"type":"Feature","properties":{"codigo":1007402165},"geometry":{"type":"Polygon","coordinates":[[[-80.50306,-1.76639],[-80.49194,-1.73194],[-80.47056,-1.70361],[-80.45139,-1.70444],[-80.42056,-1.74306],[-80.41,-1.74722],[-80.39083,-1.73472],[-80.37917,-1.74694],[-80.38111,-1.75528],[-80.35778,-1.76472],[-80.35694,-1.78056],[-80.33056,-1.79694],[-80.31639,-1.81778],[-80.36917,-1.83056],[-80.38583,-1.80972],[-80.44306,-1.79944],[-80.50306,-1.76639]]]}},{"type":"Feature","properties":{"codigo":1007403278},"geometry":{"type":"Polygon","coordinates":[[[-78.83472,-1.75528],[-78.82194,-1.75444],[-78.81722,-1.76722],[-78.80528,-1.76444],[-78.79333,-1.74667],[-78.77944,-1.75306],[-78.75917,-1.79889],[-78.74778,-1.86278],[-78.80111,-1.85972],[-78.8075,-1.86806],[-78.82528,-1.84056],[-78.84694,-1.83083],[-78.83472,-1.75528]]]}},{"type":"Feature","properties":{"codigo":1007403303},"geometry":{"type":"Polygon","coordinates":[[[-78.26833,-1.72944],[-78.24972,-1.7325],[-78.25611,-1.75861],[-78.24944,-1.775],[-78.25944,-1.80472],[-78.285,-1.81083],[-78.31,-1.83111],[-78.33861,-1.83111],[-78.33611,-1.80917],[-78.31667,-1.78278],[-78.28306,-1.78056],[-78.26528,-1.73861],[-78.26833,-1.72944]]]}},{"type":"Feature","properties":{"codigo":1007402113},"geometry":{"type":"Polygon","coordinates":[[[-79.91111,-1.785],[-79.90056,-1.785],[-79.895,-1.77472],[-79.89,-1.78917],[-79.90583,-1.79389],[-79.91111,-1.785]]]}},{"type":"Feature","properties":{"codigo":1007402167},"geometry":{"type":"Polygon","coordinates":[[[-80.54111,-1.80972],[-80.51917,-1.76833],[-80.50278,-1.76639],[-80.44306,-1.79944],[-80.38583,-1.80972],[-80.37667,-1.82583],[-80.38333,-1.83472],[-80.37722,-1.84889],[-80.39306,-1.85861],[-80.40167,-1.85222],[-80.48389,-1.86278],[-80.50583,-1.85389],[-80.55,-1.85944],[-80.55556,-1.85278],[-80.55111,-1.84278],[-80.56306,-1.84139],[-80.56694,-1.82861],[-80.54111,-1.80972]]]}},{"type":"Feature","properties":{"codigo":1007403175},"geometry":{"type":"Polygon","coordinates":[[[-77.33639,-1.79167],[-77.36083,-1.76333],[-77.33111,-1.76833],[-77.28972,-1.8],[-77.26944,-1.79778],[-77.26694,-1.81583],[-77.24583,-1.82861],[-77.24639,-1.84],[-77.23889,-1.83833],[-77.21333,-1.88306],[-77.21972,-1.88556],[-77.21417,-1.90194],[-77.22083,-1.90694],[-77.24083,-1.89444],[-77.26222,-1.84083],[-77.29694,-1.82861],[-77.31278,-1.80528],[-77.33639,-1.79167]]]}},{"type":"Feature","properties":{"codigo":1007402225},"geometry":{"type":"Polygon","coordinates":[[[-79.43806,-1.77361],[-79.43139,-1.79222],[-79.43889,-1.80222],[-79.45667,-1.80639],[-79.45694,-1.81972],[-79.42056,-1.85222],[-79.40333,-1.84944],[-79.38639,-1.86278],[-79.36972,-1.86083],[-79.345,-1.88556],[-79.34639,-1.91611],[-79.33694,-1.9325],[-79.36694,-1.94944],[-79.3675,-1.96694],[-79.37472,-1.96694],[-79.38056,-1.94833],[-79.40333,-1.93778],[-79.40528,-1.91722],[-79.39528,-1.90056],[-79.4,-1.88528],[-79.41139,-1.87444],[-79.44167,-1.86722],[-79.43111,-1.84861],[-79.43778,-1.84944],[-79.46778,-1.80917],[-79.48722,-1.80306],[-79.48944,-1.81694],[-79.50083,-1.80889],[-79.48917,-1.79722],[-79.49222,-1.78694],[-79.47667,-1.77417],[-79.43806,-1.77361]]]}},{"type":"Feature","properties":{"codigo":1007402041},"geometry":{"type":"Polygon","coordinates":[[[-79.97694,-1.77361],[-79.95806,-1.7925],[-79.96556,-1.80278],[-79.96194,-1.81639],[-79.98306,-1.82861],[-79.97556,-1.84472],[-79.98194,-1.84833],[-79.97861,-1.86083],[-79.99167,-1.85972],[-79.99583,-1.87],[-80.00611,-1.86333],[-80.01056,-1.87139],[-80.01389,-1.8525],[-80.05333,-1.85722],[-80.06944,-1.84667],[-80.05556,-1.79472],[-80.03278,-1.80139],[-80.02639,-1.79583],[-80.02083,-1.80306],[-80.01056,-1.77194],[-79.98694,-1.78694],[-79.97694,-1.77361]]]}},{"type":"Feature","properties":{"codigo":1007402112},"geometry":{"type":"Polygon","coordinates":[[[-79.91111,-1.785],[-79.90139,-1.8075],[-79.90556,-1.81917],[-79.91583,-1.81306],[-79.92194,-1.82833],[-79.93028,-1.82667],[-79.94333,-1.87056],[-79.95861,-1.87083],[-79.98278,-1.82806],[-79.96194,-1.81639],[-79.96222,-1.79444],[-79.94806,-1.79944],[-79.9375,-1.81556],[-79.93389,-1.79139],[-79.91111,-1.785]]]}},{"type":"Feature","properties":{"codigo":1007402220},"geometry":{"type":"Polygon","coordinates":[[[-79.52778,-1.78833],[-79.51917,-1.80028],[-79.54056,-1.80361],[-79.54111,-1.79694],[-79.52778,-1.78833]]]}},{"type":"Feature","properties":{"codigo":1007402797},"geometry":{"type":"Polygon","coordinates":[[[-76.47861,-1.78361],[-76.45639,-1.78306],[-76.44583,-1.79528],[-76.42611,-1.8],[-76.42611,-1.83],[-76.4175,-1.84222],[-76.42139,-1.86139],[-76.43083,-1.85472],[-76.45667,-1.86028],[-76.47194,-1.87667],[-76.52806,-1.8975],[-76.52694,-1.86833],[-76.54361,-1.86611],[-76.54611,-1.85889],[-76.57417,-1.85778],[-76.57694,-1.84306],[-76.60333,-1.83972],[-76.58222,-1.81083],[-76.55833,-1.80806],[-76.54194,-1.81611],[-76.47861,-1.78361]]]}},{"type":"Feature","properties":{"codigo":1007403172},"geometry":{"type":"Polygon","coordinates":[[[-77.26944,-1.79778],[-77.25944,-1.78806],[-77.23139,-1.80667],[-77.20278,-1.80972],[-77.16083,-1.85917],[-77.10028,-1.88944],[-77.08028,-1.91833],[-77.07528,-1.91417],[-77.05278,-1.93111],[-77.02389,-1.93361],[-77.0075,-1.95583],[-77.01861,-1.96],[-77.05639,-1.94778],[-77.07694,-1.95222],[-77.14944,-1.93056],[-77.17083,-1.93278],[-77.18139,-1.94556],[-77.20333,-1.91917],[-77.20083,-1.90861],[-77.21806,-1.89556],[-77.21972,-1.88556],[-77.21306,-1.88361],[-77.23778,-1.84],[-77.24639,-1.84],[-77.24583,-1.82861],[-77.26694,-1.81583],[-77.26944,-1.79778]]]}},{"type":"Feature","properties":{"codigo":1007402188},"geometry":{"type":"Polygon","coordinates":[[[-79.59389,-1.695],[-79.58417,-1.70528],[-79.57639,-1.69639],[-79.56417,-1.69861],[-79.57611,-1.71222],[-79.56028,-1.73222],[-79.57222,-1.75583],[-79.54167,-1.79806],[-79.54889,-1.82667],[-79.51639,-1.84583],[-79.50833,-1.85861],[-79.53917,-1.87083],[-79.55444,-1.86694],[-79.56389,-1.88917],[-79.56944,-1.88306],[-79.5775,-1.88667],[-79.59333,-1.85333],[-79.58222,-1.84944],[-79.59889,-1.83139],[-79.61833,-1.88],[-79.64222,-1.87],[-79.65278,-1.88472],[-79.6625,-1.87528],[-79.6625,-1.85444],[-79.65056,-1.8575],[-79.64222,-1.8475],[-79.63611,-1.85278],[-79.6275,-1.84083],[-79.62528,-1.79306],[-79.63361,-1.78972],[-79.62972,-1.77306],[-79.63833,-1.76639],[-79.62389,-1.73611],[-79.62944,-1.73139],[-79.62,-1.72583],[-79.61139,-1.69944],[-79.60167,-1.70361],[-79.59389,-1.695]]]}},{"type":"Feature","properties":{"codigo":1007402224},"geometry":{"type":"Polygon","coordinates":[[[-79.50083,-1.81667],[-79.51944,-1.79472],[-79.49611,-1.8],[-79.50083,-1.81667]]]}},{"type":"Feature","properties":{"codigo":1007402238},"geometry":{"type":"Polygon","coordinates":[[[-79.54083,-1.80333],[-79.51944,-1.80056],[-79.50194,-1.81694],[-79.49889,-1.80944],[-79.48833,-1.81694],[-79.48722,-1.80306],[-79.46444,-1.81194],[-79.43778,-1.84944],[-79.43111,-1.84861],[-79.44167,-1.86722],[-79.41139,-1.87444],[-79.4,-1.88528],[-79.39528,-1.90056],[-79.40528,-1.91722],[-79.40278,-1.93889],[-79.41944,-1.93056],[-79.43056,-1.93778],[-79.44611,-1.93333],[-79.45028,-1.91472],[-79.48056,-1.89667],[-79.51639,-1.84583],[-79.54528,-1.83167],[-79.54972,-1.81556],[-79.54083,-1.80333]]]}},{"type":"Feature","properties":{"codigo":1007403298},"geometry":{"type":"Polygon","coordinates":[[[-78.075,-1.80417],[-78.03556,-1.78583],[-77.97333,-1.79417],[-77.94917,-1.78167],[-77.92889,-1.78139],[-77.92056,-1.79222],[-77.915,-1.78833],[-77.91222,-1.79611],[-77.89528,-1.79972],[-77.86972,-1.84528],[-77.89389,-1.83778],[-77.90472,-1.82306],[-77.92056,-1.82667],[-77.94806,-1.81],[-77.98222,-1.81528],[-77.99444,-1.83028],[-78.00778,-1.82833],[-78.02556,-1.83833],[-78.06611,-1.83722],[-78.11556,-1.8675],[-78.12389,-1.85611],[-78.11139,-1.85583],[-78.09444,-1.82056],[-78.08056,-1.82167],[-78.075,-1.80417]]]}},{"type":"Feature","properties":{"codigo":1007403302},"geometry":{"type":"Polygon","coordinates":[[[-78.265,-1.81778],[-78.25,-1.775],[-78.23111,-1.77333],[-78.22194,-1.79111],[-78.19889,-1.7825],[-78.18194,-1.78639],[-78.16972,-1.81111],[-78.17972,-1.84444],[-78.21583,-1.83889],[-78.21722,-1.84694],[-78.24389,-1.86139],[-78.27083,-1.86389],[-78.2725,-1.84972],[-78.25667,-1.83306],[-78.265,-1.81778]]]}},{"type":"Feature","properties":{"codigo":1007402159},"geometry":{"type":"Polygon","coordinates":[[[-80.20056,-1.80528],[-80.19417,-1.80556],[-80.19306,-1.79333],[-80.17028,-1.79833],[-80.16111,-1.79028],[-80.14278,-1.79139],[-80.12222,-1.82722],[-80.10306,-1.82611],[-80.08611,-1.84833],[-80.11444,-1.84722],[-80.12833,-1.86111],[-80.16556,-1.81694],[-80.16972,-1.8225],[-80.19083,-1.81583],[-80.19556,-1.82667],[-80.21389,-1.82917],[-80.21611,-1.82306],[-80.19917,-1.81444],[-80.20056,-1.80528]]]}},{"type":"Feature","properties":{"codigo":1007402227},"geometry":{"type":"Polygon","coordinates":[[[-79.39361,-1.79861],[-79.38667,-1.81167],[-79.40111,-1.83611],[-79.4,-1.85139],[-79.42056,-1.85222],[-79.4575,-1.81861],[-79.45667,-1.80639],[-79.43889,-1.80222],[-79.43222,-1.7925],[-79.42917,-1.80778],[-79.42167,-1.79806],[-79.39361,-1.79861]]]}},{"type":"Feature","properties":{"codigo":1007402229},"geometry":{"type":"Polygon","coordinates":[[[-79.38806,-1.80722],[-79.36389,-1.79889],[-79.35333,-1.80778],[-79.3375,-1.80611],[-79.28778,-1.76306],[-79.2675,-1.76444],[-79.29333,-1.79306],[-79.30417,-1.82111],[-79.32917,-1.83],[-79.34972,-1.86444],[-79.34389,-1.86889],[-79.35,-1.87833],[-79.34028,-1.88028],[-79.34917,-1.88639],[-79.35722,-1.86833],[-79.40278,-1.8525],[-79.38806,-1.80722]]]}},{"type":"Feature","properties":{"codigo":1007403301},"geometry":{"type":"Polygon","coordinates":[[[-78.16972,-1.80917],[-78.14972,-1.82278],[-78.13667,-1.86833],[-78.17083,-1.88972],[-78.20583,-1.88917],[-78.18778,-1.87333],[-78.16972,-1.80917]]]}},{"type":"Feature","properties":{"codigo":1007402164},"geometry":{"type":"Polygon","coordinates":[[[-80.31833,-1.81194],[-80.30083,-1.81222],[-80.29889,-1.82],[-80.32722,-1.84167],[-80.33222,-1.83194],[-80.31611,-1.82028],[-80.31833,-1.81194]]]}},{"type":"Feature","properties":{"codigo":1007402162},"geometry":{"type":"Polygon","coordinates":[[[-80.30194,-1.82611],[-80.29556,-1.80222],[-80.31611,-1.745],[-80.29417,-1.76556],[-80.2775,-1.81583],[-80.26111,-1.83361],[-80.28806,-1.83389],[-80.30194,-1.82611]]]}},{"type":"Feature","properties":{"codigo":1007403274},"geometry":{"type":"Polygon","coordinates":[[[-78.68861,-1.79278],[-78.68083,-1.80056],[-78.66972,-1.79556],[-78.64194,-1.82111],[-78.61417,-1.82972],[-78.62417,-1.84333],[-78.62111,-1.85722],[-78.60778,-1.86694],[-78.61583,-1.89333],[-78.61083,-1.90667],[-78.62222,-1.89889],[-78.63361,-1.8725],[-78.64833,-1.86889],[-78.66278,-1.84833],[-78.69333,-1.85],[-78.68861,-1.79278]]]}},{"type":"Feature","properties":{"codigo":1007402161},"geometry":{"type":"Polygon","coordinates":[[[-80.20056,-1.80528],[-80.20722,-1.82056],[-80.22639,-1.82389],[-80.22806,-1.83833],[-80.26583,-1.85],[-80.28361,-1.86722],[-80.28889,-1.89472],[-80.3,-1.89806],[-80.30194,-1.93417],[-80.31028,-1.93278],[-80.31583,-1.89111],[-80.305,-1.85639],[-80.29083,-1.84472],[-80.27222,-1.84583],[-80.26111,-1.83361],[-80.2725,-1.82472],[-80.27,-1.81722],[-80.25444,-1.82778],[-80.21778,-1.80667],[-80.20056,-1.80528]]]}},{"type":"Feature","properties":{"codigo":1007401488},"geometry":{"type":"Polygon","coordinates":[[[-80.60722,-1.80028],[-80.56528,-1.82528],[-80.57056,-1.86889],[-80.595,-1.89611],[-80.63778,-1.90472],[-80.65722,-1.91611],[-80.67444,-1.94611],[-80.70806,-1.95861],[-80.71,-1.94694],[-80.72417,-1.94306],[-80.72722,-1.93472],[-80.71111,-1.9375],[-80.68944,-1.92194],[-80.69528,-1.88222],[-80.67611,-1.88583],[-80.63056,-1.85722],[-80.61778,-1.84111],[-80.625,-1.80972],[-80.60722,-1.80028]]]}},{"type":"Feature","properties":{"codigo":1007402166},"geometry":{"type":"Polygon","coordinates":[[[-80.37667,-1.82639],[-80.36861,-1.83056],[-80.31583,-1.81806],[-80.33222,-1.83194],[-80.32722,-1.84167],[-80.33667,-1.85833],[-80.38194,-1.91139],[-80.375,-1.96972],[-80.38417,-1.97417],[-80.39889,-1.95722],[-80.39833,-1.94389],[-80.40667,-1.93833],[-80.40139,-1.92972],[-80.40917,-1.92583],[-80.40194,-1.92056],[-80.40139,-1.88333],[-80.38722,-1.86389],[-80.37389,-1.86111],[-80.38333,-1.83611],[-80.37667,-1.82639]]]}},{"type":"Feature","properties":{"codigo":1007403306},"geometry":{"type":"Polygon","coordinates":[[[-78.36417,-1.82],[-78.33639,-1.8325],[-78.31,-1.83111],[-78.285,-1.81083],[-78.26306,-1.80389],[-78.26444,-1.82139],[-78.25667,-1.83194],[-78.2725,-1.84972],[-78.27417,-1.86778],[-78.30917,-1.86833],[-78.30667,-1.89306],[-78.33,-1.90722],[-78.33361,-1.91833],[-78.34889,-1.90917],[-78.35111,-1.89889],[-78.36833,-1.90139],[-78.40361,-1.87944],[-78.3975,-1.85333],[-78.38389,-1.85556],[-78.36417,-1.82]]]}},{"type":"Feature","properties":{"codigo":1007403273},"geometry":{"type":"Polygon","coordinates":[[[-78.61417,-1.82972],[-78.59028,-1.83944],[-78.58806,-1.87056],[-78.6075,-1.86833],[-78.62111,-1.85722],[-78.62417,-1.84194],[-78.61417,-1.82972]]]}},{"type":"Feature","properties":{"codigo":1007402169},"geometry":{"type":"Polygon","coordinates":[[[-80.30194,-1.82417],[-80.2675,-1.83889],[-80.305,-1.85639],[-80.31583,-1.89111],[-80.30917,-1.93111],[-80.32111,-1.94667],[-80.31528,-1.955],[-80.32556,-1.95889],[-80.33583,-1.9975],[-80.36778,-1.99611],[-80.37389,-1.98472],[-80.39167,-1.98778],[-80.39694,-1.98444],[-80.39167,-1.97417],[-80.375,-1.96972],[-80.38167,-1.91083],[-80.3275,-1.84167],[-80.30194,-1.82417]]]}},{"type":"Feature","properties":{"codigo":1007402170},"geometry":{"type":"Polygon","coordinates":[[[-80.22806,-1.83833],[-80.22583,-1.82333],[-80.20556,-1.83056],[-80.19083,-1.81583],[-80.16972,-1.8225],[-80.16556,-1.81694],[-80.12833,-1.86111],[-80.11444,-1.84722],[-80.1,-1.84472],[-80.08361,-1.85694],[-80.0875,-1.86222],[-80.10556,-1.85694],[-80.09972,-1.86889],[-80.10667,-1.87833],[-80.12361,-1.8675],[-80.14222,-1.87222],[-80.16667,-1.91056],[-80.185,-1.89361],[-80.18139,-1.86528],[-80.19056,-1.84],[-80.20389,-1.84722],[-80.22806,-1.83833]]]}},{"type":"Feature","properties":{"codigo":1007402812},"geometry":{"type":"Polygon","coordinates":[[[-76.18528,-1.80944],[-76.14806,-1.81694],[-76.12583,-1.83139],[-76.12611,-1.83833],[-76.11333,-1.835],[-76.10111,-1.85889],[-76.11806,-1.87417],[-76.13472,-1.87056],[-76.14361,-1.86083],[-76.1425,-1.84722],[-76.18583,-1.82917],[-76.18528,-1.80944]]]}},{"type":"Feature","properties":{"codigo":1007402182},"geometry":{"type":"Polygon","coordinates":[[[-79.74444,-1.83972],[-79.73806,-1.83167],[-79.70583,-1.83306],[-79.69056,-1.85694],[-79.66417,-1.86944],[-79.65278,-1.88472],[-79.64444,-1.88],[-79.63972,-1.89222],[-79.66972,-1.90972],[-79.69028,-1.89583],[-79.69278,-1.87861],[-79.70556,-1.87944],[-79.71611,-1.89361],[-79.7125,-1.86722],[-79.74444,-1.83972]]]}},{"type":"Feature","properties":{"codigo":1007402158},"geometry":{"type":"Polygon","coordinates":[[[-80.09944,-1.83472],[-80.09472,-1.83111],[-80.08,-1.84111],[-80.06889,-1.83833],[-80.06944,-1.84667],[-80.05333,-1.85722],[-80.01389,-1.8525],[-80.00833,-1.8875],[-80.00028,-1.88889],[-80.01389,-1.90861],[-80.01111,-1.91889],[-80.02389,-1.915],[-80.02667,-1.89833],[-80.04194,-1.88361],[-80.08278,-1.88167],[-80.10194,-1.86694],[-80.10556,-1.85694],[-80.08833,-1.86222],[-80.08361,-1.85694],[-80.08694,-1.84111],[-80.09944,-1.83472]]]}},{"type":"Feature","properties":{"codigo":1007403272},"geometry":{"type":"Polygon","coordinates":[[[-78.59861,-1.83111],[-78.58222,-1.82722],[-78.53361,-1.84139],[-78.51694,-1.83],[-78.50611,-1.83389],[-78.49972,-1.82],[-78.47583,-1.80889],[-78.48417,-1.7975],[-78.47917,-1.77167],[-78.44861,-1.76139],[-78.43778,-1.79222],[-78.42028,-1.805],[-78.42083,-1.82917],[-78.39722,-1.85333],[-78.40361,-1.87861],[-78.42028,-1.88389],[-78.41972,-1.89472],[-78.43056,-1.89806],[-78.43306,-1.90889],[-78.45806,-1.92139],[-78.47833,-1.90528],[-78.49,-1.91111],[-78.58444,-1.86583],[-78.59861,-1.83111]]]}},{"type":"Feature","properties":{"codigo":1007402237},"geometry":{"type":"Polygon","coordinates":[[[-79.20556,-1.88361],[-79.15306,-1.83472],[-79.15333,-1.82528],[-79.12944,-1.82611],[-79.09639,-1.79],[-79.09083,-1.74889],[-79.09694,-1.70639],[-79.07972,-1.70556],[-79.03444,-1.77111],[-79.03528,-1.80306],[-79.04806,-1.83944],[-79.04806,-1.90861],[-79.09,-1.9375],[-79.07722,-1.97444],[-79.10722,-2.03083],[-79.11778,-2.03778],[-79.14028,-2.01778],[-79.15806,-2.02],[-79.16583,-1.9975],[-79.22361,-1.98306],[-79.23889,-1.95583],[-79.255,-1.94944],[-79.26389,-1.93278],[-79.26861,-1.93583],[-79.29194,-1.91056],[-79.29083,-1.89806],[-79.30111,-1.90222],[-79.30639,-1.89222],[-79.31806,-1.89167],[-79.32833,-1.89889],[-79.33861,-1.88167],[-79.33139,-1.8775],[-79.32611,-1.88694],[-79.31722,-1.88056],[-79.3,-1.89194],[-79.2775,-1.88278],[-79.26417,-1.86694],[-79.24361,-1.87194],[-79.23667,-1.88361],[-79.20556,-1.88361]]]}},{"type":"Feature","properties":{"codigo":1007402825},"geometry":{"type":"Polygon","coordinates":[[[-76.62639,-1.84472],[-76.60528,-1.83611],[-76.58167,-1.84111],[-76.57139,-1.84944],[-76.57417,-1.85778],[-76.54611,-1.85889],[-76.54361,-1.86611],[-76.52639,-1.86889],[-76.52944,-1.89417],[-76.52056,-1.90056],[-76.51833,-1.92028],[-76.49472,-1.94583],[-76.46611,-1.95694],[-76.44972,-1.97472],[-76.47222,-1.99806],[-76.46972,-2.02028],[-76.48194,-2.02667],[-76.53111,-2.01667],[-76.55111,-1.99556],[-76.60528,-1.96639],[-76.61667,-1.97056],[-76.62639,-1.96306],[-76.60861,-1.95361],[-76.61417,-1.93361],[-76.62694,-1.93639],[-76.62083,-1.92833],[-76.62694,-1.92194],[-76.60806,-1.89306],[-76.63028,-1.85917],[-76.62639,-1.84472]]]}},{"type":"Feature","properties":{"codigo":1007402734},"geometry":{"type":"Polygon","coordinates":[[[-76.00444,-1.88528],[-76.02028,-1.84194],[-76.00889,-1.82722],[-75.99639,-1.84139],[-75.95611,-1.84056],[-75.93194,-1.85972],[-75.91139,-1.86],[-75.90111,-1.88944],[-75.88028,-1.89056],[-75.87583,-1.90556],[-75.86667,-1.90722],[-75.86389,-1.91278],[-75.88778,-1.91556],[-75.89472,-1.93194],[-75.88806,-1.94],[-75.9,-1.95444],[-75.93472,-1.92111],[-75.93556,-1.91222],[-75.95194,-1.90611],[-75.96028,-1.91444],[-75.97639,-1.91111],[-75.99139,-1.88917],[-76.00444,-1.88528]]]}},{"type":"Feature","properties":{"codigo":1007403299},"geometry":{"type":"Polygon","coordinates":[[[-78.0425,-1.845],[-78.04778,-1.83611],[-78.03611,-1.835],[-78.02556,-1.83833],[-78.00778,-1.82833],[-77.99444,-1.83028],[-77.98222,-1.81528],[-77.94778,-1.81],[-77.92056,-1.82667],[-77.90361,-1.82361],[-77.87167,-1.85083],[-77.87639,-1.86083],[-77.89639,-1.8675],[-77.89972,-1.85361],[-77.93111,-1.84639],[-77.94278,-1.85139],[-77.95083,-1.84333],[-77.9675,-1.85389],[-77.99389,-1.84306],[-78.0425,-1.845]]]}},{"type":"Feature","properties":{"codigo":1007403297},"geometry":{"type":"Polygon","coordinates":[[[-77.87639,-1.86083],[-77.865,-1.84056],[-77.85639,-1.855],[-77.83611,-1.85944],[-77.8375,-1.87667],[-77.86194,-1.87472],[-77.8875,-1.90889],[-77.90139,-1.90972],[-77.92778,-1.9275],[-77.94806,-1.93139],[-77.95861,-1.92333],[-77.95889,-1.9075],[-77.94583,-1.89778],[-77.92194,-1.89861],[-77.90694,-1.87139],[-77.87639,-1.86083]]]}},{"type":"Feature","properties":{"codigo":1007402795},"geometry":{"type":"Polygon","coordinates":[[[-76.36944,-1.86806],[-76.36361,-1.835],[-76.3775,-1.77556],[-76.37222,-1.76611],[-76.34,-1.79028],[-76.34028,-1.80139],[-76.32833,-1.81833],[-76.31694,-1.81861],[-76.31611,-1.83278],[-76.30333,-1.84694],[-76.27806,-1.8575],[-76.26917,-1.88306],[-76.27917,-1.9475],[-76.29778,-1.94111],[-76.30583,-1.90361],[-76.33028,-1.8975],[-76.36944,-1.86806]]]}},{"type":"Feature","properties":{"codigo":1007402811},"geometry":{"type":"Polygon","coordinates":[[[-76.10917,-1.86806],[-76.09306,-1.83667],[-76.06861,-1.84917],[-76.04694,-1.84167],[-76.04167,-1.855],[-76.01556,-1.84583],[-76.00417,-1.88417],[-76.02722,-1.88028],[-76.04167,-1.89222],[-76.05861,-1.89306],[-76.06639,-1.90972],[-76.07528,-1.90722],[-76.0775,-1.91944],[-76.09389,-1.93194],[-76.10056,-1.96972],[-76.11167,-1.97778],[-76.11528,-1.97083],[-76.12611,-1.97333],[-76.11194,-1.95889],[-76.12083,-1.91028],[-76.14167,-1.89056],[-76.10917,-1.86806]]]}},{"type":"Feature","properties":{"codigo":1007402826},"geometry":{"type":"Polygon","coordinates":[[[-76.75111,-1.84917],[-76.69111,-1.85389],[-76.67056,-1.85083],[-76.65667,-1.83889],[-76.64639,-1.84556],[-76.63083,-1.84222],[-76.63028,-1.85917],[-76.61556,-1.87444],[-76.60917,-1.89917],[-76.62444,-1.91028],[-76.62722,-1.92194],[-76.645,-1.91667],[-76.64417,-1.8975],[-76.66806,-1.87667],[-76.68583,-1.88639],[-76.7025,-1.88139],[-76.74806,-1.88889],[-76.75889,-1.88361],[-76.76111,-1.86861],[-76.75278,-1.86583],[-76.75111,-1.84917]]]}},{"type":"Feature","properties":{"codigo":1007403300},"geometry":{"type":"Polygon","coordinates":[[[-78.13917,-1.85556],[-78.12167,-1.85639],[-78.11472,-1.8675],[-78.05306,-1.83417],[-78.0425,-1.845],[-78.01417,-1.83944],[-77.96667,-1.85389],[-77.95028,-1.84333],[-77.94278,-1.85139],[-77.93111,-1.84639],[-77.89694,-1.85833],[-77.90111,-1.86472],[-77.91194,-1.86111],[-77.94222,-1.87111],[-78.03889,-1.85861],[-78.06556,-1.86806],[-78.08083,-1.88694],[-78.09667,-1.88611],[-78.10417,-1.87778],[-78.12611,-1.89889],[-78.14194,-1.90111],[-78.15528,-1.92],[-78.15972,-1.91111],[-78.13667,-1.86833],[-78.13917,-1.85556]]]}},{"type":"Feature","properties":{"codigo":1007401490},"geometry":{"type":"Polygon","coordinates":[[[-80.565,-1.83833],[-80.55111,-1.84278],[-80.55556,-1.85278],[-80.55,-1.85889],[-80.56083,-1.87194],[-80.56472,-1.90694],[-80.5475,-1.91944],[-80.54528,-1.93472],[-80.58611,-1.94806],[-80.60528,-1.96944],[-80.64694,-1.97694],[-80.65222,-2.0],[-80.66306,-2.01028],[-80.66167,-2.02722],[-80.67611,-2.03],[-80.67583,-2.03722],[-80.68083,-2.03083],[-80.69611,-2.0375],[-80.70722,-2.0275],[-80.73333,-2.03083],[-80.74,-2.01889],[-80.72417,-1.97583],[-80.70111,-1.95306],[-80.67444,-1.94611],[-80.65722,-1.91611],[-80.595,-1.89611],[-80.57056,-1.86889],[-80.5725,-1.84944],[-80.565,-1.83833]]]}},{"type":"Feature","properties":{"codigo":1007401494},"geometry":{"type":"Polygon","coordinates":[[[-80.55,-1.85944],[-80.53056,-1.88833],[-80.51611,-1.89583],[-80.4975,-1.90111],[-80.47972,-1.88944],[-80.46306,-1.89361],[-80.44556,-1.91111],[-80.45056,-1.94528],[-80.42028,-1.9675],[-80.41806,-1.97639],[-80.44944,-1.97306],[-80.47139,-1.98556],[-80.48194,-1.97694],[-80.54389,-1.97056],[-80.58,-2.00556],[-80.58889,-2.00583],[-80.58778,-2.02028],[-80.60333,-2.02111],[-80.59111,-1.99139],[-80.59917,-1.96194],[-80.58611,-1.94806],[-80.54528,-1.93472],[-80.5475,-1.91944],[-80.56472,-1.90694],[-80.56083,-1.87194],[-80.55,-1.85944]]]}},{"type":"Feature","properties":{"codigo":1007402796},"geometry":{"type":"Polygon","coordinates":[[[-76.42111,-1.85583],[-76.3675,-1.85],[-76.3725,-1.86333],[-76.3575,-1.87944],[-76.30583,-1.90361],[-76.29778,-1.94111],[-76.28444,-1.94528],[-76.28611,-1.97639],[-76.27278,-1.99028],[-76.31417,-1.99111],[-76.32556,-1.98306],[-76.32583,-1.97306],[-76.34222,-1.975],[-76.36389,-1.96306],[-76.3775,-1.93694],[-76.39861,-1.93972],[-76.40639,-1.95472],[-76.46028,-1.96306],[-76.49472,-1.94583],[-76.51833,-1.92028],[-76.52056,-1.89444],[-76.47194,-1.87667],[-76.45667,-1.86028],[-76.43083,-1.85472],[-76.42333,-1.86278],[-76.42111,-1.85583]]]}},{"type":"Feature","properties":{"codigo":1007402156},"geometry":{"type":"Polygon","coordinates":[[[-79.88111,-1.86028],[-79.86889,-1.84944],[-79.85972,-1.8625],[-79.8525,-1.86139],[-79.84833,-1.89806],[-79.82944,-1.88056],[-79.81722,-1.89056],[-79.81889,-1.90944],[-79.81028,-1.90389],[-79.7975,-1.91667],[-79.78806,-1.90611],[-79.76722,-1.91167],[-79.76333,-1.94083],[-79.77,-1.98278],[-79.76111,-1.99611],[-79.77278,-1.99222],[-79.76972,-2.00083],[-79.78667,-2.01722],[-79.78139,-2.02917],[-79.79111,-2.02722],[-79.79,-2.0175],[-79.8,-2.01139],[-79.805,-2.0325],[-79.815,-2.03917],[-79.83278,-2.03389],[-79.85389,-2.03861],[-79.86222,-2.03278],[-79.85917,-2.02222],[-79.87306,-2.02194],[-79.88167,-2.01083],[-79.88028,-1.97306],[-79.88972,-1.95667],[-79.9075,-1.95583],[-79.89889,-1.93861],[-79.90556,-1.92917],[-79.89639,-1.92444],[-79.92111,-1.91028],[-79.90278,-1.88778],[-79.89556,-1.89222],[-79.88778,-1.88139],[-79.87417,-1.87889],[-79.88111,-1.86028]]]}},{"type":"Feature","properties":{"codigo":1007402240},"geometry":{"type":"Polygon","coordinates":[[[-79.50833,-1.85833],[-79.50472,-1.86472],[-79.51333,-1.88667],[-79.52667,-1.88667],[-79.52278,-1.89556],[-79.56278,-1.88694],[-79.55444,-1.86694],[-79.53917,-1.87083],[-79.50833,-1.85833]]]}},{"type":"Feature","properties":{"codigo":1007402184},"geometry":{"type":"Polygon","coordinates":[[[-79.66861,-1.86583],[-79.66,-1.86139],[-79.66056,-1.87194],[-79.66861,-1.86583]]]}},{"type":"Feature","properties":{"codigo":1007402111},"geometry":{"type":"Polygon","coordinates":[[[-79.98028,-1.89194],[-79.97806,-1.84583],[-79.95194,-1.87444],[-79.95833,-1.87611],[-79.95278,-1.88861],[-79.96278,-1.90389],[-79.95444,-1.93222],[-79.96333,-1.94083],[-79.96972,-1.93306],[-79.96639,-1.95028],[-79.98333,-1.96139],[-79.99694,-1.95806],[-79.99472,-1.93972],[-80.00056,-1.93472],[-79.9925,-1.93056],[-79.99361,-1.91667],[-79.98139,-1.91139],[-79.98,-1.90194],[-79.98861,-1.89583],[-79.98028,-1.89194]]]}},{"type":"Feature","properties":{"codigo":1007402157},"geometry":{"type":"Polygon","coordinates":[[[-79.90417,-1.81528],[-79.88889,-1.82361],[-79.89167,-1.84639],[-79.87333,-1.87694],[-79.89556,-1.89222],[-79.90278,-1.88778],[-79.92111,-1.91028],[-79.89639,-1.92444],[-79.90556,-1.92917],[-79.89889,-1.93861],[-79.9075,-1.95583],[-79.88972,-1.95667],[-79.87889,-1.97639],[-79.87778,-2.00694],[-79.89833,-2.01444],[-79.90111,-1.99583],[-79.91528,-1.99611],[-79.92583,-1.98361],[-79.94639,-1.98611],[-79.95833,-1.97417],[-79.97778,-1.97861],[-79.98444,-1.96611],[-79.96639,-1.95028],[-79.96972,-1.93306],[-79.96333,-1.94083],[-79.95444,-1.93222],[-79.96194,-1.92222],[-79.96139,-1.89528],[-79.95278,-1.88861],[-79.95833,-1.87611],[-79.94333,-1.87056],[-79.93083,-1.82722],[-79.92194,-1.82833],[-79.91583,-1.81306],[-79.91056,-1.82111],[-79.90417,-1.81528]]]}},{"type":"Feature","properties":{"codigo":1007402168},"geometry":{"type":"Polygon","coordinates":[[[-80.54556,-1.85833],[-80.50583,-1.85389],[-80.48389,-1.86278],[-80.40167,-1.85222],[-80.39306,-1.85861],[-80.37333,-1.85139],[-80.37389,-1.86111],[-80.38722,-1.86389],[-80.40139,-1.88333],[-80.40194,-1.92056],[-80.40917,-1.92583],[-80.40139,-1.92972],[-80.40667,-1.93833],[-80.385,-1.97306],[-80.39639,-1.98333],[-80.41528,-1.98139],[-80.41806,-1.96972],[-80.45056,-1.94528],[-80.44556,-1.91111],[-80.46306,-1.89361],[-80.47972,-1.88944],[-80.4975,-1.90111],[-80.5175,-1.89528],[-80.53056,-1.88833],[-80.54556,-1.85833]]]}},{"type":"Feature","properties":{"codigo":1007403307},"geometry":{"type":"Polygon","coordinates":[[[-78.31111,-1.87139],[-78.24389,-1.86139],[-78.21722,-1.84694],[-78.21583,-1.83889],[-78.18,-1.84611],[-78.18778,-1.87333],[-78.21917,-1.90278],[-78.26139,-1.91028],[-78.27806,-1.93111],[-78.31111,-1.92778],[-78.31111,-1.87139]]]}},{"type":"Feature","properties":{"codigo":1007403211},"geometry":{"type":"Polygon","coordinates":[[[-77.8075,-1.88556],[-77.835,-1.83194],[-77.82306,-1.82694],[-77.82694,-1.81333],[-77.81833,-1.80417],[-77.81444,-1.81472],[-77.79139,-1.81417],[-77.77583,-1.82389],[-77.77056,-1.83944],[-77.75222,-1.84806],[-77.74667,-1.86111],[-77.71139,-1.86528],[-77.70333,-1.87361],[-77.70556,-1.90694],[-77.6875,-1.91778],[-77.67028,-1.8875],[-77.64361,-1.88611],[-77.62889,-1.89722],[-77.62139,-1.91611],[-77.61083,-1.91639],[-77.60972,-1.92667],[-77.59028,-1.93472],[-77.56583,-1.92667],[-77.52861,-1.96528],[-77.52,-1.95806],[-77.49944,-1.97556],[-77.52056,-1.9925],[-77.53278,-1.99167],[-77.54472,-2.01111],[-77.56333,-2.01167],[-77.56417,-2.0],[-77.59639,-2.00472],[-77.61083,-1.98806],[-77.64611,-2.0025],[-77.65167,-1.98611],[-77.67139,-1.9725],[-77.70528,-1.97917],[-77.70972,-1.97333],[-77.71417,-1.98139],[-77.72528,-1.96833],[-77.75306,-1.97167],[-77.75444,-1.96306],[-77.77861,-1.94833],[-77.78194,-1.93056],[-77.78944,-1.93111],[-77.78361,-1.90889],[-77.80111,-1.90389],[-77.795,-1.89],[-77.8075,-1.88556]]]}},{"type":"Feature","properties":{"codigo":1007403213},"geometry":{"type":"Polygon","coordinates":[[[-77.83167,-1.86444],[-77.81861,-1.86472],[-77.8075,-1.88556],[-77.795,-1.89],[-77.80528,-1.91417],[-77.82556,-1.91556],[-77.83444,-1.90583],[-77.84944,-1.92083],[-77.88639,-1.90917],[-77.87222,-1.88278],[-77.86194,-1.87472],[-77.83806,-1.87722],[-77.83167,-1.86444]]]}},{"type":"Feature","properties":{"codigo":1007403309},"geometry":{"type":"Polygon","coordinates":[[[-77.89722,-1.86],[-77.89694,-1.865],[-77.91111,-1.87722],[-77.91139,-1.88417],[-77.92417,-1.895],[-77.92194,-1.89861],[-77.94583,-1.89778],[-77.95889,-1.9075],[-77.96194,-1.92583],[-77.97111,-1.91806],[-78.00889,-1.91611],[-78.02194,-1.92778],[-78.02917,-1.92222],[-78.04833,-1.92833],[-78.07528,-1.91333],[-78.09,-1.89306],[-78.12306,-1.89667],[-78.10417,-1.87778],[-78.09667,-1.88611],[-78.08083,-1.88694],[-78.06556,-1.86806],[-78.02556,-1.85556],[-77.99,-1.86806],[-77.94444,-1.87111],[-77.89722,-1.86]]]}},{"type":"Feature","properties":{"codigo":1007403277},"geometry":{"type":"Polygon","coordinates":[[[-78.7575,-1.86667],[-78.74389,-1.86167],[-78.74111,-1.87389],[-78.72306,-1.88694],[-78.75417,-1.90806],[-78.76778,-1.89639],[-78.7575,-1.86667]]]}},{"type":"Feature","properties":{"codigo":1007403279},"geometry":{"type":"Polygon","coordinates":[[[-78.83278,-1.83833],[-78.8075,-1.86806],[-78.80111,-1.85972],[-78.75694,-1.86694],[-78.76778,-1.89611],[-78.76167,-1.90778],[-78.77778,-1.92111],[-78.80639,-1.92889],[-78.815,-1.94722],[-78.83833,-1.93444],[-78.85,-1.94083],[-78.85611,-1.92583],[-78.84528,-1.88333],[-78.85056,-1.85806],[-78.83278,-1.83833]]]}},{"type":"Feature","properties":{"codigo":1007402230},"geometry":{"type":"Polygon","coordinates":[[[-79.34417,-1.86944],[-79.34333,-1.86889],[-79.34333,-1.86917],[-79.34417,-1.86944]]]}},{"type":"Feature","properties":{"codigo":1007402232},"geometry":{"type":"Polygon","coordinates":[[[-79.34333,-1.86889],[-79.32278,-1.84722],[-79.30639,-1.84806],[-79.29611,-1.81694],[-79.28278,-1.8125],[-79.27583,-1.79111],[-79.25306,-1.77417],[-79.24056,-1.78111],[-79.24,-1.79556],[-79.21583,-1.82167],[-79.18861,-1.82556],[-79.165,-1.84333],[-79.20556,-1.88361],[-79.23667,-1.88361],[-79.24361,-1.87194],[-79.26611,-1.86694],[-79.2775,-1.88278],[-79.30028,-1.89194],[-79.31722,-1.88056],[-79.32667,-1.88694],[-79.34333,-1.86889]]]}},{"type":"Feature","properties":{"codigo":1007402233},"geometry":{"type":"Polygon","coordinates":[[[-79.34417,-1.86917],[-79.33556,-1.87611],[-79.33861,-1.88139],[-79.35,-1.87833],[-79.34417,-1.86917]]]}},{"type":"Feature","properties":{"codigo":1007402171},"geometry":{"type":"Polygon","coordinates":[[[-80.22806,-1.83833],[-80.20389,-1.84722],[-80.19056,-1.84],[-80.18139,-1.86528],[-80.18444,-1.87111],[-80.2125,-1.87167],[-80.22889,-1.88722],[-80.2325,-1.915],[-80.23833,-1.91667],[-80.235,-1.92833],[-80.25667,-1.93944],[-80.24417,-1.98167],[-80.21778,-2.02833],[-80.24028,-2.04722],[-80.24056,-2.06611],[-80.25389,-2.08111],[-80.26889,-2.08417],[-80.28083,-2.07472],[-80.28556,-2.08806],[-80.30333,-2.09389],[-80.31917,-2.06861],[-80.31139,-2.0625],[-80.34333,-2.02778],[-80.34389,-2.00611],[-80.32611,-1.97861],[-80.32556,-1.95889],[-80.31528,-1.955],[-80.32111,-1.94722],[-80.31556,-1.93667],[-80.30194,-1.93417],[-80.3,-1.89806],[-80.28889,-1.89472],[-80.28361,-1.86722],[-80.26583,-1.85],[-80.22806,-1.83833]]]}},{"type":"Feature","properties":{"codigo":1007403287},"geometry":{"type":"Polygon","coordinates":[[[-78.60778,-1.86722],[-78.5775,-1.8675],[-78.49,-1.91111],[-78.47833,-1.90528],[-78.45778,-1.92139],[-78.46361,-1.94944],[-78.48917,-1.95806],[-78.47889,-2.00306],[-78.48083,-2.01972],[-78.4925,-2.03278],[-78.50833,-2.03889],[-78.51861,-2.03056],[-78.54556,-2.03556],[-78.55139,-2.03],[-78.56222,-2.00389],[-78.55583,-1.98889],[-78.58639,-1.96056],[-78.58917,-1.93778],[-78.61583,-1.89861],[-78.60778,-1.86722]]]}},{"type":"Feature","properties":{"codigo":1007402040},"geometry":{"type":"Polygon","coordinates":[[[-80.01028,-1.87139],[-80.00611,-1.86333],[-79.99583,-1.87],[-79.985,-1.85861],[-79.97694,-1.87694],[-80.01028,-1.87139]]]}},{"type":"Feature","properties":{"codigo":1007403275},"geometry":{"type":"Polygon","coordinates":[[[-78.68861,-1.85333],[-78.66389,-1.84778],[-78.64833,-1.86889],[-78.63139,-1.8775],[-78.66917,-1.90639],[-78.67583,-1.9375],[-78.67,-1.95361],[-78.67778,-1.96222],[-78.69583,-1.95278],[-78.715,-1.91083],[-78.68861,-1.85333]]]}},{"type":"Feature","properties":{"codigo":1007402039},"geometry":{"type":"Polygon","coordinates":[[[-80.00611,-1.87583],[-79.98611,-1.875],[-79.97917,-1.8875],[-79.98861,-1.89639],[-79.98,-1.9025],[-79.98306,-1.91278],[-80.00972,-1.92056],[-80.01389,-1.90861],[-80.00028,-1.88972],[-80.00833,-1.8875],[-80.00611,-1.87583]]]}},{"type":"Feature","properties":{"codigo":1007403179},"geometry":{"type":"Polygon","coordinates":[[[-77.47306,-1.7625],[-77.45194,-1.76056],[-77.45222,-1.75528],[-77.43306,-1.76361],[-77.41972,-1.75917],[-77.37444,-1.78722],[-77.35778,-1.81028],[-77.35222,-1.80667],[-77.34,-1.81639],[-77.29417,-1.87972],[-77.31694,-1.88667],[-77.34778,-1.88389],[-77.38556,-1.85389],[-77.4025,-1.85111],[-77.41361,-1.82306],[-77.45194,-1.79667],[-77.47306,-1.7625]]]}},{"type":"Feature","properties":{"codigo":1007403178},"geometry":{"type":"Polygon","coordinates":[[[-77.31694,-1.88667],[-77.28667,-1.88056],[-77.33528,-1.79056],[-77.31278,-1.80528],[-77.29694,-1.82861],[-77.26167,-1.84139],[-77.24083,-1.89444],[-77.22083,-1.90889],[-77.22889,-1.91972],[-77.24778,-1.90444],[-77.25389,-1.91028],[-77.3175,-1.89361],[-77.32556,-1.8975],[-77.33944,-1.88167],[-77.31694,-1.88667]]]}},{"type":"Feature","properties":{"codigo":1007402234},"geometry":{"type":"Polygon","coordinates":[[[-79.34028,-1.88083],[-79.32833,-1.89889],[-79.31806,-1.89167],[-79.30639,-1.89222],[-79.30111,-1.90222],[-79.29083,-1.89806],[-79.29194,-1.91056],[-79.26861,-1.93583],[-79.26389,-1.93278],[-79.255,-1.94944],[-79.23889,-1.95583],[-79.22111,-1.98667],[-79.28778,-1.98917],[-79.29889,-2.03194],[-79.31694,-2.02278],[-79.32889,-2.02722],[-79.32917,-2.0175],[-79.34833,-2.00556],[-79.36972,-1.96889],[-79.36694,-1.94944],[-79.33694,-1.9325],[-79.34833,-1.89444],[-79.34028,-1.88083]]]}},{"type":"Feature","properties":{"codigo":1007402241},"geometry":{"type":"Polygon","coordinates":[[[-79.51306,-1.88611],[-79.50528,-1.86],[-79.48056,-1.89667],[-79.45028,-1.91472],[-79.44611,-1.93333],[-79.43056,-1.93778],[-79.41944,-1.93056],[-79.38056,-1.94833],[-79.37472,-1.96694],[-79.36806,-1.96583],[-79.36361,-1.98389],[-79.32917,-2.0175],[-79.32944,-2.02667],[-79.31694,-2.02278],[-79.29694,-2.03306],[-79.28778,-2.08778],[-79.25861,-2.09667],[-79.23639,-2.13083],[-79.21083,-2.14194],[-79.17583,-2.17472],[-79.15556,-2.17333],[-79.13944,-2.15861],[-79.13083,-2.13583],[-79.13556,-2.08917],[-79.12444,-2.08028],[-79.11417,-2.05278],[-79.10167,-2.05056],[-79.08417,-2.07417],[-79.08556,-2.08528],[-79.09333,-2.08639],[-79.09778,-2.11222],[-79.09222,-2.12222],[-79.10361,-2.15556],[-79.1225,-2.16833],[-79.125,-2.18167],[-79.14306,-2.19917],[-79.17722,-2.19417],[-79.20472,-2.17361],[-79.24778,-2.16528],[-79.26111,-2.14306],[-79.29694,-2.12306],[-79.30556,-2.10306],[-79.35556,-2.08028],[-79.34778,-2.06],[-79.3575,-2.0375],[-79.35306,-2.0325],[-79.36028,-2.02806],[-79.37,-2.03583],[-79.37861,-2.02306],[-79.38639,-2.02917],[-79.39444,-2.02472],[-79.39139,-2.01444],[-79.40083,-2.0025],[-79.38972,-1.98917],[-79.3925,-1.97306],[-79.40611,-1.96861],[-79.41389,-1.95417],[-79.42278,-1.95972],[-79.44528,-1.94694],[-79.45694,-1.91889],[-79.48361,-1.90833],[-79.49028,-1.88778],[-79.51306,-1.88611]]]}},{"type":"Feature","properties":{"codigo":1007402239},"geometry":{"type":"Polygon","coordinates":[[[-79.57833,-1.88583],[-79.54889,-1.89806],[-79.5475,-1.91583],[-79.5375,-1.91833],[-79.54306,-1.93389],[-79.51694,-1.95722],[-79.52222,-1.965],[-79.51444,-1.98222],[-79.48028,-2.02222],[-79.49028,-2.02667],[-79.50139,-2.01694],[-79.52472,-2.01944],[-79.53333,-1.99806],[-79.55972,-1.97611],[-79.56583,-1.98361],[-79.57306,-1.97361],[-79.58306,-1.97611],[-79.58389,-1.98389],[-79.59028,-1.97611],[-79.59528,-1.98306],[-79.60083,-1.9775],[-79.60861,-1.98417],[-79.62278,-1.97722],[-79.63139,-1.9825],[-79.64778,-1.95583],[-79.63694,-1.94833],[-79.64333,-1.93917],[-79.66417,-1.95361],[-79.68,-1.92806],[-79.67694,-1.91944],[-79.67056,-1.92361],[-79.67139,-1.90972],[-79.63972,-1.89222],[-79.64306,-1.87028],[-79.6225,-1.88111],[-79.615,-1.87639],[-79.59889,-1.83139],[-79.58222,-1.84944],[-79.59333,-1.85333],[-79.57833,-1.88583]]]}},{"type":"Feature","properties":{"codigo":1007403276},"geometry":{"type":"Polygon","coordinates":[[[-78.72306,-1.88694],[-78.70528,-1.88611],[-78.715,-1.91083],[-78.70306,-1.92889],[-78.71139,-1.93611],[-78.7775,-1.93667],[-78.78944,-1.92639],[-78.72306,-1.88694]]]}},{"type":"Feature","properties":{"codigo":1007403308},"geometry":{"type":"Polygon","coordinates":[[[-78.20583,-1.88917],[-78.18389,-1.89306],[-78.14417,-1.8775],[-78.15972,-1.91111],[-78.15639,-1.92667],[-78.1725,-1.95417],[-78.1725,-1.97861],[-78.19444,-2.0075],[-78.21806,-2.02389],[-78.25278,-2.01056],[-78.27944,-2.02611],[-78.28639,-2.01528],[-78.34611,-2.00528],[-78.36444,-2.0475],[-78.37806,-2.04833],[-78.39361,-2.03806],[-78.40472,-2.04167],[-78.41639,-2.03083],[-78.44833,-2.02694],[-78.44194,-2.01167],[-78.45917,-1.99056],[-78.47861,-2.00278],[-78.485,-1.99194],[-78.48917,-1.95806],[-78.46361,-1.94944],[-78.45778,-1.92139],[-78.43306,-1.90889],[-78.41111,-1.87917],[-78.37361,-1.89278],[-78.36833,-1.90139],[-78.35111,-1.89889],[-78.34889,-1.90917],[-78.33417,-1.91833],[-78.33,-1.90722],[-78.31417,-1.90306],[-78.31111,-1.92778],[-78.29167,-1.92472],[-78.27861,-1.93111],[-78.26139,-1.91028],[-78.23556,-1.91],[-78.20583,-1.88917]]]}},{"type":"Feature","properties":{"codigo":1007402180},"geometry":{"type":"Polygon","coordinates":[[[-79.74444,-1.83972],[-79.7125,-1.86722],[-79.71722,-1.8925],[-79.70861,-1.89],[-79.70111,-1.89944],[-79.71306,-1.91694],[-79.70861,-1.93139],[-79.715,-1.94583],[-79.72667,-1.95028],[-79.72722,-1.97056],[-79.74222,-1.9625],[-79.74694,-1.96917],[-79.76528,-1.96778],[-79.76722,-1.91167],[-79.78806,-1.90611],[-79.7975,-1.91667],[-79.81028,-1.90389],[-79.82111,-1.90667],[-79.78361,-1.8775],[-79.81833,-1.85722],[-79.81861,-1.83806],[-79.79444,-1.8425],[-79.78361,-1.86389],[-79.77056,-1.84833],[-79.77694,-1.83889],[-79.77194,-1.83222],[-79.76056,-1.84417],[-79.74444,-1.83972]]]}},{"type":"Feature","properties":{"codigo":1007402243},"geometry":{"type":"Polygon","coordinates":[[[-79.55639,-1.88722],[-79.53306,-1.89667],[-79.51806,-1.91889],[-79.51222,-1.90917],[-79.50222,-1.915],[-79.50278,-1.93667],[-79.49306,-1.95111],[-79.5,-1.96333],[-79.49056,-1.97889],[-79.47944,-1.97917],[-79.48639,-1.98444],[-79.47972,-2.00194],[-79.46028,-2.02111],[-79.435,-2.03083],[-79.41361,-2.02556],[-79.40833,-2.04472],[-79.39778,-2.04278],[-79.385,-2.05472],[-79.38389,-2.06861],[-79.37611,-2.06667],[-79.375,-2.08083],[-79.36611,-2.08361],[-79.35944,-2.07611],[-79.34333,-2.08111],[-79.34028,-2.09222],[-79.32028,-2.09222],[-79.30528,-2.10333],[-79.29611,-2.12389],[-79.26083,-2.14333],[-79.24778,-2.16528],[-79.22056,-2.17583],[-79.23417,-2.17944],[-79.24028,-2.17083],[-79.27306,-2.16389],[-79.29944,-2.17667],[-79.31806,-2.17167],[-79.33306,-2.18083],[-79.36806,-2.17],[-79.41056,-2.11861],[-79.42639,-2.11667],[-79.43139,-2.07528],[-79.45306,-2.05139],[-79.44694,-2.03694],[-79.48278,-2.01917],[-79.51,-1.98861],[-79.52139,-1.96917],[-79.51694,-1.95722],[-79.54306,-1.93389],[-79.5375,-1.91833],[-79.5475,-1.91583],[-79.55639,-1.88722]]]}},{"type":"Feature","properties":{"codigo":1007402242},"geometry":{"type":"Polygon","coordinates":[[[-79.5325,-1.89722],[-79.52194,-1.89472],[-79.52167,-1.885],[-79.49028,-1.88778],[-79.48361,-1.90833],[-79.45694,-1.91889],[-79.44528,-1.94694],[-79.42278,-1.95972],[-79.41389,-1.95417],[-79.40611,-1.96861],[-79.3925,-1.97306],[-79.38972,-1.98917],[-79.40083,-2.0025],[-79.39139,-2.01444],[-79.39444,-2.02472],[-79.38639,-2.02917],[-79.37861,-2.02306],[-79.37,-2.03583],[-79.36028,-2.02806],[-79.35306,-2.0325],[-79.3575,-2.0375],[-79.34778,-2.06],[-79.35694,-2.07833],[-79.375,-2.08083],[-79.37611,-2.06667],[-79.38389,-2.06861],[-79.385,-2.05472],[-79.39778,-2.04278],[-79.40833,-2.04472],[-79.41361,-2.02556],[-79.43722,-2.03028],[-79.47667,-2.00639],[-79.48639,-1.985],[-79.47944,-1.97917],[-79.49056,-1.97889],[-79.5,-1.96333],[-79.49306,-1.95111],[-79.50278,-1.93667],[-79.50222,-1.915],[-79.51222,-1.90917],[-79.51806,-1.91889],[-79.5325,-1.89722]]]}},{"type":"Feature","properties":{"codigo":1007402794},"geometry":{"type":"Polygon","coordinates":[[[-76.2775,-1.85861],[-76.26056,-1.85806],[-76.25417,-1.87472],[-76.22028,-1.89083],[-76.19639,-1.87944],[-76.18222,-1.88694],[-76.16944,-1.88333],[-76.15389,-1.89861],[-76.13694,-1.89444],[-76.12083,-1.91028],[-76.11194,-1.95889],[-76.14833,-1.98528],[-76.15306,-1.97694],[-76.17194,-1.98861],[-76.19917,-1.98139],[-76.24056,-2.00194],[-76.25056,-1.99194],[-76.275,-1.99306],[-76.27306,-1.98361],[-76.28833,-1.97028],[-76.26972,-1.90778],[-76.2775,-1.85861]]]}},{"type":"Feature","properties":{"codigo":1007402833},"geometry":{"type":"Polygon","coordinates":[[[-76.74139,-1.91972],[-76.75667,-1.89389],[-76.74417,-1.88694],[-76.7025,-1.88139],[-76.68583,-1.88639],[-76.66806,-1.87667],[-76.64417,-1.8975],[-76.645,-1.91667],[-76.62139,-1.92583],[-76.62639,-1.93722],[-76.61417,-1.93361],[-76.60861,-1.95361],[-76.61389,-1.96028],[-76.62556,-1.95806],[-76.61861,-1.96972],[-76.63833,-1.97639],[-76.64278,-1.96333],[-76.65278,-1.96722],[-76.66056,-1.95833],[-76.69278,-1.9625],[-76.71028,-1.95167],[-76.72194,-1.92639],[-76.74139,-1.91972]]]}},{"type":"Feature","properties":{"codigo":1007403282},"geometry":{"type":"Polygon","coordinates":[[[-78.63139,-1.87861],[-78.58917,-1.93778],[-78.58639,-1.96056],[-78.55583,-1.98889],[-78.56222,-2.00389],[-78.55139,-2.03],[-78.54556,-2.03556],[-78.52194,-2.0325],[-78.52889,-2.07111],[-78.54778,-2.06667],[-78.58083,-2.09111],[-78.61611,-2.09806],[-78.62694,-2.10722],[-78.63972,-2.09722],[-78.65528,-2.06194],[-78.675,-2.04861],[-78.67083,-1.98833],[-78.67972,-1.96639],[-78.67,-1.95361],[-78.67583,-1.9375],[-78.66917,-1.90639],[-78.63139,-1.87861]]]}},{"type":"Feature","properties":{"codigo":1007403174},"geometry":{"type":"Polygon","coordinates":[[[-77.22694,-1.92278],[-77.21194,-1.90083],[-77.20389,-1.90528],[-77.20333,-1.91917],[-77.17,-1.95722],[-77.1525,-1.95111],[-77.13444,-1.96222],[-77.11583,-1.96139],[-77.08333,-1.99111],[-77.04972,-2.00111],[-77.01194,-2.0425],[-76.97889,-2.05583],[-76.96333,-2.04944],[-76.94889,-2.08389],[-76.96194,-2.09083],[-76.97222,-2.08667],[-76.98,-2.09556],[-77.00556,-2.07806],[-77.00861,-2.08667],[-77.03833,-2.06472],[-77.04472,-2.04556],[-77.09111,-2.00333],[-77.09528,-2.00694],[-77.13417,-1.9825],[-77.14972,-1.98861],[-77.17806,-1.97556],[-77.19472,-1.94944],[-77.22694,-1.92278]]]}},{"type":"Feature","properties":{"codigo":1007402172},"geometry":{"type":"Polygon","coordinates":[[[-80.18361,-1.86972],[-80.185,-1.89361],[-80.16778,-1.90444],[-80.16806,-1.9125],[-80.18083,-1.92917],[-80.19444,-1.93194],[-80.20028,-1.94806],[-80.19028,-1.9575],[-80.19111,-1.97361],[-80.20833,-1.99472],[-80.21722,-1.99528],[-80.2125,-2.00056],[-80.22306,-2.01472],[-80.24417,-1.98167],[-80.25667,-1.93944],[-80.235,-1.92833],[-80.23833,-1.91667],[-80.2325,-1.915],[-80.22889,-1.88722],[-80.21361,-1.8725],[-80.18361,-1.86972]]]}},{"type":"Feature","properties":{"codigo":1007402181},"geometry":{"type":"Polygon","coordinates":[[[-79.70111,-1.9],[-79.70556,-1.87944],[-79.69278,-1.87861],[-79.69028,-1.89583],[-79.66889,-1.91167],[-79.67056,-1.92361],[-79.67972,-1.92111],[-79.67528,-1.93556],[-79.68139,-1.94667],[-79.70556,-1.95472],[-79.71528,-1.94528],[-79.70861,-1.93139],[-79.71306,-1.91694],[-79.70111,-1.9]]]}},{"type":"Feature","properties":{"codigo":1007402174},"geometry":{"type":"Polygon","coordinates":[[[-80.16861,-1.90944],[-80.16167,-1.91028],[-80.155,-1.88361],[-80.14306,-1.88139],[-80.14222,-1.87222],[-80.12361,-1.8675],[-80.10667,-1.87833],[-80.0975,-1.86556],[-80.08278,-1.88167],[-80.04194,-1.88361],[-80.02667,-1.89833],[-80.02389,-1.915],[-80.01444,-1.91889],[-80.03056,-1.93056],[-80.05917,-1.91444],[-80.06972,-1.92111],[-80.08028,-1.91694],[-80.07917,-1.92528],[-80.10639,-1.92194],[-80.12583,-1.93056],[-80.12139,-1.95861],[-80.10667,-1.9775],[-80.11611,-1.98917],[-80.13806,-1.97806],[-80.14139,-1.96472],[-80.17056,-1.97],[-80.18194,-1.95444],[-80.19861,-1.95361],[-80.19444,-1.93194],[-80.18083,-1.92917],[-80.16861,-1.90944]]]}},{"type":"Feature","properties":{"codigo":1007403212},"geometry":{"type":"Polygon","coordinates":[[[-77.82528,-1.91556],[-77.80528,-1.91417],[-77.80111,-1.90417],[-77.78361,-1.90889],[-77.78944,-1.93111],[-77.78194,-1.93056],[-77.77861,-1.94833],[-77.75444,-1.96306],[-77.75306,-1.97167],[-77.72528,-1.96833],[-77.71417,-1.98139],[-77.70972,-1.97333],[-77.70528,-1.97917],[-77.67139,-1.9725],[-77.64083,-2.00333],[-77.61194,-1.98806],[-77.59639,-2.00472],[-77.56417,-2.0],[-77.56472,-2.01083],[-77.55333,-2.01083],[-77.55417,-2.03417],[-77.53917,-2.04944],[-77.52806,-2.04861],[-77.52306,-2.06778],[-77.50028,-2.06806],[-77.47444,-2.08278],[-77.47361,-2.09083],[-77.45694,-2.09722],[-77.45139,-2.09111],[-77.43778,-2.10222],[-77.45306,-2.10333],[-77.47056,-2.11861],[-77.4725,-2.1125],[-77.48639,-2.11833],[-77.5,-2.10833],[-77.50778,-2.11528],[-77.54028,-2.1075],[-77.55611,-2.09361],[-77.57389,-2.11389],[-77.58778,-2.105],[-77.59167,-2.11],[-77.63028,-2.10056],[-77.625,-2.07722],[-77.64333,-2.07139],[-77.64889,-2.06111],[-77.68167,-2.06333],[-77.69306,-2.07333],[-77.7125,-2.05694],[-77.71722,-2.03417],[-77.76222,-2.03889],[-77.7575,-2.02667],[-77.76667,-2.01333],[-77.81389,-1.97861],[-77.82444,-1.98167],[-77.83417,-1.94528],[-77.82528,-1.91556]]]}},{"type":"Feature","properties":{"codigo":1007402173},"geometry":{"type":"Polygon","coordinates":[[[-80.01444,-1.91806],[-80.00889,-1.92278],[-80.01917,-1.93056],[-80.01944,-1.92361],[-80.01444,-1.91806]]]}},{"type":"Feature","properties":{"codigo":1007403312},"geometry":{"type":"Polygon","coordinates":[[[-78.1725,-1.95417],[-78.14194,-1.90111],[-78.09,-1.89306],[-78.07528,-1.91333],[-78.05,-1.92778],[-78.01917,-1.92639],[-78.02028,-1.93333],[-78.01167,-1.93417],[-77.98694,-1.96611],[-77.97472,-1.96389],[-77.94694,-1.98583],[-77.96917,-1.99389],[-77.98444,-2.01583],[-78.00556,-2.02639],[-78.01861,-2.0175],[-78.03556,-2.02806],[-78.05889,-2.01056],[-78.10694,-2.00917],[-78.13167,-1.99667],[-78.16,-2.005],[-78.16972,-1.99889],[-78.18417,-2.00278],[-78.18917,-1.99389],[-78.1725,-1.97861],[-78.1725,-1.95417]]]}},{"type":"Feature","properties":{"codigo":1007402038},"geometry":{"type":"Polygon","coordinates":[[[-80.00944,-1.92056],[-79.99361,-1.91861],[-79.99806,-1.95611],[-79.98333,-1.96111],[-79.97778,-1.97861],[-79.95833,-1.97417],[-79.94639,-1.98611],[-79.92583,-1.98361],[-79.91528,-1.99611],[-79.90028,-1.99639],[-79.89861,-2.01444],[-79.88139,-2.01],[-79.87389,-2.04083],[-79.88167,-2.04972],[-79.87444,-2.06056],[-79.88667,-2.06889],[-79.87917,-2.08167],[-79.88083,-2.10083],[-79.85972,-2.12639],[-79.86611,-2.13361],[-79.85944,-2.14528],[-79.86528,-2.15917],[-79.8575,-2.15917],[-79.88333,-2.16111],[-79.88139,-2.19361],[-79.91889,-2.17417],[-79.95139,-2.17167],[-79.96333,-2.16306],[-79.95944,-2.125],[-79.98278,-2.1075],[-79.98083,-2.09333],[-79.98944,-2.08139],[-80.01306,-2.07806],[-80.03056,-2.06528],[-80.01639,-2.03889],[-80.02444,-1.98944],[-80.01194,-1.93667],[-80.00167,-1.93028],[-80.00944,-1.92056]]]}},{"type":"Feature","properties":{"codigo":1007403310},"geometry":{"type":"Polygon","coordinates":[[[-77.88667,-1.90806],[-77.84917,-1.92083],[-77.83083,-1.90778],[-77.82528,-1.91556],[-77.83417,-1.94444],[-77.82833,-1.96833],[-77.83306,-1.97083],[-77.84611,-1.95639],[-77.84556,-1.945],[-77.85833,-1.93861],[-77.88389,-1.93194],[-77.8975,-1.94694],[-77.90806,-1.9475],[-77.93889,-1.93056],[-77.88667,-1.90806]]]}},{"type":"Feature","properties":{"codigo":1007402835},"geometry":{"type":"Polygon","coordinates":[[[-76.83028,-1.92361],[-76.81833,-1.90917],[-76.78611,-1.91444],[-76.77694,-1.90528],[-76.75056,-1.90639],[-76.74139,-1.91972],[-76.72194,-1.92639],[-76.71028,-1.95167],[-76.69278,-1.9625],[-76.66056,-1.95833],[-76.65278,-1.96722],[-76.64278,-1.96333],[-76.63889,-1.97639],[-76.60528,-1.96639],[-76.55111,-1.99556],[-76.53111,-2.01667],[-76.49194,-2.02111],[-76.47333,-2.03139],[-76.49361,-2.06083],[-76.51417,-2.07278],[-76.56722,-2.05556],[-76.60306,-2.07083],[-76.60639,-2.06056],[-76.62917,-2.04778],[-76.64083,-2.0575],[-76.67083,-2.04222],[-76.68472,-2.05278],[-76.69639,-2.04667],[-76.6925,-2.04],[-76.70333,-2.02139],[-76.72278,-2.01778],[-76.73667,-2.00167],[-76.74833,-2.005],[-76.76389,-1.97722],[-76.79083,-1.96528],[-76.79722,-1.95],[-76.83028,-1.92361]]]}},{"type":"Feature","properties":{"codigo":1007403311},"geometry":{"type":"Polygon","coordinates":[[[-78.02028,-1.93333],[-78.00972,-1.91639],[-77.99611,-1.92111],[-77.99056,-1.91583],[-77.9325,-1.93111],[-77.90806,-1.9475],[-77.8975,-1.94694],[-77.88389,-1.93194],[-77.8575,-1.94306],[-77.87472,-1.9575],[-77.87806,-1.9725],[-77.91472,-2.00167],[-77.92361,-1.9975],[-77.94556,-2.00472],[-77.95139,-2.0],[-77.95,-1.97722],[-77.97472,-1.96389],[-77.98694,-1.96611],[-78.01167,-1.93417],[-78.02028,-1.93333]]]}},{"type":"Feature","properties":{"codigo":1007402177},"geometry":{"type":"Polygon","coordinates":[[[-80.01972,-1.92444],[-80.01917,-1.93056],[-80.00722,-1.92389],[-80.00167,-1.93028],[-80.01833,-1.95417],[-80.02444,-1.99028],[-80.01472,-2.02556],[-80.02389,-2.05972],[-80.03111,-2.06389],[-80.01306,-2.07806],[-79.98944,-2.08139],[-79.97861,-2.10028],[-79.98278,-2.1075],[-79.95944,-2.125],[-79.9575,-2.15111],[-79.96333,-2.16278],[-79.985,-2.15194],[-80.01361,-2.17028],[-80.03194,-2.15222],[-80.05528,-2.15333],[-80.07639,-2.13472],[-80.0875,-2.13611],[-80.10528,-2.12],[-80.13667,-2.10917],[-80.12528,-2.0975],[-80.12694,-2.07806],[-80.10611,-2.07139],[-80.09417,-2.02972],[-80.1025,-2.02194],[-80.08806,-2.01333],[-80.11556,-1.98806],[-80.10667,-1.9775],[-80.12139,-1.95861],[-80.12611,-1.93083],[-80.10639,-1.92194],[-80.07917,-1.92528],[-80.08028,-1.91694],[-80.06972,-1.92111],[-80.06,-1.91444],[-80.03972,-1.93028],[-80.01972,-1.92444]]]}},{"type":"Feature","properties":{"codigo":1007402257},"geometry":{"type":"Polygon","coordinates":[[[-79.04806,-1.90861],[-79.03167,-1.93278],[-78.99111,-1.94222],[-78.99194,-1.97444],[-79.01444,-2.05528],[-79.01306,-2.07917],[-79.0225,-2.08556],[-79.08611,-2.07278],[-79.10167,-2.05056],[-79.11667,-2.0475],[-79.11778,-2.03694],[-79.10722,-2.03083],[-79.07722,-1.97444],[-79.09,-1.9375],[-79.04806,-1.90861]]]}},{"type":"Feature","properties":{"codigo":1007403209},"geometry":{"type":"Polygon","coordinates":[[[-77.50944,-1.8825],[-77.46639,-1.91194],[-77.47444,-1.91944],[-77.46583,-1.92528],[-77.47444,-1.94806],[-77.45889,-1.95556],[-77.44278,-1.98417],[-77.43306,-2.04139],[-77.43778,-2.06083],[-77.43139,-2.06444],[-77.44139,-2.0775],[-77.43083,-2.09139],[-77.43472,-2.10111],[-77.44944,-2.09889],[-77.45139,-2.09111],[-77.45694,-2.09722],[-77.47361,-2.09083],[-77.47444,-2.08278],[-77.50028,-2.06806],[-77.52306,-2.06778],[-77.52806,-2.04861],[-77.53917,-2.04944],[-77.55417,-2.03417],[-77.55528,-2.01417],[-77.54333,-2.01028],[-77.53278,-1.99167],[-77.52056,-1.9925],[-77.50472,-1.97667],[-77.48056,-1.96778],[-77.50278,-1.96278],[-77.49778,-1.9325],[-77.50944,-1.8825]]]}},{"type":"Feature","properties":{"codigo":1007403281},"geometry":{"type":"Polygon","coordinates":[[[-78.78972,-1.92528],[-78.7775,-1.93667],[-78.75417,-1.93194],[-78.74,-1.94111],[-78.70333,-1.92972],[-78.69583,-1.95278],[-78.68028,-1.95917],[-78.67222,-1.97972],[-78.675,-2.04861],[-78.65528,-2.06194],[-78.64889,-2.08278],[-78.69306,-2.07972],[-78.71306,-2.06167],[-78.74833,-2.06194],[-78.75389,-2.04917],[-78.77,-2.05083],[-78.77139,-2.03028],[-78.78139,-2.02444],[-78.81139,-2.02583],[-78.81694,-2.01806],[-78.83222,-2.01806],[-78.85,-1.99417],[-78.82833,-1.9875],[-78.82361,-1.96694],[-78.81611,-1.965],[-78.81361,-1.93889],[-78.80639,-1.92889],[-78.78972,-1.92528]]]}},{"type":"Feature","properties":{"codigo":1007402267},"geometry":{"type":"Polygon","coordinates":[[[-78.86278,-1.95278],[-78.83833,-1.93444],[-78.815,-1.94722],[-78.82833,-1.9875],[-78.85,-1.99417],[-78.83139,-2.01417],[-78.83806,-2.04111],[-78.86278,-2.04944],[-78.8825,-2.04528],[-78.9,-2.06917],[-78.92472,-2.07778],[-78.93639,-2.07444],[-78.94167,-2.05972],[-78.95611,-2.06389],[-78.96806,-2.05583],[-78.97472,-2.07139],[-79.00667,-2.0825],[-79.01417,-2.05472],[-78.98583,-1.94694],[-78.96889,-1.94306],[-78.95444,-1.95583],[-78.93667,-1.94611],[-78.90472,-1.9675],[-78.88861,-1.95556],[-78.86278,-1.95278]]]}},{"type":"Feature","properties":{"codigo":1007402792},"geometry":{"type":"Polygon","coordinates":[[[-76.02722,-1.88028],[-75.99139,-1.88917],[-75.97639,-1.91111],[-75.96028,-1.91444],[-75.95194,-1.90611],[-75.93556,-1.91222],[-75.92389,-1.93361],[-75.90194,-1.94917],[-75.91111,-1.97944],[-75.93778,-2.00556],[-75.96194,-2.01056],[-75.97972,-1.97889],[-76.005,-1.97972],[-76.01194,-1.96167],[-76.035,-1.95778],[-76.06028,-1.99111],[-76.0725,-1.98028],[-76.10361,-1.99667],[-76.09389,-1.93194],[-76.0775,-1.91944],[-76.07583,-1.90778],[-76.06639,-1.90972],[-76.05861,-1.89306],[-76.04167,-1.89222],[-76.02722,-1.88028]]]}},{"type":"Feature","properties":{"codigo":1007402179},"geometry":{"type":"Polygon","coordinates":[[[-79.715,-1.94583],[-79.70611,-1.95722],[-79.71083,-1.97306],[-79.72639,-1.98056],[-79.715,-1.99833],[-79.72806,-2.00278],[-79.73167,-2.02833],[-79.74389,-2.02889],[-79.74556,-2.01389],[-79.75472,-2.02556],[-79.75583,-1.99861],[-79.76167,-2.0],[-79.76056,-1.99],[-79.77,-1.98278],[-79.7675,-1.96944],[-79.74694,-1.96917],[-79.74639,-1.96222],[-79.72722,-1.97056],[-79.72667,-1.95028],[-79.715,-1.94583]]]}},{"type":"Feature","properties":{"codigo":1007403173},"geometry":{"type":"Polygon","coordinates":[[[-76.98278,-1.9725],[-77.02389,-1.93361],[-77.05278,-1.93111],[-77.07528,-1.91417],[-77.08028,-1.91833],[-77.10028,-1.88944],[-77.16083,-1.85917],[-77.19028,-1.82917],[-77.19278,-1.81444],[-77.17278,-1.81139],[-77.15306,-1.82472],[-77.1375,-1.82278],[-77.12389,-1.84139],[-77.1275,-1.85056],[-77.03972,-1.8925],[-76.99278,-1.95167],[-76.95861,-1.97694],[-76.98278,-1.9725]]]}},{"type":"Feature","properties":{"codigo":1007402245},"geometry":{"type":"Polygon","coordinates":[[[-79.70833,-1.95361],[-79.68139,-1.94667],[-79.675,-1.93556],[-79.65806,-1.95528],[-79.64361,-1.93889],[-79.63694,-1.94833],[-79.64778,-1.95583],[-79.63806,-1.97806],[-79.60861,-1.98417],[-79.59028,-1.97611],[-79.58389,-1.98389],[-79.58306,-1.97611],[-79.57306,-1.97361],[-79.56583,-1.98361],[-79.55972,-1.97611],[-79.53333,-1.99806],[-79.5275,-2.01778],[-79.51444,-2.01972],[-79.51222,-2.02972],[-79.51889,-2.035],[-79.55528,-2.0125],[-79.57333,-2.04806],[-79.59528,-2.04028],[-79.60083,-2.0575],[-79.5925,-2.06917],[-79.61444,-2.08667],[-79.62722,-2.08139],[-79.63222,-2.06639],[-79.63861,-2.06778],[-79.65167,-2.04944],[-79.66333,-2.06111],[-79.67583,-2.05472],[-79.67889,-2.06361],[-79.69611,-2.04972],[-79.69889,-2.0625],[-79.70778,-2.06028],[-79.70917,-2.04944],[-79.71056,-2.0575],[-79.71611,-2.04583],[-79.73028,-2.045],[-79.72056,-2.02278],[-79.73333,-2.01722],[-79.72639,-2.00056],[-79.715,-1.99833],[-79.72639,-1.98056],[-79.71083,-1.97306],[-79.70833,-1.95361]]]}},{"type":"Feature","properties":{"codigo":1007403171},"geometry":{"type":"Polygon","coordinates":[[[-77.18083,-1.94556],[-77.17083,-1.93278],[-77.14944,-1.93056],[-77.07694,-1.95222],[-77.05639,-1.94778],[-77.01861,-1.96],[-77.00167,-1.95583],[-76.98833,-1.96667],[-76.99194,-1.97833],[-76.98,-1.99],[-76.9875,-2.00139],[-76.96056,-2.03472],[-76.96472,-2.04944],[-76.97889,-2.05583],[-77.01194,-2.0425],[-77.04972,-2.00111],[-77.08333,-1.99111],[-77.11583,-1.96139],[-77.13444,-1.96222],[-77.1525,-1.95111],[-77.17,-1.95722],[-77.18083,-1.94556]]]}},{"type":"Feature","properties":{"codigo":1007403314},"geometry":{"type":"Polygon","coordinates":[[[-77.8575,-1.94194],[-77.84556,-1.945],[-77.84611,-1.95639],[-77.8225,-1.97917],[-77.83139,-1.98806],[-77.845,-1.97167],[-77.86139,-1.97472],[-77.8575,-1.98639],[-77.87,-2.02],[-77.86417,-2.02944],[-77.87611,-2.05806],[-77.88667,-2.06472],[-77.88611,-2.08139],[-77.91806,-2.07639],[-77.93056,-2.08639],[-77.93333,-2.11111],[-77.96361,-2.13167],[-77.98389,-2.12833],[-78.00389,-2.1375],[-78.02917,-2.12333],[-78.06861,-2.13444],[-78.07222,-2.12056],[-78.0925,-2.11472],[-78.0825,-2.10056],[-78.06056,-2.10833],[-78.04222,-2.09889],[-78.00833,-2.11583],[-77.995,-2.07917],[-77.96917,-2.05306],[-77.94556,-2.00472],[-77.92361,-1.9975],[-77.91528,-2.00194],[-77.89778,-1.98972],[-77.8575,-1.94194]]]}},{"type":"Feature","properties":{"codigo":1007402175},"geometry":{"type":"Polygon","coordinates":[[[-80.19,-1.95861],[-80.18194,-1.95444],[-80.17056,-1.97],[-80.14139,-1.96472],[-80.14056,-1.9725],[-80.16083,-1.995],[-80.15778,-2.00639],[-80.17194,-2.03139],[-80.18139,-2.03222],[-80.17639,-2.05222],[-80.19528,-2.06306],[-80.2075,-2.08694],[-80.19722,-2.09889],[-80.21167,-2.1075],[-80.21556,-2.10167],[-80.24139,-2.10417],[-80.24167,-2.09722],[-80.25361,-2.105],[-80.26806,-2.08389],[-80.24583,-2.07472],[-80.24028,-2.04722],[-80.21778,-2.02833],[-80.22111,-2.00861],[-80.2125,-2.00028],[-80.21806,-1.99667],[-80.19111,-1.97361],[-80.19,-1.95861]]]}},{"type":"Feature","properties":{"codigo":1007403169},"geometry":{"type":"Polygon","coordinates":[[[-76.99278,-1.97278],[-76.97556,-1.97167],[-76.96694,-1.99056],[-76.92833,-1.99583],[-76.92028,-2.02389],[-76.90528,-2.0325],[-76.87639,-2.07806],[-76.86444,-2.08306],[-76.85139,-2.07778],[-76.81833,-2.11028],[-76.78111,-2.12528],[-76.77472,-2.13889],[-76.78056,-2.17194],[-76.76083,-2.19222],[-76.76333,-2.19833],[-76.75333,-2.19917],[-76.73111,-2.24583],[-76.75306,-2.24306],[-76.78111,-2.20972],[-76.83194,-2.18528],[-76.83389,-2.17167],[-76.86,-2.15083],[-76.86556,-2.11917],[-76.88528,-2.09889],[-76.91056,-2.04917],[-76.93389,-2.03083],[-76.93583,-2.02056],[-76.98417,-1.99667],[-76.98,-1.99],[-76.99278,-1.97278]]]}},{"type":"Feature","properties":{"codigo":1007402793},"geometry":{"type":"Polygon","coordinates":[[[-76.14833,-1.985],[-76.11528,-1.97083],[-76.11056,-1.97778],[-76.10111,-1.96972],[-76.1075,-1.99167],[-76.10139,-2.0],[-76.1475,-2.00083],[-76.14833,-1.985]]]}},{"type":"Feature","properties":{"codigo":1007403168},"geometry":{"type":"Polygon","coordinates":[[[-76.97389,-1.97583],[-76.92833,-1.98111],[-76.89889,-1.995],[-76.87722,-2.02639],[-76.83472,-2.0475],[-76.78583,-2.10694],[-76.76806,-2.10917],[-76.74639,-2.13083],[-76.72389,-2.18556],[-76.70833,-2.19389],[-76.70583,-2.22861],[-76.71778,-2.22722],[-76.73056,-2.24472],[-76.74583,-2.22583],[-76.75333,-2.19917],[-76.76333,-2.19833],[-76.76083,-2.19222],[-76.78056,-2.17194],[-76.77472,-2.13889],[-76.78111,-2.12528],[-76.81833,-2.11028],[-76.85139,-2.07778],[-76.86444,-2.08306],[-76.87639,-2.07806],[-76.90528,-2.0325],[-76.92028,-2.02389],[-76.92833,-1.99583],[-76.96694,-1.99056],[-76.97389,-1.97583]]]}},{"type":"Feature","properties":{"codigo":1007403208},"geometry":{"type":"Polygon","coordinates":[[[-77.47167,-1.93472],[-77.43722,-1.94306],[-77.41333,-1.97361],[-77.42083,-2.00056],[-77.41333,-2.03111],[-77.42222,-2.06361],[-77.40639,-2.1275],[-77.41528,-2.13528],[-77.41111,-2.14417],[-77.38417,-2.14389],[-77.36917,-2.15806],[-77.35611,-2.15889],[-77.35028,-2.17333],[-77.36917,-2.19444],[-77.37833,-2.18972],[-77.39222,-2.19667],[-77.42972,-2.18611],[-77.43222,-2.16667],[-77.44389,-2.15306],[-77.44028,-2.14611],[-77.45306,-2.14278],[-77.45556,-2.12806],[-77.46944,-2.11889],[-77.45306,-2.10333],[-77.43472,-2.10111],[-77.43083,-2.09139],[-77.44139,-2.07778],[-77.43139,-2.06444],[-77.43778,-2.06083],[-77.43306,-2.04139],[-77.44278,-1.98417],[-77.45889,-1.95556],[-77.47389,-1.95028],[-77.47167,-1.93472]]]}},{"type":"Feature","properties":{"codigo":1007401495},"geometry":{"type":"Polygon","coordinates":[[[-80.41806,-1.97583],[-80.39167,-1.98778],[-80.37389,-1.98472],[-80.36778,-1.99611],[-80.34472,-1.9975],[-80.34333,-2.02778],[-80.31139,-2.0625],[-80.31917,-2.06861],[-80.30361,-2.09361],[-80.28583,-2.09722],[-80.28444,-2.10472],[-80.29694,-2.10694],[-80.29028,-2.1125],[-80.3075,-2.1475],[-80.30806,-2.17222],[-80.33,-2.16861],[-80.335,-2.15528],[-80.3525,-2.14556],[-80.36694,-2.14944],[-80.36861,-2.13861],[-80.37611,-2.14333],[-80.38694,-2.13778],[-80.38972,-2.12472],[-80.40944,-2.12333],[-80.44806,-2.09472],[-80.46333,-2.09917],[-80.48556,-2.09028],[-80.48528,-2.08278],[-80.50222,-2.07722],[-80.50056,-2.06],[-80.53694,-2.03889],[-80.54222,-2.02667],[-80.58278,-2.04278],[-80.60806,-2.02583],[-80.58778,-2.02028],[-80.58889,-2.00583],[-80.58,-2.00556],[-80.54389,-1.97056],[-80.48194,-1.97694],[-80.47139,-1.98556],[-80.44944,-1.97306],[-80.41806,-1.97583]]]}},{"type":"Feature","properties":{"codigo":1007402842},"geometry":{"type":"Polygon","coordinates":[[[-76.45472,-1.98472],[-76.44972,-1.97472],[-76.46083,-1.96444],[-76.45278,-1.95833],[-76.43417,-1.96306],[-76.42306,-1.9525],[-76.40639,-1.95472],[-76.39861,-1.93972],[-76.3775,-1.93694],[-76.36389,-1.96306],[-76.34222,-1.975],[-76.32583,-1.97306],[-76.32556,-1.98306],[-76.31417,-1.99139],[-76.33472,-2.00722],[-76.33833,-2.0375],[-76.35667,-2.04028],[-76.37444,-2.00889],[-76.40389,-2.01778],[-76.45472,-1.98472]]]}},{"type":"Feature","properties":{"codigo":1007402176},"geometry":{"type":"Polygon","coordinates":[[[-80.14056,-1.9725],[-80.08806,-2.01333],[-80.1025,-2.02194],[-80.09417,-2.02972],[-80.10889,-2.07667],[-80.12694,-2.07806],[-80.12361,-2.09167],[-80.135,-2.11306],[-80.15278,-2.11889],[-80.15889,-2.10167],[-80.18333,-2.11083],[-80.20778,-2.08778],[-80.19528,-2.06306],[-80.17639,-2.05222],[-80.18139,-2.03222],[-80.17194,-2.03139],[-80.15778,-2.00639],[-80.16083,-1.995],[-80.14056,-1.9725]]]}},{"type":"Feature","properties":{"codigo":1007402235},"geometry":{"type":"Polygon","coordinates":[[[-79.28472,-1.99028],[-79.21194,-1.98333],[-79.1925,-1.99556],[-79.16583,-1.9975],[-79.15806,-2.02],[-79.14028,-2.01778],[-79.11778,-2.03778],[-79.11833,-2.06861],[-79.13472,-2.08806],[-79.15278,-2.0775],[-79.18778,-2.07778],[-79.24306,-2.09944],[-79.25444,-2.07722],[-79.27306,-2.07444],[-79.27778,-2.04667],[-79.26639,-2.02389],[-79.28472,-1.99028]]]}},{"type":"Feature","properties":{"codigo":1007402820},"geometry":{"type":"Polygon","coordinates":[[[-76.31417,-1.99111],[-76.28417,-1.98694],[-76.24306,-1.99667],[-76.24361,-2.00833],[-76.23167,-2.01778],[-76.23444,-2.03083],[-76.22194,-2.03444],[-76.21444,-2.04778],[-76.19583,-2.04333],[-76.17528,-2.07056],[-76.18778,-2.08389],[-76.18556,-2.11806],[-76.21306,-2.13222],[-76.235,-2.12722],[-76.25444,-2.14472],[-76.27972,-2.13722],[-76.29444,-2.15333],[-76.31111,-2.15028],[-76.32389,-2.1625],[-76.33889,-2.15417],[-76.35,-2.14083],[-76.34056,-2.10917],[-76.37778,-2.07],[-76.36472,-2.05889],[-76.35833,-2.03778],[-76.33833,-2.0375],[-76.33472,-2.00722],[-76.31417,-1.99111]]]}},{"type":"Feature","properties":{"codigo":1007403207},"geometry":{"type":"Polygon","coordinates":[[[-77.41361,-1.97917],[-77.39583,-1.98528],[-77.35806,-2.06917],[-77.36667,-2.06639],[-77.37389,-2.10556],[-77.35361,-2.12694],[-77.34861,-2.15944],[-77.35389,-2.16444],[-77.38417,-2.14389],[-77.41306,-2.1425],[-77.40667,-2.115],[-77.42222,-2.06361],[-77.41333,-2.03111],[-77.42083,-2.00222],[-77.41361,-1.97917]]]}},{"type":"Feature","properties":{"codigo":1007402791},"geometry":{"type":"Polygon","coordinates":[[[-76.10361,-1.99667],[-76.0725,-1.98028],[-76.06028,-1.99111],[-76.035,-1.95778],[-76.01194,-1.96167],[-76.005,-1.97972],[-75.97972,-1.97889],[-75.97278,-1.99917],[-75.98917,-2.00944],[-75.99667,-2.02528],[-75.98417,-2.05694],[-75.98806,-2.09806],[-76.01833,-2.09833],[-76.03056,-2.12028],[-76.04611,-2.12111],[-76.04222,-2.11417],[-76.06167,-2.09944],[-76.07139,-2.10861],[-76.09361,-2.09583],[-76.105,-2.10056],[-76.11139,-2.05444],[-76.13083,-2.03861],[-76.16139,-2.03],[-76.14472,-2.00083],[-76.10361,-1.99667]]]}},{"type":"Feature","properties":{"codigo":1007402818},"geometry":{"type":"Polygon","coordinates":[[[-76.15306,-1.97694],[-76.14556,-2.00167],[-76.16083,-2.03278],[-76.12361,-2.04306],[-76.10667,-2.06667],[-76.12944,-2.11139],[-76.11833,-2.11861],[-76.11889,-2.13611],[-76.15806,-2.11056],[-76.18167,-2.05972],[-76.19667,-2.04278],[-76.21444,-2.04778],[-76.22194,-2.03444],[-76.23444,-2.03083],[-76.23167,-2.01778],[-76.24389,-2.00778],[-76.23139,-1.9925],[-76.20639,-1.98306],[-76.17194,-1.98861],[-76.15306,-1.97694]]]}},{"type":"Feature","properties":{"codigo":1007403313},"geometry":{"type":"Polygon","coordinates":[[[-77.94917,-1.98778],[-77.94667,-2.00861],[-77.96917,-2.05306],[-77.995,-2.07917],[-77.99806,-2.10194],[-78.00944,-2.11611],[-78.03222,-2.09917],[-78.06194,-2.10833],[-78.07583,-2.09889],[-78.095,-2.11194],[-78.10889,-2.10972],[-78.15167,-2.07528],[-78.15917,-2.05194],[-78.155,-2.04028],[-78.16417,-2.02972],[-78.18917,-2.03389],[-78.20778,-2.02],[-78.19083,-1.99917],[-78.16,-2.005],[-78.13167,-1.99667],[-78.10694,-2.00917],[-78.05889,-2.01056],[-78.03556,-2.02806],[-78.01861,-2.0175],[-78.00556,-2.02639],[-77.98444,-2.01583],[-77.96917,-1.99389],[-77.94917,-1.98778]]]}},{"type":"Feature","properties":{"codigo":1007402824},"geometry":{"type":"Polygon","coordinates":[[[-76.45472,-1.98472],[-76.41639,-2.00917],[-76.42444,-2.02028],[-76.42111,-2.03139],[-76.45417,-2.04806],[-76.45944,-2.035],[-76.45472,-2.01778],[-76.46861,-2.01528],[-76.47222,-1.99889],[-76.45472,-1.98472]]]}},{"type":"Feature","properties":{"codigo":1007402822},"geometry":{"type":"Polygon","coordinates":[[[-76.41639,-2.00917],[-76.39167,-2.03417],[-76.39833,-2.03972],[-76.395,-2.05111],[-76.41972,-2.05944],[-76.41278,-2.02667],[-76.42444,-2.02028],[-76.41639,-2.00917]]]}},{"type":"Feature","properties":{"codigo":1007401493},"geometry":{"type":"Polygon","coordinates":[[[-80.59972,-1.96333],[-80.59111,-1.99139],[-80.60361,-2.02167],[-80.62111,-2.03444],[-80.65194,-2.03194],[-80.67944,-2.04861],[-80.67611,-2.03],[-80.66167,-2.02722],[-80.65278,-1.98306],[-80.59972,-1.96333]]]}},{"type":"Feature","properties":{"codigo":1007403639},"geometry":{"type":"Polygon","coordinates":[[[-78.21944,-2.02389],[-78.21194,-2.01778],[-78.18917,-2.03389],[-78.16417,-2.02972],[-78.155,-2.04028],[-78.15917,-2.05194],[-78.14972,-2.07806],[-78.10889,-2.10972],[-78.07222,-2.12056],[-78.06306,-2.14],[-78.07139,-2.14556],[-78.0675,-2.16167],[-78.07972,-2.17917],[-78.06972,-2.20611],[-78.08306,-2.22167],[-78.10278,-2.31333],[-78.12889,-2.35222],[-78.13556,-2.34611],[-78.11417,-2.32194],[-78.12222,-2.30889],[-78.11944,-2.28528],[-78.13556,-2.25861],[-78.12778,-2.24222],[-78.13306,-2.23278],[-78.10778,-2.215],[-78.1,-2.195],[-78.11694,-2.18694],[-78.13694,-2.19194],[-78.16194,-2.17833],[-78.14528,-2.11833],[-78.15694,-2.09833],[-78.16944,-2.09528],[-78.21333,-2.04917],[-78.21944,-2.02389]]]}},{"type":"Feature","properties":{"codigo":1007403194},"geometry":{"type":"Polygon","coordinates":[[[-77.09444,-2.00694],[-77.06917,-2.02],[-77.06389,-2.05444],[-77.04417,-2.06806],[-76.95028,-2.21667],[-76.92944,-2.32083],[-76.93972,-2.33889],[-76.95806,-2.33194],[-76.96111,-2.31639],[-76.97778,-2.3],[-76.99583,-2.30194],[-77.005,-2.28389],[-77.00444,-2.26556],[-77.01472,-2.25083],[-76.99028,-2.21167],[-76.98889,-2.17167],[-77.04972,-2.08556],[-77.04889,-2.07583],[-77.07472,-2.05111],[-77.09444,-2.00694]]]}},{"type":"Feature","properties":{"codigo":1007403315},"geometry":{"type":"Polygon","coordinates":[[[-77.39139,-1.99389],[-77.35611,-2.00972],[-77.33278,-1.99944],[-77.3175,-2.00944],[-77.31639,-2.02472],[-77.30861,-2.025],[-77.30889,-2.07333],[-77.29694,-2.10556],[-77.28139,-2.11556],[-77.28111,-2.14083],[-77.25861,-2.18694],[-77.25556,-2.22083],[-77.28222,-2.20167],[-77.28222,-2.18389],[-77.33139,-2.1125],[-77.33806,-2.09],[-77.36306,-2.06444],[-77.39139,-1.99389]]]}},{"type":"Feature","properties":{"codigo":1007403640},"geometry":{"type":"Polygon","coordinates":[[[-78.34028,-2.00639],[-78.28639,-2.01528],[-78.27944,-2.02611],[-78.25278,-2.01056],[-78.21972,-2.02333],[-78.21333,-2.04917],[-78.15444,-2.10556],[-78.21139,-2.10111],[-78.28722,-2.03722],[-78.30861,-2.04194],[-78.33889,-2.02972],[-78.34028,-2.00639]]]}},{"type":"Feature","properties":{"codigo":1007402834},"geometry":{"type":"Polygon","coordinates":[[[-76.47861,-2.02639],[-76.47,-2.01639],[-76.45667,-2.01306],[-76.46194,-2.03861],[-76.47167,-2.03861],[-76.47861,-2.02639]]]}},{"type":"Feature","properties":{"codigo":1007402247},"geometry":{"type":"Polygon","coordinates":[[[-79.51417,-2.0225],[-79.50139,-2.01694],[-79.48944,-2.02667],[-79.47667,-2.01917],[-79.44694,-2.03694],[-79.45306,-2.05139],[-79.43139,-2.07528],[-79.43167,-2.1025],[-79.44167,-2.10889],[-79.47139,-2.09528],[-79.47861,-2.11694],[-79.49444,-2.105],[-79.50889,-2.11417],[-79.5575,-2.10361],[-79.575,-2.11861],[-79.585,-2.10917],[-79.59972,-2.12861],[-79.61417,-2.11972],[-79.64472,-2.13306],[-79.65472,-2.12833],[-79.65639,-2.11972],[-79.63889,-2.09778],[-79.61694,-2.09111],[-79.59361,-2.07083],[-79.60083,-2.0575],[-79.595,-2.04],[-79.57333,-2.04806],[-79.55528,-2.0125],[-79.51889,-2.035],[-79.51417,-2.0225]]]}},{"type":"Feature","properties":{"codigo":1007403286},"geometry":{"type":"Polygon","coordinates":[[[-78.47889,-2.00278],[-78.45917,-1.99056],[-78.44194,-2.01167],[-78.45139,-2.03028],[-78.45278,-2.06444],[-78.43389,-2.09],[-78.45056,-2.11778],[-78.47111,-2.11861],[-78.4825,-2.12972],[-78.49444,-2.1225],[-78.50694,-2.12722],[-78.51639,-2.15444],[-78.54472,-2.15472],[-78.56083,-2.11694],[-78.59,-2.10694],[-78.59639,-2.09306],[-78.58083,-2.09111],[-78.54778,-2.06667],[-78.52889,-2.07111],[-78.52194,-2.0325],[-78.50833,-2.03889],[-78.4925,-2.03278],[-78.48083,-2.01972],[-78.47889,-2.00278]]]}},{"type":"Feature","properties":{"codigo":1007402178},"geometry":{"type":"Polygon","coordinates":[[[-79.77278,-1.99222],[-79.75583,-1.99861],[-79.75472,-2.02556],[-79.74194,-2.01583],[-79.73944,-2.03972],[-79.77389,-2.04528],[-79.77389,-2.03889],[-79.79056,-2.03639],[-79.79778,-2.04722],[-79.79556,-2.06028],[-79.78333,-2.06],[-79.77,-2.0925],[-79.7775,-2.09833],[-79.7725,-2.10417],[-79.78222,-2.105],[-79.77139,-2.11833],[-79.77306,-2.13028],[-79.78028,-2.12833],[-79.77694,-2.13778],[-79.78444,-2.14778],[-79.79889,-2.13861],[-79.79944,-2.15583],[-79.80972,-2.14861],[-79.81083,-2.15722],[-79.82056,-2.14833],[-79.83361,-2.15278],[-79.84306,-2.16806],[-79.84444,-2.15972],[-79.86528,-2.15917],[-79.85944,-2.14528],[-79.86611,-2.13361],[-79.85972,-2.12639],[-79.88083,-2.10083],[-79.87917,-2.08167],[-79.88667,-2.06889],[-79.87444,-2.06056],[-79.88167,-2.04972],[-79.87389,-2.04],[-79.8825,-2.01167],[-79.87306,-2.02194],[-79.85917,-2.02222],[-79.86222,-2.03278],[-79.85389,-2.03861],[-79.83278,-2.03389],[-79.81917,-2.04],[-79.805,-2.0325],[-79.8,-2.01139],[-79.79,-2.0175],[-79.79111,-2.02722],[-79.78139,-2.02917],[-79.78667,-2.01722],[-79.76972,-2.00083],[-79.77278,-1.99222]]]}},{"type":"Feature","properties":{"codigo":1007402244},"geometry":{"type":"Polygon","coordinates":[[[-79.74361,-2.02889],[-79.73167,-2.02833],[-79.72694,-2.01611],[-79.72083,-2.02167],[-79.73056,-2.04528],[-79.74361,-2.02889]]]}},{"type":"Feature","properties":{"codigo":1007402236},"geometry":{"type":"Polygon","coordinates":[[[-79.29889,-2.04944],[-79.30111,-2.02139],[-79.28694,-1.98917],[-79.26639,-2.02389],[-79.27778,-2.04667],[-79.27306,-2.07444],[-79.25444,-2.07722],[-79.24306,-2.09944],[-79.18778,-2.07778],[-79.15278,-2.0775],[-79.135,-2.08722],[-79.13083,-2.13583],[-79.13944,-2.15861],[-79.15556,-2.17333],[-79.17583,-2.17472],[-79.21083,-2.14194],[-79.23361,-2.13333],[-79.25861,-2.09667],[-79.29222,-2.0825],[-79.28944,-2.05944],[-79.29889,-2.04944]]]}},{"type":"Feature","properties":{"codigo":1007401489},"geometry":{"type":"Polygon","coordinates":[[[-80.73556,-2.04694],[-80.72222,-2.02722],[-80.70917,-2.03222],[-80.72056,-2.03333],[-80.7275,-2.05083],[-80.73556,-2.04694]]]}},{"type":"Feature","properties":{"codigo":1007401491},"geometry":{"type":"Polygon","coordinates":[[[-80.72056,-2.03333],[-80.70333,-2.02861],[-80.69611,-2.0375],[-80.6875,-2.0325],[-80.69167,-2.06028],[-80.71083,-2.06028],[-80.72611,-2.04667],[-80.72056,-2.03333]]]}},{"type":"Feature","properties":{"codigo":1007401492},"geometry":{"type":"Polygon","coordinates":[[[-80.68778,-2.03222],[-80.67917,-2.03111],[-80.67944,-2.05139],[-80.69,-2.04806],[-80.68778,-2.03222]]]}},{"type":"Feature","properties":{"codigo":1007402821},"geometry":{"type":"Polygon","coordinates":[[[-76.40444,-2.0175],[-76.375,-2.00861],[-76.3675,-2.01861],[-76.35778,-2.04278],[-76.375,-2.06833],[-76.39639,-2.05972],[-76.39194,-2.03083],[-76.40444,-2.0175]]]}},{"type":"Feature","properties":{"codigo":1007403445},"geometry":{"type":"Polygon","coordinates":[[[-77.83278,-1.98778],[-77.8075,-1.9825],[-77.75944,-2.02167],[-77.77,-2.0575],[-77.76722,-2.10194],[-77.75583,-2.11333],[-77.73889,-2.11083],[-77.72222,-2.12722],[-77.70639,-2.11778],[-77.68111,-2.11778],[-77.68111,-2.12944],[-77.66389,-2.12417],[-77.66139,-2.13583],[-77.64139,-2.14833],[-77.61722,-2.14528],[-77.59639,-2.16],[-77.58,-2.19],[-77.55528,-2.20667],[-77.55861,-2.21194],[-77.58667,-2.21278],[-77.60139,-2.19583],[-77.61556,-2.20639],[-77.65556,-2.21361],[-77.65833,-2.19833],[-77.65306,-2.20278],[-77.64639,-2.1925],[-77.65694,-2.18167],[-77.65306,-2.17611],[-77.67056,-2.17139],[-77.66722,-2.15778],[-77.67583,-2.16139],[-77.69194,-2.15333],[-77.70333,-2.15972],[-77.7025,-2.15361],[-77.72389,-2.14083],[-77.72778,-2.1475],[-77.75944,-2.14139],[-77.78194,-2.17556],[-77.815,-2.19333],[-77.82083,-2.16639],[-77.80806,-2.14694],[-77.80833,-2.08306],[-77.88667,-2.08056],[-77.88667,-2.06472],[-77.87611,-2.05806],[-77.86417,-2.02944],[-77.87,-2.02],[-77.8575,-1.98639],[-77.86139,-1.97472],[-77.845,-1.97167],[-77.83278,-1.98778]]]}},{"type":"Feature","properties":{"codigo":1007402836},"geometry":{"type":"Polygon","coordinates":[[[-76.47528,-2.03361],[-76.45611,-2.03528],[-76.44806,-2.06028],[-76.45722,-2.0825],[-76.47222,-2.08833],[-76.48222,-2.105],[-76.47861,-2.12944],[-76.49194,-2.13083],[-76.50167,-2.14361],[-76.53833,-2.12778],[-76.56889,-2.14111],[-76.58,-2.13889],[-76.59139,-2.15111],[-76.6075,-2.14917],[-76.60306,-2.16083],[-76.63667,-2.15444],[-76.65111,-2.13056],[-76.69333,-2.12361],[-76.68806,-2.1],[-76.70778,-2.08944],[-76.68778,-2.06472],[-76.70333,-2.05806],[-76.69667,-2.04639],[-76.68417,-2.05278],[-76.67083,-2.04222],[-76.64083,-2.0575],[-76.62917,-2.04778],[-76.60639,-2.06056],[-76.60306,-2.07083],[-76.56722,-2.05556],[-76.51417,-2.07278],[-76.49361,-2.06083],[-76.47528,-2.03361]]]}},{"type":"Feature","properties":{"codigo":1007402272},"geometry":{"type":"Polygon","coordinates":[[[-78.83778,-2.04028],[-78.8325,-2.01778],[-78.81694,-2.01806],[-78.81139,-2.02583],[-78.78139,-2.02444],[-78.77139,-2.03028],[-78.77,-2.05083],[-78.75389,-2.04917],[-78.74833,-2.06194],[-78.71306,-2.06167],[-78.69306,-2.07972],[-78.64667,-2.08083],[-78.62472,-2.11417],[-78.64167,-2.12278],[-78.66861,-2.18222],[-78.69361,-2.17722],[-78.70694,-2.16556],[-78.72889,-2.16583],[-78.73778,-2.18028],[-78.76028,-2.19306],[-78.77278,-2.19583],[-78.785,-2.18639],[-78.82889,-2.22083],[-78.85806,-2.22139],[-78.87917,-2.24417],[-78.8825,-2.19],[-78.88778,-2.175],[-78.89694,-2.17167],[-78.88278,-2.14278],[-78.85583,-2.11],[-78.84444,-2.10917],[-78.84417,-2.09583],[-78.82861,-2.07806],[-78.82944,-2.0525],[-78.83778,-2.04028]]]}},{"type":"Feature","properties":{"codigo":1007403199},"geometry":{"type":"Polygon","coordinates":[[[-77.30806,-2.04194],[-77.30889,-2.01917],[-77.27528,-2.02333],[-77.26194,-2.04111],[-77.23028,-2.05917],[-77.22639,-2.07194],[-77.20639,-2.08222],[-77.21306,-2.08556],[-77.20083,-2.08944],[-77.18889,-2.10667],[-77.16861,-2.11417],[-77.16722,-2.12972],[-77.13806,-2.14361],[-77.12972,-2.14083],[-77.10694,-2.16056],[-77.13306,-2.15889],[-77.13639,-2.17139],[-77.18222,-2.14167],[-77.20833,-2.14278],[-77.27417,-2.09528],[-77.28333,-2.07972],[-77.28028,-2.0675],[-77.29861,-2.05889],[-77.2975,-2.04944],[-77.30806,-2.04194]]]}},{"type":"Feature","properties":{"codigo":1007402246},"geometry":{"type":"Polygon","coordinates":[[[-79.73944,-2.03972],[-79.71611,-2.04583],[-79.71056,-2.0575],[-79.70917,-2.04944],[-79.70889,-2.05917],[-79.7,-2.0625],[-79.69722,-2.04972],[-79.67889,-2.06361],[-79.67583,-2.05472],[-79.66333,-2.06111],[-79.65,-2.05],[-79.6275,-2.08111],[-79.61333,-2.08833],[-79.62889,-2.09028],[-79.65417,-2.11944],[-79.67056,-2.12333],[-79.68028,-2.10083],[-79.69139,-2.10056],[-79.69167,-2.11694],[-79.695,-2.11639],[-79.7075,-2.08333],[-79.72778,-2.115],[-79.73694,-2.10417],[-79.74194,-2.11611],[-79.74889,-2.11139],[-79.75028,-2.12111],[-79.76833,-2.12778],[-79.76833,-2.11778],[-79.78222,-2.10639],[-79.7725,-2.10417],[-79.7775,-2.09833],[-79.76972,-2.09528],[-79.77139,-2.08806],[-79.78389,-2.05917],[-79.79639,-2.05944],[-79.79778,-2.04722],[-79.79056,-2.03639],[-79.77389,-2.03889],[-79.77389,-2.04528],[-79.73944,-2.03972]]]}},{"type":"Feature","properties":{"codigo":1007403642},"geometry":{"type":"Polygon","coordinates":[[[-78.36417,-2.09],[-78.35694,-2.01944],[-78.34306,-2.005],[-78.335,-2.0325],[-78.30861,-2.04194],[-78.28972,-2.03639],[-78.27306,-2.04583],[-78.26944,-2.05806],[-78.20306,-2.10222],[-78.19333,-2.12667],[-78.20083,-2.14778],[-78.1875,-2.16583],[-78.20056,-2.17917],[-78.21944,-2.1675],[-78.24639,-2.1775],[-78.26111,-2.15972],[-78.29,-2.16056],[-78.30361,-2.12833],[-78.33917,-2.11944],[-78.34972,-2.09833],[-78.36417,-2.09]]]}},{"type":"Feature","properties":{"codigo":1007402823},"geometry":{"type":"Polygon","coordinates":[[[-76.45417,-2.04806],[-76.42778,-2.03639],[-76.42,-2.02333],[-76.41306,-2.02611],[-76.42889,-2.08056],[-76.42639,-2.10139],[-76.44528,-2.10833],[-76.46833,-2.14389],[-76.47222,-2.15694],[-76.46611,-2.16917],[-76.47611,-2.17611],[-76.48083,-2.19528],[-76.48778,-2.19528],[-76.49083,-2.21472],[-76.50389,-2.22389],[-76.56222,-2.21139],[-76.57639,-2.19139],[-76.575,-2.18028],[-76.59944,-2.16694],[-76.6075,-2.14917],[-76.59139,-2.15111],[-76.58,-2.13889],[-76.56889,-2.14111],[-76.53833,-2.12778],[-76.50361,-2.14361],[-76.49194,-2.13083],[-76.47972,-2.13056],[-76.48222,-2.105],[-76.45167,-2.07167],[-76.45417,-2.04806]]]}},{"type":"Feature","properties":{"codigo":1007403645},"geometry":{"type":"Polygon","coordinates":[[[-78.44833,-2.02694],[-78.36194,-2.04833],[-78.36722,-2.08111],[-78.33917,-2.11889],[-78.35167,-2.15639],[-78.34222,-2.16722],[-78.35194,-2.17778],[-78.37833,-2.16472],[-78.40528,-2.10861],[-78.4275,-2.10111],[-78.45278,-2.06444],[-78.44833,-2.02694]]]}},{"type":"Feature","properties":{"codigo":1007403170},"geometry":{"type":"Polygon","coordinates":[[[-76.96472,-2.04944],[-76.96056,-2.03472],[-76.98667,-1.99639],[-76.93583,-2.02056],[-76.93389,-2.03083],[-76.91056,-2.04917],[-76.88528,-2.09889],[-76.86556,-2.11917],[-76.86,-2.15083],[-76.83389,-2.17167],[-76.83194,-2.18528],[-76.77972,-2.21083],[-76.76556,-2.23222],[-76.77917,-2.23278],[-76.77833,-2.23917],[-76.74944,-2.27278],[-76.71056,-2.30028],[-76.72222,-2.32778],[-76.75083,-2.34222],[-76.76167,-2.34],[-76.77,-2.32139],[-76.77889,-2.33056],[-76.78889,-2.32778],[-76.79667,-2.31833],[-76.795,-2.29083],[-76.80556,-2.2575],[-76.83,-2.23639],[-76.8425,-2.23722],[-76.85639,-2.20861],[-76.87278,-2.19806],[-76.89278,-2.1475],[-76.9575,-2.08778],[-76.94889,-2.08306],[-76.96472,-2.04944]]]}},{"type":"Feature","properties":{"codigo":1007401496},"geometry":{"type":"Polygon","coordinates":[[[-80.67861,-2.04889],[-80.65194,-2.03194],[-80.62111,-2.03444],[-80.60972,-2.02194],[-80.58833,-2.0425],[-80.54222,-2.02667],[-80.53694,-2.03889],[-80.50083,-2.05972],[-80.49694,-2.07194],[-80.55944,-2.09361],[-80.60472,-2.07222],[-80.61444,-2.07583],[-80.62639,-2.05889],[-80.64083,-2.05972],[-80.64611,-2.05194],[-80.65583,-2.05778],[-80.66472,-2.05083],[-80.67556,-2.05972],[-80.67861,-2.04889]]]}},{"type":"Feature","properties":{"codigo":1007401497},"geometry":{"type":"Polygon","coordinates":[[[-80.68917,-2.04833],[-80.67556,-2.05972],[-80.66472,-2.05083],[-80.65583,-2.05778],[-80.64444,-2.0525],[-80.64083,-2.05972],[-80.62639,-2.05889],[-80.61444,-2.07583],[-80.60472,-2.07222],[-80.55944,-2.09361],[-80.52306,-2.07917],[-80.49194,-2.07833],[-80.48389,-2.08583],[-80.495,-2.10111],[-80.49722,-2.13306],[-80.51778,-2.14722],[-80.5525,-2.14556],[-80.56083,-2.15389],[-80.58611,-2.15583],[-80.60667,-2.14528],[-80.62556,-2.15722],[-80.63472,-2.14722],[-80.63444,-2.12972],[-80.65389,-2.11944],[-80.66278,-2.10417],[-80.65972,-2.09361],[-80.69028,-2.06806],[-80.68917,-2.04833]]]}},{"type":"Feature","properties":{"codigo":1007402838},"geometry":{"type":"Polygon","coordinates":[[[-76.88722,-1.95472],[-76.84472,-1.9625],[-76.81917,-1.99333],[-76.78417,-2.00528],[-76.76861,-2.02139],[-76.73944,-2.02639],[-76.71917,-2.05333],[-76.68778,-2.06417],[-76.70778,-2.08806],[-76.68806,-2.1],[-76.69361,-2.12333],[-76.65111,-2.13056],[-76.63778,-2.15278],[-76.64778,-2.16083],[-76.69111,-2.13556],[-76.70861,-2.11111],[-76.73694,-2.09639],[-76.76444,-2.06722],[-76.79389,-2.01944],[-76.80667,-2.01056],[-76.81139,-2.02194],[-76.82056,-2.01722],[-76.88722,-1.95472]]]}},{"type":"Feature","properties":{"codigo":1007402839},"geometry":{"type":"Polygon","coordinates":[[[-76.42083,-2.05833],[-76.39472,-2.05083],[-76.39389,-2.06333],[-76.38472,-2.0625],[-76.34056,-2.10917],[-76.35,-2.14083],[-76.32472,-2.15972],[-76.32583,-2.17833],[-76.33639,-2.18],[-76.33556,-2.17028],[-76.37278,-2.14639],[-76.38333,-2.13],[-76.4025,-2.14083],[-76.43167,-2.14417],[-76.46611,-2.16889],[-76.47222,-2.15694],[-76.46833,-2.14389],[-76.44528,-2.10833],[-76.42639,-2.10139],[-76.42889,-2.08056],[-76.42083,-2.05833]]]}},{"type":"Feature","properties":{"codigo":1007402266},"geometry":{"type":"Polygon","coordinates":[[[-79.01417,-2.05528],[-79.00667,-2.06694],[-79.0075,-2.09583],[-79.02361,-2.08583],[-79.01306,-2.07917],[-79.01417,-2.05528]]]}},{"type":"Feature","properties":{"codigo":1007402268},"geometry":{"type":"Polygon","coordinates":[[[-79.00639,-2.0825],[-78.97472,-2.07139],[-78.96806,-2.05583],[-78.95611,-2.06389],[-78.94167,-2.05972],[-78.9275,-2.07806],[-78.9,-2.06917],[-78.8825,-2.04528],[-78.86278,-2.04944],[-78.8375,-2.04028],[-78.82944,-2.0525],[-78.82861,-2.07806],[-78.84417,-2.09583],[-78.84444,-2.10917],[-78.85583,-2.11],[-78.91944,-2.19528],[-78.97194,-2.17778],[-78.97139,-2.15806],[-78.99306,-2.13139],[-78.99111,-2.11028],[-79.00722,-2.09833],[-79.00639,-2.0825]]]}},{"type":"Feature","properties":{"codigo":1007402256},"geometry":{"type":"Polygon","coordinates":[[[-79.08417,-2.07333],[-79.03556,-2.07972],[-78.99639,-2.10528],[-78.99306,-2.13139],[-78.97139,-2.15806],[-78.97194,-2.17778],[-78.96333,-2.18028],[-78.98167,-2.22],[-78.99361,-2.21611],[-79.02611,-2.24444],[-79.05556,-2.23417],[-79.07083,-2.21722],[-79.10083,-2.21583],[-79.11556,-2.20722],[-79.13583,-2.21222],[-79.17806,-2.20083],[-79.19667,-2.20722],[-79.23639,-2.20306],[-79.24139,-2.21472],[-79.25,-2.20528],[-79.26806,-2.21639],[-79.28222,-2.21778],[-79.28444,-2.21],[-79.29861,-2.21889],[-79.3125,-2.21389],[-79.32083,-2.2225],[-79.35,-2.20833],[-79.36194,-2.21444],[-79.39139,-2.20806],[-79.39583,-2.19694],[-79.40361,-2.205],[-79.42139,-2.20361],[-79.40667,-2.18861],[-79.38278,-2.18639],[-79.36861,-2.1725],[-79.33306,-2.18083],[-79.31806,-2.17167],[-79.29944,-2.17667],[-79.27333,-2.16389],[-79.24028,-2.17083],[-79.23417,-2.17944],[-79.21472,-2.17083],[-79.17722,-2.19417],[-79.14222,-2.19889],[-79.1,-2.14917],[-79.09222,-2.12222],[-79.09778,-2.10583],[-79.08417,-2.07333]]]}},{"type":"Feature","properties":{"codigo":1007403446},"geometry":{"type":"Polygon","coordinates":[[[-77.91806,-2.07639],[-77.81722,-2.08167],[-77.81556,-2.10528],[-77.835,-2.11028],[-77.83917,-2.12028],[-77.88,-2.11806],[-77.88694,-2.12611],[-77.88556,-2.14611],[-77.90306,-2.14861],[-77.91778,-2.16444],[-77.94028,-2.16639],[-77.94944,-2.1425],[-77.95333,-2.15194],[-77.96917,-2.14861],[-77.98389,-2.15972],[-78.00528,-2.13806],[-77.94611,-2.12389],[-77.92861,-2.10278],[-77.93056,-2.08639],[-77.91806,-2.07639]]]}},{"type":"Feature","properties":{"codigo":1007401529},"geometry":{"type":"Polygon","coordinates":[[[-80.29056,-2.09139],[-80.27944,-2.07472],[-80.25417,-2.10472],[-80.24194,-2.09722],[-80.24306,-2.10333],[-80.23306,-2.10306],[-80.23333,-2.13611],[-80.24222,-2.15389],[-80.23111,-2.1675],[-80.19472,-2.15778],[-80.18111,-2.16611],[-80.15306,-2.16083],[-80.14472,-2.17722],[-80.14917,-2.18556],[-80.13472,-2.19333],[-80.12917,-2.21306],[-80.1225,-2.21361],[-80.15222,-2.21278],[-80.17444,-2.23028],[-80.19944,-2.21833],[-80.24139,-2.22417],[-80.26028,-2.18194],[-80.28056,-2.17889],[-80.28972,-2.16556],[-80.30806,-2.17333],[-80.3075,-2.1475],[-80.29028,-2.1125],[-80.29694,-2.10694],[-80.28417,-2.10417],[-80.29056,-2.09139]]]}},{"type":"Feature","properties":{"codigo":1007402817},"geometry":{"type":"Polygon","coordinates":[[[-76.11083,-2.08139],[-76.10361,-2.08528],[-76.115,-2.1],[-76.11083,-2.11333],[-76.07889,-2.12917],[-76.10194,-2.13806],[-76.10917,-2.1625],[-76.12139,-2.15583],[-76.11778,-2.12028],[-76.12944,-2.11167],[-76.11083,-2.08139]]]}},{"type":"Feature","properties":{"codigo":1007403190},"geometry":{"type":"Polygon","coordinates":[[[-76.98194,-2.10167],[-76.97222,-2.08667],[-76.95611,-2.08778],[-76.94278,-2.10694],[-76.91472,-2.12139],[-76.84417,-2.23528],[-76.83,-2.23639],[-76.80556,-2.2575],[-76.795,-2.29083],[-76.79667,-2.31833],[-76.78139,-2.33056],[-76.77167,-2.32111],[-76.76361,-2.32528],[-76.76167,-2.34],[-76.74167,-2.33667],[-76.72917,-2.355],[-76.72667,-2.39667],[-76.71611,-2.40333],[-76.74806,-2.47194],[-76.7375,-2.50861],[-76.74472,-2.51139],[-76.75361,-2.49944],[-76.75806,-2.50639],[-76.76944,-2.5025],[-76.78528,-2.43972],[-76.8125,-2.4175],[-76.80889,-2.40167],[-76.82306,-2.38583],[-76.83,-2.35028],[-76.82361,-2.33611],[-76.82528,-2.29806],[-76.8175,-2.28417],[-76.86389,-2.24583],[-76.92611,-2.13167],[-76.96306,-2.11472],[-76.98556,-2.11444],[-76.99917,-2.10167],[-76.99528,-2.09556],[-76.98194,-2.10167]]]}},{"type":"Feature","properties":{"codigo":1007403188},"geometry":{"type":"Polygon","coordinates":[[[-77.06889,-2.02389],[-77.04472,-2.04556],[-77.04583,-2.05472],[-77.02889,-2.07333],[-77.00806,-2.08694],[-77.00556,-2.07806],[-76.98083,-2.09056],[-76.98194,-2.10167],[-76.99917,-2.09778],[-76.98556,-2.11444],[-76.96306,-2.11472],[-76.92611,-2.13167],[-76.86389,-2.24583],[-76.8175,-2.28417],[-76.82528,-2.29806],[-76.82361,-2.33611],[-76.83,-2.34972],[-76.82306,-2.38583],[-76.80833,-2.40667],[-76.82583,-2.4375],[-76.81778,-2.46083],[-76.83333,-2.46083],[-76.84028,-2.44],[-76.84222,-2.37083],[-76.85778,-2.36694],[-76.86417,-2.35306],[-76.88944,-2.34222],[-76.90722,-2.32333],[-76.90861,-2.29639],[-76.93083,-2.26889],[-76.93083,-2.25361],[-76.95778,-2.20139],[-76.97444,-2.18389],[-76.97,-2.17611],[-76.98306,-2.1675],[-77.04417,-2.06806],[-77.06389,-2.05444],[-77.06889,-2.02389]]]}},{"type":"Feature","properties":{"codigo":1007403641},"geometry":{"type":"Polygon","coordinates":[[[-78.20306,-2.10222],[-78.15444,-2.10583],[-78.14528,-2.11833],[-78.15333,-2.15722],[-78.19639,-2.15833],[-78.20083,-2.14667],[-78.19333,-2.12667],[-78.20306,-2.10222]]]}},{"type":"Feature","properties":{"codigo":1007403283},"geometry":{"type":"Polygon","coordinates":[[[-78.62694,-2.10722],[-78.59667,-2.09306],[-78.59,-2.10694],[-78.56083,-2.11694],[-78.55667,-2.12667],[-78.58472,-2.11722],[-78.615,-2.13722],[-78.62806,-2.12806],[-78.62694,-2.10722]]]}},{"type":"Feature","properties":{"codigo":1007401528},"geometry":{"type":"Polygon","coordinates":[[[-80.23278,-2.10417],[-80.21556,-2.10167],[-80.21167,-2.1075],[-80.19917,-2.10111],[-80.18028,-2.11083],[-80.15889,-2.10167],[-80.15278,-2.11889],[-80.13444,-2.11278],[-80.09778,-2.12583],[-80.08833,-2.145],[-80.10667,-2.1825],[-80.12111,-2.19111],[-80.11361,-2.21028],[-80.12917,-2.21306],[-80.13194,-2.19639],[-80.14917,-2.18556],[-80.14472,-2.17722],[-80.15306,-2.16083],[-80.18111,-2.16611],[-80.19472,-2.15778],[-80.23111,-2.1675],[-80.24222,-2.15389],[-80.23333,-2.13611],[-80.23278,-2.10417]]]}},{"type":"Feature","properties":{"codigo":1007403202},"geometry":{"type":"Polygon","coordinates":[[[-77.10083,-2.13083],[-77.14389,-2.10028],[-77.14278,-2.08306],[-77.19528,-2.04111],[-77.17694,-2.04472],[-77.1725,-2.03889],[-77.18861,-2.02083],[-77.18639,-2.01389],[-77.16889,-2.01806],[-77.14806,-2.00944],[-77.11917,-2.02333],[-77.125,-2.0325],[-77.10861,-2.04139],[-77.08972,-2.07222],[-77.0725,-2.08361],[-77.06889,-2.07889],[-77.05806,-2.10056],[-77.04861,-2.09833],[-77.03444,-2.13389],[-77.01417,-2.15528],[-77.00278,-2.19139],[-77.01694,-2.19056],[-77.04139,-2.15639],[-77.06333,-2.14139],[-77.10083,-2.13083]]]}},{"type":"Feature","properties":{"codigo":1007403448},"geometry":{"type":"Polygon","coordinates":[[[-77.76222,-2.03861],[-77.71722,-2.03417],[-77.7125,-2.05694],[-77.7,-2.06972],[-77.68917,-2.07306],[-77.68167,-2.06333],[-77.64889,-2.06111],[-77.64333,-2.07139],[-77.625,-2.07722],[-77.63028,-2.10056],[-77.58083,-2.10694],[-77.56472,-2.13111],[-77.56833,-2.14917],[-77.55417,-2.16528],[-77.54444,-2.19611],[-77.54806,-2.20944],[-77.58,-2.19],[-77.59639,-2.16],[-77.61722,-2.14528],[-77.64139,-2.14833],[-77.66139,-2.13583],[-77.66389,-2.12417],[-77.68111,-2.12944],[-77.68111,-2.11778],[-77.70639,-2.11778],[-77.72222,-2.12722],[-77.73889,-2.11083],[-77.75583,-2.11333],[-77.76722,-2.10194],[-77.77,-2.05694],[-77.76222,-2.03861]]]}},{"type":"Feature","properties":{"codigo":1007403203},"geometry":{"type":"Polygon","coordinates":[[[-77.23306,-2.17806],[-77.29694,-2.10556],[-77.30889,-2.07333],[-77.31333,-2.04833],[-77.30806,-2.04194],[-77.2975,-2.04944],[-77.29861,-2.05889],[-77.28028,-2.0675],[-77.28333,-2.07972],[-77.27417,-2.09528],[-77.20833,-2.14278],[-77.18222,-2.14167],[-77.13639,-2.17139],[-77.13306,-2.15889],[-77.09722,-2.16694],[-77.08083,-2.20583],[-77.06611,-2.21917],[-77.05889,-2.24917],[-77.13972,-2.20833],[-77.16611,-2.20722],[-77.17194,-2.19472],[-77.20583,-2.19694],[-77.20361,-2.18861],[-77.21222,-2.19167],[-77.21861,-2.17917],[-77.23306,-2.17806]]]}},{"type":"Feature","properties":{"codigo":1007403144},"geometry":{"type":"Polygon","coordinates":[[[-77.57333,-2.11389],[-77.55611,-2.09361],[-77.54028,-2.1075],[-77.50778,-2.11528],[-77.50056,-2.10833],[-77.48639,-2.11833],[-77.4725,-2.1125],[-77.45556,-2.12806],[-77.45306,-2.14278],[-77.44028,-2.14611],[-77.44389,-2.15306],[-77.43222,-2.16667],[-77.42972,-2.18611],[-77.38167,-2.19417],[-77.36472,-2.21222],[-77.32917,-2.22889],[-77.28806,-2.27306],[-77.29194,-2.28694],[-77.27889,-2.305],[-77.28417,-2.32833],[-77.27778,-2.33917],[-77.28833,-2.33972],[-77.2875,-2.36306],[-77.30083,-2.35472],[-77.29528,-2.34611],[-77.31611,-2.31056],[-77.34667,-2.30722],[-77.35056,-2.31361],[-77.39083,-2.295],[-77.39139,-2.28333],[-77.38194,-2.28194],[-77.39083,-2.26083],[-77.41639,-2.2625],[-77.42917,-2.2525],[-77.47222,-2.24306],[-77.48556,-2.2525],[-77.54861,-2.21083],[-77.54472,-2.19444],[-77.55833,-2.155],[-77.56833,-2.14917],[-77.56306,-2.14028],[-77.57333,-2.11389]]]}},{"type":"Feature","properties":{"codigo":1007402819},"geometry":{"type":"Polygon","coordinates":[[[-76.18333,-2.16028],[-76.18778,-2.08389],[-76.17333,-2.07056],[-76.15806,-2.11056],[-76.12361,-2.13306],[-76.12028,-2.15639],[-76.14917,-2.16611],[-76.18333,-2.16028]]]}},{"type":"Feature","properties":{"codigo":1007402816},"geometry":{"type":"Polygon","coordinates":[[[-76.10917,-2.09528],[-76.07278,-2.10861],[-76.0675,-2.09972],[-76.05111,-2.10528],[-76.04889,-2.11472],[-76.04222,-2.11417],[-76.05167,-2.12806],[-76.05028,-2.14083],[-76.06722,-2.14417],[-76.07167,-2.13083],[-76.10944,-2.11444],[-76.11528,-2.10472],[-76.10917,-2.09528]]]}},{"type":"Feature","properties":{"codigo":1007402248},"geometry":{"type":"Polygon","coordinates":[[[-79.70111,-2.13611],[-79.69139,-2.10056],[-79.67667,-2.10194],[-79.67056,-2.12333],[-79.65639,-2.12],[-79.64472,-2.13306],[-79.615,-2.11972],[-79.59972,-2.12861],[-79.585,-2.10917],[-79.575,-2.11861],[-79.5575,-2.10361],[-79.50889,-2.11417],[-79.49444,-2.105],[-79.47861,-2.11694],[-79.47,-2.09528],[-79.46861,-2.10167],[-79.45056,-2.10083],[-79.44167,-2.10889],[-79.42639,-2.10417],[-79.42639,-2.11667],[-79.41056,-2.11861],[-79.40833,-2.12861],[-79.39583,-2.13306],[-79.39444,-2.14556],[-79.3825,-2.14778],[-79.36389,-2.17194],[-79.39194,-2.18972],[-79.39667,-2.18444],[-79.41472,-2.19556],[-79.43028,-2.19028],[-79.45222,-2.20417],[-79.47639,-2.20111],[-79.50472,-2.22806],[-79.52556,-2.23139],[-79.52194,-2.23917],[-79.53333,-2.23583],[-79.54111,-2.24278],[-79.54472,-2.23639],[-79.56944,-2.24722],[-79.5775,-2.23028],[-79.58694,-2.23389],[-79.59694,-2.22417],[-79.59972,-2.21306],[-79.63167,-2.20083],[-79.64833,-2.18083],[-79.655,-2.18444],[-79.65972,-2.15972],[-79.67972,-2.15806],[-79.68278,-2.16528],[-79.68972,-2.14111],[-79.70111,-2.13611]]]}},{"type":"Feature","properties":{"codigo":1007403284},"geometry":{"type":"Polygon","coordinates":[[[-78.58722,-2.18667],[-78.58083,-2.11722],[-78.55528,-2.12722],[-78.54472,-2.15472],[-78.50417,-2.15833],[-78.50167,-2.20556],[-78.48778,-2.21806],[-78.505,-2.24611],[-78.57722,-2.22222],[-78.56889,-2.20556],[-78.58722,-2.18667]]]}},{"type":"Feature","properties":{"codigo":1007402036},"geometry":{"type":"Polygon","coordinates":[[[-79.77139,-2.11861],[-79.76833,-2.12778],[-79.75861,-2.12528],[-79.74889,-2.11139],[-79.74194,-2.11611],[-79.73694,-2.10417],[-79.72778,-2.115],[-79.70639,-2.08333],[-79.69361,-2.12083],[-79.70056,-2.1375],[-79.68972,-2.14111],[-79.68278,-2.16528],[-79.67972,-2.15806],[-79.65972,-2.15972],[-79.65722,-2.18111],[-79.64639,-2.18722],[-79.66111,-2.18917],[-79.66861,-2.18194],[-79.68194,-2.19444],[-79.69917,-2.1925],[-79.70306,-2.23222],[-79.71611,-2.24472],[-79.72778,-2.245],[-79.72722,-2.25472],[-79.75194,-2.27056],[-79.76444,-2.26556],[-79.77306,-2.27583],[-79.76889,-2.28694],[-79.77583,-2.28917],[-79.80611,-2.27583],[-79.80944,-2.26667],[-79.84528,-2.26833],[-79.82778,-2.2675],[-79.82806,-2.23639],[-79.80778,-2.23639],[-79.80083,-2.22778],[-79.81194,-2.21639],[-79.82639,-2.21472],[-79.81806,-2.19167],[-79.83444,-2.19806],[-79.84278,-2.18528],[-79.83667,-2.17333],[-79.84667,-2.17028],[-79.82611,-2.14972],[-79.79944,-2.15583],[-79.79694,-2.13778],[-79.78444,-2.14778],[-79.77139,-2.11861]]]}},{"type":"Feature","properties":{"codigo":1007403285},"geometry":{"type":"Polygon","coordinates":[[[-78.62833,-2.11833],[-78.62667,-2.13028],[-78.615,-2.13722],[-78.58528,-2.11833],[-78.58722,-2.18667],[-78.56889,-2.20556],[-78.57722,-2.22222],[-78.55972,-2.22361],[-78.53417,-2.24028],[-78.54389,-2.25389],[-78.53722,-2.27889],[-78.54889,-2.30444],[-78.575,-2.30389],[-78.59778,-2.31306],[-78.60611,-2.30278],[-78.62167,-2.30222],[-78.63028,-2.26778],[-78.645,-2.25917],[-78.64361,-2.24722],[-78.66278,-2.24639],[-78.67028,-2.23861],[-78.6825,-2.2],[-78.65944,-2.1725],[-78.65444,-2.14333],[-78.64167,-2.12278],[-78.62833,-2.11833]]]}},{"type":"Feature","properties":{"codigo":1007403648},"geometry":{"type":"Polygon","coordinates":[[[-78.06861,-2.13444],[-78.02583,-2.12361],[-77.98389,-2.15972],[-77.96917,-2.14861],[-77.95333,-2.15194],[-77.94944,-2.1425],[-77.94028,-2.16639],[-77.91306,-2.16111],[-77.90722,-2.18278],[-77.88889,-2.19889],[-77.88194,-2.25917],[-77.89167,-2.26583],[-77.88528,-2.29056],[-77.9,-2.285],[-77.92194,-2.29167],[-77.94333,-2.32056],[-77.96667,-2.32361],[-77.97722,-2.33333],[-77.99056,-2.32222],[-78.01389,-2.33278],[-78.00389,-2.37694],[-78.00861,-2.40778],[-78.03611,-2.42667],[-78.03972,-2.45556],[-78.0525,-2.44667],[-78.08778,-2.46556],[-78.12361,-2.43806],[-78.1175,-2.42861],[-78.14194,-2.41111],[-78.13556,-2.405],[-78.14194,-2.39],[-78.12611,-2.34417],[-78.10778,-2.32889],[-78.08306,-2.22167],[-78.06972,-2.20611],[-78.07972,-2.17917],[-78.0675,-2.16167],[-78.07139,-2.14556],[-78.06306,-2.14],[-78.06861,-2.13444]]]}},{"type":"Feature","properties":{"codigo":1007403200},"geometry":{"type":"Polygon","coordinates":[[[-77.10556,-2.14028],[-77.12611,-2.11278],[-77.10083,-2.13083],[-77.06333,-2.14139],[-77.04139,-2.15639],[-77.01694,-2.19056],[-76.99722,-2.19361],[-76.99778,-2.21083],[-77.01556,-2.22833],[-77.01694,-2.24028],[-77.04972,-2.22722],[-77.05722,-2.21667],[-77.05028,-2.20611],[-77.03667,-2.21056],[-77.04889,-2.17306],[-77.10556,-2.14028]]]}},{"type":"Feature","properties":{"codigo":1007402846},"geometry":{"type":"Polygon","coordinates":[[[-76.10194,-2.13806],[-76.07,-2.13222],[-76.06583,-2.14444],[-76.07472,-2.17194],[-76.06611,-2.18778],[-76.07056,-2.19417],[-76.10083,-2.20389],[-76.12583,-2.20222],[-76.14694,-2.21722],[-76.15806,-2.24167],[-76.17583,-2.23278],[-76.18917,-2.23861],[-76.21472,-2.21639],[-76.21083,-2.19889],[-76.19583,-2.18583],[-76.19889,-2.16],[-76.18306,-2.15667],[-76.14917,-2.16611],[-76.11972,-2.15611],[-76.10917,-2.1625],[-76.10194,-2.13806]]]}},{"type":"Feature","properties":{"codigo":1007403646},"geometry":{"type":"Polygon","coordinates":[[[-78.51639,-2.15444],[-78.50917,-2.12889],[-78.49444,-2.1225],[-78.4825,-2.12972],[-78.47111,-2.11861],[-78.45056,-2.11778],[-78.43278,-2.09],[-78.4275,-2.10111],[-78.40528,-2.10861],[-78.37833,-2.16472],[-78.35222,-2.17778],[-78.34222,-2.20361],[-78.3475,-2.23278],[-78.36111,-2.2525],[-78.39833,-2.25611],[-78.40528,-2.26694],[-78.41556,-2.25556],[-78.42889,-2.25611],[-78.44806,-2.2725],[-78.46806,-2.26583],[-78.47944,-2.25056],[-78.50111,-2.2575],[-78.51083,-2.24639],[-78.49833,-2.24056],[-78.49944,-2.22972],[-78.48778,-2.21611],[-78.50167,-2.20556],[-78.50417,-2.15833],[-78.51639,-2.15444]]]}},{"type":"Feature","properties":{"codigo":1007401526},"geometry":{"type":"Polygon","coordinates":[[[-80.0875,-2.13611],[-80.07639,-2.13472],[-80.05528,-2.15333],[-80.03056,-2.15306],[-80.02194,-2.19194],[-79.99528,-2.19917],[-79.99083,-2.20917],[-79.99806,-2.21667],[-79.96639,-2.23722],[-79.97222,-2.24306],[-79.98083,-2.23833],[-79.98194,-2.24889],[-79.98556,-2.24056],[-79.99083,-2.24861],[-80.00639,-2.24278],[-80.02444,-2.25417],[-80.02972,-2.23917],[-80.06194,-2.20972],[-80.08417,-2.21722],[-80.09417,-2.19139],[-80.10806,-2.18944],[-80.0875,-2.13611]]]}},{"type":"Feature","properties":{"codigo":1007403204},"geometry":{"type":"Polygon","coordinates":[[[-77.2525,-2.18028],[-77.28111,-2.14083],[-77.28139,-2.11778],[-77.23306,-2.17806],[-77.21861,-2.17917],[-77.21222,-2.19167],[-77.20361,-2.18861],[-77.20583,-2.19694],[-77.17611,-2.19333],[-77.16611,-2.20722],[-77.145,-2.20639],[-77.10194,-2.22639],[-77.07194,-2.26833],[-77.07111,-2.28028],[-77.02,-2.34556],[-77.01917,-2.35917],[-77.01056,-2.36278],[-76.99806,-2.39],[-76.98861,-2.38639],[-76.96889,-2.40528],[-76.93472,-2.41472],[-76.92722,-2.435],[-76.93306,-2.44917],[-76.91389,-2.46028],[-76.91694,-2.46833],[-76.92833,-2.46861],[-76.91917,-2.48111],[-76.92583,-2.48944],[-76.9225,-2.50472],[-76.91222,-2.51444],[-76.90528,-2.51139],[-76.89278,-2.53917],[-76.90833,-2.53083],[-76.92167,-2.54083],[-76.95361,-2.52333],[-76.955,-2.49583],[-76.97417,-2.48111],[-76.97889,-2.46361],[-76.99083,-2.46139],[-77.00972,-2.43111],[-77.01194,-2.39389],[-77.02833,-2.37944],[-77.04139,-2.38361],[-77.04861,-2.36722],[-77.05806,-2.365],[-77.05083,-2.35583],[-77.06389,-2.34611],[-77.05833,-2.33917],[-77.07639,-2.32889],[-77.06639,-2.32528],[-77.07833,-2.31694],[-77.0825,-2.29972],[-77.10667,-2.28722],[-77.11417,-2.25861],[-77.1375,-2.22972],[-77.17722,-2.21],[-77.19222,-2.21389],[-77.23389,-2.19667],[-77.23361,-2.18889],[-77.2525,-2.18028]]]}},{"type":"Feature","properties":{"codigo":1007402843},"geometry":{"type":"Polygon","coordinates":[[[-76.18722,-2.11861],[-76.18167,-2.14917],[-76.20056,-2.16194],[-76.19583,-2.18583],[-76.21083,-2.19917],[-76.24806,-2.17861],[-76.28667,-2.18278],[-76.32556,-2.17444],[-76.31861,-2.15556],[-76.29444,-2.15333],[-76.27972,-2.13722],[-76.25444,-2.14472],[-76.235,-2.12722],[-76.21306,-2.13222],[-76.18722,-2.11861]]]}},{"type":"Feature","properties":{"codigo":1007401498},"geometry":{"type":"Polygon","coordinates":[[[-80.64611,-2.14389],[-80.61,-2.165],[-80.61528,-2.17833],[-80.60639,-2.20806],[-80.62333,-2.21278],[-80.62806,-2.22194],[-80.66806,-2.22556],[-80.68583,-2.21333],[-80.70167,-2.21972],[-80.72833,-2.20833],[-80.7325,-2.22139],[-80.74556,-2.22222],[-80.75694,-2.21111],[-80.76639,-2.215],[-80.78583,-2.20278],[-80.80222,-2.18528],[-80.77861,-2.17806],[-80.78472,-2.16889],[-80.78083,-2.1425],[-80.77222,-2.14361],[-80.75972,-2.17333],[-80.73278,-2.17583],[-80.71667,-2.16778],[-80.70583,-2.1725],[-80.67,-2.16472],[-80.64611,-2.14389]]]}},{"type":"Feature","properties":{"codigo":1007402294},"geometry":{"type":"Polygon","coordinates":[[[-80.62444,-2.15722],[-80.60667,-2.14528],[-80.56889,-2.15611],[-80.5525,-2.14556],[-80.5075,-2.14389],[-80.49722,-2.13306],[-80.495,-2.10111],[-80.48583,-2.08972],[-80.46333,-2.09917],[-80.44806,-2.09472],[-80.40944,-2.12333],[-80.38972,-2.12472],[-80.38694,-2.13778],[-80.37611,-2.14333],[-80.36861,-2.13861],[-80.36694,-2.14944],[-80.35333,-2.14528],[-80.335,-2.15528],[-80.32861,-2.19222],[-80.33528,-2.22389],[-80.36278,-2.24306],[-80.46,-2.23139],[-80.48778,-2.25361],[-80.49861,-2.24417],[-80.52917,-2.24889],[-80.56889,-2.28417],[-80.58611,-2.31472],[-80.62083,-2.26972],[-80.61861,-2.24667],[-80.61139,-2.24333],[-80.61861,-2.23472],[-80.60444,-2.22167],[-80.60833,-2.18528],[-80.61528,-2.17833],[-80.61,-2.165],[-80.62444,-2.15722]]]}},{"type":"Feature","properties":{"codigo":1007403197},"geometry":{"type":"Polygon","coordinates":[[[-77.11167,-2.16389],[-77.10833,-2.14556],[-77.1,-2.13972],[-77.05806,-2.16583],[-77.04444,-2.18],[-77.03667,-2.21056],[-77.05028,-2.20611],[-77.05694,-2.21639],[-77.07722,-2.21167],[-77.09583,-2.16833],[-77.11167,-2.16389]]]}},{"type":"Feature","properties":{"codigo":1007402674},"geometry":{"type":"Polygon","coordinates":[[[-76.65417,-2.15306],[-76.64778,-2.16083],[-76.64333,-2.15278],[-76.60306,-2.16083],[-76.575,-2.18028],[-76.57639,-2.19139],[-76.56222,-2.21139],[-76.50917,-2.2225],[-76.46778,-2.26028],[-76.45583,-2.25306],[-76.42861,-2.27583],[-76.41556,-2.26361],[-76.40778,-2.26667],[-76.405,-2.29389],[-76.42694,-2.29444],[-76.43139,-2.30917],[-76.44611,-2.31861],[-76.44278,-2.34056],[-76.46167,-2.34944],[-76.48528,-2.31278],[-76.48889,-2.28278],[-76.50556,-2.27444],[-76.50611,-2.25917],[-76.5475,-2.24639],[-76.56028,-2.23111],[-76.56889,-2.2375],[-76.58222,-2.22611],[-76.60139,-2.22611],[-76.61056,-2.20333],[-76.65167,-2.175],[-76.65417,-2.15306]]]}},{"type":"Feature","properties":{"codigo":1007403447},"geometry":{"type":"Polygon","coordinates":[[[-77.91306,-2.16111],[-77.9,-2.14694],[-77.88556,-2.14611],[-77.88694,-2.12611],[-77.88,-2.11806],[-77.83917,-2.12028],[-77.835,-2.11028],[-77.81556,-2.10528],[-77.81583,-2.08333],[-77.80833,-2.08306],[-77.80806,-2.14694],[-77.82083,-2.16639],[-77.81056,-2.1975],[-77.82194,-2.21389],[-77.82694,-2.24778],[-77.85139,-2.25583],[-77.86278,-2.27167],[-77.865,-2.29833],[-77.87861,-2.29639],[-77.89,-2.28],[-77.89167,-2.26583],[-77.88194,-2.25917],[-77.88861,-2.2],[-77.90722,-2.18278],[-77.91306,-2.16111]]]}},{"type":"Feature","properties":{"codigo":1007403643},"geometry":{"type":"Polygon","coordinates":[[[-78.18611,-2.16167],[-78.15333,-2.15833],[-78.16194,-2.17806],[-78.17833,-2.185],[-78.19389,-2.21],[-78.21167,-2.19417],[-78.18611,-2.16167]]]}},{"type":"Feature","properties":{"codigo":1007403206},"geometry":{"type":"Polygon","coordinates":[[[-77.35028,-2.17333],[-77.34861,-2.15944],[-77.35361,-2.12694],[-77.37389,-2.10556],[-77.36667,-2.06639],[-77.35083,-2.07222],[-77.33806,-2.09],[-77.33722,-2.10222],[-77.30278,-2.14611],[-77.28222,-2.18389],[-77.28222,-2.20167],[-77.27417,-2.20389],[-77.26944,-2.21667],[-77.31389,-2.19139],[-77.32139,-2.19694],[-77.33667,-2.19278],[-77.35167,-2.21556],[-77.36472,-2.21222],[-77.38417,-2.19333],[-77.36361,-2.19111],[-77.35028,-2.17333]]]}},{"type":"Feature","properties":{"codigo":1007402037},"geometry":{"type":"Polygon","coordinates":[[[-79.88389,-2.16194],[-79.84361,-2.16028],[-79.84667,-2.17222],[-79.83667,-2.17333],[-79.84278,-2.18528],[-79.83444,-2.19806],[-79.81806,-2.19167],[-79.82639,-2.21472],[-79.81194,-2.21639],[-79.80083,-2.22778],[-79.80778,-2.23639],[-79.82861,-2.23694],[-79.82778,-2.2675],[-79.85833,-2.26861],[-79.86556,-2.25361],[-79.87833,-2.25806],[-79.89528,-2.23111],[-79.87972,-2.19056],[-79.88389,-2.16194]]]}},{"type":"Feature","properties":{"codigo":1007402841},"geometry":{"type":"Polygon","coordinates":[[[-76.47611,-2.17611],[-76.43167,-2.14417],[-76.39972,-2.13972],[-76.41583,-2.17611],[-76.43833,-2.19583],[-76.44611,-2.21611],[-76.44333,-2.22944],[-76.43,-2.22806],[-76.41056,-2.23917],[-76.41639,-2.24611],[-76.41139,-2.26278],[-76.42667,-2.27583],[-76.45583,-2.25306],[-76.46833,-2.26],[-76.50806,-2.225],[-76.49083,-2.21472],[-76.48778,-2.19528],[-76.48083,-2.19528],[-76.47611,-2.17611]]]}},{"type":"Feature","properties":{"codigo":1007402300},"geometry":{"type":"Polygon","coordinates":[[[-80.33056,-2.16806],[-80.30389,-2.17417],[-80.28972,-2.16556],[-80.28056,-2.17889],[-80.25861,-2.18444],[-80.24028,-2.21972],[-80.26083,-2.22972],[-80.26556,-2.24222],[-80.25028,-2.27778],[-80.25861,-2.29806],[-80.24889,-2.31694],[-80.23111,-2.31778],[-80.20389,-2.35056],[-80.19972,-2.37361],[-80.18556,-2.39222],[-80.17889,-2.38528],[-80.17139,-2.38944],[-80.17389,-2.40833],[-80.20222,-2.40111],[-80.25361,-2.41306],[-80.26306,-2.40889],[-80.275,-2.42139],[-80.2925,-2.42111],[-80.31611,-2.39444],[-80.33611,-2.37944],[-80.35139,-2.37889],[-80.37417,-2.3575],[-80.37861,-2.34],[-80.36111,-2.32639],[-80.36528,-2.305],[-80.34528,-2.27722],[-80.36639,-2.25611],[-80.36667,-2.24361],[-80.33528,-2.22389],[-80.33056,-2.16806]]]}},{"type":"Feature","properties":{"codigo":1007403644},"geometry":{"type":"Polygon","coordinates":[[[-78.35222,-2.17778],[-78.34222,-2.16722],[-78.35167,-2.15639],[-78.33778,-2.11944],[-78.30361,-2.12833],[-78.29,-2.16056],[-78.26111,-2.15972],[-78.24639,-2.1775],[-78.21944,-2.1675],[-78.20111,-2.18306],[-78.21167,-2.19417],[-78.20722,-2.2025],[-78.2175,-2.20111],[-78.22333,-2.21083],[-78.22806,-2.24028],[-78.24083,-2.25194],[-78.24722,-2.27722],[-78.26778,-2.27139],[-78.29722,-2.29],[-78.30889,-2.28667],[-78.32667,-2.25583],[-78.35417,-2.24167],[-78.34222,-2.20833],[-78.35222,-2.17778]]]}},{"type":"Feature","properties":{"codigo":1007402840},"geometry":{"type":"Polygon","coordinates":[[[-76.41583,-2.17611],[-76.40167,-2.13861],[-76.39833,-2.13722],[-76.395,-2.1375],[-76.39194,-2.13167],[-76.38333,-2.13],[-76.37278,-2.14639],[-76.33556,-2.17083],[-76.35,-2.20389],[-76.36167,-2.21417],[-76.37222,-2.20889],[-76.38806,-2.23722],[-76.38833,-2.25417],[-76.39833,-2.25056],[-76.40944,-2.25833],[-76.41389,-2.23556],[-76.44694,-2.22333],[-76.43833,-2.19583],[-76.41583,-2.17611]]]}},{"type":"Feature","properties":{"codigo":1007402844},"geometry":{"type":"Polygon","coordinates":[[[-76.33639,-2.18],[-76.32194,-2.17417],[-76.28667,-2.18278],[-76.2575,-2.17778],[-76.24222,-2.18611],[-76.26111,-2.22778],[-76.29778,-2.245],[-76.30056,-2.26139],[-76.29333,-2.27222],[-76.31222,-2.28417],[-76.34722,-2.25361],[-76.38778,-2.24],[-76.37222,-2.20889],[-76.36083,-2.21361],[-76.33639,-2.18]]]}},{"type":"Feature","properties":{"codigo":1007402270},"geometry":{"type":"Polygon","coordinates":[[[-78.96333,-2.18056],[-78.93694,-2.19278],[-78.93417,-2.23917],[-78.94917,-2.25444],[-78.95111,-2.28417],[-78.91194,-2.33194],[-78.90278,-2.38694],[-78.88722,-2.39417],[-78.89556,-2.40333],[-78.93139,-2.4],[-78.96444,-2.36083],[-78.98278,-2.37167],[-78.99417,-2.35361],[-79.01583,-2.35],[-79.0625,-2.31028],[-79.04889,-2.26917],[-78.99694,-2.21833],[-78.98167,-2.22],[-78.96333,-2.18056]]]}},{"type":"Feature","properties":{"codigo":1007403438},"geometry":{"type":"Polygon","coordinates":[[[-77.81056,-2.195],[-77.80056,-2.18194],[-77.78194,-2.17556],[-77.75722,-2.14028],[-77.72944,-2.1475],[-77.72139,-2.14167],[-77.70333,-2.15972],[-77.69194,-2.15333],[-77.67583,-2.16139],[-77.66722,-2.15778],[-77.67056,-2.17139],[-77.65306,-2.17611],[-77.65694,-2.18167],[-77.64639,-2.1925],[-77.65306,-2.20278],[-77.65833,-2.19833],[-77.65722,-2.2125],[-77.64917,-2.21528],[-77.65806,-2.22139],[-77.65194,-2.24944],[-77.64167,-2.25722],[-77.64556,-2.27611],[-77.66444,-2.2875],[-77.66222,-2.30444],[-77.67639,-2.30333],[-77.68139,-2.28694],[-77.70139,-2.2825],[-77.70667,-2.23667],[-77.71722,-2.225],[-77.72694,-2.22528],[-77.73083,-2.21361],[-77.74306,-2.20778],[-77.75944,-2.2125],[-77.76972,-2.20361],[-77.78806,-2.20639],[-77.81056,-2.195]]]}},{"type":"Feature","properties":{"codigo":1007402271},"geometry":{"type":"Polygon","coordinates":[[[-78.93694,-2.19278],[-78.91944,-2.19528],[-78.90056,-2.17333],[-78.88778,-2.175],[-78.87722,-2.29472],[-78.94722,-2.26861],[-78.94917,-2.25444],[-78.93417,-2.23917],[-78.93694,-2.19278]]]}},{"type":"Feature","properties":{"codigo":1007402845},"geometry":{"type":"Polygon","coordinates":[[[-76.24222,-2.18639],[-76.21639,-2.19167],[-76.21056,-2.20167],[-76.21472,-2.21639],[-76.19694,-2.23],[-76.20167,-2.24222],[-76.21056,-2.24389],[-76.21111,-2.26306],[-76.21917,-2.26639],[-76.21611,-2.27667],[-76.20028,-2.28361],[-76.20417,-2.30722],[-76.21194,-2.31972],[-76.24389,-2.33639],[-76.2375,-2.34278],[-76.24667,-2.35528],[-76.26222,-2.35667],[-76.29944,-2.38194],[-76.31667,-2.37694],[-76.33361,-2.36778],[-76.33278,-2.34917],[-76.35333,-2.34167],[-76.35306,-2.32583],[-76.37278,-2.31472],[-76.37028,-2.30778],[-76.40528,-2.29417],[-76.41222,-2.26111],[-76.39833,-2.25056],[-76.38833,-2.25417],[-76.38417,-2.24278],[-76.36667,-2.24583],[-76.31222,-2.28417],[-76.29333,-2.27222],[-76.30056,-2.26139],[-76.29778,-2.245],[-76.26111,-2.22778],[-76.24222,-2.18639]]]}},{"type":"Feature","properties":{"codigo":1007403195},"geometry":{"type":"Polygon","coordinates":[[[-77.01889,-2.24194],[-76.99167,-2.20028],[-76.99111,-2.21417],[-77.01472,-2.25083],[-77.00444,-2.26556],[-77.005,-2.28389],[-76.99583,-2.30194],[-76.97778,-2.3],[-76.95222,-2.33389],[-76.95972,-2.33583],[-76.9625,-2.3525],[-76.98667,-2.34806],[-76.98972,-2.35694],[-77.00306,-2.35194],[-77.00833,-2.33444],[-77.02222,-2.32222],[-77.05194,-2.30694],[-77.07861,-2.25722],[-77.10417,-2.23056],[-77.06,-2.24944],[-77.04833,-2.23889],[-77.01889,-2.24194]]]}},{"type":"Feature","properties":{"codigo":1007402255},"geometry":{"type":"Polygon","coordinates":[[[-79.41611,-2.19556],[-79.42194,-2.2],[-79.4175,-2.21056],[-79.43194,-2.21],[-79.43944,-2.23111],[-79.45139,-2.22361],[-79.46556,-2.23333],[-79.48194,-2.22972],[-79.50361,-2.24194],[-79.51056,-2.23889],[-79.51944,-2.25056],[-79.53222,-2.24417],[-79.55361,-2.25528],[-79.55333,-2.23944],[-79.52194,-2.23917],[-79.52556,-2.23139],[-79.50472,-2.22806],[-79.47639,-2.20111],[-79.45222,-2.20417],[-79.43028,-2.19028],[-79.41611,-2.19556]]]}},{"type":"Feature","properties":{"codigo":1007402273},"geometry":{"type":"Polygon","coordinates":[[[-78.67361,-2.18306],[-78.69,-2.23278],[-78.71194,-2.23278],[-78.77389,-2.25583],[-78.79306,-2.31528],[-78.80833,-2.32528],[-78.81083,-2.33639],[-78.84639,-2.30306],[-78.86722,-2.30694],[-78.87722,-2.29472],[-78.87889,-2.24417],[-78.85806,-2.22139],[-78.82889,-2.22083],[-78.785,-2.18639],[-78.77278,-2.19583],[-78.76028,-2.19306],[-78.73778,-2.18028],[-78.72889,-2.16583],[-78.70694,-2.16556],[-78.67361,-2.18306]]]}},{"type":"Feature","properties":{"codigo":1007403647},"geometry":{"type":"Polygon","coordinates":[[[-78.20722,-2.2025],[-78.19389,-2.20972],[-78.20111,-2.28806],[-78.24833,-2.34361],[-78.28444,-2.36444],[-78.28389,-2.385],[-78.29722,-2.40917],[-78.29167,-2.42389],[-78.30389,-2.43389],[-78.33528,-2.42611],[-78.35222,-2.44222],[-78.36417,-2.4425],[-78.39917,-2.41861],[-78.41833,-2.42389],[-78.42361,-2.43556],[-78.4375,-2.43528],[-78.44389,-2.42083],[-78.48,-2.41556],[-78.48583,-2.3725],[-78.50028,-2.38167],[-78.54194,-2.33583],[-78.56194,-2.32556],[-78.57889,-2.33],[-78.58694,-2.31833],[-78.575,-2.30389],[-78.54833,-2.30417],[-78.53722,-2.27889],[-78.54389,-2.25389],[-78.53417,-2.24056],[-78.51333,-2.24083],[-78.50028,-2.25778],[-78.47944,-2.25056],[-78.46806,-2.26583],[-78.44917,-2.2725],[-78.42889,-2.25611],[-78.41556,-2.25556],[-78.40722,-2.26694],[-78.39833,-2.25611],[-78.36917,-2.25667],[-78.35389,-2.24167],[-78.32667,-2.25583],[-78.30778,-2.28778],[-78.29583,-2.29],[-78.26417,-2.27056],[-78.25056,-2.28056],[-78.24083,-2.25194],[-78.22806,-2.24028],[-78.22083,-2.20583],[-78.20722,-2.2025]]]}},{"type":"Feature","properties":{"codigo":1007403638},"geometry":{"type":"Polygon","coordinates":[[[-78.19389,-2.21],[-78.17917,-2.18583],[-78.16333,-2.17806],[-78.13694,-2.19194],[-78.11694,-2.18694],[-78.1,-2.195],[-78.10778,-2.215],[-78.13306,-2.23278],[-78.12778,-2.24222],[-78.13556,-2.25861],[-78.11944,-2.28528],[-78.12222,-2.30889],[-78.11417,-2.32333],[-78.135,-2.34611],[-78.15444,-2.32472],[-78.14528,-2.30417],[-78.19361,-2.29222],[-78.20333,-2.28333],[-78.19306,-2.24556],[-78.19389,-2.21]]]}},{"type":"Feature","properties":{"codigo":1007403444},"geometry":{"type":"Polygon","coordinates":[[[-77.55611,-2.20861],[-77.52111,-2.22389],[-77.52278,-2.23278],[-77.5025,-2.24694],[-77.48472,-2.2525],[-77.47222,-2.24306],[-77.44278,-2.25167],[-77.45083,-2.26139],[-77.43139,-2.2675],[-77.41028,-2.30222],[-77.39306,-2.30556],[-77.39722,-2.32028],[-77.40611,-2.32028],[-77.40056,-2.34944],[-77.36528,-2.37111],[-77.36944,-2.38139],[-77.35806,-2.39528],[-77.36167,-2.41167],[-77.35361,-2.41222],[-77.34472,-2.44167],[-77.33694,-2.43722],[-77.33167,-2.44333],[-77.33917,-2.47056],[-77.35556,-2.48639],[-77.33333,-2.49333],[-77.33833,-2.50778],[-77.32722,-2.51667],[-77.32583,-2.52944],[-77.34194,-2.54639],[-77.33806,-2.57444],[-77.32833,-2.5875],[-77.34194,-2.60389],[-77.33722,-2.62306],[-77.34667,-2.63222],[-77.32444,-2.64361],[-77.32139,-2.65917],[-77.33556,-2.66278],[-77.34111,-2.69778],[-77.38417,-2.72917],[-77.42472,-2.72889],[-77.42056,-2.71806],[-77.44444,-2.68472],[-77.43194,-2.66639],[-77.43,-2.64944],[-77.4425,-2.64389],[-77.42778,-2.61056],[-77.43417,-2.60417],[-77.43056,-2.58389],[-77.41917,-2.58028],[-77.41917,-2.57278],[-77.42444,-2.57833],[-77.42833,-2.57361],[-77.40639,-2.56028],[-77.41833,-2.54611],[-77.40861,-2.54056],[-77.41167,-2.52944],[-77.40222,-2.51139],[-77.39194,-2.50861],[-77.39389,-2.5],[-77.38694,-2.50167],[-77.39083,-2.47528],[-77.37278,-2.46167],[-77.37472,-2.44778],[-77.39389,-2.44139],[-77.38472,-2.40389],[-77.3925,-2.39056],[-77.40306,-2.39444],[-77.41583,-2.38472],[-77.43944,-2.35028],[-77.44361,-2.3275],[-77.4625,-2.32278],[-77.46611,-2.30556],[-77.45028,-2.28167],[-77.46361,-2.27694],[-77.47944,-2.285],[-77.49278,-2.27194],[-77.50472,-2.27167],[-77.53833,-2.27917],[-77.55222,-2.29056],[-77.55806,-2.27083],[-77.57639,-2.27417],[-77.58778,-2.26667],[-77.58917,-2.24333],[-77.62194,-2.22861],[-77.62583,-2.21556],[-77.63556,-2.21139],[-77.60139,-2.19583],[-77.58667,-2.21278],[-77.57,-2.21556],[-77.55611,-2.20861]]]}},{"type":"Feature","properties":{"codigo":1007402269},"geometry":{"type":"Polygon","coordinates":[[[-79.39472,-2.22167],[-79.42056,-2.20528],[-79.40361,-2.205],[-79.39583,-2.19694],[-79.39139,-2.20806],[-79.36194,-2.21444],[-79.35,-2.20833],[-79.32056,-2.2225],[-79.3125,-2.21389],[-79.29861,-2.21889],[-79.28417,-2.21],[-79.28222,-2.21778],[-79.26944,-2.21667],[-79.24889,-2.20528],[-79.24139,-2.21472],[-79.23639,-2.20306],[-79.19667,-2.20722],[-79.17806,-2.20083],[-79.07083,-2.21722],[-79.05556,-2.23417],[-79.02611,-2.24472],[-79.05694,-2.28194],[-79.06111,-2.30083],[-79.09389,-2.32222],[-79.1125,-2.27694],[-79.11083,-2.26111],[-79.12528,-2.25972],[-79.1375,-2.26889],[-79.16,-2.26389],[-79.14306,-2.23389],[-79.14611,-2.21917],[-79.22083,-2.21861],[-79.24361,-2.23],[-79.285,-2.22333],[-79.31722,-2.23667],[-79.36833,-2.21889],[-79.39472,-2.22167]]]}},{"type":"Feature","properties":{"codigo":1007403441},"geometry":{"type":"Polygon","coordinates":[[[-77.65806,-2.22111],[-77.63389,-2.21111],[-77.62194,-2.22861],[-77.58917,-2.24333],[-77.58778,-2.26667],[-77.58,-2.2725],[-77.55778,-2.27111],[-77.54861,-2.29111],[-77.55278,-2.32611],[-77.53333,-2.33333],[-77.50306,-2.31611],[-77.49972,-2.33778],[-77.48694,-2.34806],[-77.4825,-2.36583],[-77.46917,-2.37167],[-77.46639,-2.3875],[-77.48722,-2.39111],[-77.49167,-2.37528],[-77.495,-2.37611],[-77.49667,-2.38306],[-77.49944,-2.38417],[-77.50083,-2.36861],[-77.51694,-2.36611],[-77.53139,-2.35194],[-77.55278,-2.35722],[-77.56083,-2.36889],[-77.5925,-2.35611],[-77.6,-2.34028],[-77.59306,-2.33361],[-77.61667,-2.32472],[-77.62806,-2.25472],[-77.64167,-2.26222],[-77.65194,-2.24944],[-77.65806,-2.22111]]]}},{"type":"Feature","properties":{"codigo":1007401527},"geometry":{"type":"Polygon","coordinates":[[[-80.1225,-2.21333],[-80.11278,-2.20194],[-80.12111,-2.19111],[-80.10833,-2.18222],[-80.10694,-2.19056],[-80.09417,-2.19139],[-80.08417,-2.21722],[-80.06194,-2.20972],[-80.02972,-2.23917],[-80.02639,-2.2525],[-80.01389,-2.25278],[-80.02194,-2.25306],[-80.02222,-2.25389],[-80.00444,-2.26417],[-80.00028,-2.2725],[-80.01056,-2.28222],[-80.00333,-2.29167],[-80.01917,-2.30528],[-80.03889,-2.29472],[-80.06139,-2.30889],[-80.09333,-2.27333],[-80.10833,-2.27944],[-80.12694,-2.26972],[-80.12556,-2.25417],[-80.13639,-2.24583],[-80.14472,-2.25],[-80.14806,-2.23083],[-80.16333,-2.22167],[-80.15222,-2.21278],[-80.1225,-2.21333]]]}},{"type":"Feature","properties":{"codigo":1007403196},"geometry":{"type":"Polygon","coordinates":[[[-77.07056,-2.21389],[-77.05417,-2.2175],[-77.04972,-2.22722],[-77.02611,-2.2375],[-77.06,-2.24694],[-77.07056,-2.21389]]]}},{"type":"Feature","properties":{"codigo":1007403205},"geometry":{"type":"Polygon","coordinates":[[[-77.35056,-2.21444],[-77.33667,-2.19278],[-77.32139,-2.19694],[-77.31389,-2.19139],[-77.29111,-2.19917],[-77.27694,-2.21583],[-77.25556,-2.22083],[-77.25861,-2.18694],[-77.27333,-2.16722],[-77.27,-2.15417],[-77.2525,-2.18028],[-77.23361,-2.18889],[-77.23389,-2.19667],[-77.19222,-2.21389],[-77.17722,-2.21],[-77.1375,-2.22972],[-77.11417,-2.25861],[-77.10667,-2.28722],[-77.0825,-2.29972],[-77.07833,-2.31694],[-77.06639,-2.32528],[-77.07639,-2.32889],[-77.05833,-2.33917],[-77.06389,-2.34611],[-77.05083,-2.35583],[-77.05806,-2.365],[-77.04861,-2.36722],[-77.04139,-2.38361],[-77.02833,-2.37944],[-77.01194,-2.39389],[-77.00972,-2.43111],[-76.99083,-2.46139],[-76.97889,-2.46361],[-76.97417,-2.48111],[-76.955,-2.49583],[-76.95361,-2.52333],[-76.92167,-2.54083],[-76.90833,-2.53083],[-76.89306,-2.53917],[-76.88806,-2.53389],[-76.88472,-2.55583],[-76.86972,-2.54944],[-76.85389,-2.55472],[-76.85,-2.54472],[-76.8425,-2.55028],[-76.83472,-2.54167],[-76.82417,-2.54278],[-76.8425,-2.56667],[-76.83556,-2.57528],[-76.84694,-2.57083],[-76.88472,-2.58556],[-76.90667,-2.57139],[-76.90333,-2.58222],[-76.92528,-2.58806],[-76.93694,-2.58583],[-76.93611,-2.57417],[-76.97611,-2.55889],[-76.97111,-2.54472],[-76.98333,-2.53639],[-76.97861,-2.52806],[-77.01806,-2.52083],[-77.03056,-2.5075],[-77.0575,-2.49889],[-77.04806,-2.49583],[-77.04083,-2.47972],[-77.07972,-2.46139],[-77.07722,-2.44972],[-77.09194,-2.44889],[-77.10056,-2.42833],[-77.0875,-2.41722],[-77.08806,-2.39306],[-77.11889,-2.37444],[-77.12278,-2.3575],[-77.13778,-2.35139],[-77.14778,-2.33333],[-77.21222,-2.31111],[-77.21528,-2.31583],[-77.24528,-2.29472],[-77.25056,-2.29806],[-77.29583,-2.26722],[-77.35056,-2.21444]]]}},{"type":"Feature","properties":{"codigo":1007401531},"geometry":{"type":"Polygon","coordinates":[[[-80.78778,-2.19972],[-80.74556,-2.22222],[-80.7325,-2.22139],[-80.7275,-2.20833],[-80.70167,-2.21972],[-80.68583,-2.21333],[-80.67972,-2.22333],[-80.75444,-2.26611],[-80.77833,-2.26389],[-80.78861,-2.27444],[-80.81167,-2.26833],[-80.81528,-2.27972],[-80.845,-2.27833],[-80.88056,-2.25972],[-80.87583,-2.23556],[-80.85083,-2.21639],[-80.81917,-2.2325],[-80.8025,-2.2225],[-80.78778,-2.19972]]]}},{"type":"Feature","properties":{"codigo":1007401532},"geometry":{"type":"Polygon","coordinates":[[[-80.67944,-2.22194],[-80.67083,-2.22417],[-80.67194,-2.24778],[-80.69972,-2.26833],[-80.71861,-2.2675],[-80.75028,-2.29111],[-80.78472,-2.28778],[-80.80528,-2.31639],[-80.8325,-2.32778],[-80.85444,-2.33111],[-80.85444,-2.31639],[-80.87333,-2.31167],[-80.8675,-2.26889],[-80.81528,-2.27972],[-80.81167,-2.26833],[-80.78861,-2.27444],[-80.77833,-2.26389],[-80.75556,-2.26639],[-80.71083,-2.2375],[-80.68944,-2.23361],[-80.67944,-2.22194]]]}},{"type":"Feature","properties":{"codigo":1007402290},"geometry":{"type":"Polygon","coordinates":[[[-80.67083,-2.22472],[-80.62806,-2.22194],[-80.62333,-2.21278],[-80.60778,-2.20861],[-80.605,-2.22667],[-80.61861,-2.23472],[-80.61139,-2.24333],[-80.61861,-2.24667],[-80.62056,-2.27056],[-80.59333,-2.30028],[-80.59139,-2.31306],[-80.56056,-2.32667],[-80.55417,-2.3625],[-80.58222,-2.36056],[-80.60278,-2.3475],[-80.62444,-2.37194],[-80.62722,-2.38583],[-80.65556,-2.39278],[-80.66472,-2.40667],[-80.69389,-2.40278],[-80.69806,-2.37944],[-80.7325,-2.34583],[-80.71722,-2.31611],[-80.72667,-2.30667],[-80.71639,-2.29278],[-80.71972,-2.28667],[-80.70722,-2.26694],[-80.67194,-2.24778],[-80.67083,-2.22472]]]}},{"type":"Feature","properties":{"codigo":1007402250},"geometry":{"type":"Polygon","coordinates":[[[-79.64639,-2.18722],[-79.59972,-2.21306],[-79.59694,-2.23389],[-79.60833,-2.23972],[-79.60861,-2.23306],[-79.62472,-2.22722],[-79.65472,-2.23472],[-79.6575,-2.22583],[-79.67278,-2.22806],[-79.67111,-2.24417],[-79.68361,-2.2525],[-79.67889,-2.26472],[-79.68833,-2.28111],[-79.69611,-2.27667],[-79.70139,-2.28611],[-79.72083,-2.28694],[-79.73722,-2.30833],[-79.75167,-2.3125],[-79.77889,-2.33861],[-79.82361,-2.34083],[-79.81806,-2.33361],[-79.82667,-2.32],[-79.81806,-2.32111],[-79.80917,-2.29222],[-79.79639,-2.29389],[-79.79611,-2.30139],[-79.78694,-2.27972],[-79.76972,-2.28806],[-79.77306,-2.27583],[-79.76444,-2.26556],[-79.75194,-2.27056],[-79.72722,-2.25472],[-79.72778,-2.245],[-79.71611,-2.24472],[-79.70306,-2.23222],[-79.69917,-2.1925],[-79.68194,-2.19444],[-79.66861,-2.18194],[-79.66111,-2.18917],[-79.64639,-2.18722]]]}},{"type":"Feature","properties":{"codigo":1007403166},"geometry":{"type":"Polygon","coordinates":[[[-76.69389,-2.24278],[-76.71056,-2.20778],[-76.70417,-2.19611],[-76.69278,-2.22056],[-76.6725,-2.22944],[-76.68222,-2.23528],[-76.66389,-2.27167],[-76.64222,-2.27889],[-76.60083,-2.3375],[-76.58083,-2.34194],[-76.56694,-2.35833],[-76.58056,-2.43694],[-76.56361,-2.49333],[-76.58083,-2.49361],[-76.58806,-2.51611],[-76.59917,-2.5125],[-76.61583,-2.52083],[-76.6225,-2.54806],[-76.61194,-2.55111],[-76.6125,-2.57],[-76.59833,-2.57667],[-76.61833,-2.6025],[-76.62722,-2.59167],[-76.63306,-2.59583],[-76.64167,-2.57528],[-76.6625,-2.56389],[-76.65611,-2.55556],[-76.66611,-2.54917],[-76.66944,-2.52806],[-76.67694,-2.52667],[-76.67528,-2.50889],[-76.69083,-2.49861],[-76.68111,-2.475],[-76.68833,-2.465],[-76.68333,-2.43556],[-76.7025,-2.43],[-76.70444,-2.42],[-76.71889,-2.41111],[-76.71611,-2.40278],[-76.72667,-2.39667],[-76.7325,-2.3725],[-76.72917,-2.355],[-76.74139,-2.34583],[-76.74361,-2.33389],[-76.72222,-2.32778],[-76.71556,-2.30556],[-76.70194,-2.29639],[-76.70694,-2.25778],[-76.69389,-2.24278]]]}},{"type":"Feature","properties":{"codigo":1007402299},"geometry":{"type":"Polygon","coordinates":[[[-80.26083,-2.22972],[-80.19944,-2.21833],[-80.175,-2.23028],[-80.16778,-2.22333],[-80.14806,-2.23083],[-80.145,-2.24972],[-80.13639,-2.24583],[-80.12556,-2.25417],[-80.12694,-2.26972],[-80.10833,-2.27944],[-80.09389,-2.27306],[-80.06778,-2.29556],[-80.06194,-2.3325],[-80.06917,-2.34667],[-80.07639,-2.35556],[-80.08889,-2.35056],[-80.11472,-2.35694],[-80.1225,-2.3925],[-80.13583,-2.39472],[-80.14472,-2.40639],[-80.17139,-2.39583],[-80.17833,-2.38528],[-80.18556,-2.39222],[-80.19972,-2.37361],[-80.20389,-2.35056],[-80.23111,-2.31778],[-80.24889,-2.31694],[-80.25861,-2.29806],[-80.25028,-2.27778],[-80.26556,-2.24222],[-80.26083,-2.22972]]]}},{"type":"Feature","properties":{"codigo":1007403167},"geometry":{"type":"Polygon","coordinates":[[[-76.73028,-2.24472],[-76.71778,-2.22722],[-76.69694,-2.235],[-76.69361,-2.25],[-76.70694,-2.25778],[-76.70139,-2.27861],[-76.70778,-2.30139],[-76.74944,-2.27278],[-76.78028,-2.23472],[-76.76472,-2.2325],[-76.74611,-2.24694],[-76.73028,-2.24472]]]}},{"type":"Feature","properties":{"codigo":1007402253},"geometry":{"type":"Polygon","coordinates":[[[-79.59361,-2.22694],[-79.58694,-2.23389],[-79.5775,-2.23028],[-79.56944,-2.24722],[-79.55583,-2.24194],[-79.56056,-2.25528],[-79.55111,-2.27139],[-79.55694,-2.28667],[-79.58639,-2.27639],[-79.59667,-2.28528],[-79.60361,-2.27389],[-79.62722,-2.26917],[-79.6275,-2.25861],[-79.63222,-2.26583],[-79.64389,-2.2575],[-79.65472,-2.265],[-79.66556,-2.25861],[-79.67778,-2.26944],[-79.68,-2.28472],[-79.73722,-2.30861],[-79.72083,-2.28694],[-79.70139,-2.28611],[-79.69611,-2.27667],[-79.68833,-2.28111],[-79.68139,-2.27444],[-79.68361,-2.2525],[-79.67111,-2.24417],[-79.67278,-2.22806],[-79.6575,-2.22583],[-79.65472,-2.23472],[-79.62472,-2.22722],[-79.60778,-2.23972],[-79.59361,-2.22694]]]}},{"type":"Feature","properties":{"codigo":1007402275},"geometry":{"type":"Polygon","coordinates":[[[-78.74806,-2.24806],[-78.71194,-2.23278],[-78.69,-2.23278],[-78.68222,-2.20944],[-78.66611,-2.24417],[-78.64361,-2.24722],[-78.645,-2.25917],[-78.63028,-2.26778],[-78.62639,-2.29694],[-78.61861,-2.30278],[-78.63194,-2.30806],[-78.64056,-2.33444],[-78.65278,-2.335],[-78.66278,-2.34694],[-78.69333,-2.3325],[-78.71222,-2.33472],[-78.71889,-2.32111],[-78.70833,-2.29444],[-78.73917,-2.26667],[-78.74806,-2.24806]]]}},{"type":"Feature","properties":{"codigo":1007402279},"geometry":{"type":"Polygon","coordinates":[[[-79.51944,-2.25056],[-79.51056,-2.23889],[-79.50361,-2.24194],[-79.48556,-2.23056],[-79.46556,-2.23333],[-79.45139,-2.22361],[-79.43944,-2.23111],[-79.43194,-2.21],[-79.41083,-2.21],[-79.39472,-2.22167],[-79.38583,-2.21611],[-79.34778,-2.22361],[-79.31722,-2.23667],[-79.285,-2.22333],[-79.23528,-2.22972],[-79.22083,-2.21861],[-79.15444,-2.2175],[-79.1425,-2.22528],[-79.17389,-2.29111],[-79.19139,-2.30611],[-79.23722,-2.29278],[-79.25917,-2.29806],[-79.265,-2.29028],[-79.29861,-2.29],[-79.32028,-2.26667],[-79.33056,-2.26889],[-79.34444,-2.25917],[-79.3575,-2.25833],[-79.37278,-2.26972],[-79.38167,-2.25694],[-79.41028,-2.28306],[-79.44639,-2.26722],[-79.47083,-2.27889],[-79.48139,-2.2675],[-79.49056,-2.27889],[-79.5075,-2.28],[-79.51611,-2.2725],[-79.51944,-2.25056]]]}},{"type":"Feature","properties":{"codigo":1007401525},"geometry":{"type":"Polygon","coordinates":[[[-80.02222,-2.25389],[-80.00528,-2.24278],[-79.98556,-2.26694],[-80.0,-2.2775],[-80.00444,-2.26417],[-80.02222,-2.25389]]]}},{"type":"Feature","properties":{"codigo":1007402292},"geometry":{"type":"Polygon","coordinates":[[[-80.48778,-2.25361],[-80.46,-2.23139],[-80.36667,-2.24361],[-80.36639,-2.25611],[-80.34528,-2.27667],[-80.36528,-2.305],[-80.36111,-2.32639],[-80.37917,-2.34],[-80.38583,-2.32944],[-80.405,-2.3225],[-80.42806,-2.32583],[-80.43944,-2.31917],[-80.45639,-2.32694],[-80.48889,-2.31556],[-80.49667,-2.31917],[-80.48778,-2.25361]]]}},{"type":"Feature","properties":{"codigo":1007402278},"geometry":{"type":"Polygon","coordinates":[[[-79.55306,-2.25556],[-79.54,-2.24528],[-79.52167,-2.24806],[-79.50972,-2.28306],[-79.51917,-2.28556],[-79.5275,-2.26833],[-79.55306,-2.25556]]]}},{"type":"Feature","properties":{"codigo":1007402254},"geometry":{"type":"Polygon","coordinates":[[[-79.55611,-2.24806],[-79.55306,-2.25722],[-79.55833,-2.25861],[-79.56056,-2.255],[-79.55611,-2.24806]]]}},{"type":"Feature","properties":{"codigo":1007402281},"geometry":{"type":"Polygon","coordinates":[[[-79.5575,-2.25861],[-79.5275,-2.26833],[-79.49833,-2.30806],[-79.485,-2.30667],[-79.46889,-2.31889],[-79.45333,-2.30556],[-79.44944,-2.31528],[-79.43306,-2.31056],[-79.4175,-2.31583],[-79.38333,-2.28667],[-79.36333,-2.29528],[-79.33917,-2.285],[-79.33222,-2.29222],[-79.29444,-2.29611],[-79.285,-2.30583],[-79.30361,-2.31028],[-79.30694,-2.32583],[-79.32667,-2.33889],[-79.33611,-2.33667],[-79.35222,-2.35806],[-79.38,-2.37472],[-79.40444,-2.36139],[-79.41361,-2.3375],[-79.41833,-2.34694],[-79.42694,-2.34028],[-79.44556,-2.355],[-79.46361,-2.35222],[-79.46861,-2.33583],[-79.49861,-2.33583],[-79.49333,-2.31361],[-79.52306,-2.28556],[-79.55167,-2.28083],[-79.5575,-2.25861]]]}},{"type":"Feature","properties":{"codigo":1007402035},"geometry":{"type":"Polygon","coordinates":[[[-79.85806,-2.26861],[-79.80944,-2.26667],[-79.80611,-2.27583],[-79.78611,-2.2825],[-79.79444,-2.30111],[-79.79639,-2.29389],[-79.80972,-2.29278],[-79.81806,-2.32111],[-79.82667,-2.32],[-79.82278,-2.33194],[-79.84111,-2.34611],[-79.86361,-2.3275],[-79.85056,-2.29667],[-79.85806,-2.26861]]]}},{"type":"Feature","properties":{"codigo":1007401530},"geometry":{"type":"Polygon","coordinates":[[[-80.87639,-2.23722],[-80.88056,-2.25972],[-80.86639,-2.27333],[-80.87167,-2.30028],[-80.88694,-2.2925],[-80.89556,-2.27528],[-80.90472,-2.28583],[-80.91028,-2.28944],[-80.91389,-2.28944],[-80.92444,-2.26],[-80.89333,-2.22806],[-80.87639,-2.23722]]]}},{"type":"Feature","properties":{"codigo":1007402280},"geometry":{"type":"Polygon","coordinates":[[[-79.49833,-2.30806],[-79.51056,-2.27833],[-79.49056,-2.27889],[-79.47944,-2.26722],[-79.47139,-2.27889],[-79.44639,-2.26722],[-79.41028,-2.28306],[-79.38167,-2.25694],[-79.37278,-2.26972],[-79.3575,-2.25833],[-79.34444,-2.25917],[-79.33056,-2.26889],[-79.32028,-2.26667],[-79.29861,-2.29],[-79.265,-2.29028],[-79.25917,-2.29806],[-79.23722,-2.29278],[-79.1975,-2.30556],[-79.22778,-2.30972],[-79.26722,-2.29861],[-79.28222,-2.30611],[-79.29444,-2.29611],[-79.33222,-2.29222],[-79.33917,-2.285],[-79.36333,-2.29528],[-79.38333,-2.28667],[-79.4175,-2.31583],[-79.43306,-2.31056],[-79.44944,-2.31528],[-79.45333,-2.30556],[-79.46889,-2.31889],[-79.485,-2.30667],[-79.49833,-2.30806]]]}},{"type":"Feature","properties":{"codigo":1007402276},"geometry":{"type":"Polygon","coordinates":[[[-78.94722,-2.26806],[-78.93333,-2.27861],[-78.88722,-2.28889],[-78.86722,-2.30694],[-78.84639,-2.30306],[-78.80778,-2.33667],[-78.81389,-2.37694],[-78.83389,-2.38361],[-78.8425,-2.39722],[-78.90278,-2.38694],[-78.91194,-2.33194],[-78.95028,-2.28639],[-78.94722,-2.26806]]]}},{"type":"Feature","properties":{"codigo":1007403439},"geometry":{"type":"Polygon","coordinates":[[[-77.86139,-2.30639],[-77.86278,-2.27167],[-77.85139,-2.25583],[-77.82694,-2.24778],[-77.82194,-2.21389],[-77.80722,-2.19444],[-77.78806,-2.20639],[-77.76972,-2.20361],[-77.75944,-2.2125],[-77.74306,-2.20778],[-77.73083,-2.21361],[-77.72694,-2.22528],[-77.71722,-2.225],[-77.70667,-2.23667],[-77.70139,-2.2825],[-77.68139,-2.28694],[-77.67389,-2.30389],[-77.70639,-2.31056],[-77.71111,-2.32389],[-77.7375,-2.32],[-77.73611,-2.29611],[-77.74917,-2.2825],[-77.77583,-2.29444],[-77.80361,-2.29028],[-77.8175,-2.30528],[-77.83417,-2.30056],[-77.86139,-2.30639]]]}},{"type":"Feature","properties":{"codigo":1007403457},"geometry":{"type":"Polygon","coordinates":[[[-77.90472,-2.28528],[-77.86361,-2.29889],[-77.85194,-2.32639],[-77.85306,-2.33528],[-77.87278,-2.34472],[-77.86639,-2.35806],[-77.87139,-2.38417],[-77.87778,-2.39111],[-77.90111,-2.39111],[-77.90611,-2.40139],[-77.93222,-2.41056],[-77.94306,-2.31722],[-77.92194,-2.29167],[-77.90472,-2.28528]]]}},{"type":"Feature","properties":{"codigo":1007403437},"geometry":{"type":"Polygon","coordinates":[[[-77.70694,-2.31139],[-77.66222,-2.30444],[-77.66361,-2.28611],[-77.64556,-2.27611],[-77.64333,-2.26028],[-77.62833,-2.25444],[-77.61667,-2.32472],[-77.59306,-2.33361],[-77.6,-2.34028],[-77.5925,-2.35611],[-77.56917,-2.36806],[-77.57667,-2.38],[-77.57056,-2.40111],[-77.57889,-2.42944],[-77.57,-2.43389],[-77.57694,-2.46556],[-77.55917,-2.48389],[-77.55222,-2.48111],[-77.54222,-2.51917],[-77.5575,-2.52556],[-77.56111,-2.51222],[-77.59111,-2.50222],[-77.6225,-2.45444],[-77.6175,-2.4325],[-77.63778,-2.40806],[-77.63667,-2.39778],[-77.66028,-2.39722],[-77.66611,-2.3825],[-77.6825,-2.37139],[-77.68917,-2.37694],[-77.7125,-2.37139],[-77.70111,-2.33861],[-77.71083,-2.32472],[-77.70694,-2.31139]]]}},{"type":"Feature","properties":{"codigo":1007402282},"geometry":{"type":"Polygon","coordinates":[[[-79.30361,-2.31028],[-79.26722,-2.29861],[-79.24861,-2.30306],[-79.27917,-2.31361],[-79.27917,-2.32139],[-79.2625,-2.32667],[-79.25889,-2.33472],[-79.29194,-2.33917],[-79.29556,-2.33333],[-79.32222,-2.34361],[-79.34611,-2.36722],[-79.35889,-2.36333],[-79.33611,-2.33667],[-79.32667,-2.33889],[-79.30694,-2.32583],[-79.30361,-2.31028]]]}},{"type":"Feature","properties":{"codigo":1007402283},"geometry":{"type":"Polygon","coordinates":[[[-79.22778,-2.30972],[-79.18583,-2.30389],[-79.17389,-2.29111],[-79.16028,-2.26389],[-79.1375,-2.26889],[-79.12528,-2.25972],[-79.11083,-2.26111],[-79.09889,-2.31944],[-79.07194,-2.36194],[-79.05917,-2.36778],[-79.06111,-2.385],[-79.0475,-2.39194],[-79.055,-2.41333],[-79.07528,-2.41361],[-79.0825,-2.40361],[-79.105,-2.40528],[-79.11806,-2.38667],[-79.13306,-2.38194],[-79.15278,-2.35361],[-79.15444,-2.33806],[-79.25139,-2.31028],[-79.27917,-2.31667],[-79.25028,-2.30333],[-79.22778,-2.30972]]]}},{"type":"Feature","properties":{"codigo":1007402286},"geometry":{"type":"Polygon","coordinates":[[[-79.73,-2.32833],[-79.72528,-2.29833],[-79.68,-2.28472],[-79.67778,-2.26944],[-79.66556,-2.25861],[-79.65472,-2.265],[-79.64389,-2.2575],[-79.63278,-2.26583],[-79.6275,-2.25861],[-79.62722,-2.26917],[-79.60361,-2.27389],[-79.59667,-2.28528],[-79.58639,-2.27639],[-79.57,-2.28583],[-79.56278,-2.27972],[-79.55694,-2.28667],[-79.55306,-2.27806],[-79.52306,-2.28556],[-79.49333,-2.31361],[-79.49889,-2.33556],[-79.46861,-2.33583],[-79.46722,-2.34722],[-79.4775,-2.36],[-79.5,-2.35111],[-79.51306,-2.36389],[-79.52417,-2.34222],[-79.54222,-2.34083],[-79.55278,-2.35194],[-79.56333,-2.35194],[-79.56722,-2.34361],[-79.58639,-2.35306],[-79.59111,-2.33639],[-79.6075,-2.33722],[-79.61806,-2.32889],[-79.64472,-2.34806],[-79.66222,-2.34944],[-79.67083,-2.34056],[-79.69,-2.34944],[-79.71,-2.32917],[-79.73,-2.32833]]]}},{"type":"Feature","properties":{"codigo":1007402252},"geometry":{"type":"Polygon","coordinates":[[[-79.76472,-2.32556],[-79.73056,-2.30889],[-79.72694,-2.33028],[-79.71389,-2.32778],[-79.69,-2.34944],[-79.68361,-2.34333],[-79.67222,-2.34889],[-79.71028,-2.38639],[-79.73444,-2.38056],[-79.73417,-2.37278],[-79.74833,-2.37111],[-79.76528,-2.35389],[-79.76472,-2.32556]]]}},{"type":"Feature","properties":{"codigo":1007403145},"geometry":{"type":"Polygon","coordinates":[[[-77.38667,-2.30944],[-77.39444,-2.30333],[-77.41694,-2.29667],[-77.43139,-2.2675],[-77.45083,-2.25861],[-77.43472,-2.25167],[-77.41639,-2.2625],[-77.39083,-2.26083],[-77.38194,-2.28111],[-77.39139,-2.28333],[-77.39083,-2.295],[-77.35056,-2.31361],[-77.34667,-2.30722],[-77.31611,-2.31056],[-77.29528,-2.34611],[-77.30083,-2.35472],[-77.28944,-2.365],[-77.3025,-2.38],[-77.31028,-2.37833],[-77.31167,-2.38861],[-77.33778,-2.38583],[-77.3475,-2.37194],[-77.34333,-2.36472],[-77.35306,-2.36389],[-77.35306,-2.35389],[-77.3675,-2.34472],[-77.3675,-2.32806],[-77.37889,-2.32611],[-77.38667,-2.30944]]]}},{"type":"Feature","properties":{"codigo":1007403657},"geometry":{"type":"Polygon","coordinates":[[[-78.61861,-2.3025],[-78.58528,-2.31167],[-78.57889,-2.33],[-78.56194,-2.32556],[-78.54528,-2.33528],[-78.56083,-2.36389],[-78.56222,-2.38222],[-78.55278,-2.39972],[-78.56389,-2.40028],[-78.57917,-2.42389],[-78.55917,-2.43861],[-78.56417,-2.46556],[-78.55472,-2.47417],[-78.55083,-2.54222],[-78.56,-2.55556],[-78.57556,-2.52944],[-78.605,-2.535],[-78.68333,-2.46278],[-78.69806,-2.46389],[-78.7175,-2.44972],[-78.71667,-2.42611],[-78.78389,-2.43472],[-78.79972,-2.40861],[-78.79111,-2.39389],[-78.79694,-2.38139],[-78.79028,-2.36722],[-78.76389,-2.35139],[-78.76083,-2.33083],[-78.7525,-2.32444],[-78.74056,-2.32917],[-78.7175,-2.31556],[-78.71222,-2.33472],[-78.69333,-2.3325],[-78.66278,-2.34694],[-78.65278,-2.335],[-78.64056,-2.33444],[-78.63194,-2.30806],[-78.61861,-2.3025]]]}},{"type":"Feature","properties":{"codigo":1007402291},"geometry":{"type":"Polygon","coordinates":[[[-80.58306,-2.31333],[-80.57917,-2.29639],[-80.53472,-2.25194],[-80.49972,-2.24417],[-80.48861,-2.25],[-80.49139,-2.30111],[-80.49972,-2.31528],[-80.48556,-2.32889],[-80.485,-2.345],[-80.51917,-2.39583],[-80.52944,-2.38889],[-80.52917,-2.37528],[-80.55667,-2.36],[-80.56056,-2.32667],[-80.58306,-2.31333]]]}},{"type":"Feature","properties":{"codigo":1007402274},"geometry":{"type":"Polygon","coordinates":[[[-78.74806,-2.24806],[-78.73917,-2.26667],[-78.70833,-2.29444],[-78.71028,-2.30583],[-78.74056,-2.32917],[-78.7525,-2.32444],[-78.76083,-2.33083],[-78.76389,-2.35139],[-78.78472,-2.35889],[-78.79694,-2.38194],[-78.8125,-2.38472],[-78.80833,-2.32528],[-78.79306,-2.31528],[-78.775,-2.25722],[-78.74806,-2.24806]]]}},{"type":"Feature","properties":{"codigo":1007402673},"geometry":{"type":"Polygon","coordinates":[[[-76.41861,-2.28972],[-76.37,-2.30806],[-76.37917,-2.33444],[-76.37139,-2.35528],[-76.40167,-2.37167],[-76.41639,-2.39056],[-76.42944,-2.37556],[-76.45972,-2.37028],[-76.44111,-2.33472],[-76.44472,-2.31528],[-76.41861,-2.28972]]]}},{"type":"Feature","properties":{"codigo":1007402277},"geometry":{"type":"Polygon","coordinates":[[[-79.09361,-2.32222],[-79.06194,-2.30111],[-79.06139,-2.31194],[-79.01583,-2.35],[-78.99417,-2.35361],[-78.98278,-2.37167],[-78.96444,-2.36083],[-78.93139,-2.4],[-78.905,-2.39889],[-78.90639,-2.41389],[-78.92833,-2.43306],[-78.95056,-2.43972],[-78.97472,-2.42167],[-78.99833,-2.4275],[-79.01,-2.44111],[-79.03722,-2.4225],[-79.04722,-2.42528],[-79.05528,-2.40972],[-79.0475,-2.39194],[-79.06111,-2.385],[-79.05917,-2.36778],[-79.07194,-2.36194],[-79.09361,-2.32222]]]}},{"type":"Feature","properties":{"codigo":1007403428},"geometry":{"type":"Polygon","coordinates":[[[-77.86139,-2.30639],[-77.83417,-2.30056],[-77.8175,-2.30528],[-77.80361,-2.29028],[-77.77583,-2.29444],[-77.74917,-2.2825],[-77.73611,-2.29611],[-77.7375,-2.32],[-77.71528,-2.31833],[-77.70139,-2.33722],[-77.72333,-2.39611],[-77.72306,-2.41472],[-77.71306,-2.42306],[-77.71417,-2.44028],[-77.70583,-2.44389],[-77.70639,-2.46889],[-77.67056,-2.48667],[-77.66583,-2.51139],[-77.64417,-2.51528],[-77.6475,-2.56306],[-77.65667,-2.57111],[-77.63222,-2.59861],[-77.64083,-2.60722],[-77.62972,-2.61306],[-77.62556,-2.63028],[-77.63361,-2.66139],[-77.66528,-2.67556],[-77.64833,-2.70361],[-77.63278,-2.71333],[-77.63389,-2.75667],[-77.64944,-2.76583],[-77.65111,-2.78333],[-77.64,-2.79611],[-77.64056,-2.80861],[-77.68778,-2.80472],[-77.68278,-2.80083],[-77.69028,-2.77944],[-77.67333,-2.75111],[-77.68333,-2.73389],[-77.70361,-2.73083],[-77.70167,-2.70278],[-77.72889,-2.69194],[-77.7375,-2.66833],[-77.72806,-2.61833],[-77.75194,-2.57472],[-77.74639,-2.56722],[-77.75639,-2.5575],[-77.75417,-2.52583],[-77.77306,-2.51972],[-77.785,-2.50583],[-77.78194,-2.39028],[-77.81333,-2.37778],[-77.82556,-2.38222],[-77.87139,-2.37111],[-77.86639,-2.35806],[-77.8725,-2.34417],[-77.85194,-2.3325],[-77.86139,-2.30639]]]}},{"type":"Feature","properties":{"codigo":1007402284},"geometry":{"type":"Polygon","coordinates":[[[-79.24306,-2.34917],[-79.27861,-2.31806],[-79.25139,-2.31028],[-79.15444,-2.33806],[-79.1525,-2.35417],[-79.12667,-2.38722],[-79.13222,-2.39583],[-79.15833,-2.39583],[-79.16889,-2.41306],[-79.19333,-2.40861],[-79.20167,-2.39944],[-79.19972,-2.38639],[-79.21556,-2.38917],[-79.22167,-2.38056],[-79.24639,-2.39861],[-79.24306,-2.34917]]]}},{"type":"Feature","properties":{"codigo":1007403189},"geometry":{"type":"Polygon","coordinates":[[[-76.935,-2.33611],[-76.93278,-2.29444],[-76.95,-2.24333],[-76.95028,-2.21722],[-76.93083,-2.25361],[-76.93083,-2.26889],[-76.90861,-2.29639],[-76.90722,-2.32333],[-76.88944,-2.34222],[-76.86417,-2.35306],[-76.85778,-2.36694],[-76.84222,-2.37083],[-76.83444,-2.46694],[-76.90139,-2.39667],[-76.935,-2.33611]]]}},{"type":"Feature","properties":{"codigo":1007403193},"geometry":{"type":"Polygon","coordinates":[[[-76.95972,-2.33583],[-76.93556,-2.335],[-76.88028,-2.42389],[-76.89611,-2.44722],[-76.88806,-2.47139],[-76.90528,-2.47806],[-76.89889,-2.50889],[-76.88333,-2.52],[-76.88694,-2.52861],[-76.9225,-2.50472],[-76.92583,-2.48944],[-76.91917,-2.48111],[-76.92833,-2.46861],[-76.91694,-2.46833],[-76.91389,-2.46028],[-76.93306,-2.44917],[-76.92722,-2.435],[-76.93472,-2.41472],[-76.96889,-2.40528],[-76.98861,-2.38639],[-76.99806,-2.39],[-77.04639,-2.31083],[-77.00944,-2.33333],[-76.99806,-2.35583],[-76.98972,-2.35694],[-76.98667,-2.34806],[-76.9625,-2.3525],[-76.95972,-2.33583]]]}},{"type":"Feature","properties":{"codigo":1007402293},"geometry":{"type":"Polygon","coordinates":[[[-80.49861,-2.3175],[-80.38583,-2.32944],[-80.36306,-2.36833],[-80.3825,-2.38],[-80.40611,-2.37833],[-80.40583,-2.3925],[-80.42167,-2.40611],[-80.43306,-2.40417],[-80.42917,-2.42806],[-80.43722,-2.45278],[-80.4675,-2.47417],[-80.47556,-2.46583],[-80.46861,-2.4575],[-80.47222,-2.44861],[-80.51917,-2.39583],[-80.485,-2.345],[-80.48556,-2.32889],[-80.49861,-2.3175]]]}},{"type":"Feature","properties":{"codigo":1007402249},"geometry":{"type":"Polygon","coordinates":[[[-79.82361,-2.34083],[-79.81139,-2.34444],[-79.81306,-2.35611],[-79.82278,-2.36111],[-79.82361,-2.34083]]]}},{"type":"Feature","properties":{"codigo":1007403637},"geometry":{"type":"Polygon","coordinates":[[[-78.2475,-2.34278],[-78.20167,-2.28806],[-78.14528,-2.30417],[-78.15444,-2.32472],[-78.12944,-2.35083],[-78.13833,-2.3675],[-78.14194,-2.39167],[-78.13556,-2.405],[-78.14194,-2.41111],[-78.1175,-2.42861],[-78.12083,-2.43528],[-78.15139,-2.42833],[-78.15639,-2.41417],[-78.18028,-2.41778],[-78.1925,-2.40306],[-78.21306,-2.39861],[-78.22306,-2.3825],[-78.23917,-2.38139],[-78.2475,-2.34278]]]}},{"type":"Feature","properties":{"codigo":1007402251},"geometry":{"type":"Polygon","coordinates":[[[-79.82278,-2.34139],[-79.77889,-2.33861],[-79.76528,-2.32722],[-79.76056,-2.35806],[-79.76639,-2.36611],[-79.7575,-2.37778],[-79.76806,-2.37694],[-79.77556,-2.39361],[-79.77194,-2.43],[-79.78417,-2.415],[-79.81306,-2.41389],[-79.80861,-2.38694],[-79.83194,-2.37139],[-79.81306,-2.35611],[-79.81194,-2.34167],[-79.82278,-2.34139]]]}},{"type":"Feature","properties":{"codigo":1007402675},"geometry":{"type":"Polygon","coordinates":[[[-76.62194,-2.19861],[-76.61056,-2.20333],[-76.60139,-2.22611],[-76.58222,-2.22611],[-76.56889,-2.2375],[-76.56028,-2.23111],[-76.5475,-2.24639],[-76.50611,-2.25917],[-76.50556,-2.27444],[-76.48528,-2.28917],[-76.48528,-2.31278],[-76.47194,-2.33833],[-76.46167,-2.34944],[-76.45083,-2.34806],[-76.45639,-2.36694],[-76.45889,-2.35722],[-76.50833,-2.35889],[-76.53278,-2.34944],[-76.54278,-2.30444],[-76.55028,-2.29972],[-76.56694,-2.30556],[-76.58167,-2.29639],[-76.59556,-2.25583],[-76.62472,-2.22667],[-76.61861,-2.21694],[-76.62194,-2.19861]]]}},{"type":"Feature","properties":{"codigo":1007403143},"geometry":{"type":"Polygon","coordinates":[[[-77.29056,-2.26944],[-77.21528,-2.31583],[-77.21222,-2.31111],[-77.15417,-2.32889],[-77.135,-2.35056],[-77.14194,-2.35972],[-77.13056,-2.36722],[-77.12833,-2.38],[-77.13889,-2.38361],[-77.14139,-2.39778],[-77.11806,-2.4175],[-77.12472,-2.42194],[-77.11972,-2.44028],[-77.13222,-2.44972],[-77.12611,-2.45],[-77.1275,-2.45972],[-77.14306,-2.48389],[-77.14,-2.49417],[-77.15333,-2.50083],[-77.15111,-2.51639],[-77.16167,-2.50972],[-77.17917,-2.52306],[-77.16417,-2.55444],[-77.16944,-2.5725],[-77.16278,-2.58833],[-77.14556,-2.59472],[-77.14167,-2.63611],[-77.08861,-2.66444],[-77.06583,-2.71583],[-77.11639,-2.715],[-77.11556,-2.69639],[-77.13028,-2.69556],[-77.12806,-2.67889],[-77.13583,-2.67694],[-77.135,-2.66944],[-77.15639,-2.67139],[-77.16139,-2.65028],[-77.18083,-2.64472],[-77.17389,-2.635],[-77.1775,-2.62639],[-77.19389,-2.62694],[-77.18917,-2.60528],[-77.20944,-2.58444],[-77.2025,-2.56833],[-77.20944,-2.55611],[-77.19889,-2.54889],[-77.20528,-2.53861],[-77.19778,-2.51528],[-77.20333,-2.50611],[-77.19222,-2.47111],[-77.20556,-2.45889],[-77.23889,-2.45306],[-77.26361,-2.43056],[-77.28083,-2.43306],[-77.28417,-2.42056],[-77.31,-2.40917],[-77.31139,-2.38],[-77.3025,-2.38],[-77.2875,-2.36306],[-77.2875,-2.33778],[-77.27778,-2.33944],[-77.28417,-2.32833],[-77.27889,-2.305],[-77.29194,-2.28694],[-77.29056,-2.26944]]]}},{"type":"Feature","properties":{"codigo":1007403442},"geometry":{"type":"Polygon","coordinates":[[[-77.54861,-2.29111],[-77.53833,-2.27917],[-77.50472,-2.27167],[-77.49278,-2.27194],[-77.47944,-2.285],[-77.46361,-2.27694],[-77.45028,-2.28167],[-77.46611,-2.30722],[-77.46111,-2.32444],[-77.44361,-2.3275],[-77.4325,-2.35667],[-77.44083,-2.35667],[-77.44417,-2.39056],[-77.46667,-2.39],[-77.46917,-2.37167],[-77.4825,-2.36583],[-77.48694,-2.34806],[-77.49972,-2.33778],[-77.50306,-2.31611],[-77.53333,-2.33333],[-77.55278,-2.32611],[-77.54861,-2.29111]]]}},{"type":"Feature","properties":{"codigo":1007402288},"geometry":{"type":"Polygon","coordinates":[[[-79.48194,-2.35861],[-79.46583,-2.34528],[-79.46361,-2.35222],[-79.44167,-2.35472],[-79.42694,-2.34028],[-79.41833,-2.34694],[-79.41583,-2.33722],[-79.40306,-2.35194],[-79.40444,-2.36139],[-79.38,-2.37472],[-79.36139,-2.36389],[-79.35278,-2.37472],[-79.33917,-2.37389],[-79.315,-2.39833],[-79.33583,-2.42722],[-79.28833,-2.47694],[-79.28944,-2.50139],[-79.30667,-2.49889],[-79.30139,-2.4775],[-79.31389,-2.46139],[-79.36972,-2.43472],[-79.38083,-2.40583],[-79.43278,-2.39972],[-79.45139,-2.37194],[-79.45528,-2.37806],[-79.48194,-2.35861]]]}},{"type":"Feature","properties":{"codigo":1007402287},"geometry":{"type":"Polygon","coordinates":[[[-79.48194,-2.35861],[-79.48611,-2.37972],[-79.47361,-2.38722],[-79.46806,-2.42056],[-79.47778,-2.42472],[-79.48472,-2.41833],[-79.4925,-2.42917],[-79.49583,-2.42111],[-79.50667,-2.42833],[-79.52389,-2.41556],[-79.53083,-2.42778],[-79.5625,-2.42556],[-79.57222,-2.43917],[-79.58417,-2.40972],[-79.63639,-2.40861],[-79.67306,-2.39278],[-79.68333,-2.39806],[-79.68111,-2.41833],[-79.69722,-2.41972],[-79.69639,-2.43306],[-79.705,-2.435],[-79.705,-2.44556],[-79.71778,-2.44833],[-79.72056,-2.46028],[-79.72944,-2.44278],[-79.72556,-2.43472],[-79.73472,-2.42667],[-79.75194,-2.44028],[-79.75222,-2.46083],[-79.77444,-2.44056],[-79.79278,-2.44167],[-79.80083,-2.42889],[-79.79556,-2.4125],[-79.77083,-2.42889],[-79.77556,-2.39361],[-79.76806,-2.37694],[-79.7575,-2.37778],[-79.76583,-2.35944],[-79.73417,-2.37278],[-79.73444,-2.38056],[-79.71028,-2.38639],[-79.67722,-2.35778],[-79.67611,-2.34139],[-79.64472,-2.34806],[-79.61806,-2.32889],[-79.6075,-2.33722],[-79.59111,-2.33639],[-79.58639,-2.35306],[-79.56722,-2.34361],[-79.56333,-2.35194],[-79.55278,-2.35194],[-79.54222,-2.34083],[-79.52833,-2.34139],[-79.51389,-2.36361],[-79.5,-2.35111],[-79.48194,-2.35861]]]}},{"type":"Feature","properties":{"codigo":1007402285},"geometry":{"type":"Polygon","coordinates":[[[-79.36083,-2.36417],[-79.34611,-2.36722],[-79.32222,-2.34361],[-79.29639,-2.33361],[-79.28306,-2.33944],[-79.265,-2.33194],[-79.24694,-2.33944],[-79.24306,-2.34917],[-79.24639,-2.39861],[-79.22167,-2.38056],[-79.21556,-2.38917],[-79.19972,-2.38639],[-79.20167,-2.39944],[-79.19333,-2.40861],[-79.16889,-2.41306],[-79.15833,-2.39583],[-79.13333,-2.39611],[-79.11806,-2.38667],[-79.105,-2.40528],[-79.07778,-2.40472],[-79.07333,-2.41417],[-79.05444,-2.41139],[-79.04722,-2.42528],[-79.0625,-2.43306],[-79.06472,-2.45],[-79.0775,-2.46167],[-79.13694,-2.45694],[-79.17194,-2.47528],[-79.19222,-2.47056],[-79.22028,-2.49056],[-79.23833,-2.48],[-79.25361,-2.485],[-79.26222,-2.47944],[-79.28556,-2.49056],[-79.28833,-2.47694],[-79.33583,-2.42722],[-79.31528,-2.3975],[-79.36083,-2.36417]]]}},{"type":"Feature","properties":{"codigo":1007403434},"geometry":{"type":"Polygon","coordinates":[[[-77.56917,-2.36806],[-77.54889,-2.3725],[-77.53139,-2.36528],[-77.51472,-2.39806],[-77.49806,-2.40556],[-77.4975,-2.41278],[-77.49028,-2.40778],[-77.4825,-2.42056],[-77.48806,-2.48278],[-77.51083,-2.48694],[-77.52083,-2.52],[-77.54028,-2.51667],[-77.55222,-2.48111],[-77.55917,-2.48389],[-77.57611,-2.46833],[-77.57,-2.43333],[-77.57889,-2.42944],[-77.57056,-2.40111],[-77.57667,-2.38],[-77.56917,-2.36806]]]}},{"type":"Feature","properties":{"codigo":1007403456},"geometry":{"type":"Polygon","coordinates":[[[-77.86778,-2.37361],[-77.84806,-2.37222],[-77.84139,-2.38083],[-77.85167,-2.47806],[-77.86028,-2.48583],[-77.85889,-2.49611],[-77.90889,-2.5375],[-77.93556,-2.51222],[-77.94333,-2.49444],[-77.95028,-2.44222],[-77.935,-2.41278],[-77.90611,-2.40139],[-77.89833,-2.39],[-77.875,-2.38972],[-77.86778,-2.37361]]]}},{"type":"Feature","properties":{"codigo":1007402327},"geometry":{"type":"Polygon","coordinates":[[[-78.81389,-2.37694],[-78.8125,-2.38472],[-78.79111,-2.38472],[-78.79694,-2.4175],[-78.82306,-2.4325],[-78.83278,-2.42556],[-78.84389,-2.43861],[-78.88583,-2.45361],[-78.9,-2.46667],[-78.89861,-2.47611],[-78.93222,-2.48528],[-78.9375,-2.49944],[-78.96611,-2.51778],[-78.98667,-2.50694],[-78.98722,-2.49556],[-78.99694,-2.49083],[-78.99278,-2.47944],[-78.90389,-2.43917],[-78.88528,-2.41972],[-78.87444,-2.42194],[-78.85667,-2.39],[-78.8425,-2.39722],[-78.83389,-2.38361],[-78.81389,-2.37694]]]}},{"type":"Feature","properties":{"codigo":1007402296},"geometry":{"type":"Polygon","coordinates":[[[-80.55417,-2.36278],[-80.52917,-2.37528],[-80.52944,-2.38889],[-80.54861,-2.39917],[-80.58056,-2.45667],[-80.60111,-2.45694],[-80.60722,-2.44806],[-80.61528,-2.45222],[-80.63694,-2.43972],[-80.64972,-2.40111],[-80.62611,-2.38472],[-80.61528,-2.35806],[-80.6025,-2.3475],[-80.58222,-2.36056],[-80.55417,-2.36278]]]}},{"type":"Feature","properties":{"codigo":1007403451},"geometry":{"type":"Polygon","coordinates":[[[-77.39722,-2.32028],[-77.38667,-2.30944],[-77.37889,-2.32611],[-77.3675,-2.32806],[-77.3675,-2.34472],[-77.35306,-2.35389],[-77.35306,-2.36389],[-77.34333,-2.36472],[-77.3475,-2.37194],[-77.33778,-2.38583],[-77.30722,-2.38861],[-77.31,-2.40917],[-77.28417,-2.42056],[-77.28083,-2.43306],[-77.26361,-2.43056],[-77.23889,-2.45306],[-77.20556,-2.45889],[-77.19222,-2.47111],[-77.20333,-2.50611],[-77.19778,-2.51528],[-77.20528,-2.53861],[-77.19889,-2.54889],[-77.20944,-2.55611],[-77.2025,-2.56833],[-77.21056,-2.58111],[-77.21861,-2.57583],[-77.21306,-2.58806],[-77.22028,-2.60194],[-77.26306,-2.6125],[-77.26028,-2.60667],[-77.28167,-2.60083],[-77.28,-2.59],[-77.25306,-2.57639],[-77.24778,-2.5525],[-77.2675,-2.53861],[-77.26083,-2.53278],[-77.27056,-2.51611],[-77.28667,-2.51028],[-77.28056,-2.47806],[-77.29389,-2.45361],[-77.31972,-2.42528],[-77.34722,-2.43056],[-77.35361,-2.41222],[-77.36167,-2.41167],[-77.35806,-2.39528],[-77.36944,-2.38139],[-77.36528,-2.37111],[-77.40056,-2.34944],[-77.40611,-2.32028],[-77.39722,-2.32028]]]}},{"type":"Feature","properties":{"codigo":1007403440},"geometry":{"type":"Polygon","coordinates":[[[-77.56083,-2.36889],[-77.55278,-2.35722],[-77.53139,-2.35194],[-77.51694,-2.36611],[-77.50083,-2.36861],[-77.49944,-2.38417],[-77.49167,-2.37528],[-77.48722,-2.39111],[-77.46111,-2.38556],[-77.44917,-2.39472],[-77.4375,-2.35583],[-77.40667,-2.39333],[-77.39306,-2.39028],[-77.38472,-2.40389],[-77.39389,-2.44139],[-77.37472,-2.44778],[-77.37278,-2.46167],[-77.39083,-2.47528],[-77.38694,-2.50167],[-77.39389,-2.5],[-77.39194,-2.50861],[-77.40222,-2.51139],[-77.41167,-2.52944],[-77.40861,-2.54056],[-77.41833,-2.54611],[-77.40639,-2.56028],[-77.41833,-2.56278],[-77.42833,-2.57361],[-77.42444,-2.57833],[-77.41917,-2.57278],[-77.41972,-2.58111],[-77.45111,-2.60361],[-77.48583,-2.59639],[-77.47861,-2.57583],[-77.48611,-2.57167],[-77.47944,-2.56194],[-77.48472,-2.54917],[-77.4775,-2.54389],[-77.4775,-2.50111],[-77.48444,-2.49917],[-77.4875,-2.47417],[-77.48389,-2.41722],[-77.51472,-2.39806],[-77.53139,-2.36528],[-77.54889,-2.3725],[-77.56083,-2.36889]]]}},{"type":"Feature","properties":{"codigo":1007402325},"geometry":{"type":"Polygon","coordinates":[[[-78.90278,-2.40194],[-78.85972,-2.39444],[-78.87333,-2.42111],[-78.88528,-2.41972],[-78.90389,-2.43917],[-78.97944,-2.47],[-78.99694,-2.48889],[-79.04333,-2.48472],[-79.06167,-2.50111],[-79.07306,-2.48306],[-79.0775,-2.46139],[-79.05306,-2.42611],[-79.03722,-2.4225],[-79.01,-2.44111],[-78.99833,-2.4275],[-78.97472,-2.42167],[-78.95056,-2.43972],[-78.925,-2.43083],[-78.90278,-2.40194]]]}},{"type":"Feature","properties":{"codigo":1007402298},"geometry":{"type":"Polygon","coordinates":[[[-80.17222,-2.39528],[-80.14306,-2.405],[-80.13556,-2.4275],[-80.14361,-2.43083],[-80.14528,-2.44361],[-80.16778,-2.44917],[-80.17472,-2.48639],[-80.18889,-2.46389],[-80.23917,-2.46472],[-80.23722,-2.45306],[-80.26389,-2.4475],[-80.275,-2.42722],[-80.26306,-2.40889],[-80.25361,-2.41306],[-80.20222,-2.40111],[-80.175,-2.40889],[-80.17222,-2.39528]]]}},{"type":"Feature","properties":{"codigo":1007403458},"geometry":{"type":"Polygon","coordinates":[[[-77.94361,-2.32056],[-77.93111,-2.41056],[-77.95056,-2.44389],[-77.94333,-2.49306],[-77.9775,-2.50694],[-77.99111,-2.54528],[-78.01667,-2.53806],[-78.03889,-2.5425],[-78.01972,-2.50667],[-78.02222,-2.49056],[-78.03889,-2.47056],[-78.03778,-2.43139],[-78.00861,-2.40778],[-78.00389,-2.37861],[-78.01389,-2.33278],[-77.99056,-2.32222],[-77.97722,-2.33333],[-77.96667,-2.32361],[-77.94361,-2.32056]]]}},{"type":"Feature","properties":{"codigo":1007403633},"geometry":{"type":"Polygon","coordinates":[[[-78.2475,-2.34278],[-78.23917,-2.38139],[-78.22306,-2.3825],[-78.21306,-2.39861],[-78.19972,-2.39889],[-78.18889,-2.41306],[-78.18,-2.41333],[-78.17556,-2.45167],[-78.18306,-2.46389],[-78.20444,-2.45889],[-78.21722,-2.46611],[-78.23417,-2.46056],[-78.25944,-2.46583],[-78.25694,-2.43083],[-78.26917,-2.43556],[-78.29167,-2.42361],[-78.29722,-2.40917],[-78.28389,-2.385],[-78.28806,-2.37056],[-78.27472,-2.35361],[-78.2475,-2.34278]]]}},{"type":"Feature","properties":{"codigo":1007402289},"geometry":{"type":"Polygon","coordinates":[[[-79.46806,-2.41944],[-79.47361,-2.38722],[-79.48611,-2.37972],[-79.48306,-2.36222],[-79.46333,-2.36639],[-79.45528,-2.37806],[-79.45139,-2.37194],[-79.43278,-2.39972],[-79.38083,-2.40583],[-79.36972,-2.43472],[-79.31389,-2.46139],[-79.30139,-2.4775],[-79.31111,-2.50889],[-79.33556,-2.50194],[-79.34694,-2.51],[-79.37611,-2.50083],[-79.38333,-2.48667],[-79.40278,-2.47778],[-79.40278,-2.46667],[-79.41889,-2.4625],[-79.42028,-2.45278],[-79.43806,-2.44778],[-79.46806,-2.41944]]]}},{"type":"Feature","properties":{"codigo":1007402297},"geometry":{"type":"Polygon","coordinates":[[[-80.36306,-2.36861],[-80.35083,-2.37917],[-80.33611,-2.37944],[-80.29667,-2.40972],[-80.2925,-2.42111],[-80.27611,-2.42139],[-80.26389,-2.4475],[-80.23722,-2.45306],[-80.23917,-2.46472],[-80.18889,-2.46389],[-80.18278,-2.47083],[-80.18861,-2.48472],[-80.20806,-2.47361],[-80.22806,-2.485],[-80.25444,-2.48361],[-80.27667,-2.46917],[-80.31333,-2.48417],[-80.33556,-2.46139],[-80.36361,-2.45167],[-80.36917,-2.43889],[-80.39972,-2.44139],[-80.41056,-2.42694],[-80.42083,-2.43306],[-80.43389,-2.42472],[-80.43306,-2.40417],[-80.42167,-2.40611],[-80.40583,-2.3925],[-80.40611,-2.37833],[-80.3825,-2.38],[-80.36306,-2.36861]]]}},{"type":"Feature","properties":{"codigo":1007403687},"geometry":{"type":"Polygon","coordinates":[[[-78.54528,-2.33556],[-78.50028,-2.38167],[-78.48583,-2.3725],[-78.48222,-2.41139],[-78.46167,-2.42111],[-78.485,-2.43667],[-78.48194,-2.45528],[-78.50639,-2.53361],[-78.52917,-2.56278],[-78.54667,-2.5675],[-78.55667,-2.55944],[-78.55083,-2.53778],[-78.55472,-2.47417],[-78.56417,-2.46556],[-78.55917,-2.43861],[-78.57917,-2.42389],[-78.56389,-2.40028],[-78.55278,-2.39972],[-78.56222,-2.38222],[-78.56083,-2.36389],[-78.54528,-2.33556]]]}},{"type":"Feature","properties":{"codigo":1007403632},"geometry":{"type":"Polygon","coordinates":[[[-78.17833,-2.41778],[-78.15306,-2.41833],[-78.15111,-2.45694],[-78.15806,-2.48306],[-78.15528,-2.53722],[-78.16861,-2.55167],[-78.18083,-2.59833],[-78.19417,-2.6075],[-78.19833,-2.59444],[-78.21417,-2.59583],[-78.24111,-2.5675],[-78.24806,-2.57417],[-78.27083,-2.56972],[-78.30389,-2.57944],[-78.31806,-2.56306],[-78.30639,-2.5525],[-78.25194,-2.54472],[-78.24278,-2.53194],[-78.2125,-2.53806],[-78.17694,-2.47694],[-78.18389,-2.46167],[-78.17556,-2.45167],[-78.17833,-2.41778]]]}},{"type":"Feature","properties":{"codigo":1007403635},"geometry":{"type":"Polygon","coordinates":[[[-78.15139,-2.42833],[-78.1425,-2.43917],[-78.14056,-2.46722],[-78.13278,-2.47111],[-78.13611,-2.48111],[-78.1025,-2.5075],[-78.10778,-2.53778],[-78.1,-2.58056],[-78.10833,-2.59361],[-78.10861,-2.62056],[-78.10361,-2.64028],[-78.0775,-2.64028],[-78.075,-2.66222],[-78.12361,-2.66056],[-78.15694,-2.62167],[-78.18528,-2.60306],[-78.16861,-2.55167],[-78.155,-2.53583],[-78.15139,-2.42833]]]}},{"type":"Feature","properties":{"codigo":1007402329},"geometry":{"type":"Polygon","coordinates":[[[-78.79694,-2.4175],[-78.78389,-2.43389],[-78.78472,-2.46417],[-78.81611,-2.50333],[-78.82556,-2.50556],[-78.83889,-2.54472],[-78.8475,-2.55222],[-78.90028,-2.545],[-78.89389,-2.51944],[-78.88472,-2.51194],[-78.89861,-2.49139],[-78.9,-2.46667],[-78.88333,-2.45222],[-78.84389,-2.43861],[-78.83278,-2.42556],[-78.82306,-2.4325],[-78.79694,-2.4175]]]}},{"type":"Feature","properties":{"codigo":1007402331},"geometry":{"type":"Polygon","coordinates":[[[-78.78389,-2.43472],[-78.74556,-2.43056],[-78.75278,-2.46722],[-78.74583,-2.50333],[-78.75361,-2.51222],[-78.75194,-2.52861],[-78.76472,-2.53556],[-78.76694,-2.58972],[-78.77917,-2.60444],[-78.83139,-2.59889],[-78.84972,-2.60556],[-78.87167,-2.57806],[-78.83278,-2.53694],[-78.82556,-2.50556],[-78.78944,-2.47417],[-78.78389,-2.43472]]]}},{"type":"Feature","properties":{"codigo":1007403654},"geometry":{"type":"Polygon","coordinates":[[[-78.485,-2.43667],[-78.44389,-2.42083],[-78.4375,-2.43528],[-78.42361,-2.43556],[-78.42583,-2.45806],[-78.41889,-2.46944],[-78.43333,-2.49889],[-78.43083,-2.50944],[-78.47306,-2.57139],[-78.48083,-2.57222],[-78.49389,-2.535],[-78.50556,-2.52611],[-78.48194,-2.45528],[-78.485,-2.43667]]]}},{"type":"Feature","properties":{"codigo":1007403636},"geometry":{"type":"Polygon","coordinates":[[[-78.14583,-2.42972],[-78.12444,-2.43389],[-78.09389,-2.46278],[-78.12167,-2.4625],[-78.13306,-2.47611],[-78.14222,-2.46167],[-78.14583,-2.42972]]]}},{"type":"Feature","properties":{"codigo":1007402303},"geometry":{"type":"Polygon","coordinates":[[[-79.64639,-2.40611],[-79.58417,-2.40972],[-79.56667,-2.46417],[-79.56972,-2.47389],[-79.59806,-2.49417],[-79.61194,-2.48889],[-79.62889,-2.49861],[-79.64222,-2.49222],[-79.65083,-2.50972],[-79.65639,-2.48194],[-79.66417,-2.47611],[-79.67444,-2.49028],[-79.68528,-2.47806],[-79.71056,-2.48806],[-79.71667,-2.47361],[-79.69306,-2.47083],[-79.67306,-2.43806],[-79.66083,-2.4375],[-79.66444,-2.42361],[-79.64639,-2.40611]]]}},{"type":"Feature","properties":{"codigo":1007402302},"geometry":{"type":"Polygon","coordinates":[[[-79.57472,-2.43806],[-79.55889,-2.42389],[-79.53083,-2.42778],[-79.52917,-2.41639],[-79.50667,-2.42833],[-79.49583,-2.42111],[-79.49278,-2.42917],[-79.48472,-2.41833],[-79.47778,-2.42472],[-79.46639,-2.41861],[-79.45194,-2.43778],[-79.42028,-2.45278],[-79.40944,-2.46889],[-79.40278,-2.46667],[-79.40278,-2.47778],[-79.44889,-2.48028],[-79.46222,-2.48694],[-79.46139,-2.49778],[-79.48306,-2.50694],[-79.48722,-2.51917],[-79.49667,-2.50667],[-79.51639,-2.50972],[-79.535,-2.49778],[-79.54583,-2.52389],[-79.55667,-2.50944],[-79.56667,-2.52444],[-79.59556,-2.51361],[-79.61111,-2.51944],[-79.64222,-2.49639],[-79.62861,-2.49861],[-79.61194,-2.48889],[-79.59806,-2.49417],[-79.59306,-2.48472],[-79.58667,-2.49028],[-79.57944,-2.485],[-79.56667,-2.46472],[-79.57472,-2.43806]]]}},{"type":"Feature","properties":{"codigo":1007403146},"geometry":{"type":"Polygon","coordinates":[[[-77.10889,-2.48917],[-77.12472,-2.42194],[-77.11806,-2.4175],[-77.14139,-2.39778],[-77.13889,-2.38361],[-77.12833,-2.38],[-77.13056,-2.36722],[-77.14194,-2.35972],[-77.13472,-2.35167],[-77.12278,-2.3575],[-77.11861,-2.37472],[-77.08806,-2.39306],[-77.0875,-2.41722],[-77.10056,-2.42806],[-77.09417,-2.44667],[-77.07722,-2.44972],[-77.07972,-2.46139],[-77.04083,-2.47972],[-77.04806,-2.49583],[-77.0575,-2.49806],[-77.05194,-2.51639],[-77.06778,-2.54],[-77.06778,-2.57556],[-77.08278,-2.60639],[-77.07278,-2.61667],[-77.0725,-2.63083],[-77.04833,-2.65222],[-77.05417,-2.66944],[-77.03056,-2.69444],[-77.035,-2.69944],[-77.04444,-2.70083],[-77.05056,-2.68361],[-77.06194,-2.68361],[-77.06917,-2.66083],[-77.11,-2.6175],[-77.08889,-2.57722],[-77.08889,-2.56139],[-77.105,-2.55972],[-77.10056,-2.54972],[-77.11,-2.53417],[-77.09083,-2.49722],[-77.10889,-2.48917]]]}},{"type":"Feature","properties":{"codigo":1007403634},"geometry":{"type":"Polygon","coordinates":[[[-78.42583,-2.45806],[-78.41833,-2.42389],[-78.39917,-2.41861],[-78.36417,-2.4425],[-78.35222,-2.44222],[-78.33528,-2.42611],[-78.30389,-2.43389],[-78.29139,-2.42361],[-78.26917,-2.43556],[-78.26028,-2.42833],[-78.26,-2.46556],[-78.23417,-2.46056],[-78.21722,-2.46611],[-78.19917,-2.45889],[-78.18,-2.46556],[-78.17694,-2.47694],[-78.21389,-2.53972],[-78.24278,-2.53194],[-78.25194,-2.54472],[-78.27111,-2.5425],[-78.28806,-2.55444],[-78.30361,-2.55139],[-78.32083,-2.56528],[-78.34917,-2.55861],[-78.38583,-2.56194],[-78.44056,-2.52],[-78.41889,-2.46944],[-78.42583,-2.45806]]]}},{"type":"Feature","properties":{"codigo":1007403187},"geometry":{"type":"Polygon","coordinates":[[[-76.8325,-2.46083],[-76.81722,-2.46],[-76.82583,-2.43944],[-76.81833,-2.41917],[-76.80944,-2.41833],[-76.78528,-2.43972],[-76.76944,-2.49167],[-76.77444,-2.53417],[-76.78472,-2.53917],[-76.80944,-2.50083],[-76.82306,-2.50194],[-76.83694,-2.46944],[-76.8325,-2.46083]]]}},{"type":"Feature","properties":{"codigo":1007403649},"geometry":{"type":"Polygon","coordinates":[[[-78.12167,-2.4625],[-78.08222,-2.46556],[-78.07306,-2.45278],[-78.05194,-2.44667],[-78.03917,-2.45556],[-78.03833,-2.47222],[-78.02,-2.49694],[-78.03917,-2.54083],[-78.03778,-2.56806],[-78.02917,-2.57222],[-78.01806,-2.6075],[-78.02111,-2.64861],[-78.04528,-2.655],[-78.05444,-2.68694],[-78.06694,-2.68694],[-78.0775,-2.64028],[-78.10417,-2.63917],[-78.10861,-2.595],[-78.1,-2.58056],[-78.10778,-2.53778],[-78.1025,-2.5075],[-78.13611,-2.48111],[-78.12167,-2.4625]]]}},{"type":"Feature","properties":{"codigo":1007403192},"geometry":{"type":"Polygon","coordinates":[[[-76.87944,-2.42917],[-76.8825,-2.4125],[-76.86028,-2.4375],[-76.85889,-2.44833],[-76.83444,-2.46694],[-76.82278,-2.49028],[-76.82889,-2.52444],[-76.82306,-2.54333],[-76.83472,-2.54167],[-76.8425,-2.55028],[-76.85,-2.54472],[-76.85389,-2.55472],[-76.86972,-2.54944],[-76.88472,-2.55583],[-76.8925,-2.52861],[-76.88333,-2.52],[-76.89722,-2.51194],[-76.90333,-2.49444],[-76.90528,-2.47806],[-76.88806,-2.47139],[-76.89611,-2.44722],[-76.87944,-2.42917]]]}},{"type":"Feature","properties":{"codigo":1007402315},"geometry":{"type":"Polygon","coordinates":[[[-80.4675,-2.47417],[-80.43722,-2.45278],[-80.42944,-2.42806],[-80.41861,-2.43306],[-80.41056,-2.42694],[-80.39972,-2.44139],[-80.38639,-2.44389],[-80.36917,-2.43889],[-80.36361,-2.45167],[-80.33556,-2.46139],[-80.31722,-2.48111],[-80.32111,-2.49333],[-80.3125,-2.49806],[-80.31611,-2.51056],[-80.30056,-2.53167],[-80.30083,-2.54694],[-80.2475,-2.60111],[-80.25667,-2.61417],[-80.23806,-2.63444],[-80.25417,-2.64222],[-80.25528,-2.63194],[-80.26056,-2.64139],[-80.26694,-2.63472],[-80.27833,-2.655],[-80.29278,-2.66361],[-80.31139,-2.65944],[-80.31139,-2.63667],[-80.3325,-2.61417],[-80.34167,-2.61528],[-80.34611,-2.60056],[-80.35167,-2.6025],[-80.34167,-2.5875],[-80.35417,-2.57083],[-80.40222,-2.54111],[-80.43028,-2.54944],[-80.42917,-2.54056],[-80.44111,-2.54],[-80.44944,-2.51778],[-80.44472,-2.51278],[-80.46083,-2.5],[-80.4675,-2.47417]]]}},{"type":"Feature","properties":{"codigo":1007402324},"geometry":{"type":"Polygon","coordinates":[[[-79.1725,-2.47528],[-79.13694,-2.45694],[-79.0725,-2.46417],[-79.06333,-2.51639],[-79.04861,-2.54472],[-79.05722,-2.56306],[-79.05778,-2.6125],[-79.07111,-2.62167],[-79.08361,-2.61944],[-79.11278,-2.58167],[-79.11389,-2.56917],[-79.13222,-2.55556],[-79.14611,-2.51528],[-79.18111,-2.4925],[-79.1725,-2.47528]]]}},{"type":"Feature","properties":{"codigo":1007402323},"geometry":{"type":"Polygon","coordinates":[[[-79.28556,-2.49056],[-79.26306,-2.47944],[-79.25361,-2.485],[-79.23833,-2.48],[-79.22028,-2.49056],[-79.19222,-2.47056],[-79.1725,-2.47528],[-79.195,-2.53111],[-79.1975,-2.56389],[-79.21694,-2.55056],[-79.22306,-2.52861],[-79.23528,-2.51861],[-79.26417,-2.50556],[-79.29694,-2.51083],[-79.28556,-2.49056]]]}},{"type":"Feature","properties":{"codigo":1007402321},"geometry":{"type":"Polygon","coordinates":[[[-79.40278,-2.47778],[-79.37833,-2.49333],[-79.38944,-2.49389],[-79.39556,-2.50917],[-79.38222,-2.52889],[-79.37222,-2.57139],[-79.37861,-2.63361],[-79.40472,-2.62389],[-79.41778,-2.60583],[-79.44222,-2.59778],[-79.44472,-2.58972],[-79.48389,-2.57806],[-79.50417,-2.54528],[-79.51417,-2.54111],[-79.53111,-2.55083],[-79.54639,-2.54278],[-79.54611,-2.55528],[-79.555,-2.55611],[-79.56,-2.57],[-79.56639,-2.56583],[-79.57444,-2.57917],[-79.58833,-2.57806],[-79.59444,-2.59194],[-79.60472,-2.59278],[-79.60861,-2.60778],[-79.62056,-2.60556],[-79.6225,-2.63278],[-79.63417,-2.63667],[-79.65639,-2.62778],[-79.68222,-2.64194],[-79.68639,-2.65167],[-79.70167,-2.64639],[-79.70222,-2.66194],[-79.72194,-2.68389],[-79.75139,-2.66167],[-79.74889,-2.65333],[-79.73556,-2.655],[-79.72333,-2.62222],[-79.70306,-2.62194],[-79.71444,-2.61417],[-79.71417,-2.58056],[-79.69611,-2.58111],[-79.69389,-2.57417],[-79.68778,-2.58139],[-79.67944,-2.56417],[-79.66889,-2.57028],[-79.66167,-2.5625],[-79.67083,-2.55333],[-79.66361,-2.54167],[-79.65361,-2.54444],[-79.66194,-2.55028],[-79.65833,-2.56056],[-79.63528,-2.56472],[-79.61222,-2.55194],[-79.59,-2.55194],[-79.57917,-2.52361],[-79.56667,-2.52444],[-79.55722,-2.50944],[-79.54583,-2.52389],[-79.535,-2.49778],[-79.51639,-2.50972],[-79.49667,-2.50667],[-79.48722,-2.51917],[-79.48306,-2.50694],[-79.46139,-2.49778],[-79.46222,-2.48694],[-79.44889,-2.48028],[-79.40278,-2.47778]]]}},{"type":"Feature","properties":{"codigo":1007402322},"geometry":{"type":"Polygon","coordinates":[[[-79.38944,-2.49778],[-79.38056,-2.495],[-79.34694,-2.51],[-79.33556,-2.50194],[-79.31528,-2.51],[-79.30667,-2.49889],[-79.295,-2.50278],[-79.29833,-2.53083],[-79.28444,-2.54694],[-79.28528,-2.56056],[-79.29611,-2.56556],[-79.32861,-2.55722],[-79.34639,-2.56806],[-79.36583,-2.56389],[-79.38944,-2.49778]]]}},{"type":"Feature","properties":{"codigo":1007402326},"geometry":{"type":"Polygon","coordinates":[[[-79.06139,-2.50111],[-79.04333,-2.48472],[-78.99833,-2.48861],[-78.98694,-2.49611],[-78.98972,-2.51472],[-79.00111,-2.52472],[-79.00306,-2.57],[-78.98528,-2.58639],[-78.98667,-2.60972],[-79.01139,-2.63639],[-79.03194,-2.63528],[-79.06083,-2.5975],[-79.04861,-2.54472],[-79.06333,-2.51639],[-79.06139,-2.50111]]]}},{"type":"Feature","properties":{"codigo":1007403659},"geometry":{"type":"Polygon","coordinates":[[[-78.74556,-2.43139],[-78.71667,-2.42611],[-78.7175,-2.44972],[-78.69806,-2.46389],[-78.68333,-2.46278],[-78.65667,-2.48417],[-78.64528,-2.50389],[-78.63917,-2.55222],[-78.63,-2.55472],[-78.62056,-2.57972],[-78.62222,-2.59333],[-78.65056,-2.59111],[-78.65472,-2.60889],[-78.69722,-2.58444],[-78.70722,-2.5625],[-78.71806,-2.56972],[-78.73222,-2.56333],[-78.73639,-2.53944],[-78.74583,-2.53917],[-78.75333,-2.52444],[-78.74583,-2.50333],[-78.75278,-2.46722],[-78.74556,-2.43139]]]}},{"type":"Feature","properties":{"codigo":1007403460},"geometry":{"type":"Polygon","coordinates":[[[-77.87417,-2.50944],[-77.85167,-2.47806],[-77.84333,-2.37556],[-77.78222,-2.39],[-77.785,-2.50583],[-77.77306,-2.51972],[-77.75417,-2.52583],[-77.75639,-2.5575],[-77.74639,-2.56861],[-77.75528,-2.5975],[-77.77778,-2.60361],[-77.77028,-2.59472],[-77.77556,-2.58139],[-77.81056,-2.56722],[-77.8275,-2.54056],[-77.84083,-2.54472],[-77.84611,-2.52861],[-77.86472,-2.52278],[-77.87417,-2.50944]]]}},{"type":"Feature","properties":{"codigo":1007402301},"geometry":{"type":"Polygon","coordinates":[[[-79.66028,-2.51139],[-79.64,-2.49611],[-79.61167,-2.51917],[-79.59,-2.515],[-79.57722,-2.52917],[-79.58861,-2.53639],[-79.59,-2.55194],[-79.61222,-2.55194],[-79.61472,-2.55861],[-79.64833,-2.56556],[-79.66194,-2.55111],[-79.65361,-2.54472],[-79.66028,-2.52583],[-79.65333,-2.5225],[-79.66028,-2.51139]]]}},{"type":"Feature","properties":{"codigo":1007403186},"geometry":{"type":"Polygon","coordinates":[[[-76.76944,-2.50139],[-76.75806,-2.50639],[-76.75222,-2.49972],[-76.74556,-2.50667],[-76.73444,-2.54889],[-76.74972,-2.54389],[-76.75,-2.55944],[-76.75972,-2.55417],[-76.76278,-2.56028],[-76.77528,-2.54278],[-76.78667,-2.54639],[-76.79417,-2.54],[-76.79833,-2.52],[-76.78472,-2.53917],[-76.77444,-2.53417],[-76.76944,-2.50139]]]}},{"type":"Feature","properties":{"codigo":1007403184},"geometry":{"type":"Polygon","coordinates":[[[-76.74472,-2.51139],[-76.7375,-2.50861],[-76.74861,-2.48111],[-76.74472,-2.45889],[-76.71444,-2.41167],[-76.7025,-2.43],[-76.68333,-2.43556],[-76.68833,-2.465],[-76.68111,-2.475],[-76.69083,-2.49861],[-76.67528,-2.50889],[-76.67694,-2.52667],[-76.66944,-2.52806],[-76.66194,-2.55333],[-76.67056,-2.57694],[-76.68056,-2.57722],[-76.68694,-2.59194],[-76.70111,-2.59444],[-76.72056,-2.57694],[-76.74167,-2.53472],[-76.74472,-2.51139]]]}},{"type":"Feature","properties":{"codigo":1007402328},"geometry":{"type":"Polygon","coordinates":[[[-78.98667,-2.50611],[-78.96611,-2.51778],[-78.9375,-2.49944],[-78.93222,-2.48528],[-78.89861,-2.47611],[-78.89861,-2.49139],[-78.88472,-2.51194],[-78.89389,-2.51944],[-78.90194,-2.54833],[-78.90639,-2.58194],[-78.90083,-2.58444],[-78.92861,-2.59917],[-78.93417,-2.61056],[-78.96861,-2.61417],[-78.98694,-2.59944],[-78.98639,-2.58389],[-78.99944,-2.57778],[-79.00111,-2.52472],[-78.98667,-2.50611]]]}},{"type":"Feature","properties":{"codigo":1007403191},"geometry":{"type":"Polygon","coordinates":[[[-76.82278,-2.50222],[-76.80944,-2.50083],[-76.79389,-2.54056],[-76.77528,-2.54278],[-76.76278,-2.56056],[-76.76528,-2.56944],[-76.78389,-2.57889],[-76.78833,-2.6],[-76.81778,-2.59],[-76.82472,-2.6075],[-76.85611,-2.57806],[-76.84694,-2.57083],[-76.83444,-2.57361],[-76.8425,-2.56667],[-76.82333,-2.54583],[-76.82889,-2.52444],[-76.82278,-2.50222]]]}},{"type":"Feature","properties":{"codigo":1007403435},"geometry":{"type":"Polygon","coordinates":[[[-77.55556,-2.52583],[-77.5275,-2.51694],[-77.52556,-2.52472],[-77.53278,-2.52889],[-77.53944,-2.5625],[-77.55222,-2.575],[-77.57139,-2.56222],[-77.58556,-2.56389],[-77.59889,-2.54556],[-77.60972,-2.54361],[-77.60139,-2.52833],[-77.55556,-2.52583]]]}},{"type":"Feature","properties":{"codigo":1007403433},"geometry":{"type":"Polygon","coordinates":[[[-77.525,-2.52083],[-77.51667,-2.5175],[-77.51083,-2.48694],[-77.48917,-2.48444],[-77.48306,-2.47583],[-77.4775,-2.54389],[-77.48472,-2.54917],[-77.47944,-2.56194],[-77.48611,-2.57167],[-77.47861,-2.57583],[-77.48583,-2.59556],[-77.50722,-2.59278],[-77.51167,-2.58639],[-77.50472,-2.57028],[-77.51111,-2.56639],[-77.53889,-2.56444],[-77.525,-2.52083]]]}},{"type":"Feature","properties":{"codigo":1007403436},"geometry":{"type":"Polygon","coordinates":[[[-77.71167,-2.37194],[-77.68917,-2.37694],[-77.6825,-2.37139],[-77.66611,-2.3825],[-77.66028,-2.39722],[-77.63667,-2.39778],[-77.63778,-2.40806],[-77.6175,-2.4325],[-77.61917,-2.46139],[-77.60694,-2.46972],[-77.59111,-2.50222],[-77.56111,-2.51222],[-77.55917,-2.52278],[-77.59417,-2.52583],[-77.60806,-2.53944],[-77.64917,-2.54528],[-77.64417,-2.51528],[-77.67,-2.50806],[-77.67056,-2.48667],[-77.68861,-2.48139],[-77.71028,-2.46167],[-77.70583,-2.44389],[-77.71417,-2.44028],[-77.71306,-2.42306],[-77.72361,-2.41139],[-77.71167,-2.37194]]]}},{"type":"Feature","properties":{"codigo":1007403455},"geometry":{"type":"Polygon","coordinates":[[[-77.89222,-2.5375],[-77.89111,-2.51778],[-77.86972,-2.51083],[-77.86472,-2.52278],[-77.84611,-2.52861],[-77.84083,-2.54472],[-77.8275,-2.54056],[-77.81056,-2.56722],[-77.77556,-2.58139],[-77.77056,-2.59583],[-77.79417,-2.59861],[-77.80778,-2.59],[-77.82611,-2.59778],[-77.85139,-2.58778],[-77.87833,-2.60472],[-77.88639,-2.57806],[-77.87472,-2.5675],[-77.87278,-2.55056],[-77.87667,-2.54083],[-77.89222,-2.5375]]]}},{"type":"Feature","properties":{"codigo":1007403459},"geometry":{"type":"Polygon","coordinates":[[[-77.94361,-2.49306],[-77.93556,-2.51222],[-77.90889,-2.5375],[-77.89361,-2.52722],[-77.89222,-2.5375],[-77.87583,-2.54194],[-77.87389,-2.565],[-77.88639,-2.57806],[-77.87694,-2.61056],[-77.88611,-2.6175],[-77.87667,-2.62639],[-77.84972,-2.62639],[-77.86556,-2.63944],[-77.86556,-2.65306],[-77.88972,-2.64944],[-77.89861,-2.635],[-77.91333,-2.64083],[-77.93111,-2.62917],[-77.94056,-2.63694],[-77.95972,-2.63556],[-77.96278,-2.62222],[-77.97611,-2.61333],[-77.99722,-2.62333],[-78.02056,-2.62028],[-78.01806,-2.6075],[-78.02917,-2.57222],[-78.03778,-2.56806],[-78.03889,-2.5425],[-78.01667,-2.53806],[-77.99111,-2.54528],[-77.9775,-2.50694],[-77.94361,-2.49306]]]}},{"type":"Feature","properties":{"codigo":1007403132},"geometry":{"type":"Polygon","coordinates":[[[-77.0675,-2.54333],[-77.05194,-2.51639],[-77.055,-2.50361],[-77.04528,-2.50222],[-77.01806,-2.52083],[-76.97861,-2.52806],[-76.98333,-2.53639],[-76.97111,-2.54472],[-76.97694,-2.55806],[-76.93611,-2.57417],[-76.93611,-2.58639],[-76.91361,-2.58806],[-76.90306,-2.58194],[-76.90972,-2.57778],[-76.90639,-2.57139],[-76.88056,-2.59056],[-76.87194,-2.60389],[-76.87944,-2.62028],[-76.87139,-2.625],[-76.88361,-2.62389],[-76.8875,-2.63278],[-76.87139,-2.64306],[-76.88306,-2.64917],[-76.87111,-2.68028],[-76.88389,-2.67861],[-76.88389,-2.685],[-76.87639,-2.685],[-76.87639,-2.69667],[-76.86583,-2.69528],[-76.87528,-2.72556],[-76.85833,-2.74111],[-76.82972,-2.74889],[-76.81889,-2.76333],[-76.82944,-2.79833],[-76.84417,-2.79806],[-76.86417,-2.76722],[-76.88111,-2.76556],[-76.87972,-2.75611],[-76.89556,-2.73278],[-76.91306,-2.71917],[-76.90528,-2.71444],[-76.91056,-2.69611],[-76.93778,-2.68472],[-76.94722,-2.67194],[-76.945,-2.66083],[-76.96083,-2.66333],[-76.97583,-2.64583],[-76.98611,-2.65139],[-77.01667,-2.63306],[-77.02139,-2.60444],[-77.0125,-2.59028],[-77.03306,-2.57417],[-77.0425,-2.57639],[-77.04944,-2.55611],[-77.0675,-2.54333]]]}},{"type":"Feature","properties":{"codigo":1007403430},"geometry":{"type":"Polygon","coordinates":[[[-77.64889,-2.54528],[-77.60917,-2.53917],[-77.58556,-2.56389],[-77.57139,-2.56222],[-77.55361,-2.575],[-77.54083,-2.56278],[-77.50472,-2.57028],[-77.52222,-2.60444],[-77.50278,-2.62694],[-77.52056,-2.66],[-77.51111,-2.67917],[-77.525,-2.71528],[-77.5125,-2.71583],[-77.51194,-2.72583],[-77.51944,-2.72556],[-77.54306,-2.76917],[-77.55583,-2.77556],[-77.57139,-2.76694],[-77.57833,-2.74306],[-77.63611,-2.72861],[-77.63306,-2.71222],[-77.64833,-2.70361],[-77.66528,-2.67639],[-77.63361,-2.66139],[-77.62556,-2.6325],[-77.62972,-2.61306],[-77.64083,-2.60722],[-77.63222,-2.59861],[-77.65667,-2.57111],[-77.6475,-2.56306],[-77.64889,-2.54528]]]}},{"type":"Feature","properties":{"codigo":1007403450},"geometry":{"type":"Polygon","coordinates":[[[-77.33806,-2.55],[-77.34083,-2.54361],[-77.32556,-2.52667],[-77.33833,-2.50778],[-77.33333,-2.49333],[-77.35556,-2.48611],[-77.33917,-2.47056],[-77.33167,-2.44417],[-77.33694,-2.43722],[-77.34472,-2.44167],[-77.34528,-2.42917],[-77.31972,-2.42528],[-77.28083,-2.47722],[-77.28667,-2.51028],[-77.27056,-2.51611],[-77.26083,-2.53278],[-77.2675,-2.53861],[-77.25611,-2.54167],[-77.24639,-2.55972],[-77.25333,-2.57667],[-77.28167,-2.59222],[-77.27917,-2.60389],[-77.28972,-2.605],[-77.30333,-2.55167],[-77.33806,-2.55]]]}},{"type":"Feature","properties":{"codigo":1007402330},"geometry":{"type":"Polygon","coordinates":[[[-78.9,-2.545],[-78.86194,-2.54611],[-78.84778,-2.55222],[-78.84944,-2.56028],[-78.89139,-2.59361],[-78.92944,-2.60361],[-78.90083,-2.58444],[-78.90639,-2.57889],[-78.9,-2.545]]]}},{"type":"Feature","properties":{"codigo":1007403658},"geometry":{"type":"Polygon","coordinates":[[[-78.64528,-2.50389],[-78.63139,-2.50472],[-78.605,-2.535],[-78.57667,-2.52917],[-78.56833,-2.53583],[-78.56083,-2.55778],[-78.59556,-2.60472],[-78.62056,-2.59806],[-78.62917,-2.55611],[-78.63917,-2.55222],[-78.64528,-2.50389]]]}},{"type":"Feature","properties":{"codigo":1007403656},"geometry":{"type":"Polygon","coordinates":[[[-78.55556,-2.55917],[-78.55556,-2.55139],[-78.55389,-2.55278],[-78.55556,-2.55917]]]}},{"type":"Feature","properties":{"codigo":1007403655},"geometry":{"type":"Polygon","coordinates":[[[-78.5625,-2.55972],[-78.53667,-2.56694],[-78.50056,-2.52944],[-78.48083,-2.5725],[-78.50111,-2.61778],[-78.4975,-2.63972],[-78.51556,-2.68639],[-78.56472,-2.70056],[-78.57306,-2.68639],[-78.57194,-2.64139],[-78.595,-2.60389],[-78.5625,-2.55972]]]}},{"type":"Feature","properties":{"codigo":1007402334},"geometry":{"type":"Polygon","coordinates":[[[-79.28528,-2.56028],[-79.28444,-2.54694],[-79.29833,-2.53083],[-79.29722,-2.51028],[-79.26278,-2.50583],[-79.22306,-2.52861],[-79.21694,-2.55056],[-79.1975,-2.56389],[-79.19778,-2.58],[-79.17167,-2.61639],[-79.15722,-2.6525],[-79.14639,-2.64861],[-79.13778,-2.66389],[-79.11444,-2.67222],[-79.11778,-2.69306],[-79.14389,-2.69639],[-79.14639,-2.73194],[-79.16833,-2.72778],[-79.18444,-2.70083],[-79.21639,-2.67889],[-79.21556,-2.67028],[-79.24111,-2.66139],[-79.25556,-2.5725],[-79.28528,-2.56028]]]}},{"type":"Feature","properties":{"codigo":1007403185},"geometry":{"type":"Polygon","coordinates":[[[-76.76528,-2.56944],[-76.75972,-2.55417],[-76.74861,-2.55861],[-76.74528,-2.54389],[-76.70111,-2.59444],[-76.67056,-2.57722],[-76.67139,-2.59056],[-76.65944,-2.59139],[-76.6525,-2.60889],[-76.66361,-2.61222],[-76.67389,-2.60306],[-76.68694,-2.62639],[-76.72028,-2.64389],[-76.7375,-2.61583],[-76.74806,-2.61444],[-76.74306,-2.59861],[-76.77028,-2.59806],[-76.77861,-2.58917],[-76.77694,-2.57028],[-76.76528,-2.56944]]]}},{"type":"Feature","properties":{"codigo":1007402333},"geometry":{"type":"Polygon","coordinates":[[[-79.19778,-2.58],[-79.18139,-2.4925],[-79.16917,-2.49444],[-79.14611,-2.51528],[-79.13222,-2.55556],[-79.11389,-2.56917],[-79.11278,-2.58167],[-79.09139,-2.60167],[-79.08361,-2.62222],[-79.0975,-2.62306],[-79.13583,-2.65639],[-79.14722,-2.64833],[-79.15722,-2.6525],[-79.17167,-2.61639],[-79.19778,-2.58]]]}},{"type":"Feature","properties":{"codigo":1007403653},"geometry":{"type":"Polygon","coordinates":[[[-78.44056,-2.51972],[-78.38583,-2.56194],[-78.31583,-2.56472],[-78.31389,-2.6125],[-78.32472,-2.6425],[-78.29667,-2.65333],[-78.28944,-2.67111],[-78.29667,-2.68194],[-78.29167,-2.70722],[-78.29917,-2.71389],[-78.29833,-2.74111],[-78.32722,-2.7375],[-78.33306,-2.72528],[-78.38917,-2.7025],[-78.43556,-2.70583],[-78.44194,-2.68944],[-78.45556,-2.68389],[-78.51083,-2.67583],[-78.48944,-2.58806],[-78.44056,-2.51972]]]}},{"type":"Feature","properties":{"codigo":1007402335},"geometry":{"type":"Polygon","coordinates":[[[-79.38944,-2.49778],[-79.36583,-2.56389],[-79.34639,-2.56806],[-79.32861,-2.55722],[-79.29611,-2.56556],[-79.28472,-2.56028],[-79.25556,-2.5725],[-79.24111,-2.66139],[-79.2175,-2.66889],[-79.21639,-2.67889],[-79.18444,-2.70083],[-79.16389,-2.72889],[-79.16639,-2.73889],[-79.2075,-2.75583],[-79.23361,-2.75139],[-79.24444,-2.76],[-79.25944,-2.75917],[-79.26778,-2.72306],[-79.29639,-2.72417],[-79.31639,-2.6975],[-79.35361,-2.66917],[-79.37944,-2.63111],[-79.37222,-2.57139],[-79.38222,-2.52889],[-79.39556,-2.51],[-79.38944,-2.49778]]]}},{"type":"Feature","properties":{"codigo":1007403183},"geometry":{"type":"Polygon","coordinates":[[[-76.67917,-2.57722],[-76.67056,-2.57694],[-76.67056,-2.56472],[-76.65639,-2.55528],[-76.6625,-2.56389],[-76.64,-2.57694],[-76.63222,-2.59639],[-76.67139,-2.59056],[-76.66778,-2.58],[-76.67917,-2.57722]]]}},{"type":"Feature","properties":{"codigo":1007403628},"geometry":{"type":"Polygon","coordinates":[[[-78.31472,-2.56722],[-78.30083,-2.58056],[-78.27083,-2.56972],[-78.25167,-2.57472],[-78.24028,-2.60361],[-78.24917,-2.63806],[-78.24278,-2.65806],[-78.22167,-2.67611],[-78.225,-2.69722],[-78.24139,-2.68389],[-78.25333,-2.69083],[-78.26972,-2.6875],[-78.26972,-2.68056],[-78.29194,-2.66944],[-78.29667,-2.65333],[-78.32472,-2.6425],[-78.31389,-2.6125],[-78.31472,-2.56722]]]}},{"type":"Feature","properties":{"codigo":1007403432},"geometry":{"type":"Polygon","coordinates":[[[-77.51167,-2.58694],[-77.47111,-2.60444],[-77.465,-2.59722],[-77.45,-2.60306],[-77.43222,-2.58417],[-77.42806,-2.59278],[-77.43417,-2.60417],[-77.42778,-2.61056],[-77.4425,-2.64389],[-77.43,-2.64944],[-77.43556,-2.68028],[-77.44444,-2.68389],[-77.44167,-2.70333],[-77.46139,-2.71],[-77.47056,-2.72194],[-77.48222,-2.71889],[-77.47389,-2.74417],[-77.49111,-2.75778],[-77.51361,-2.73778],[-77.5125,-2.71583],[-77.525,-2.71528],[-77.51111,-2.67917],[-77.52056,-2.66028],[-77.51611,-2.64194],[-77.50278,-2.62722],[-77.52222,-2.60583],[-77.51167,-2.58694]]]}},{"type":"Feature","properties":{"codigo":1007403454},"geometry":{"type":"Polygon","coordinates":[[[-77.74917,-2.5825],[-77.73917,-2.59056],[-77.73944,-2.61056],[-77.74833,-2.61028],[-77.75417,-2.62722],[-77.77278,-2.63972],[-77.77889,-2.65861],[-77.76861,-2.67],[-77.77361,-2.70056],[-77.76361,-2.71028],[-77.77778,-2.73222],[-77.77333,-2.77472],[-77.79194,-2.78306],[-77.76,-2.78778],[-77.74889,-2.815],[-77.73778,-2.81806],[-77.71639,-2.84833],[-77.70667,-2.84917],[-77.70222,-2.86278],[-77.71,-2.87694],[-77.70667,-2.88972],[-77.71583,-2.89556],[-77.72278,-2.89611],[-77.71889,-2.88778],[-77.725,-2.88083],[-77.75556,-2.87306],[-77.75889,-2.92056],[-77.7925,-2.93333],[-77.82306,-2.91444],[-77.81528,-2.90306],[-77.81611,-2.87111],[-77.85556,-2.825],[-77.85333,-2.79944],[-77.87694,-2.76194],[-77.8575,-2.72889],[-77.85417,-2.69583],[-77.86556,-2.63944],[-77.84972,-2.62639],[-77.87778,-2.62611],[-77.88639,-2.61611],[-77.85139,-2.58778],[-77.82611,-2.59778],[-77.80778,-2.59],[-77.79417,-2.59861],[-77.78444,-2.59389],[-77.76917,-2.60472],[-77.75528,-2.5975],[-77.74917,-2.5825]]]}},{"type":"Feature","properties":{"codigo":1007402332},"geometry":{"type":"Polygon","coordinates":[[[-78.92944,-2.60361],[-78.89139,-2.59361],[-78.87083,-2.57944],[-78.84972,-2.60556],[-78.83139,-2.59889],[-78.78028,-2.60333],[-78.78556,-2.6175],[-78.77528,-2.63556],[-78.79056,-2.63778],[-78.805,-2.65194],[-78.83722,-2.6475],[-78.83861,-2.63278],[-78.84694,-2.63222],[-78.85417,-2.67528],[-78.86528,-2.66139],[-78.88,-2.65722],[-78.87972,-2.64944],[-78.90194,-2.64444],[-78.92944,-2.60361]]]}},{"type":"Feature","properties":{"codigo":1007403686},"geometry":{"type":"Polygon","coordinates":[[[-78.78556,-2.6175],[-78.76694,-2.58972],[-78.76472,-2.53556],[-78.75194,-2.52861],[-78.74583,-2.53917],[-78.73639,-2.53944],[-78.73917,-2.55],[-78.72861,-2.5675],[-78.70722,-2.5625],[-78.69722,-2.58444],[-78.65389,-2.60889],[-78.64694,-2.62083],[-78.61861,-2.6275],[-78.63722,-2.64778],[-78.65861,-2.65472],[-78.66694,-2.67722],[-78.68694,-2.66944],[-78.7025,-2.68583],[-78.73278,-2.69111],[-78.74806,-2.67389],[-78.77,-2.66917],[-78.77611,-2.6275],[-78.78556,-2.6175]]]}},{"type":"Feature","properties":{"codigo":1007403661},"geometry":{"type":"Polygon","coordinates":[[[-78.60444,-2.60528],[-78.59389,-2.60528],[-78.57194,-2.64139],[-78.57306,-2.68639],[-78.56472,-2.69944],[-78.57778,-2.70694],[-78.59194,-2.74306],[-78.61167,-2.73694],[-78.61417,-2.72722],[-78.64083,-2.72444],[-78.63889,-2.70222],[-78.66583,-2.67667],[-78.65861,-2.65472],[-78.63722,-2.64778],[-78.61056,-2.62389],[-78.60444,-2.60528]]]}},{"type":"Feature","properties":{"codigo":1007403449},"geometry":{"type":"Polygon","coordinates":[[[-77.33806,-2.55],[-77.30333,-2.55167],[-77.29,-2.60472],[-77.24972,-2.61111],[-77.25806,-2.63694],[-77.25333,-2.64556],[-77.26472,-2.66167],[-77.25972,-2.67444],[-77.27306,-2.66694],[-77.28083,-2.67306],[-77.29389,-2.6925],[-77.28528,-2.70611],[-77.30694,-2.7075],[-77.30278,-2.72],[-77.33389,-2.73417],[-77.33639,-2.75639],[-77.35722,-2.76389],[-77.37667,-2.75833],[-77.38389,-2.76472],[-77.38972,-2.74861],[-77.40361,-2.75944],[-77.41806,-2.74806],[-77.4175,-2.73667],[-77.40917,-2.73278],[-77.41556,-2.72667],[-77.39417,-2.73167],[-77.36667,-2.71861],[-77.34111,-2.69778],[-77.33556,-2.66278],[-77.32139,-2.65917],[-77.32444,-2.64361],[-77.34667,-2.63222],[-77.33722,-2.62306],[-77.34194,-2.60389],[-77.32833,-2.5875],[-77.33806,-2.57444],[-77.33806,-2.55]]]}},{"type":"Feature","properties":{"codigo":1007403660},"geometry":{"type":"Polygon","coordinates":[[[-78.62222,-2.59333],[-78.60444,-2.60528],[-78.61056,-2.62389],[-78.64833,-2.62],[-78.65222,-2.59278],[-78.62222,-2.59333]]]}},{"type":"Feature","properties":{"codigo":1007403630},"geometry":{"type":"Polygon","coordinates":[[[-78.25194,-2.57444],[-78.24111,-2.5675],[-78.21417,-2.59583],[-78.19833,-2.59444],[-78.19417,-2.60778],[-78.20194,-2.61667],[-78.18889,-2.63306],[-78.16583,-2.62444],[-78.16806,-2.66167],[-78.15333,-2.67778],[-78.15222,-2.70056],[-78.185,-2.70528],[-78.1975,-2.68278],[-78.20722,-2.68333],[-78.21139,-2.67278],[-78.24278,-2.65806],[-78.24917,-2.63722],[-78.24028,-2.60361],[-78.25194,-2.57444]]]}},{"type":"Feature","properties":{"codigo":1007403631},"geometry":{"type":"Polygon","coordinates":[[[-78.20194,-2.61556],[-78.17972,-2.60278],[-78.17111,-2.61222],[-78.19444,-2.62639],[-78.20194,-2.61556]]]}},{"type":"Feature","properties":{"codigo":1007403469},"geometry":{"type":"Polygon","coordinates":[[[-77.24972,-2.61139],[-77.22694,-2.59861],[-77.22028,-2.60194],[-77.21306,-2.58806],[-77.21861,-2.57583],[-77.20861,-2.57972],[-77.19194,-2.59556],[-77.19389,-2.62694],[-77.1775,-2.62639],[-77.17389,-2.635],[-77.18083,-2.64472],[-77.16333,-2.64833],[-77.15583,-2.66722],[-77.17556,-2.67917],[-77.19444,-2.67972],[-77.19194,-2.73778],[-77.20167,-2.74222],[-77.19667,-2.75389],[-77.21139,-2.7675],[-77.20028,-2.77833],[-77.20361,-2.80611],[-77.21611,-2.8],[-77.245,-2.80556],[-77.26333,-2.79333],[-77.27889,-2.80389],[-77.29528,-2.79583],[-77.26833,-2.77861],[-77.24917,-2.79639],[-77.21583,-2.785],[-77.22639,-2.76944],[-77.22639,-2.75361],[-77.25056,-2.715],[-77.26528,-2.70694],[-77.27389,-2.68083],[-77.27361,-2.66694],[-77.25972,-2.67444],[-77.265,-2.66333],[-77.25583,-2.65417],[-77.24972,-2.61139]]]}},{"type":"Feature","properties":{"codigo":1007403666},"geometry":{"type":"Polygon","coordinates":[[[-78.98667,-2.59972],[-78.96639,-2.615],[-78.93,-2.60861],[-78.90194,-2.64444],[-78.87972,-2.64944],[-78.88,-2.65722],[-78.86528,-2.66139],[-78.85417,-2.67528],[-78.84694,-2.63222],[-78.83861,-2.63278],[-78.84139,-2.64417],[-78.83139,-2.64889],[-78.80222,-2.65139],[-78.78333,-2.63667],[-78.77222,-2.64306],[-78.76972,-2.67],[-78.78528,-2.70083],[-78.80056,-2.7075],[-78.79222,-2.74333],[-78.79889,-2.76722],[-78.81583,-2.77889],[-78.82361,-2.80056],[-78.81917,-2.82611],[-78.82833,-2.82944],[-78.83722,-2.82],[-78.87917,-2.82889],[-78.88139,-2.81917],[-78.89861,-2.81639],[-78.90861,-2.79389],[-78.90556,-2.76389],[-78.89694,-2.75472],[-78.91194,-2.74306],[-78.91333,-2.73056],[-78.92639,-2.72194],[-78.95444,-2.72083],[-78.96361,-2.69972],[-78.98944,-2.70639],[-79.00222,-2.69472],[-79.00528,-2.66333],[-79.0275,-2.63833],[-79.01028,-2.63583],[-79.00028,-2.61917],[-78.98861,-2.61861],[-78.98667,-2.59972]]]}},{"type":"Feature","properties":{"codigo":1007403669},"geometry":{"type":"Polygon","coordinates":[[[-79.0975,-2.62306],[-79.07111,-2.62167],[-79.04972,-2.60611],[-79.04389,-2.62444],[-79.00528,-2.66333],[-79.00222,-2.69472],[-78.98583,-2.71944],[-78.99472,-2.74861],[-78.975,-2.78583],[-78.98,-2.81861],[-78.9725,-2.85111],[-78.9575,-2.86222],[-78.96361,-2.87306],[-78.95528,-2.88694],[-78.98083,-2.87972],[-78.99861,-2.85972],[-79.03306,-2.85861],[-79.07111,-2.815],[-79.06806,-2.79083],[-79.10417,-2.76056],[-79.10639,-2.74444],[-79.14639,-2.7325],[-79.14389,-2.69639],[-79.11778,-2.69306],[-79.11222,-2.68333],[-79.11444,-2.67222],[-79.13778,-2.66389],[-79.13778,-2.65694],[-79.0975,-2.62306]]]}},{"type":"Feature","properties":{"codigo":1007403650},"geometry":{"type":"Polygon","coordinates":[[[-78.19417,-2.62639],[-78.17111,-2.61333],[-78.12361,-2.66056],[-78.07444,-2.6625],[-78.06694,-2.68694],[-78.05444,-2.68694],[-78.05222,-2.69944],[-78.05917,-2.72028],[-78.07111,-2.72639],[-78.07333,-2.75694],[-78.10917,-2.77417],[-78.12861,-2.76111],[-78.1375,-2.71583],[-78.15111,-2.70361],[-78.15333,-2.67778],[-78.16806,-2.66167],[-78.16583,-2.62444],[-78.1725,-2.62194],[-78.18472,-2.63361],[-78.19417,-2.62639]]]}},{"type":"Feature","properties":{"codigo":1007402338},"geometry":{"type":"Polygon","coordinates":[[[-79.61861,-2.62722],[-79.61083,-2.63444],[-79.61167,-2.64],[-79.62278,-2.63639],[-79.61861,-2.62722]]]}},{"type":"Feature","properties":{"codigo":1007402339},"geometry":{"type":"Polygon","coordinates":[[[-79.60056,-2.62917],[-79.62333,-2.62333],[-79.62056,-2.60556],[-79.60861,-2.60778],[-79.60472,-2.59278],[-79.59444,-2.59194],[-79.58833,-2.57806],[-79.57444,-2.57917],[-79.56639,-2.56583],[-79.56,-2.57],[-79.555,-2.55611],[-79.54611,-2.55528],[-79.54861,-2.54361],[-79.53,-2.55083],[-79.5125,-2.54111],[-79.48389,-2.57806],[-79.44472,-2.58972],[-79.44222,-2.59778],[-79.41778,-2.60583],[-79.40472,-2.62389],[-79.36722,-2.64222],[-79.35361,-2.66917],[-79.31639,-2.6975],[-79.29639,-2.72417],[-79.26778,-2.72306],[-79.26639,-2.75083],[-79.24639,-2.75972],[-79.23028,-2.81056],[-79.26056,-2.84306],[-79.25889,-2.85083],[-79.26722,-2.85222],[-79.28417,-2.84667],[-79.28778,-2.85444],[-79.30611,-2.85639],[-79.31028,-2.84361],[-79.3325,-2.83861],[-79.33222,-2.84667],[-79.34889,-2.84722],[-79.38667,-2.83],[-79.38639,-2.81694],[-79.39639,-2.80778],[-79.42722,-2.795],[-79.41778,-2.78167],[-79.44056,-2.74556],[-79.43444,-2.73972],[-79.43889,-2.71722],[-79.465,-2.685],[-79.45583,-2.665],[-79.46556,-2.64333],[-79.49083,-2.62222],[-79.495,-2.59917],[-79.52306,-2.57222],[-79.52944,-2.58444],[-79.55917,-2.58083],[-79.58694,-2.60028],[-79.60056,-2.62917]]]}},{"type":"Feature","properties":{"codigo":1007402337},"geometry":{"type":"Polygon","coordinates":[[[-79.62389,-2.63278],[-79.61944,-2.64222],[-79.62889,-2.65917],[-79.62194,-2.66694],[-79.62667,-2.67139],[-79.64,-2.66306],[-79.65194,-2.63694],[-79.66611,-2.63861],[-79.66639,-2.64861],[-79.67556,-2.63917],[-79.65639,-2.62778],[-79.63417,-2.63667],[-79.62389,-2.63278]]]}},{"type":"Feature","properties":{"codigo":1007403139},"geometry":{"type":"Polygon","coordinates":[[[-77.0675,-2.54333],[-77.04944,-2.55611],[-77.0425,-2.57639],[-77.03306,-2.57417],[-77.0125,-2.59028],[-77.02139,-2.60444],[-77.01917,-2.62583],[-77.00667,-2.63528],[-77.01139,-2.64028],[-77.00139,-2.6725],[-76.98694,-2.68222],[-76.98806,-2.69944],[-76.97556,-2.71361],[-76.98556,-2.72139],[-76.98167,-2.74694],[-76.99111,-2.75556],[-77.01306,-2.73389],[-77.01417,-2.71083],[-77.02917,-2.7075],[-77.03056,-2.69444],[-77.05417,-2.66944],[-77.04833,-2.65222],[-77.0725,-2.63083],[-77.07278,-2.61667],[-77.08278,-2.60639],[-77.06778,-2.57556],[-77.0675,-2.54333]]]}},{"type":"Feature","properties":{"codigo":1007402340},"geometry":{"type":"Polygon","coordinates":[[[-79.60194,-2.64417],[-79.61444,-2.63028],[-79.60056,-2.62917],[-79.58389,-2.59722],[-79.55472,-2.57889],[-79.52944,-2.58444],[-79.52306,-2.57222],[-79.495,-2.59917],[-79.49,-2.62361],[-79.46444,-2.645],[-79.45528,-2.66722],[-79.465,-2.685],[-79.43889,-2.71722],[-79.43556,-2.74222],[-79.44111,-2.74444],[-79.4475,-2.72972],[-79.45889,-2.73],[-79.47583,-2.69139],[-79.50556,-2.7],[-79.52778,-2.68333],[-79.55917,-2.68528],[-79.56444,-2.67472],[-79.58056,-2.67694],[-79.59583,-2.66583],[-79.60472,-2.65694],[-79.60194,-2.64417]]]}},{"type":"Feature","properties":{"codigo":1007402341},"geometry":{"type":"Polygon","coordinates":[[[-79.62083,-2.63639],[-79.60194,-2.64417],[-79.60472,-2.65694],[-79.59056,-2.67028],[-79.56444,-2.67472],[-79.55917,-2.68528],[-79.52778,-2.68333],[-79.50556,-2.7],[-79.47417,-2.6925],[-79.45889,-2.73],[-79.4475,-2.72972],[-79.43,-2.76667],[-79.46389,-2.77333],[-79.47639,-2.76639],[-79.48361,-2.77306],[-79.51722,-2.73083],[-79.52917,-2.72583],[-79.52556,-2.70472],[-79.53639,-2.6925],[-79.60556,-2.69278],[-79.62889,-2.65944],[-79.62083,-2.63639]]]}},{"type":"Feature","properties":{"codigo":1007402336},"geometry":{"type":"Polygon","coordinates":[[[-79.67556,-2.63889],[-79.675,-2.6525],[-79.68222,-2.65833],[-79.68583,-2.64778],[-79.67556,-2.63889]]]}},{"type":"Feature","properties":{"codigo":1007403544},"geometry":{"type":"Polygon","coordinates":[[[-78.01972,-2.62111],[-77.99722,-2.62333],[-77.97611,-2.61333],[-77.96278,-2.62222],[-77.95972,-2.63556],[-77.94056,-2.63694],[-77.93111,-2.62917],[-77.91333,-2.64083],[-77.89861,-2.635],[-77.88972,-2.64944],[-77.86361,-2.65639],[-77.85417,-2.69444],[-77.8575,-2.72889],[-77.87694,-2.76194],[-77.86806,-2.7675],[-77.85194,-2.81028],[-77.86917,-2.81556],[-77.87528,-2.82667],[-77.89028,-2.82778],[-77.88556,-2.83778],[-77.89722,-2.88194],[-77.91194,-2.87139],[-77.90833,-2.81472],[-77.91639,-2.81028],[-77.91222,-2.78778],[-77.92139,-2.75639],[-77.93306,-2.74806],[-77.95444,-2.7525],[-77.96889,-2.73417],[-77.99222,-2.73222],[-78.02611,-2.68889],[-78.05028,-2.69944],[-78.05472,-2.69528],[-78.04667,-2.65667],[-78.02111,-2.64861],[-78.01972,-2.62111]]]}},{"type":"Feature","properties":{"codigo":1007402342},"geometry":{"type":"Polygon","coordinates":[[[-79.67861,-2.65556],[-79.67361,-2.64139],[-79.66639,-2.64861],[-79.66611,-2.63861],[-79.65194,-2.63694],[-79.64,-2.66306],[-79.62694,-2.67139],[-79.62028,-2.6675],[-79.60556,-2.69278],[-79.53417,-2.69361],[-79.52556,-2.70472],[-79.52917,-2.72583],[-79.51722,-2.73083],[-79.4825,-2.77361],[-79.495,-2.78889],[-79.545,-2.79278],[-79.5675,-2.74417],[-79.60444,-2.72722],[-79.61361,-2.71],[-79.65639,-2.70056],[-79.67861,-2.65556]]]}},{"type":"Feature","properties":{"codigo":1007402320},"geometry":{"type":"Polygon","coordinates":[[[-79.70167,-2.64639],[-79.67389,-2.66],[-79.66889,-2.68583],[-79.66167,-2.68611],[-79.65639,-2.70056],[-79.61361,-2.71],[-79.60444,-2.72722],[-79.57222,-2.73944],[-79.545,-2.79278],[-79.56222,-2.78861],[-79.58917,-2.7975],[-79.60639,-2.77889],[-79.63056,-2.78667],[-79.64806,-2.77528],[-79.65389,-2.78417],[-79.68222,-2.78972],[-79.69417,-2.80583],[-79.72389,-2.8075],[-79.735,-2.82639],[-79.75583,-2.82639],[-79.77722,-2.80194],[-79.79306,-2.80611],[-79.79333,-2.84111],[-79.80056,-2.77778],[-79.78778,-2.75667],[-79.79167,-2.75139],[-79.77083,-2.73639],[-79.77444,-2.715],[-79.76472,-2.70278],[-79.75,-2.70556],[-79.74833,-2.69528],[-79.75722,-2.69389],[-79.76,-2.68139],[-79.73194,-2.67222],[-79.72194,-2.68389],[-79.70222,-2.66194],[-79.70167,-2.64639]]]}},{"type":"Feature","properties":{"codigo":1007402316},"geometry":{"type":"Polygon","coordinates":[[[-80.43028,-2.54944],[-80.40222,-2.54111],[-80.39833,-2.54917],[-80.36083,-2.56417],[-80.34167,-2.5875],[-80.35167,-2.6025],[-80.34611,-2.60056],[-80.34167,-2.61528],[-80.3325,-2.61417],[-80.31139,-2.63667],[-80.31472,-2.65639],[-80.30139,-2.66389],[-80.30139,-2.67833],[-80.28694,-2.6775],[-80.27556,-2.70194],[-80.29972,-2.71583],[-80.31194,-2.71389],[-80.32639,-2.69472],[-80.36667,-2.67111],[-80.39167,-2.63139],[-80.41528,-2.63389],[-80.40806,-2.59472],[-80.41083,-2.58111],[-80.43139,-2.5625],[-80.43028,-2.54944]]]}},{"type":"Feature","properties":{"codigo":1007403142},"geometry":{"type":"Polygon","coordinates":[[[-77.12083,-2.44167],[-77.10889,-2.48917],[-77.09083,-2.49722],[-77.11,-2.53417],[-77.10056,-2.54972],[-77.105,-2.55972],[-77.08889,-2.56139],[-77.08889,-2.57722],[-77.11,-2.6175],[-77.05972,-2.675],[-77.07417,-2.68139],[-77.07167,-2.69278],[-77.07861,-2.69111],[-77.08889,-2.66417],[-77.14167,-2.63611],[-77.14556,-2.59472],[-77.16278,-2.58833],[-77.16944,-2.5725],[-77.16417,-2.55444],[-77.17917,-2.52306],[-77.16167,-2.50972],[-77.15111,-2.51639],[-77.15333,-2.50083],[-77.14,-2.49417],[-77.14306,-2.48389],[-77.1275,-2.45972],[-77.12611,-2.45],[-77.13222,-2.44972],[-77.12083,-2.44167]]]}},{"type":"Feature","properties":{"codigo":1007403629},"geometry":{"type":"Polygon","coordinates":[[[-78.22333,-2.67222],[-78.20833,-2.67722],[-78.20306,-2.70111],[-78.20972,-2.70944],[-78.225,-2.6975],[-78.22333,-2.67222]]]}},{"type":"Feature","properties":{"codigo":1007403688},"geometry":{"type":"Polygon","coordinates":[[[-78.52,-2.68833],[-78.51111,-2.67556],[-78.48639,-2.68444],[-78.46944,-2.67917],[-78.44194,-2.68944],[-78.43556,-2.70583],[-78.38917,-2.7025],[-78.33306,-2.72528],[-78.32917,-2.73667],[-78.30722,-2.74],[-78.30361,-2.74778],[-78.31389,-2.76472],[-78.32389,-2.76083],[-78.36889,-2.79306],[-78.38083,-2.79639],[-78.39944,-2.78722],[-78.41083,-2.80111],[-78.42778,-2.80139],[-78.45806,-2.78056],[-78.45361,-2.76222],[-78.46028,-2.75139],[-78.5075,-2.72528],[-78.52,-2.68833]]]}},{"type":"Feature","properties":{"codigo":1007403662},"geometry":{"type":"Polygon","coordinates":[[[-78.76972,-2.66944],[-78.74806,-2.67389],[-78.73278,-2.69111],[-78.7025,-2.68583],[-78.68639,-2.66944],[-78.66583,-2.67611],[-78.63861,-2.70333],[-78.6425,-2.72222],[-78.67333,-2.7625],[-78.68528,-2.79278],[-78.69889,-2.80667],[-78.73444,-2.81167],[-78.75167,-2.85333],[-78.76361,-2.86167],[-78.82389,-2.80972],[-78.81583,-2.77889],[-78.79889,-2.76722],[-78.79222,-2.74333],[-78.80056,-2.7075],[-78.78528,-2.70083],[-78.76972,-2.66944]]]}},{"type":"Feature","properties":{"codigo":1007403141},"geometry":{"type":"Polygon","coordinates":[[[-77.07222,-2.70639],[-77.07417,-2.68139],[-77.06667,-2.67778],[-77.05056,-2.68361],[-77.04444,-2.70056],[-77.06278,-2.71111],[-77.07222,-2.70639]]]}},{"type":"Feature","properties":{"codigo":1007403627},"geometry":{"type":"Polygon","coordinates":[[[-78.28944,-2.67111],[-78.26194,-2.69],[-78.23944,-2.68472],[-78.20583,-2.71167],[-78.21611,-2.73694],[-78.21833,-2.77833],[-78.24083,-2.75583],[-78.25639,-2.75139],[-78.27111,-2.75833],[-78.28278,-2.75111],[-78.28444,-2.735],[-78.3,-2.71917],[-78.29167,-2.70722],[-78.2975,-2.69167],[-78.28944,-2.67111]]]}},{"type":"Feature","properties":{"codigo":1007403689},"geometry":{"type":"Polygon","coordinates":[[[-78.57778,-2.70694],[-78.52,-2.68833],[-78.505,-2.72833],[-78.45417,-2.75889],[-78.45917,-2.78],[-78.57528,-2.83056],[-78.58556,-2.81778],[-78.59556,-2.81889],[-78.61306,-2.78583],[-78.60139,-2.76222],[-78.59194,-2.76056],[-78.57778,-2.70694]]]}},{"type":"Feature","properties":{"codigo":1007403651},"geometry":{"type":"Polygon","coordinates":[[[-78.2075,-2.68278],[-78.19722,-2.68306],[-78.185,-2.70528],[-78.15833,-2.69889],[-78.1425,-2.70861],[-78.13,-2.75944],[-78.10972,-2.77389],[-78.1075,-2.78778],[-78.12167,-2.80694],[-78.12111,-2.82472],[-78.15528,-2.83722],[-78.15861,-2.85639],[-78.17194,-2.86611],[-78.18694,-2.86167],[-78.18861,-2.84944],[-78.2125,-2.83],[-78.22,-2.81278],[-78.2225,-2.77889],[-78.21583,-2.775],[-78.21611,-2.73694],[-78.20306,-2.70111],[-78.2075,-2.68278]]]}},{"type":"Feature","properties":{"codigo":1007403443},"geometry":{"type":"Polygon","coordinates":[[[-77.44028,-2.69361],[-77.42056,-2.71806],[-77.42472,-2.72889],[-77.40917,-2.7325],[-77.4175,-2.73667],[-77.41806,-2.74806],[-77.40361,-2.75944],[-77.38972,-2.74861],[-77.38528,-2.76389],[-77.37472,-2.75833],[-77.36778,-2.76667],[-77.38389,-2.78083],[-77.39389,-2.77528],[-77.40972,-2.79139],[-77.41528,-2.78639],[-77.42639,-2.79194],[-77.42722,-2.80361],[-77.43306,-2.79694],[-77.44861,-2.8],[-77.45722,-2.82361],[-77.46611,-2.82111],[-77.46944,-2.83028],[-77.47444,-2.82444],[-77.48111,-2.83333],[-77.48556,-2.81111],[-77.50889,-2.80056],[-77.51222,-2.78861],[-77.50417,-2.78667],[-77.50917,-2.7825],[-77.50417,-2.77],[-77.49417,-2.76972],[-77.49694,-2.75833],[-77.47389,-2.74417],[-77.48222,-2.71889],[-77.465,-2.71944],[-77.46472,-2.71222],[-77.44167,-2.70333],[-77.44028,-2.69361]]]}},{"type":"Feature","properties":{"codigo":1007403468},"geometry":{"type":"Polygon","coordinates":[[[-77.32222,-2.73389],[-77.30278,-2.72],[-77.30556,-2.70639],[-77.28528,-2.70611],[-77.29389,-2.6925],[-77.27722,-2.67056],[-77.26528,-2.70694],[-77.24333,-2.72389],[-77.21583,-2.785],[-77.24917,-2.79639],[-77.26833,-2.77861],[-77.27667,-2.78944],[-77.28444,-2.78583],[-77.3,-2.79917],[-77.30833,-2.79583],[-77.30472,-2.77889],[-77.29444,-2.775],[-77.29861,-2.76306],[-77.3225,-2.75861],[-77.32222,-2.73389]]]}},{"type":"Feature","properties":{"codigo":1007403671},"geometry":{"type":"Polygon","coordinates":[[[-79.16361,-2.73083],[-79.10667,-2.74417],[-79.10417,-2.76056],[-79.06833,-2.79028],[-79.07111,-2.815],[-79.04333,-2.83972],[-79.03333,-2.87583],[-79.00444,-2.8825],[-79.00028,-2.89667],[-78.98472,-2.90861],[-79.00472,-2.91417],[-79.06667,-2.88306],[-79.08194,-2.88556],[-79.09889,-2.90278],[-79.16806,-2.89278],[-79.18583,-2.90722],[-79.225,-2.88889],[-79.22361,-2.86139],[-79.23472,-2.85639],[-79.24472,-2.83194],[-79.2425,-2.81778],[-79.22972,-2.80722],[-79.24639,-2.75972],[-79.23361,-2.75139],[-79.2075,-2.75583],[-79.18722,-2.74889],[-79.16361,-2.73083]]]}},{"type":"Feature","properties":{"codigo":1007403685},"geometry":{"type":"Polygon","coordinates":[[[-78.6425,-2.72222],[-78.63361,-2.72944],[-78.61417,-2.72722],[-78.61167,-2.73694],[-78.59222,-2.74306],[-78.59194,-2.76056],[-78.60139,-2.76222],[-78.61306,-2.78639],[-78.59583,-2.81861],[-78.58556,-2.81778],[-78.57556,-2.83028],[-78.57639,-2.85111],[-78.60139,-2.8725],[-78.61472,-2.9025],[-78.63167,-2.91306],[-78.62833,-2.93417],[-78.6375,-2.95083],[-78.63278,-2.97028],[-78.63972,-2.98194],[-78.6575,-2.98722],[-78.6825,-2.96639],[-78.67528,-2.93056],[-78.68806,-2.90722],[-78.69778,-2.90861],[-78.68972,-2.85417],[-78.70222,-2.84806],[-78.7125,-2.80889],[-78.69889,-2.80667],[-78.68528,-2.79278],[-78.67333,-2.7625],[-78.6425,-2.72222]]]}},{"type":"Feature","properties":{"codigo":1007403652},"geometry":{"type":"Polygon","coordinates":[[[-78.31056,-2.76278],[-78.29389,-2.73028],[-78.28583,-2.73389],[-78.275,-2.7575],[-78.29278,-2.77],[-78.31056,-2.76278]]]}},{"type":"Feature","properties":{"codigo":1007403667},"geometry":{"type":"Polygon","coordinates":[[[-78.99278,-2.75028],[-78.99472,-2.74306],[-78.9925,-2.73056],[-78.98583,-2.72],[-78.98917,-2.70611],[-78.98417,-2.70361],[-78.96361,-2.69972],[-78.95444,-2.72083],[-78.92639,-2.72194],[-78.91389,-2.73],[-78.91194,-2.74306],[-78.89694,-2.75472],[-78.90556,-2.76389],[-78.90833,-2.79556],[-78.89861,-2.81639],[-78.88139,-2.81917],[-78.88333,-2.83417],[-78.91139,-2.83667],[-78.94333,-2.8275],[-78.95,-2.81944],[-78.95111,-2.76861],[-78.9725,-2.75111],[-78.99278,-2.75028]]]}},{"type":"Feature","properties":{"codigo":1007403546},"geometry":{"type":"Polygon","coordinates":[[[-78.07139,-2.75222],[-78.07111,-2.72639],[-78.05917,-2.72028],[-78.05417,-2.70194],[-78.02611,-2.68889],[-77.99222,-2.73222],[-77.96889,-2.73417],[-77.95444,-2.7525],[-77.92472,-2.75278],[-77.91222,-2.78778],[-77.91639,-2.81028],[-77.90833,-2.81472],[-77.91306,-2.88111],[-77.92444,-2.88111],[-77.93083,-2.85111],[-77.94306,-2.84028],[-77.96944,-2.84389],[-77.97944,-2.81389],[-78.00417,-2.80306],[-78.02778,-2.7725],[-78.03528,-2.775],[-78.04583,-2.75333],[-78.07139,-2.75222]]]}},{"type":"Feature","properties":{"codigo":1007403431},"geometry":{"type":"Polygon","coordinates":[[[-77.5125,-2.72611],[-77.51361,-2.73778],[-77.49333,-2.76556],[-77.50417,-2.77],[-77.50917,-2.78111],[-77.50417,-2.78667],[-77.51222,-2.78861],[-77.50417,-2.80556],[-77.5225,-2.81611],[-77.53139,-2.79194],[-77.55472,-2.78639],[-77.55639,-2.77333],[-77.54306,-2.76917],[-77.53056,-2.73972],[-77.52278,-2.74083],[-77.51944,-2.72556],[-77.5125,-2.72611]]]}},{"type":"Feature","properties":{"codigo":1007402317},"geometry":{"type":"Polygon","coordinates":[[[-79.99,-2.7675],[-80.0,-2.76194],[-79.99722,-2.75111],[-80.00333,-2.74722],[-80.02694,-2.75056],[-80.03111,-2.75778],[-80.05333,-2.75139],[-80.05861,-2.74167],[-80.06528,-2.74722],[-80.08,-2.7275],[-80.07306,-2.71528],[-80.08306,-2.7075],[-80.09639,-2.70972],[-80.09917,-2.69028],[-80.07028,-2.68917],[-80.06139,-2.68],[-80.03694,-2.67583],[-79.98639,-2.69333],[-79.98611,-2.70583],[-79.95083,-2.71944],[-79.99,-2.7675]]]}},{"type":"Feature","properties":{"codigo":1007403626},"geometry":{"type":"Polygon","coordinates":[[[-78.3125,-2.76167],[-78.29278,-2.77],[-78.26222,-2.75194],[-78.24083,-2.75583],[-78.22056,-2.78278],[-78.22139,-2.80361],[-78.26917,-2.80944],[-78.30167,-2.79861],[-78.32389,-2.80944],[-78.33028,-2.79889],[-78.36861,-2.79306],[-78.35083,-2.77583],[-78.3125,-2.76167]]]}},{"type":"Feature","properties":{"codigo":1007402345},"geometry":{"type":"Polygon","coordinates":[[[-79.49611,-2.78917],[-79.47639,-2.76639],[-79.46389,-2.77333],[-79.42944,-2.76667],[-79.41778,-2.78444],[-79.45361,-2.81417],[-79.46694,-2.81306],[-79.48861,-2.825],[-79.52944,-2.82],[-79.58306,-2.8275],[-79.62722,-2.85111],[-79.60583,-2.83389],[-79.59528,-2.79972],[-79.56222,-2.78861],[-79.49611,-2.78917]]]}},{"type":"Feature","properties":{"codigo":1007403547},"geometry":{"type":"Polygon","coordinates":[[[-78.10972,-2.77417],[-78.07139,-2.75222],[-78.04583,-2.75333],[-78.03528,-2.775],[-78.02778,-2.7725],[-78.00417,-2.80306],[-77.97944,-2.81389],[-77.96944,-2.84389],[-77.94306,-2.84028],[-77.93083,-2.85111],[-77.92583,-2.87778],[-77.91861,-2.88167],[-77.92778,-2.89],[-77.92778,-2.9075],[-77.94333,-2.90472],[-77.99083,-2.92778],[-78.00083,-2.94694],[-77.99583,-2.96778],[-78.00444,-2.97333],[-78.03833,-2.95806],[-78.03833,-2.96528],[-78.05417,-2.96583],[-78.07389,-2.98306],[-78.08361,-2.97611],[-78.10083,-2.98167],[-78.11694,-2.97694],[-78.14667,-2.92194],[-78.15111,-2.86111],[-78.16111,-2.84806],[-78.14611,-2.83167],[-78.12111,-2.82472],[-78.12167,-2.80694],[-78.1075,-2.78778],[-78.10972,-2.77417]]]}},{"type":"Feature","properties":{"codigo":1007403429},"geometry":{"type":"Polygon","coordinates":[[[-77.635,-2.72944],[-77.57833,-2.74306],[-77.56806,-2.77111],[-77.55472,-2.77639],[-77.55472,-2.78639],[-77.53167,-2.79167],[-77.52611,-2.80417],[-77.55389,-2.81833],[-77.61194,-2.81583],[-77.62,-2.82139],[-77.62278,-2.81444],[-77.64028,-2.81528],[-77.64,-2.79611],[-77.65111,-2.78333],[-77.64944,-2.76583],[-77.63389,-2.75667],[-77.635,-2.72944]]]}},{"type":"Feature","properties":{"codigo":1007403690},"geometry":{"type":"Polygon","coordinates":[[[-78.45917,-2.77861],[-78.4275,-2.80167],[-78.45417,-2.85833],[-78.46417,-2.91111],[-78.47722,-2.92333],[-78.475,-2.94833],[-78.48556,-2.96194],[-78.50417,-2.95972],[-78.51722,-2.93972],[-78.55028,-2.92944],[-78.57639,-2.90972],[-78.59472,-2.90556],[-78.6,-2.915],[-78.61472,-2.90861],[-78.60139,-2.8725],[-78.57639,-2.85111],[-78.57528,-2.83028],[-78.53444,-2.81556],[-78.52444,-2.80444],[-78.49806,-2.80167],[-78.45917,-2.77861]]]}},{"type":"Feature","properties":{"codigo":1007403625},"geometry":{"type":"Polygon","coordinates":[[[-78.4275,-2.80139],[-78.41083,-2.80111],[-78.39861,-2.78722],[-78.38083,-2.79639],[-78.33028,-2.79889],[-78.32389,-2.80944],[-78.30167,-2.79861],[-78.28528,-2.80222],[-78.2875,-2.81917],[-78.27944,-2.83028],[-78.26861,-2.83028],[-78.26778,-2.83806],[-78.30361,-2.88389],[-78.33333,-2.88639],[-78.34306,-2.89889],[-78.34083,-2.91806],[-78.36028,-2.93583],[-78.35833,-2.95806],[-78.36667,-2.97806],[-78.37889,-2.97111],[-78.40722,-2.99472],[-78.42417,-2.98417],[-78.45139,-2.98833],[-78.48167,-3.01444],[-78.50444,-3.00583],[-78.50944,-2.99472],[-78.475,-2.94833],[-78.47722,-2.92333],[-78.46417,-2.91111],[-78.45417,-2.85833],[-78.4275,-2.80139]]]}},{"type":"Feature","properties":{"codigo":1007403452},"geometry":{"type":"Polygon","coordinates":[[[-77.73694,-2.59833],[-77.72722,-2.62583],[-77.7375,-2.66833],[-77.72889,-2.69194],[-77.70167,-2.70278],[-77.70361,-2.73083],[-77.68333,-2.73389],[-77.67333,-2.75111],[-77.69028,-2.77944],[-77.68278,-2.80139],[-77.70056,-2.83194],[-77.70028,-2.86222],[-77.73806,-2.81778],[-77.74889,-2.815],[-77.76,-2.78778],[-77.79194,-2.78306],[-77.77333,-2.77472],[-77.77778,-2.73222],[-77.76361,-2.71222],[-77.77361,-2.70056],[-77.76861,-2.67],[-77.77889,-2.65861],[-77.77278,-2.63972],[-77.75417,-2.62722],[-77.74833,-2.61028],[-77.73944,-2.61056],[-77.73694,-2.59833]]]}},{"type":"Feature","properties":{"codigo":1007403624},"geometry":{"type":"Polygon","coordinates":[[[-78.28417,-2.80611],[-78.22139,-2.80361],[-78.2125,-2.83],[-78.18861,-2.84944],[-78.18111,-2.88194],[-78.19083,-2.90333],[-78.21944,-2.93],[-78.24722,-2.9175],[-78.27472,-2.91556],[-78.27417,-2.90611],[-78.285,-2.89889],[-78.32083,-2.92861],[-78.33444,-2.92],[-78.34444,-2.92528],[-78.33611,-2.88917],[-78.30556,-2.88528],[-78.27361,-2.84972],[-78.26778,-2.83111],[-78.28361,-2.82694],[-78.28417,-2.80611]]]}},{"type":"Feature","properties":{"codigo":1007403427},"geometry":{"type":"Polygon","coordinates":[[[-77.6875,-2.80528],[-77.64056,-2.80861],[-77.64583,-2.85444],[-77.68,-2.86111],[-77.68306,-2.85306],[-77.6975,-2.85194],[-77.70306,-2.84111],[-77.6875,-2.80528]]]}},{"type":"Feature","properties":{"codigo":1007403453},"geometry":{"type":"Polygon","coordinates":[[[-77.52861,-2.80583],[-77.53444,-2.82694],[-77.54694,-2.82917],[-77.54972,-2.85722],[-77.61444,-2.90056],[-77.61278,-2.91889],[-77.62528,-2.92056],[-77.6325,-2.93194],[-77.64611,-2.91667],[-77.66056,-2.92],[-77.66139,-2.90556],[-77.685,-2.89667],[-77.68417,-2.88417],[-77.69278,-2.8775],[-77.68806,-2.86528],[-77.66444,-2.85389],[-77.64556,-2.85417],[-77.64194,-2.84583],[-77.6475,-2.84389],[-77.64861,-2.84056],[-77.635,-2.81222],[-77.62,-2.82139],[-77.61194,-2.81583],[-77.58194,-2.82056],[-77.53944,-2.81611],[-77.53472,-2.80472],[-77.52861,-2.80583]]]}},{"type":"Feature","properties":{"codigo":1007403461},"geometry":{"type":"Polygon","coordinates":[[[-77.52667,-2.81444],[-77.51111,-2.81333],[-77.50222,-2.80056],[-77.48556,-2.81111],[-77.48056,-2.83333],[-77.47444,-2.82444],[-77.46944,-2.83028],[-77.46611,-2.82111],[-77.45722,-2.82361],[-77.44861,-2.8],[-77.43306,-2.79694],[-77.43,-2.80389],[-77.42028,-2.80278],[-77.42833,-2.815],[-77.42861,-2.8225],[-77.42056,-2.82417],[-77.42278,-2.84056],[-77.43472,-2.85278],[-77.44722,-2.84667],[-77.46306,-2.85556],[-77.49667,-2.89833],[-77.52722,-2.89889],[-77.53194,-2.91278],[-77.55667,-2.91333],[-77.59333,-2.94028],[-77.61583,-2.93417],[-77.62222,-2.95944],[-77.66,-2.98167],[-77.66,-2.99667],[-77.675,-3.00111],[-77.68056,-2.99472],[-77.68278,-3.005],[-77.69306,-2.99972],[-77.68333,-2.96167],[-77.71056,-2.91694],[-77.69389,-2.88722],[-77.68417,-2.88417],[-77.68472,-2.89694],[-77.65944,-2.90778],[-77.66056,-2.92],[-77.64611,-2.91667],[-77.63306,-2.93222],[-77.62528,-2.92056],[-77.61278,-2.91889],[-77.61444,-2.90056],[-77.54972,-2.85722],[-77.54694,-2.82917],[-77.54,-2.83139],[-77.52667,-2.81444]]]}},{"type":"Feature","properties":{"codigo":1007402348},"geometry":{"type":"Polygon","coordinates":[[[-79.48917,-2.82472],[-79.45361,-2.81417],[-79.42444,-2.795],[-79.38639,-2.81694],[-79.38667,-2.83],[-79.35028,-2.84694],[-79.33222,-2.84667],[-79.32917,-2.83861],[-79.31028,-2.84361],[-79.30611,-2.85639],[-79.29944,-2.85083],[-79.28667,-2.85556],[-79.28833,-2.87694],[-79.28056,-2.89389],[-79.28861,-2.905],[-79.29889,-2.90361],[-79.30306,-2.92167],[-79.32944,-2.94667],[-79.33861,-2.965],[-79.33444,-2.98167],[-79.34,-2.99444],[-79.36028,-3.00389],[-79.35556,-3.01361],[-79.36444,-3.02056],[-79.36639,-3.03694],[-79.38028,-3.04028],[-79.39583,-3.02528],[-79.41278,-3.02444],[-79.43139,-2.99833],[-79.45222,-2.99306],[-79.50528,-2.99778],[-79.55139,-2.97667],[-79.55833,-2.955],[-79.57306,-2.95333],[-79.59056,-2.96417],[-79.60111,-2.98444],[-79.63417,-2.98833],[-79.66972,-2.96306],[-79.69056,-2.95944],[-79.70389,-2.94],[-79.74,-2.92861],[-79.74194,-2.93611],[-79.74667,-2.92639],[-79.775,-2.93528],[-79.77972,-2.92778],[-79.80917,-2.92639],[-79.82583,-2.90639],[-79.83917,-2.91917],[-79.84444,-2.90778],[-79.84611,-2.88222],[-79.83806,-2.88528],[-79.845,-2.87889],[-79.83111,-2.85417],[-79.81639,-2.86889],[-79.81583,-2.88056],[-79.80833,-2.87444],[-79.80111,-2.88083],[-79.79389,-2.90167],[-79.76028,-2.90222],[-79.75333,-2.89444],[-79.71722,-2.90806],[-79.69917,-2.90194],[-79.67417,-2.90889],[-79.66889,-2.90306],[-79.65861,-2.91167],[-79.63056,-2.91139],[-79.62528,-2.90333],[-79.58722,-2.90694],[-79.54778,-2.88028],[-79.52306,-2.87917],[-79.4925,-2.85028],[-79.48917,-2.82472]]]}},{"type":"Feature","properties":{"codigo":1007402344},"geometry":{"type":"Polygon","coordinates":[[[-79.75861,-2.82278],[-79.735,-2.82639],[-79.72389,-2.8075],[-79.69417,-2.80583],[-79.68222,-2.78972],[-79.65389,-2.78417],[-79.64806,-2.77528],[-79.63056,-2.78667],[-79.60639,-2.77889],[-79.58917,-2.7975],[-79.60139,-2.805],[-79.60583,-2.83389],[-79.62778,-2.85],[-79.6225,-2.86667],[-79.59556,-2.89722],[-79.61667,-2.89306],[-79.63167,-2.87833],[-79.6525,-2.88139],[-79.67028,-2.86306],[-79.68417,-2.86472],[-79.69111,-2.855],[-79.70028,-2.86056],[-79.72083,-2.85083],[-79.72694,-2.855],[-79.74417,-2.83694],[-79.75556,-2.84278],[-79.78528,-2.83778],[-79.75861,-2.82278]]]}},{"type":"Feature","properties":{"codigo":1007403663},"geometry":{"type":"Polygon","coordinates":[[[-78.82556,-2.82806],[-78.80806,-2.82111],[-78.77917,-2.84417],[-78.77278,-2.86028],[-78.78444,-2.87583],[-78.81611,-2.89],[-78.84222,-2.9425],[-78.8525,-2.88806],[-78.84444,-2.88139],[-78.84833,-2.85222],[-78.82556,-2.82806]]]}},{"type":"Feature","properties":{"codigo":1007403665},"geometry":{"type":"Polygon","coordinates":[[[-78.88028,-2.82806],[-78.87389,-2.82917],[-78.86833,-2.82806],[-78.85444,-2.82917],[-78.88194,-2.83778],[-78.88028,-2.82806]]]}},{"type":"Feature","properties":{"codigo":1007403664},"geometry":{"type":"Polygon","coordinates":[[[-78.87333,-2.83917],[-78.83722,-2.82],[-78.82556,-2.82806],[-78.86333,-2.86],[-78.87333,-2.83917]]]}},{"type":"Feature","properties":{"codigo":1007403668},"geometry":{"type":"Polygon","coordinates":[[[-78.99278,-2.75028],[-78.9725,-2.75111],[-78.95111,-2.76861],[-78.95,-2.81944],[-78.94333,-2.8275],[-78.91139,-2.83667],[-78.87389,-2.83639],[-78.865,-2.84833],[-78.86472,-2.85833],[-78.89361,-2.88222],[-78.90944,-2.8925],[-78.92306,-2.88889],[-78.93417,-2.91611],[-78.94667,-2.91639],[-78.95833,-2.90417],[-78.95056,-2.89278],[-78.96361,-2.87306],[-78.95972,-2.85667],[-78.9725,-2.85111],[-78.98056,-2.81583],[-78.97528,-2.78444],[-78.99278,-2.75028]]]}},{"type":"Feature","properties":{"codigo":1007402343},"geometry":{"type":"Polygon","coordinates":[[[-79.78861,-2.90222],[-79.79306,-2.80611],[-79.77417,-2.80306],[-79.75778,-2.82111],[-79.78528,-2.83778],[-79.7825,-2.85083],[-79.76861,-2.84861],[-79.75806,-2.86389],[-79.75444,-2.89472],[-79.76028,-2.90222],[-79.78861,-2.90222]]]}},{"type":"Feature","properties":{"codigo":1007402319},"geometry":{"type":"Polygon","coordinates":[[[-79.80056,-2.79139],[-79.79333,-2.79944],[-79.78861,-2.90222],[-79.80722,-2.875],[-79.81611,-2.88028],[-79.82917,-2.84917],[-79.81889,-2.84444],[-79.81583,-2.79556],[-79.80056,-2.79139]]]}},{"type":"Feature","properties":{"codigo":1007402346},"geometry":{"type":"Polygon","coordinates":[[[-79.62694,-2.85111],[-79.58306,-2.8275],[-79.52944,-2.82],[-79.48917,-2.82472],[-79.4925,-2.85028],[-79.52306,-2.87917],[-79.54778,-2.88028],[-79.57111,-2.89694],[-79.59472,-2.89778],[-79.61083,-2.88361],[-79.62694,-2.85111]]]}},{"type":"Feature","properties":{"codigo":1007403673},"geometry":{"type":"Polygon","coordinates":[[[-79.28056,-2.89389],[-79.28417,-2.84667],[-79.25917,-2.85111],[-79.26056,-2.84306],[-79.24278,-2.83278],[-79.23472,-2.85639],[-79.22361,-2.86139],[-79.225,-2.88889],[-79.215,-2.89694],[-79.20139,-2.895],[-79.19444,-2.90667],[-79.18167,-2.90583],[-79.16806,-2.89278],[-79.09889,-2.90278],[-79.08194,-2.88556],[-79.06667,-2.88306],[-79.00861,-2.91444],[-79.07139,-2.90722],[-79.08917,-2.92528],[-79.08639,-2.93556],[-79.10333,-2.95722],[-79.11111,-2.95417],[-79.13889,-2.98028],[-79.17056,-2.98111],[-79.17917,-2.99361],[-79.20083,-3.00278],[-79.22333,-3.02806],[-79.22778,-3.05417],[-79.24361,-3.05889],[-79.26444,-3.04972],[-79.27861,-3.07306],[-79.28778,-3.06611],[-79.30333,-3.07083],[-79.325,-3.06139],[-79.34056,-3.03972],[-79.35361,-3.045],[-79.36444,-3.02056],[-79.35556,-3.01361],[-79.36028,-3.00389],[-79.34,-2.99444],[-79.32944,-2.94667],[-79.30306,-2.92167],[-79.29889,-2.90361],[-79.28861,-2.905],[-79.28056,-2.89389]]]}},{"type":"Feature","properties":{"codigo":1007403677},"geometry":{"type":"Polygon","coordinates":[[[-78.90778,-2.89167],[-78.84778,-2.8525],[-78.84278,-2.86083],[-78.84444,-2.88139],[-78.8525,-2.88806],[-78.84222,-2.9425],[-78.85639,-2.95889],[-78.85833,-2.99417],[-78.88139,-3.02028],[-78.87889,-3.04167],[-78.89722,-3.05556],[-78.90444,-3.0725],[-78.94167,-3.08722],[-78.95639,-3.11833],[-79.00722,-3.14556],[-78.99639,-3.08722],[-78.97889,-3.06389],[-78.9775,-3.0425],[-78.96778,-3.04083],[-78.96472,-3.03083],[-79.00222,-2.99222],[-78.99806,-2.97889],[-79.00889,-2.97167],[-79.00111,-2.95361],[-78.97639,-2.95611],[-78.94306,-2.93722],[-78.94639,-2.92417],[-78.93389,-2.91583],[-78.92333,-2.88917],[-78.90778,-2.89167]]]}},{"type":"Feature","properties":{"codigo":1007403426},"geometry":{"type":"Polygon","coordinates":[[[-77.69694,-2.8525],[-77.68306,-2.85306],[-77.68,-2.86139],[-77.69,-2.87389],[-77.7025,-2.87472],[-77.70639,-2.86639],[-77.69694,-2.8525]]]}},{"type":"Feature","properties":{"codigo":1007403678},"geometry":{"type":"Polygon","coordinates":[[[-78.77278,-2.86028],[-78.75333,-2.85556],[-78.73444,-2.81167],[-78.7125,-2.80944],[-78.70222,-2.84806],[-78.68972,-2.85417],[-78.69444,-2.89778],[-78.71139,-2.88806],[-78.72528,-2.89333],[-78.75306,-2.88417],[-78.79083,-2.90222],[-78.81667,-2.89806],[-78.81611,-2.89],[-78.78444,-2.87583],[-78.77278,-2.86028]]]}},{"type":"Feature","properties":{"codigo":1007403694},"geometry":{"type":"Polygon","coordinates":[[[-78.18556,-2.8625],[-78.17194,-2.86611],[-78.15917,-2.85639],[-78.15111,-2.86111],[-78.14694,-2.92111],[-78.1275,-2.96167],[-78.19056,-2.99833],[-78.19667,-2.98806],[-78.22806,-2.98167],[-78.21667,-2.96944],[-78.22389,-2.95278],[-78.21972,-2.92889],[-78.19083,-2.90333],[-78.18111,-2.88194],[-78.18556,-2.8625]]]}},{"type":"Feature","properties":{"codigo":1007403548},"geometry":{"type":"Polygon","coordinates":[[[-77.89444,-2.87444],[-77.88556,-2.83778],[-77.89028,-2.82778],[-77.87528,-2.82667],[-77.86917,-2.81556],[-77.85194,-2.81028],[-77.85556,-2.825],[-77.81611,-2.87111],[-77.81528,-2.90306],[-77.83194,-2.94861],[-77.84139,-2.94972],[-77.85028,-2.93278],[-77.88639,-2.9375],[-77.88278,-2.90833],[-77.8875,-2.90639],[-77.88944,-2.90972],[-77.89278,-2.90917],[-77.88028,-2.8975],[-77.88083,-2.88472],[-77.89444,-2.87444]]]}},{"type":"Feature","properties":{"codigo":1007403425},"geometry":{"type":"Polygon","coordinates":[[[-77.70583,-2.87167],[-77.69167,-2.87333],[-77.6875,-2.8825],[-77.69583,-2.89111],[-77.70778,-2.88278],[-77.70583,-2.87167]]]}},{"type":"Feature","properties":{"codigo":1007403545},"geometry":{"type":"Polygon","coordinates":[[[-77.92778,-2.89],[-77.91194,-2.87139],[-77.9,-2.87917],[-77.90361,-2.88778],[-77.92,-2.89306],[-77.92583,-2.90806],[-77.92778,-2.89]]]}},{"type":"Feature","properties":{"codigo":1007403543},"geometry":{"type":"Polygon","coordinates":[[[-77.92,-2.89306],[-77.89417,-2.87444],[-77.88083,-2.88472],[-77.88028,-2.8975],[-77.89278,-2.90917],[-77.88278,-2.90833],[-77.88583,-2.93333],[-77.90139,-2.9325],[-77.91444,-2.95306],[-77.92583,-2.94194],[-77.9375,-2.94333],[-77.95,-2.965],[-77.96361,-2.95778],[-77.97806,-2.96556],[-77.99472,-2.95972],[-78.00083,-2.94694],[-77.98917,-2.92639],[-77.94333,-2.90472],[-77.92556,-2.90806],[-77.92,-2.89306]]]}},{"type":"Feature","properties":{"codigo":1007403670},"geometry":{"type":"Polygon","coordinates":[[[-79.03806,-2.85389],[-79.02806,-2.86139],[-78.99861,-2.85972],[-78.98083,-2.87972],[-78.95222,-2.88944],[-78.95833,-2.90417],[-78.94222,-2.91833],[-78.9425,-2.93667],[-78.97639,-2.95611],[-78.99806,-2.95222],[-78.97111,-2.92667],[-79.00028,-2.89667],[-79.00444,-2.8825],[-79.03333,-2.87583],[-79.03806,-2.85389]]]}},{"type":"Feature","properties":{"codigo":1007402347},"geometry":{"type":"Polygon","coordinates":[[[-79.75444,-2.89444],[-79.76111,-2.85806],[-79.76861,-2.84861],[-79.7825,-2.85083],[-79.77306,-2.835],[-79.75611,-2.84278],[-79.74417,-2.83694],[-79.72694,-2.855],[-79.72083,-2.85083],[-79.7025,-2.86056],[-79.69111,-2.855],[-79.68417,-2.86472],[-79.67028,-2.86306],[-79.6525,-2.88139],[-79.63167,-2.87833],[-79.61667,-2.89306],[-79.57722,-2.89778],[-79.58722,-2.90694],[-79.62528,-2.90333],[-79.63056,-2.91139],[-79.65861,-2.91167],[-79.66889,-2.90306],[-79.67306,-2.90889],[-79.69806,-2.90194],[-79.73417,-2.90583],[-79.73944,-2.89694],[-79.75444,-2.89444]]]}},{"type":"Feature","properties":{"codigo":1007403679},"geometry":{"type":"Polygon","coordinates":[[[-78.77556,-2.89556],[-78.75139,-2.88417],[-78.72528,-2.89333],[-78.71139,-2.88806],[-78.69472,-2.89722],[-78.69778,-2.90861],[-78.68806,-2.90722],[-78.67528,-2.93056],[-78.6825,-2.96639],[-78.6575,-2.98694],[-78.665,-3.02278],[-78.67583,-3.02833],[-78.68667,-3.02222],[-78.70278,-2.99722],[-78.70333,-2.97833],[-78.71528,-2.97861],[-78.71694,-2.955],[-78.73056,-2.95111],[-78.74028,-2.91222],[-78.76,-2.91139],[-78.77556,-2.89556]]]}},{"type":"Feature","properties":{"codigo":1007403680},"geometry":{"type":"Polygon","coordinates":[[[-78.81639,-2.89833],[-78.79083,-2.90222],[-78.775,-2.89556],[-78.76,-2.91139],[-78.74083,-2.91167],[-78.73056,-2.95111],[-78.71694,-2.955],[-78.71528,-2.97889],[-78.74444,-2.98389],[-78.76083,-2.96972],[-78.76528,-2.95306],[-78.78528,-2.93917],[-78.82528,-2.94889],[-78.83583,-2.94],[-78.83583,-2.92833],[-78.81639,-2.89833]]]}},{"type":"Feature","properties":{"codigo":1007403672},"geometry":{"type":"Polygon","coordinates":[[[-79.01,-2.91111],[-78.98444,-2.90806],[-78.97194,-2.93222],[-78.99444,-2.94639],[-78.99278,-2.93389],[-79.01194,-2.9225],[-79.01,-2.91111]]]}},{"type":"Feature","properties":{"codigo":1007403693},"geometry":{"type":"Polygon","coordinates":[[[-78.36028,-2.93583],[-78.33444,-2.92],[-78.32083,-2.92861],[-78.285,-2.89889],[-78.27417,-2.90611],[-78.27528,-2.91528],[-78.25528,-2.91972],[-78.26472,-2.97056],[-78.27278,-2.98083],[-78.28528,-2.97944],[-78.30167,-2.99972],[-78.33083,-2.99889],[-78.34583,-2.97528],[-78.36333,-2.97278],[-78.36028,-2.93583]]]}},{"type":"Feature","properties":{"codigo":1007403623},"geometry":{"type":"Polygon","coordinates":[[[-78.25528,-2.91972],[-78.21889,-2.93028],[-78.22389,-2.95278],[-78.21667,-2.96944],[-78.22694,-2.98167],[-78.26444,-2.97083],[-78.25528,-2.91972]]]}},{"type":"Feature","properties":{"codigo":1007403682},"geometry":{"type":"Polygon","coordinates":[[[-78.84222,-2.9425],[-78.82833,-2.94111],[-78.81694,-2.94944],[-78.78972,-2.94444],[-78.78222,-3.01028],[-78.81944,-3.01],[-78.83611,-2.99083],[-78.85861,-2.99472],[-78.85639,-2.95889],[-78.84222,-2.9425]]]}},{"type":"Feature","properties":{"codigo":1007403674},"geometry":{"type":"Polygon","coordinates":[[[-79.00917,-2.91639],[-79.01194,-2.9225],[-78.99222,-2.94],[-79.00861,-2.97111],[-79.02889,-2.96],[-79.04889,-2.96278],[-79.05528,-2.95083],[-79.0825,-2.95972],[-79.10167,-2.95583],[-79.08639,-2.93556],[-79.08917,-2.92528],[-79.07139,-2.90722],[-79.00917,-2.91639]]]}},{"type":"Feature","properties":{"codigo":1007403542},"geometry":{"type":"Polygon","coordinates":[[[-77.88667,-2.93333],[-77.88056,-2.94139],[-77.87472,-2.93333],[-77.85028,-2.93278],[-77.83889,-2.95111],[-77.82944,-2.93972],[-77.80917,-2.94361],[-77.80472,-2.98056],[-77.81472,-2.99472],[-77.84611,-2.99944],[-77.86444,-2.98139],[-77.88222,-2.98889],[-77.89444,-2.98333],[-77.9025,-2.99528],[-77.92167,-2.99],[-77.93361,-3.00944],[-77.95806,-3.02222],[-77.97528,-2.98444],[-77.99583,-2.96778],[-77.99222,-2.95917],[-77.97806,-2.96556],[-77.96361,-2.95778],[-77.95,-2.965],[-77.9375,-2.94333],[-77.92583,-2.94194],[-77.91444,-2.95306],[-77.90139,-2.9325],[-77.88667,-2.93333]]]}},{"type":"Feature","properties":{"codigo":1007403692},"geometry":{"type":"Polygon","coordinates":[[[-78.61472,-2.9025],[-78.60861,-2.9125],[-78.59889,-2.915],[-78.59472,-2.90556],[-78.57639,-2.90972],[-78.55028,-2.92944],[-78.51722,-2.93972],[-78.50028,-2.96806],[-78.52528,-2.98333],[-78.54917,-2.98472],[-78.58667,-2.97167],[-78.59972,-2.98278],[-78.63722,-2.97972],[-78.63194,-2.96111],[-78.6375,-2.95083],[-78.62833,-2.93417],[-78.63306,-2.91611],[-78.61472,-2.9025]]]}},{"type":"Feature","properties":{"codigo":1007403675},"geometry":{"type":"Polygon","coordinates":[[[-79.11111,-2.95417],[-79.0825,-2.95972],[-79.05528,-2.95083],[-79.04917,-2.96167],[-79.05944,-2.99167],[-79.06778,-2.99639],[-79.06667,-3.01333],[-79.08306,-3.03472],[-79.13611,-3.04806],[-79.18194,-3.03667],[-79.18611,-3.02806],[-79.2,-3.03278],[-79.21417,-3.02222],[-79.20083,-3.00278],[-79.17917,-2.99361],[-79.17056,-2.98111],[-79.13889,-2.98028],[-79.11111,-2.95417]]]}},{"type":"Feature","properties":{"codigo":1007403691},"geometry":{"type":"Polygon","coordinates":[[[-78.49944,-2.96111],[-78.48583,-2.96278],[-78.50972,-3.00028],[-78.53778,-3.02417],[-78.55333,-3.02417],[-78.58,-3.05222],[-78.62528,-3.07],[-78.65917,-3.06639],[-78.66444,-3.07361],[-78.67389,-3.06778],[-78.67556,-3.02833],[-78.665,-3.02278],[-78.6575,-2.98722],[-78.6375,-2.97972],[-78.59972,-2.98278],[-78.58722,-2.97167],[-78.54917,-2.98472],[-78.52528,-2.98333],[-78.49944,-2.96111]]]}},{"type":"Feature","properties":{"codigo":1007403676},"geometry":{"type":"Polygon","coordinates":[[[-79.04917,-2.96194],[-79.01056,-2.96722],[-78.99806,-2.97889],[-79.00222,-2.99222],[-78.96472,-3.03056],[-78.96778,-3.04083],[-78.9775,-3.0425],[-78.97889,-3.06389],[-78.99639,-3.08722],[-79.00694,-3.15861],[-79.02833,-3.17222],[-79.04111,-3.1675],[-79.04778,-3.14556],[-79.08722,-3.13694],[-79.10778,-3.10694],[-79.14333,-3.11583],[-79.16694,-3.10972],[-79.17583,-3.09556],[-79.22972,-3.06028],[-79.21639,-3.0225],[-79.13611,-3.04806],[-79.08306,-3.03472],[-79.06667,-3.01333],[-79.06778,-2.99639],[-79.05944,-2.99167],[-79.04917,-2.96194]]]}},{"type":"Feature","properties":{"codigo":1007403549},"geometry":{"type":"Polygon","coordinates":[[[-78.02333,-2.98972],[-77.99361,-2.96778],[-77.97528,-2.98444],[-77.95806,-3.02222],[-77.93361,-3.00944],[-77.92361,-2.99056],[-77.9025,-2.99528],[-77.89444,-2.98333],[-77.88222,-2.98889],[-77.86611,-2.98139],[-77.84667,-2.99694],[-77.84611,-3.015],[-77.86083,-3.0075],[-77.87778,-3.01556],[-77.88861,-3.00917],[-77.90722,-3.01778],[-77.90778,-3.02694],[-77.93472,-3.03583],[-77.94444,-3.05194],[-77.93833,-3.06333],[-77.94806,-3.08444],[-77.96361,-3.09556],[-77.97139,-3.0875],[-77.96472,-3.07278],[-77.98278,-3.06556],[-77.98278,-3.04722],[-78.00444,-3.02722],[-78.01222,-3.0],[-78.02333,-2.98972]]]}},{"type":"Feature","properties":{"codigo":1007403622},"geometry":{"type":"Polygon","coordinates":[[[-78.27,-2.97639],[-78.26444,-2.97],[-78.19361,-2.99139],[-78.22,-3.00139],[-78.2375,-2.99083],[-78.25278,-3.00056],[-78.27,-2.97639]]]}},{"type":"Feature","properties":{"codigo":1007402382},"geometry":{"type":"Polygon","coordinates":[[[-79.84778,-2.97722],[-79.8525,-2.9675],[-79.84056,-2.96694],[-79.84361,-2.93694],[-79.80722,-2.925],[-79.77972,-2.92778],[-79.775,-2.93528],[-79.74667,-2.92639],[-79.74194,-2.93611],[-79.74,-2.92861],[-79.70333,-2.94028],[-79.69056,-2.95944],[-79.66972,-2.96306],[-79.63583,-2.98806],[-79.60111,-2.98444],[-79.59056,-2.96417],[-79.56917,-2.95306],[-79.55778,-2.95528],[-79.55139,-2.97667],[-79.53222,-2.98639],[-79.54778,-3.00361],[-79.58917,-3.00889],[-79.59417,-3.01667],[-79.58778,-3.03111],[-79.59556,-3.05194],[-79.61389,-3.06583],[-79.60944,-3.07333],[-79.61028,-3.08],[-79.64806,-3.03639],[-79.70639,-3.02472],[-79.71389,-3.01361],[-79.74083,-3.00194],[-79.75083,-2.98417],[-79.77417,-2.97944],[-79.77778,-2.96694],[-79.80361,-2.99056],[-79.84778,-2.97722]]]}},{"type":"Feature","properties":{"codigo":1007403551},"geometry":{"type":"Polygon","coordinates":[[[-78.13556,-2.96139],[-78.11361,-2.97917],[-78.08361,-2.97611],[-78.07611,-2.98306],[-78.05417,-2.96583],[-78.03833,-2.96528],[-78.03833,-2.95806],[-78.01917,-2.96389],[-78.00472,-2.97361],[-78.02333,-2.98972],[-77.98556,-3.04694],[-78.01556,-3.08028],[-78.01611,-3.09194],[-78.04722,-3.11083],[-78.05556,-3.12861],[-78.0725,-3.13],[-78.09333,-3.14444],[-78.13806,-3.13861],[-78.15333,-3.09417],[-78.18167,-3.065],[-78.18611,-3.04583],[-78.20833,-3.03472],[-78.18944,-2.9975],[-78.1775,-2.99639],[-78.17361,-2.98417],[-78.1525,-2.98139],[-78.13556,-2.96139]]]}},{"type":"Feature","properties":{"codigo":1007403681},"geometry":{"type":"Polygon","coordinates":[[[-78.79083,-2.94444],[-78.77639,-2.94167],[-78.76083,-2.96972],[-78.73889,-2.98611],[-78.70333,-2.97833],[-78.69944,-3.00528],[-78.67556,-3.02833],[-78.67389,-3.0675],[-78.69083,-3.06833],[-78.69722,-3.05639],[-78.70694,-3.07444],[-78.77056,-3.04028],[-78.79,-2.97444],[-78.79083,-2.94444]]]}},{"type":"Feature","properties":{"codigo":1007402385},"geometry":{"type":"Polygon","coordinates":[[[-79.84778,-2.97722],[-79.82611,-2.98417],[-79.84306,-3.01389],[-79.845,-3.01083],[-79.84778,-2.97722]]]}},{"type":"Feature","properties":{"codigo":1007403553},"geometry":{"type":"Polygon","coordinates":[[[-78.40722,-2.99472],[-78.38944,-2.98639],[-78.37944,-2.97139],[-78.36778,-2.97833],[-78.36139,-2.97056],[-78.33611,-2.98361],[-78.33028,-2.99917],[-78.30167,-2.99972],[-78.28528,-2.97944],[-78.27056,-2.97639],[-78.25278,-3.00056],[-78.2375,-2.99083],[-78.22444,-2.99417],[-78.21944,-3.00111],[-78.23861,-3.02861],[-78.24556,-3.10111],[-78.26139,-3.10361],[-78.27944,-3.12306],[-78.32306,-3.14722],[-78.33778,-3.11611],[-78.39361,-3.09389],[-78.39833,-3.07306],[-78.39139,-3.04806],[-78.40528,-3.03056],[-78.40722,-2.99472]]]}},{"type":"Feature","properties":{"codigo":1007403552},"geometry":{"type":"Polygon","coordinates":[[[-78.19361,-2.99139],[-78.19167,-3.00944],[-78.20861,-3.03639],[-78.21722,-3.04222],[-78.22444,-3.03417],[-78.23806,-3.03722],[-78.22861,-3.00639],[-78.19361,-2.99139]]]}},{"type":"Feature","properties":{"codigo":1007402386},"geometry":{"type":"Polygon","coordinates":[[[-79.83806,-3.00111],[-79.83222,-2.98639],[-79.80361,-2.99056],[-79.77778,-2.96694],[-79.77417,-2.97944],[-79.75083,-2.98417],[-79.74083,-3.00194],[-79.71389,-3.01361],[-79.70639,-3.02472],[-79.64806,-3.03639],[-79.62306,-3.07194],[-79.57917,-3.09556],[-79.57,-3.12694],[-79.52972,-3.14694],[-79.54111,-3.14861],[-79.55139,-3.16639],[-79.57,-3.16389],[-79.59889,-3.18167],[-79.62444,-3.12472],[-79.69111,-3.07611],[-79.705,-3.07611],[-79.7125,-3.03306],[-79.72583,-3.02611],[-79.74889,-3.03361],[-79.77861,-3.02556],[-79.78222,-3.035],[-79.81639,-3.03917],[-79.82917,-3.03028],[-79.82972,-3.00722],[-79.83806,-3.00111]]]}},{"type":"Feature","properties":{"codigo":1007402383},"geometry":{"type":"Polygon","coordinates":[[[-79.58583,-3.00778],[-79.54778,-3.00361],[-79.53083,-2.98472],[-79.48806,-3.00056],[-79.45222,-2.99306],[-79.43139,-2.99833],[-79.41278,-3.02444],[-79.38306,-3.03278],[-79.37861,-3.0475],[-79.42333,-3.0775],[-79.44472,-3.10389],[-79.44306,-3.12028],[-79.45361,-3.13889],[-79.46806,-3.13444],[-79.48806,-3.14278],[-79.51167,-3.13111],[-79.525,-3.13806],[-79.52306,-3.0825],[-79.51556,-3.06583],[-79.58278,-3.01861],[-79.58583,-3.00778]]]}},{"type":"Feature","properties":{"codigo":1007403683},"geometry":{"type":"Polygon","coordinates":[[[-78.85861,-2.99444],[-78.83611,-2.99083],[-78.82306,-3.00778],[-78.81,-3.01],[-78.81056,-3.01972],[-78.83139,-3.03722],[-78.82111,-3.045],[-78.82861,-3.0675],[-78.81667,-3.075],[-78.825,-3.09167],[-78.81861,-3.10972],[-78.83139,-3.11833],[-78.85528,-3.11472],[-78.86583,-3.12889],[-78.86083,-3.13611],[-78.87417,-3.145],[-78.86361,-3.16333],[-78.87972,-3.17944],[-78.86833,-3.19333],[-78.84194,-3.20306],[-78.83028,-3.23889],[-78.83722,-3.24583],[-78.85722,-3.22972],[-78.87972,-3.25028],[-78.89861,-3.25389],[-78.91528,-3.27361],[-78.92389,-3.27],[-78.92639,-3.2525],[-78.94472,-3.22917],[-78.97361,-3.21583],[-78.97556,-3.19694],[-79.01944,-3.19111],[-79.02917,-3.17278],[-79.00694,-3.15861],[-79.00972,-3.14639],[-79.0025,-3.13944],[-78.95639,-3.11833],[-78.94167,-3.08722],[-78.925,-3.08583],[-78.91806,-3.075],[-78.90083,-3.06944],[-78.89722,-3.05556],[-78.87806,-3.03972],[-78.88,-3.01667],[-78.85861,-2.99444]]]}},{"type":"Feature","properties":{"codigo":1007403684},"geometry":{"type":"Polygon","coordinates":[[[-78.81,-3.01139],[-78.78222,-3.01028],[-78.75972,-3.04972],[-78.70694,-3.07444],[-78.69583,-3.05639],[-78.68333,-3.07],[-78.68333,-3.08361],[-78.70528,-3.13583],[-78.74333,-3.14139],[-78.755,-3.16],[-78.78056,-3.17361],[-78.83139,-3.23611],[-78.84194,-3.20306],[-78.86833,-3.19333],[-78.87972,-3.17944],[-78.86361,-3.16333],[-78.87417,-3.145],[-78.86083,-3.13611],[-78.86583,-3.12889],[-78.85528,-3.11472],[-78.83139,-3.11833],[-78.81861,-3.10972],[-78.825,-3.09167],[-78.81667,-3.075],[-78.82861,-3.0675],[-78.82111,-3.045],[-78.83139,-3.03722],[-78.81,-3.01139]]]}},{"type":"Feature","properties":{"codigo":1007402387},"geometry":{"type":"Polygon","coordinates":[[[-79.84528,-3.02639],[-79.83833,-3.00111],[-79.83111,-3.00417],[-79.82917,-3.03028],[-79.81639,-3.03917],[-79.78222,-3.035],[-79.77861,-3.02556],[-79.74889,-3.03361],[-79.72583,-3.02611],[-79.7125,-3.03306],[-79.705,-3.07611],[-79.69111,-3.07611],[-79.62444,-3.12472],[-79.6,-3.17944],[-79.65528,-3.1875],[-79.68944,-3.17167],[-79.71306,-3.17333],[-79.73722,-3.16139],[-79.73861,-3.15028],[-79.76306,-3.13278],[-79.76639,-3.12056],[-79.78528,-3.11167],[-79.78917,-3.11833],[-79.7975,-3.11472],[-79.80167,-3.09389],[-79.83306,-3.08611],[-79.85194,-3.09417],[-79.85278,-3.07972],[-79.86056,-3.07806],[-79.85111,-3.06583],[-79.86694,-3.05722],[-79.85722,-3.03972],[-79.85306,-3.05056],[-79.84111,-3.05389],[-79.83056,-3.03917],[-79.84528,-3.02639]]]}},{"type":"Feature","properties":{"codigo":1007403555},"geometry":{"type":"Polygon","coordinates":[[[-78.51,-3.00056],[-78.48167,-3.01417],[-78.47778,-3.03583],[-78.49278,-3.05944],[-78.50111,-3.06639],[-78.53306,-3.06278],[-78.55417,-3.07333],[-78.58361,-3.10861],[-78.61278,-3.11361],[-78.64361,-3.0825],[-78.66306,-3.07333],[-78.65917,-3.06639],[-78.62528,-3.07],[-78.58,-3.05222],[-78.55333,-3.02417],[-78.53778,-3.02417],[-78.51,-3.00056]]]}},{"type":"Feature","properties":{"codigo":1007403554},"geometry":{"type":"Polygon","coordinates":[[[-78.48167,-3.01444],[-78.45139,-2.98833],[-78.42417,-2.98417],[-78.40861,-2.99306],[-78.40167,-3.00833],[-78.40528,-3.03056],[-78.39139,-3.04806],[-78.39833,-3.07306],[-78.39333,-3.09194],[-78.40861,-3.10361],[-78.42806,-3.09417],[-78.45694,-3.10889],[-78.4675,-3.13083],[-78.47889,-3.10917],[-78.49389,-3.10472],[-78.50028,-3.06611],[-78.47778,-3.03583],[-78.48167,-3.01444]]]}},{"type":"Feature","properties":{"codigo":1007402396},"geometry":{"type":"Polygon","coordinates":[[[-79.38,-3.04028],[-79.36028,-3.03222],[-79.35361,-3.045],[-79.34056,-3.03972],[-79.325,-3.06139],[-79.30611,-3.06528],[-79.30583,-3.07528],[-79.32,-3.08389],[-79.31972,-3.10944],[-79.32694,-3.11833],[-79.32056,-3.14167],[-79.34583,-3.17556],[-79.37333,-3.18722],[-79.37361,-3.19722],[-79.39333,-3.21361],[-79.41778,-3.25722],[-79.42472,-3.30139],[-79.43417,-3.31389],[-79.48,-3.31722],[-79.48472,-3.23444],[-79.49528,-3.21111],[-79.50417,-3.20944],[-79.51167,-3.15556],[-79.52833,-3.15],[-79.53056,-3.14167],[-79.51194,-3.13111],[-79.48806,-3.14278],[-79.46806,-3.13444],[-79.45194,-3.13778],[-79.44444,-3.10333],[-79.42278,-3.07694],[-79.38056,-3.05056],[-79.38,-3.04028]]]}},{"type":"Feature","properties":{"codigo":1007403695},"geometry":{"type":"Polygon","coordinates":[[[-78.23806,-3.03722],[-78.22444,-3.03417],[-78.21722,-3.04222],[-78.20722,-3.035],[-78.18611,-3.04583],[-78.18167,-3.065],[-78.15333,-3.09417],[-78.13889,-3.14139],[-78.16167,-3.16417],[-78.17361,-3.1625],[-78.1925,-3.1425],[-78.21417,-3.14611],[-78.225,-3.13639],[-78.24694,-3.13306],[-78.26139,-3.13694],[-78.28083,-3.16139],[-78.32222,-3.16417],[-78.31667,-3.14111],[-78.27944,-3.12306],[-78.26139,-3.10361],[-78.24556,-3.10111],[-78.23806,-3.03722]]]}},{"type":"Feature","properties":{"codigo":1007403567},"geometry":{"type":"Polygon","coordinates":[[[-78.68361,-3.07],[-78.67472,-3.06722],[-78.64361,-3.0825],[-78.64333,-3.08972],[-78.60972,-3.11444],[-78.60306,-3.14],[-78.60694,-3.17889],[-78.63833,-3.25111],[-78.63528,-3.27472],[-78.64167,-3.28833],[-78.65444,-3.28778],[-78.65528,-3.27278],[-78.67889,-3.25056],[-78.71111,-3.19111],[-78.70278,-3.16222],[-78.70556,-3.13583],[-78.69583,-3.10722],[-78.68833,-3.10472],[-78.68361,-3.07]]]}},{"type":"Feature","properties":{"codigo":1007402407},"geometry":{"type":"Polygon","coordinates":[[[-79.23,-3.055],[-79.20389,-3.10389],[-79.21417,-3.12306],[-79.2175,-3.12278],[-79.22139,-3.12306],[-79.20361,-3.13556],[-79.19444,-3.16278],[-79.21528,-3.22306],[-79.20333,-3.23806],[-79.2125,-3.24333],[-79.25583,-3.205],[-79.26278,-3.165],[-79.27556,-3.16278],[-79.29222,-3.14083],[-79.30778,-3.13444],[-79.32083,-3.13972],[-79.32667,-3.12222],[-79.31611,-3.07944],[-79.29139,-3.06611],[-79.27861,-3.07306],[-79.26444,-3.04972],[-79.24361,-3.05889],[-79.23,-3.055]]]}},{"type":"Feature","properties":{"codigo":1007402384},"geometry":{"type":"Polygon","coordinates":[[[-79.61,-3.08],[-79.61389,-3.06583],[-79.59472,-3.05056],[-79.58778,-3.03111],[-79.59417,-3.01611],[-79.58583,-3.00778],[-79.58278,-3.01861],[-79.51556,-3.06583],[-79.53056,-3.1425],[-79.55056,-3.14],[-79.57,-3.12694],[-79.57917,-3.09556],[-79.61,-3.08]]]}},{"type":"Feature","properties":{"codigo":1007403550},"geometry":{"type":"Polygon","coordinates":[[[-78.01556,-3.08028],[-77.985,-3.04611],[-77.98278,-3.04722],[-77.98278,-3.06556],[-77.96472,-3.07278],[-77.97139,-3.0875],[-77.9625,-3.09944],[-77.96944,-3.11583],[-77.98361,-3.11972],[-77.98694,-3.13444],[-78.00917,-3.15694],[-78.01194,-3.17861],[-78.03639,-3.18972],[-78.06194,-3.22667],[-78.07639,-3.22722],[-78.09167,-3.20972],[-78.09472,-3.18917],[-78.08556,-3.1875],[-78.09444,-3.14528],[-78.0725,-3.13],[-78.05556,-3.12861],[-78.04722,-3.11083],[-78.01611,-3.09194],[-78.01556,-3.08028]]]}},{"type":"Feature","properties":{"codigo":1007403556},"geometry":{"type":"Polygon","coordinates":[[[-78.50028,-3.06611],[-78.49278,-3.10667],[-78.52417,-3.16583],[-78.545,-3.17111],[-78.58194,-3.14889],[-78.60278,-3.15],[-78.60944,-3.11417],[-78.58361,-3.10861],[-78.56417,-3.08083],[-78.53472,-3.06333],[-78.50028,-3.06611]]]}},{"type":"Feature","properties":{"codigo":1007402389},"geometry":{"type":"Polygon","coordinates":[[[-79.87194,-3.08667],[-79.85278,-3.07972],[-79.85194,-3.09417],[-79.83278,-3.08611],[-79.80111,-3.09472],[-79.7975,-3.11472],[-79.80361,-3.12583],[-79.8225,-3.13083],[-79.83056,-3.16444],[-79.85139,-3.15806],[-79.85667,-3.14222],[-79.89806,-3.11722],[-79.89806,-3.09833],[-79.885,-3.09472],[-79.87667,-3.10528],[-79.86333,-3.09472],[-79.86889,-3.09167],[-79.87194,-3.08667]]]}},{"type":"Feature","properties":{"codigo":1007402390},"geometry":{"type":"Polygon","coordinates":[[[-79.82056,-3.12944],[-79.78528,-3.11167],[-79.76583,-3.12111],[-79.76306,-3.13278],[-79.73861,-3.15028],[-79.73639,-3.16194],[-79.65528,-3.1875],[-79.69306,-3.22972],[-79.73806,-3.23722],[-79.77139,-3.21806],[-79.78667,-3.19694],[-79.77833,-3.15222],[-79.78917,-3.14306],[-79.80028,-3.15694],[-79.82056,-3.12944]]]}},{"type":"Feature","properties":{"codigo":1007403557},"geometry":{"type":"Polygon","coordinates":[[[-78.49278,-3.10639],[-78.47889,-3.10917],[-78.46583,-3.13083],[-78.45778,-3.10944],[-78.42917,-3.09444],[-78.40861,-3.10361],[-78.39361,-3.09194],[-78.35861,-3.10306],[-78.32917,-3.12389],[-78.31917,-3.14972],[-78.32222,-3.16417],[-78.33639,-3.17667],[-78.32917,-3.19111],[-78.36444,-3.21722],[-78.39,-3.21778],[-78.41222,-3.20556],[-78.43917,-3.21444],[-78.45333,-3.20556],[-78.48472,-3.20639],[-78.51056,-3.22611],[-78.52111,-3.21611],[-78.52861,-3.18972],[-78.53861,-3.18389],[-78.49278,-3.10639]]]}},{"type":"Feature","properties":{"codigo":1007402408},"geometry":{"type":"Polygon","coordinates":[[[-79.21944,-3.07083],[-79.17583,-3.09556],[-79.16694,-3.10972],[-79.14333,-3.11583],[-79.10778,-3.10694],[-79.07472,-3.14333],[-79.10389,-3.15694],[-79.12194,-3.18167],[-79.13944,-3.18778],[-79.14222,-3.20889],[-79.16778,-3.22056],[-79.17639,-3.24222],[-79.20306,-3.24194],[-79.21528,-3.22472],[-79.19444,-3.16278],[-79.20361,-3.13556],[-79.22139,-3.12306],[-79.21417,-3.12306],[-79.20389,-3.10417],[-79.21944,-3.07083]]]}},{"type":"Feature","properties":{"codigo":1007403701},"geometry":{"type":"Polygon","coordinates":[[[-78.13778,-3.13861],[-78.09389,-3.14417],[-78.08556,-3.1875],[-78.09472,-3.18917],[-78.08944,-3.21528],[-78.11,-3.22472],[-78.11306,-3.23833],[-78.13333,-3.23972],[-78.13417,-3.24972],[-78.16722,-3.26472],[-78.18278,-3.26167],[-78.18222,-3.22167],[-78.20361,-3.21],[-78.19889,-3.19111],[-78.20611,-3.18667],[-78.21444,-3.1525],[-78.1925,-3.1425],[-78.17361,-3.1625],[-78.16083,-3.16417],[-78.13778,-3.13861]]]}},{"type":"Feature","properties":{"codigo":1007403697},"geometry":{"type":"Polygon","coordinates":[[[-78.21444,-3.14556],[-78.2075,-3.14583],[-78.20278,-3.14389],[-78.21472,-3.15333],[-78.21444,-3.14556]]]}},{"type":"Feature","properties":{"codigo":1007403696},"geometry":{"type":"Polygon","coordinates":[[[-78.21444,-3.14556],[-78.23806,-3.17028],[-78.23667,-3.17917],[-78.27083,-3.20222],[-78.2775,-3.23111],[-78.29111,-3.24472],[-78.32583,-3.2575],[-78.35528,-3.21139],[-78.32917,-3.19111],[-78.33611,-3.18056],[-78.33278,-3.17028],[-78.31389,-3.16],[-78.28083,-3.16139],[-78.25778,-3.135],[-78.225,-3.13639],[-78.21444,-3.14556]]]}},{"type":"Feature","properties":{"codigo":1007403698},"geometry":{"type":"Polygon","coordinates":[[[-78.2175,-3.15167],[-78.19889,-3.19111],[-78.20333,-3.21056],[-78.18222,-3.22167],[-78.18806,-3.275],[-78.19444,-3.28083],[-78.20528,-3.27694],[-78.21278,-3.29],[-78.225,-3.29361],[-78.22861,-3.30806],[-78.24917,-3.31472],[-78.28028,-3.31861],[-78.28889,-3.30861],[-78.32806,-3.30639],[-78.31917,-3.28722],[-78.32194,-3.26],[-78.2775,-3.23111],[-78.27083,-3.20222],[-78.23667,-3.17917],[-78.23806,-3.17028],[-78.2175,-3.15167]]]}},{"type":"Feature","properties":{"codigo":1007402391},"geometry":{"type":"Polygon","coordinates":[[[-79.82778,-3.1625],[-79.82083,-3.12944],[-79.79972,-3.15722],[-79.78694,-3.14361],[-79.7775,-3.15778],[-79.78667,-3.19694],[-79.77139,-3.21806],[-79.7325,-3.23917],[-79.69306,-3.22972],[-79.65556,-3.1875],[-79.59972,-3.17944],[-79.59972,-3.20083],[-79.62472,-3.21361],[-79.64944,-3.23944],[-79.66833,-3.24361],[-79.70278,-3.2825],[-79.74972,-3.27667],[-79.78444,-3.29222],[-79.80472,-3.2875],[-79.80306,-3.27722],[-79.81167,-3.27194],[-79.80528,-3.26639],[-79.83278,-3.22389],[-79.82333,-3.21944],[-79.81444,-3.19083],[-79.82778,-3.1625]]]}},{"type":"Feature","properties":{"codigo":1007402404},"geometry":{"type":"Polygon","coordinates":[[[-79.3375,-3.16611],[-79.32056,-3.13944],[-79.30778,-3.13444],[-79.26083,-3.1675],[-79.25556,-3.20194],[-79.26333,-3.22861],[-79.25417,-3.25861],[-79.27111,-3.26611],[-79.275,-3.29528],[-79.31389,-3.27528],[-79.32278,-3.26389],[-79.31917,-3.25167],[-79.33417,-3.24361],[-79.33667,-3.23028],[-79.32806,-3.22361],[-79.3375,-3.16611]]]}},{"type":"Feature","properties":{"codigo":1007402410},"geometry":{"type":"Polygon","coordinates":[[[-79.07472,-3.14333],[-79.04778,-3.14556],[-79.04111,-3.1675],[-79.02861,-3.17222],[-79.02167,-3.19167],[-79.04639,-3.21139],[-79.07861,-3.21389],[-79.08917,-3.22722],[-79.11861,-3.21611],[-79.17056,-3.23139],[-79.16778,-3.22056],[-79.14222,-3.20889],[-79.13944,-3.18778],[-79.12194,-3.18167],[-79.10389,-3.15694],[-79.07472,-3.14333]]]}},{"type":"Feature","properties":{"codigo":1007403559},"geometry":{"type":"Polygon","coordinates":[[[-78.60278,-3.15],[-78.58194,-3.14889],[-78.53639,-3.17222],[-78.53861,-3.18583],[-78.52861,-3.18972],[-78.52111,-3.21611],[-78.51,-3.22611],[-78.51306,-3.24778],[-78.49222,-3.28167],[-78.49389,-3.30639],[-78.48167,-3.30583],[-78.475,-3.31556],[-78.49583,-3.34028],[-78.5025,-3.36389],[-78.51889,-3.35083],[-78.54528,-3.34556],[-78.55028,-3.32722],[-78.57417,-3.31611],[-78.57167,-3.29556],[-78.58944,-3.27333],[-78.58861,-3.26306],[-78.62861,-3.24222],[-78.60278,-3.15]]]}},{"type":"Feature","properties":{"codigo":1007402427},"geometry":{"type":"Polygon","coordinates":[[[-79.59889,-3.18167],[-79.57,-3.16389],[-79.55139,-3.16639],[-79.54111,-3.14861],[-79.52944,-3.14667],[-79.51167,-3.15556],[-79.50167,-3.20333],[-79.50917,-3.22833],[-79.55528,-3.27778],[-79.58778,-3.29056],[-79.6075,-3.30889],[-79.60972,-3.32056],[-79.62472,-3.32444],[-79.615,-3.31139],[-79.62528,-3.2825],[-79.59611,-3.21611],[-79.59889,-3.18167]]]}},{"type":"Feature","properties":{"codigo":1007402417},"geometry":{"type":"Polygon","coordinates":[[[-79.04167,-3.20917],[-79.02083,-3.18944],[-78.97556,-3.19694],[-78.97361,-3.21583],[-78.94472,-3.22917],[-78.92639,-3.2525],[-78.92417,-3.26917],[-78.93583,-3.27472],[-78.93444,-3.29667],[-78.97389,-3.29778],[-78.99694,-3.31278],[-79.00583,-3.33028],[-79.02333,-3.33722],[-79.04972,-3.34167],[-79.06889,-3.32861],[-79.09194,-3.33389],[-79.09917,-3.34722],[-79.12528,-3.36028],[-79.12389,-3.33111],[-79.14194,-3.31917],[-79.115,-3.30889],[-79.08917,-3.2725],[-79.07417,-3.26639],[-79.07056,-3.25139],[-79.03694,-3.22361],[-79.04167,-3.20917]]]}},{"type":"Feature","properties":{"codigo":1007403621},"geometry":{"type":"Polygon","coordinates":[[[-78.445,-3.21222],[-78.41833,-3.20528],[-78.39,-3.21778],[-78.35528,-3.21111],[-78.34083,-3.22889],[-78.31833,-3.27306],[-78.32861,-3.32278],[-78.33944,-3.32639],[-78.34278,-3.34444],[-78.38056,-3.3325],[-78.38611,-3.32167],[-78.39944,-3.31778],[-78.40361,-3.3025],[-78.41722,-3.29667],[-78.43917,-3.25556],[-78.445,-3.21222]]]}},{"type":"Feature","properties":{"codigo":1007403558},"geometry":{"type":"Polygon","coordinates":[[[-78.51,-3.22611],[-78.48472,-3.20639],[-78.45333,-3.20556],[-78.44139,-3.22],[-78.43611,-3.26361],[-78.41722,-3.29667],[-78.40361,-3.30278],[-78.465,-3.32278],[-78.48167,-3.30583],[-78.49389,-3.30639],[-78.49222,-3.28167],[-78.51306,-3.24778],[-78.51,-3.22611]]]}},{"type":"Feature","properties":{"codigo":1007402411},"geometry":{"type":"Polygon","coordinates":[[[-79.16833,-3.23167],[-79.11861,-3.21611],[-79.09333,-3.22806],[-79.07861,-3.21389],[-79.055,-3.20972],[-79.04167,-3.20917],[-79.03667,-3.22111],[-79.07056,-3.25139],[-79.07417,-3.26639],[-79.10639,-3.29139],[-79.115,-3.30889],[-79.13333,-3.31583],[-79.15,-3.3075],[-79.15167,-3.26389],[-79.16833,-3.23167]]]}},{"type":"Feature","properties":{"codigo":1007402409},"geometry":{"type":"Polygon","coordinates":[[[-79.17056,-3.23139],[-79.16361,-3.23778],[-79.15778,-3.26528],[-79.18194,-3.265],[-79.18556,-3.25611],[-79.20972,-3.25167],[-79.19944,-3.24139],[-79.17639,-3.24222],[-79.17056,-3.23139]]]}},{"type":"Feature","properties":{"codigo":1007403568},"geometry":{"type":"Polygon","coordinates":[[[-78.83111,-3.23611],[-78.77278,-3.16583],[-78.755,-3.16],[-78.74333,-3.14139],[-78.70944,-3.13361],[-78.70194,-3.14111],[-78.70389,-3.17306],[-78.71139,-3.18333],[-78.70667,-3.20361],[-78.67889,-3.25056],[-78.65528,-3.27278],[-78.65417,-3.28833],[-78.66528,-3.30639],[-78.70417,-3.30639],[-78.72944,-3.32417],[-78.75361,-3.31444],[-78.77083,-3.25389],[-78.81278,-3.25472],[-78.83111,-3.23611]]]}},{"type":"Feature","properties":{"codigo":1007402406},"geometry":{"type":"Polygon","coordinates":[[[-79.21333,-3.24333],[-79.20028,-3.24194],[-79.21028,-3.25056],[-79.21333,-3.24333]]]}},{"type":"Feature","properties":{"codigo":1007402399},"geometry":{"type":"Polygon","coordinates":[[[-79.3375,-3.16611],[-79.32806,-3.22417],[-79.33667,-3.23028],[-79.33361,-3.24222],[-79.34444,-3.24944],[-79.34611,-3.29333],[-79.36694,-3.31417],[-79.38139,-3.34667],[-79.385,-3.33083],[-79.42361,-3.28556],[-79.41778,-3.25722],[-79.39333,-3.21361],[-79.37361,-3.19722],[-79.37389,-3.18778],[-79.3375,-3.16611]]]}},{"type":"Feature","properties":{"codigo":1007402405},"geometry":{"type":"Polygon","coordinates":[[[-79.25611,-3.20444],[-79.19583,-3.25917],[-79.26028,-3.30278],[-79.27556,-3.29556],[-79.275,-3.28],[-79.26528,-3.25972],[-79.25444,-3.25972],[-79.26333,-3.22861],[-79.25611,-3.20444]]]}},{"type":"Feature","properties":{"codigo":1007403699},"geometry":{"type":"Polygon","coordinates":[[[-78.18278,-3.26167],[-78.16722,-3.26472],[-78.13417,-3.24972],[-78.13333,-3.23972],[-78.11306,-3.23833],[-78.10611,-3.22194],[-78.09417,-3.21806],[-78.08806,-3.225],[-78.09889,-3.26111],[-78.10722,-3.26278],[-78.1075,-3.27667],[-78.14278,-3.32667],[-78.19444,-3.36167],[-78.20083,-3.34056],[-78.22139,-3.33611],[-78.23111,-3.30889],[-78.22306,-3.29139],[-78.21278,-3.29],[-78.20472,-3.27667],[-78.19444,-3.28083],[-78.18278,-3.26167]]]}},{"type":"Feature","properties":{"codigo":1007402412},"geometry":{"type":"Polygon","coordinates":[[[-79.27194,-3.31222],[-79.18556,-3.25611],[-79.17583,-3.26639],[-79.1525,-3.26306],[-79.15,-3.3075],[-79.13528,-3.31667],[-79.1725,-3.32694],[-79.20417,-3.3725],[-79.25361,-3.36028],[-79.26778,-3.34],[-79.2825,-3.33333],[-79.29083,-3.3075],[-79.27194,-3.31222]]]}},{"type":"Feature","properties":{"codigo":1007402402},"geometry":{"type":"Polygon","coordinates":[[[-79.33417,-3.24278],[-79.31917,-3.25167],[-79.32278,-3.26389],[-79.3125,-3.29556],[-79.29167,-3.30333],[-79.28306,-3.3325],[-79.26778,-3.34],[-79.27194,-3.35056],[-79.3275,-3.3475],[-79.33222,-3.34139],[-79.33583,-3.29472],[-79.34722,-3.27778],[-79.34444,-3.24944],[-79.33417,-3.24278]]]}},{"type":"Feature","properties":{"codigo":1007403570},"geometry":{"type":"Polygon","coordinates":[[[-78.93583,-3.27472],[-78.91139,-3.2725],[-78.89861,-3.25389],[-78.87972,-3.25028],[-78.85722,-3.22972],[-78.84694,-3.23194],[-78.84278,-3.24361],[-78.83083,-3.24],[-78.81278,-3.25472],[-78.77083,-3.25389],[-78.75361,-3.31444],[-78.73139,-3.31889],[-78.71667,-3.3425],[-78.7175,-3.39111],[-78.73528,-3.42778],[-78.73694,-3.45528],[-78.74694,-3.45917],[-78.76944,-3.44306],[-78.79028,-3.41361],[-78.83306,-3.3775],[-78.87056,-3.38],[-78.87806,-3.36528],[-78.88778,-3.36444],[-78.91167,-3.38111],[-78.91611,-3.36694],[-78.94306,-3.34639],[-78.95333,-3.30028],[-78.93444,-3.29667],[-78.93583,-3.27472]]]}},{"type":"Feature","properties":{"codigo":1007402393},"geometry":{"type":"Polygon","coordinates":[[[-79.73361,-3.31556],[-79.66611,-3.24194],[-79.64944,-3.23944],[-79.61778,-3.20861],[-79.59889,-3.20583],[-79.59611,-3.21611],[-79.62528,-3.2825],[-79.61556,-3.31556],[-79.63056,-3.32278],[-79.63,-3.3675],[-79.6125,-3.38972],[-79.61194,-3.4225],[-79.62972,-3.41583],[-79.66444,-3.3725],[-79.68028,-3.33472],[-79.73361,-3.31556]]]}},{"type":"Feature","properties":{"codigo":1007402392},"geometry":{"type":"Polygon","coordinates":[[[-79.7625,-3.29444],[-79.70778,-3.28444],[-79.73389,-3.31444],[-79.7,-3.35111],[-79.71139,-3.40333],[-79.71917,-3.38167],[-79.75028,-3.36667],[-79.76472,-3.34083],[-79.76306,-3.325],[-79.78028,-3.31722],[-79.79,-3.32611],[-79.80806,-3.3225],[-79.83611,-3.30139],[-79.86306,-3.29444],[-79.86611,-3.27056],[-79.90361,-3.24222],[-79.90306,-3.20028],[-79.92222,-3.19472],[-79.94139,-3.16861],[-79.90778,-3.16694],[-79.91194,-3.17472],[-79.89639,-3.19806],[-79.89861,-3.20833],[-79.8425,-3.24194],[-79.85111,-3.25639],[-79.8325,-3.27639],[-79.82833,-3.29611],[-79.81833,-3.29083],[-79.80167,-3.30556],[-79.76861,-3.30889],[-79.7625,-3.29444]]]}},{"type":"Feature","properties":{"codigo":1007402395},"geometry":{"type":"Polygon","coordinates":[[[-79.57333,-3.28833],[-79.51028,-3.22972],[-79.50444,-3.20944],[-79.49528,-3.21111],[-79.48444,-3.23583],[-79.47944,-3.32167],[-79.48667,-3.33472],[-79.5,-3.34194],[-79.52194,-3.3325],[-79.54694,-3.3375],[-79.55306,-3.32944],[-79.57972,-3.32472],[-79.57333,-3.28833]]]}},{"type":"Feature","properties":{"codigo":1007403566},"geometry":{"type":"Polygon","coordinates":[[[-78.65417,-3.28806],[-78.63833,-3.28639],[-78.63833,-3.25111],[-78.62861,-3.24111],[-78.58861,-3.26306],[-78.58944,-3.27333],[-78.57167,-3.29556],[-78.57417,-3.31611],[-78.61528,-3.35583],[-78.6125,-3.40556],[-78.60444,-3.41694],[-78.63528,-3.43611],[-78.66361,-3.42139],[-78.69361,-3.41861],[-78.72139,-3.40028],[-78.71472,-3.36139],[-78.72583,-3.325],[-78.70417,-3.30639],[-78.66528,-3.30639],[-78.65417,-3.28806]]]}},{"type":"Feature","properties":{"codigo":1007402403},"geometry":{"type":"Polygon","coordinates":[[[-79.31528,-3.27361],[-79.27194,-3.30083],[-79.25917,-3.30333],[-79.27194,-3.31222],[-79.29028,-3.30917],[-79.3025,-3.295],[-79.3125,-3.29556],[-79.31528,-3.27361]]]}},{"type":"Feature","properties":{"codigo":1007402401},"geometry":{"type":"Polygon","coordinates":[[[-79.35722,-3.30611],[-79.34472,-3.28472],[-79.33889,-3.28861],[-79.33139,-3.33861],[-79.33583,-3.35694],[-79.31667,-3.38583],[-79.32333,-3.40028],[-79.33694,-3.40667],[-79.36,-3.39667],[-79.34528,-3.37056],[-79.36417,-3.34417],[-79.35472,-3.32278],[-79.35722,-3.30611]]]}},{"type":"Feature","properties":{"codigo":1007402429},"geometry":{"type":"Polygon","coordinates":[[[-79.86333,-3.30944],[-79.89639,-3.27694],[-79.92167,-3.28556],[-79.94611,-3.27472],[-79.96083,-3.255],[-79.99139,-3.2625],[-79.99917,-3.23167],[-79.98167,-3.22389],[-79.97722,-3.20972],[-79.9525,-3.19417],[-79.95139,-3.18444],[-79.92639,-3.18222],[-79.92222,-3.19472],[-79.90306,-3.20028],[-79.90361,-3.24222],[-79.86611,-3.27056],[-79.86306,-3.29444],[-79.83611,-3.30139],[-79.82083,-3.3175],[-79.82778,-3.32333],[-79.8475,-3.30694],[-79.86333,-3.30944]]]}},{"type":"Feature","properties":{"codigo":1007402397},"geometry":{"type":"Polygon","coordinates":[[[-79.47972,-3.31722],[-79.45417,-3.3175],[-79.4875,-3.36],[-79.49861,-3.34139],[-79.48667,-3.33472],[-79.47972,-3.31722]]]}},{"type":"Feature","properties":{"codigo":1007403560},"geometry":{"type":"Polygon","coordinates":[[[-78.40361,-3.30278],[-78.39917,-3.31833],[-78.41944,-3.32833],[-78.45278,-3.365],[-78.50083,-3.37222],[-78.49806,-3.34472],[-78.47667,-3.31583],[-78.46056,-3.3225],[-78.40361,-3.30278]]]}},{"type":"Feature","properties":{"codigo":1007402398},"geometry":{"type":"Polygon","coordinates":[[[-79.45417,-3.3175],[-79.43417,-3.31389],[-79.42083,-3.2875],[-79.385,-3.33083],[-79.37861,-3.3525],[-79.38944,-3.39611],[-79.40917,-3.4],[-79.43389,-3.42944],[-79.44083,-3.42083],[-79.43917,-3.38722],[-79.44583,-3.37306],[-79.43833,-3.35472],[-79.4475,-3.35306],[-79.46194,-3.33056],[-79.45417,-3.3175]]]}},{"type":"Feature","properties":{"codigo":1007403700},"geometry":{"type":"Polygon","coordinates":[[[-78.32778,-3.30639],[-78.28889,-3.30861],[-78.27417,-3.31917],[-78.27111,-3.31306],[-78.23056,-3.30917],[-78.22139,-3.33611],[-78.20083,-3.34056],[-78.19556,-3.35028],[-78.17944,-3.40861],[-78.155,-3.41056],[-78.14444,-3.46],[-78.14806,-3.47972],[-78.16222,-3.48083],[-78.18361,-3.49917],[-78.20056,-3.49639],[-78.21333,-3.50833],[-78.23083,-3.49972],[-78.22611,-3.49111],[-78.23667,-3.445],[-78.24444,-3.43861],[-78.24639,-3.40139],[-78.26306,-3.40611],[-78.2875,-3.39583],[-78.30556,-3.39917],[-78.35056,-3.37806],[-78.35083,-3.35917],[-78.33944,-3.32639],[-78.32861,-3.32278],[-78.32778,-3.30639]]]}},{"type":"Feature","properties":{"codigo":1007500248},"geometry":{"type":"Polygon","coordinates":[[[-79.87639,-3.30833],[-79.8475,-3.30694],[-79.82778,-3.32333],[-79.81944,-3.315],[-79.79111,-3.32611],[-79.78083,-3.31722],[-79.76306,-3.325],[-79.76472,-3.34083],[-79.75028,-3.36667],[-79.71917,-3.38167],[-79.71,-3.41167],[-79.77722,-3.39167],[-79.78972,-3.39417],[-79.81,-3.36611],[-79.83944,-3.35028],[-79.85278,-3.35167],[-79.865,-3.37167],[-79.89444,-3.35639],[-79.90639,-3.36806],[-79.91833,-3.36306],[-79.91556,-3.37],[-79.94806,-3.40472],[-79.96167,-3.39583],[-79.965,-3.37417],[-80.00417,-3.35833],[-80.00278,-3.35083],[-79.98889,-3.34694],[-79.99389,-3.33],[-80.00611,-3.32861],[-80.00361,-3.32056],[-79.99389,-3.31611],[-79.99139,-3.32528],[-79.98111,-3.3275],[-79.95944,-3.30361],[-79.94556,-3.29972],[-79.92806,-3.31861],[-79.9025,-3.31028],[-79.88306,-3.32],[-79.87639,-3.30833]]]}},{"type":"Feature","properties":{"codigo":1007402394},"geometry":{"type":"Polygon","coordinates":[[[-79.62667,-3.32194],[-79.6125,-3.32278],[-79.58778,-3.29056],[-79.57306,-3.28833],[-79.58,-3.32583],[-79.5925,-3.33056],[-79.57972,-3.36639],[-79.58972,-3.37611],[-79.58333,-3.39222],[-79.59222,-3.42833],[-79.60028,-3.43444],[-79.61611,-3.41639],[-79.6125,-3.38972],[-79.63,-3.3675],[-79.62667,-3.32194]]]}},{"type":"Feature","properties":{"codigo":1007402426},"geometry":{"type":"Polygon","coordinates":[[[-79.57972,-3.32472],[-79.55306,-3.32944],[-79.54694,-3.3375],[-79.52194,-3.3325],[-79.50056,-3.34167],[-79.50639,-3.36972],[-79.49944,-3.3825],[-79.51861,-3.41889],[-79.50306,-3.43694],[-79.50444,-3.48333],[-79.51694,-3.50389],[-79.55472,-3.51361],[-79.60222,-3.48139],[-79.60194,-3.43444],[-79.59222,-3.42833],[-79.58333,-3.39222],[-79.58972,-3.37611],[-79.57972,-3.36639],[-79.5925,-3.33056],[-79.57972,-3.32472]]]}},{"type":"Feature","properties":{"codigo":1007402425},"geometry":{"type":"Polygon","coordinates":[[[-79.50056,-3.34194],[-79.48722,-3.36],[-79.46167,-3.33056],[-79.4475,-3.35306],[-79.43833,-3.35472],[-79.44583,-3.37222],[-79.43917,-3.38722],[-79.4425,-3.40861],[-79.43833,-3.42778],[-79.425,-3.44028],[-79.42583,-3.45667],[-79.47083,-3.50472],[-79.51111,-3.49444],[-79.50444,-3.48333],[-79.50306,-3.43694],[-79.51861,-3.41889],[-79.49944,-3.3825],[-79.50639,-3.36972],[-79.50056,-3.34194]]]}},{"type":"Feature","properties":{"codigo":1007402418},"geometry":{"type":"Polygon","coordinates":[[[-78.95333,-3.30028],[-78.94333,-3.3425],[-78.99056,-3.35333],[-79.04944,-3.39889],[-79.06167,-3.38833],[-79.10361,-3.38139],[-79.10528,-3.37],[-79.12389,-3.37111],[-79.12528,-3.36056],[-79.09917,-3.34722],[-79.09194,-3.33389],[-79.06889,-3.32861],[-79.04972,-3.34167],[-79.02333,-3.33722],[-79.00583,-3.33028],[-78.99694,-3.31278],[-78.97389,-3.29778],[-78.95333,-3.30028]]]}},{"type":"Feature","properties":{"codigo":1007402400},"geometry":{"type":"Polygon","coordinates":[[[-79.35722,-3.30611],[-79.35472,-3.32278],[-79.36444,-3.33556],[-79.36611,-3.35694],[-79.38083,-3.36944],[-79.38333,-3.34778],[-79.35722,-3.30611]]]}},{"type":"Feature","properties":{"codigo":1007403561},"geometry":{"type":"Polygon","coordinates":[[[-78.39917,-3.31778],[-78.36222,-3.34222],[-78.34167,-3.34528],[-78.35111,-3.36139],[-78.34444,-3.39194],[-78.35583,-3.40361],[-78.37111,-3.39194],[-78.38972,-3.39611],[-78.42694,-3.42056],[-78.46833,-3.38389],[-78.4725,-3.36722],[-78.45278,-3.365],[-78.41944,-3.32833],[-78.39917,-3.31778]]]}},{"type":"Feature","properties":{"codigo":1007402413},"geometry":{"type":"Polygon","coordinates":[[[-79.33222,-3.34139],[-79.2875,-3.35306],[-79.26611,-3.34528],[-79.25361,-3.36028],[-79.22083,-3.36472],[-79.20444,-3.37889],[-79.22472,-3.42028],[-79.26917,-3.46167],[-79.28,-3.48306],[-79.30167,-3.48417],[-79.33611,-3.50167],[-79.35472,-3.49028],[-79.34667,-3.47083],[-79.33972,-3.47333],[-79.32639,-3.45667],[-79.34,-3.43167],[-79.33778,-3.40944],[-79.31667,-3.38583],[-79.33583,-3.35694],[-79.33222,-3.34139]]]}},{"type":"Feature","properties":{"codigo":1007403564},"geometry":{"type":"Polygon","coordinates":[[[-78.57417,-3.31611],[-78.55028,-3.32722],[-78.54528,-3.34556],[-78.51667,-3.35306],[-78.5275,-3.37222],[-78.54583,-3.38278],[-78.54528,-3.3925],[-78.55667,-3.39444],[-78.54917,-3.43528],[-78.56694,-3.42194],[-78.59528,-3.41917],[-78.6125,-3.40556],[-78.61528,-3.35583],[-78.57417,-3.31611]]]}},{"type":"Feature","properties":{"codigo":1007403588},"geometry":{"type":"Polygon","coordinates":[[[-78.94333,-3.3425],[-78.93306,-3.34917],[-78.93222,-3.35972],[-78.95806,-3.38917],[-78.97111,-3.43833],[-78.98583,-3.45056],[-78.98444,-3.47583],[-78.97722,-3.48778],[-78.95917,-3.49278],[-78.95111,-3.53222],[-79.01639,-3.54944],[-79.05167,-3.5475],[-79.06806,-3.51389],[-79.06722,-3.50222],[-79.04361,-3.47806],[-79.06472,-3.43444],[-79.05028,-3.41056],[-79.05333,-3.40333],[-79.02778,-3.37583],[-78.99056,-3.35333],[-78.94333,-3.3425]]]}},{"type":"Feature","properties":{"codigo":1007402416},"geometry":{"type":"Polygon","coordinates":[[[-79.14222,-3.32083],[-79.12389,-3.33111],[-79.12306,-3.37278],[-79.14833,-3.38444],[-79.15528,-3.40917],[-79.17056,-3.39111],[-79.20139,-3.3875],[-79.20444,-3.3725],[-79.1725,-3.32694],[-79.14222,-3.32083]]]}},{"type":"Feature","properties":{"codigo":1007403563},"geometry":{"type":"Polygon","coordinates":[[[-78.51694,-3.355],[-78.50167,-3.365],[-78.50306,-3.38833],[-78.48361,-3.41528],[-78.51556,-3.47361],[-78.54333,-3.4725],[-78.55028,-3.48278],[-78.56278,-3.48194],[-78.57056,-3.47722],[-78.55889,-3.47028],[-78.54722,-3.43889],[-78.55667,-3.39444],[-78.54528,-3.3925],[-78.54361,-3.37972],[-78.52778,-3.3725],[-78.52806,-3.36333],[-78.51694,-3.355]]]}},{"type":"Feature","properties":{"codigo":1007402424},"geometry":{"type":"Polygon","coordinates":[[[-79.38083,-3.36944],[-79.36917,-3.36417],[-79.36417,-3.34444],[-79.3475,-3.36111],[-79.34556,-3.37917],[-79.36,-3.39667],[-79.33694,-3.40667],[-79.34,-3.43167],[-79.32639,-3.45667],[-79.33972,-3.47333],[-79.34889,-3.47361],[-79.36389,-3.51361],[-79.38306,-3.53417],[-79.39417,-3.56472],[-79.40278,-3.56722],[-79.39306,-3.58056],[-79.40722,-3.61083],[-79.415,-3.6075],[-79.41833,-3.58528],[-79.43194,-3.56806],[-79.46028,-3.56111],[-79.47361,-3.56806],[-79.49194,-3.55472],[-79.49028,-3.54667],[-79.50722,-3.525],[-79.53972,-3.53278],[-79.55361,-3.51333],[-79.51083,-3.49667],[-79.48111,-3.50556],[-79.45917,-3.49861],[-79.44417,-3.46944],[-79.42583,-3.45667],[-79.425,-3.44028],[-79.43389,-3.42806],[-79.40917,-3.4],[-79.38944,-3.39611],[-79.38083,-3.36944]]]}},{"type":"Feature","properties":{"codigo":1007403562},"geometry":{"type":"Polygon","coordinates":[[[-78.50028,-3.37222],[-78.47083,-3.3675],[-78.46833,-3.38389],[-78.44111,-3.40306],[-78.43889,-3.41278],[-78.49222,-3.40694],[-78.50306,-3.38833],[-78.50028,-3.37222]]]}},{"type":"Feature","properties":{"codigo":1007403589},"geometry":{"type":"Polygon","coordinates":[[[-78.93222,-3.35944],[-78.91611,-3.36694],[-78.90194,-3.39389],[-78.88222,-3.40111],[-78.875,-3.42111],[-78.88056,-3.44722],[-78.86917,-3.45917],[-78.86111,-3.4875],[-78.87444,-3.505],[-78.91806,-3.51361],[-78.93833,-3.53417],[-78.95111,-3.5325],[-78.95917,-3.49278],[-78.97722,-3.48778],[-78.98444,-3.47583],[-78.98583,-3.45056],[-78.97111,-3.43833],[-78.95806,-3.38917],[-78.93222,-3.35944]]]}},{"type":"Feature","properties":{"codigo":1007402414},"geometry":{"type":"Polygon","coordinates":[[[-79.22472,-3.42028],[-79.20222,-3.38194],[-79.2075,-3.39417],[-79.18389,-3.41417],[-79.17972,-3.42917],[-79.185,-3.45278],[-79.17833,-3.47361],[-79.18833,-3.49167],[-79.18556,-3.51389],[-79.20528,-3.52278],[-79.23889,-3.50472],[-79.25917,-3.50417],[-79.27611,-3.47139],[-79.22472,-3.42028]]]}},{"type":"Feature","properties":{"codigo":1007402419},"geometry":{"type":"Polygon","coordinates":[[[-79.14833,-3.38444],[-79.10528,-3.37],[-79.10361,-3.38139],[-79.06167,-3.38833],[-79.05028,-3.39861],[-79.06472,-3.43444],[-79.04361,-3.47806],[-79.06722,-3.50222],[-79.06806,-3.51389],[-79.04639,-3.54917],[-79.05472,-3.57139],[-79.04417,-3.58111],[-79.06917,-3.61833],[-79.0825,-3.60167],[-79.08139,-3.58611],[-79.10083,-3.57639],[-79.13444,-3.51306],[-79.13028,-3.47778],[-79.145,-3.45056],[-79.1325,-3.42472],[-79.13861,-3.41083],[-79.155,-3.40889],[-79.14833,-3.38444]]]}},{"type":"Feature","properties":{"codigo":1007402428},"geometry":{"type":"Polygon","coordinates":[[[-79.71111,-3.40333],[-79.7,-3.35111],[-79.73222,-3.31611],[-79.68028,-3.33472],[-79.66444,-3.3725],[-79.62972,-3.41583],[-79.6075,-3.42333],[-79.59806,-3.46028],[-79.60083,-3.485],[-79.62917,-3.49861],[-79.63167,-3.48833],[-79.65278,-3.48306],[-79.67139,-3.46528],[-79.67417,-3.44972],[-79.70111,-3.43028],[-79.71111,-3.40333]]]}},{"type":"Feature","properties":{"codigo":1007402415},"geometry":{"type":"Polygon","coordinates":[[[-79.20278,-3.38333],[-79.17056,-3.39111],[-79.15444,-3.41111],[-79.13861,-3.41083],[-79.13222,-3.43083],[-79.145,-3.45083],[-79.17417,-3.44722],[-79.18361,-3.43889],[-79.18389,-3.41417],[-79.2075,-3.39417],[-79.20278,-3.38333]]]}},{"type":"Feature","properties":{"codigo":1007500253},"geometry":{"type":"Polygon","coordinates":[[[-79.88444,-3.36083],[-79.865,-3.37167],[-79.85278,-3.35167],[-79.83583,-3.35139],[-79.81,-3.36611],[-79.78972,-3.39417],[-79.77722,-3.39167],[-79.70833,-3.41222],[-79.70111,-3.42972],[-79.71333,-3.42806],[-79.74111,-3.46139],[-79.75056,-3.45722],[-79.76833,-3.47028],[-79.78611,-3.46972],[-79.79139,-3.49],[-79.79806,-3.48278],[-79.79111,-3.43944],[-79.79667,-3.42278],[-79.84194,-3.38444],[-79.85306,-3.38417],[-79.87028,-3.39861],[-79.89528,-3.4],[-79.9125,-3.42028],[-79.89917,-3.37444],[-79.88444,-3.36083]]]}},{"type":"Feature","properties":{"codigo":1007403572},"geometry":{"type":"Polygon","coordinates":[[[-78.48389,-3.41],[-78.4675,-3.4075],[-78.44694,-3.41611],[-78.43861,-3.41056],[-78.42333,-3.41944],[-78.42278,-3.43028],[-78.435,-3.48083],[-78.45333,-3.51028],[-78.48972,-3.54528],[-78.50778,-3.52583],[-78.53222,-3.52806],[-78.53583,-3.51639],[-78.5175,-3.5025],[-78.51417,-3.46417],[-78.48389,-3.41]]]}},{"type":"Feature","properties":{"codigo":1007403575},"geometry":{"type":"Polygon","coordinates":[[[-78.42333,-3.41944],[-78.37111,-3.39194],[-78.34417,-3.42222],[-78.34611,-3.45056],[-78.35833,-3.4725],[-78.355,-3.49472],[-78.36778,-3.51528],[-78.36556,-3.53139],[-78.39194,-3.55972],[-78.38417,-3.56694],[-78.39528,-3.58611],[-78.39889,-3.62389],[-78.38722,-3.64139],[-78.40639,-3.65361],[-78.44194,-3.63611],[-78.45444,-3.64528],[-78.45361,-3.63528],[-78.465,-3.63611],[-78.47,-3.61972],[-78.48111,-3.61944],[-78.48583,-3.60222],[-78.52361,-3.57111],[-78.50389,-3.55222],[-78.49,-3.55278],[-78.47111,-3.52056],[-78.45278,-3.50944],[-78.43333,-3.47694],[-78.42333,-3.41944]]]}},{"type":"Feature","properties":{"codigo":1007500252},"geometry":{"type":"Polygon","coordinates":[[[-79.92139,-3.41667],[-79.90472,-3.42972],[-79.91222,-3.43833],[-79.92472,-3.43056],[-79.92667,-3.43389],[-79.95222,-3.43194],[-79.94833,-3.42528],[-79.9375,-3.43167],[-79.92111,-3.42639],[-79.92139,-3.41667]]]}},{"type":"Feature","properties":{"codigo":1007403565},"geometry":{"type":"Polygon","coordinates":[[[-78.61778,-3.42861],[-78.60361,-3.41472],[-78.55917,-3.42667],[-78.54722,-3.43806],[-78.55889,-3.47028],[-78.57,-3.47722],[-78.60083,-3.4725],[-78.61,-3.46417],[-78.61778,-3.42861]]]}},{"type":"Feature","properties":{"codigo":1007500251},"geometry":{"type":"Polygon","coordinates":[[[-79.95167,-3.43472],[-79.95083,-3.43222],[-79.95111,-3.435],[-79.95167,-3.43472]]]}},{"type":"Feature","properties":{"codigo":1007500257},"geometry":{"type":"Polygon","coordinates":[[[-79.95167,-3.43472],[-79.92417,-3.43083],[-79.89806,-3.46556],[-79.8725,-3.455],[-79.86194,-3.46361],[-79.83778,-3.46194],[-79.81972,-3.47833],[-79.79806,-3.48222],[-79.78472,-3.49278],[-79.76944,-3.55889],[-79.81111,-3.575],[-79.83861,-3.56361],[-79.84667,-3.56806],[-79.89139,-3.55694],[-79.9075,-3.53444],[-79.92861,-3.52333],[-79.92639,-3.48917],[-79.94778,-3.46417],[-79.95167,-3.43472]]]}},{"type":"Feature","properties":{"codigo":1007403569},"geometry":{"type":"Polygon","coordinates":[[[-78.72139,-3.40028],[-78.69361,-3.41861],[-78.66361,-3.42139],[-78.63639,-3.43611],[-78.61778,-3.42861],[-78.61,-3.46417],[-78.6,-3.47639],[-78.62806,-3.50361],[-78.69417,-3.50917],[-78.72361,-3.50111],[-78.78222,-3.54028],[-78.81972,-3.54222],[-78.81806,-3.52889],[-78.80944,-3.52806],[-78.78917,-3.49972],[-78.75972,-3.48722],[-78.76,-3.47528],[-78.73694,-3.45528],[-78.73528,-3.42778],[-78.72139,-3.40028]]]}},{"type":"Feature","properties":{"codigo":1007500256},"geometry":{"type":"Polygon","coordinates":[[[-79.91444,-3.43889],[-79.89528,-3.4],[-79.87028,-3.39861],[-79.85306,-3.38417],[-79.84194,-3.38444],[-79.79667,-3.42278],[-79.79111,-3.43944],[-79.79722,-3.48194],[-79.81917,-3.47861],[-79.83778,-3.46194],[-79.86194,-3.46361],[-79.8725,-3.455],[-79.89806,-3.46556],[-79.91444,-3.43889]]]}},{"type":"Feature","properties":{"codigo":1007402420},"geometry":{"type":"Polygon","coordinates":[[[-79.18306,-3.43917],[-79.17417,-3.44722],[-79.14444,-3.45111],[-79.13028,-3.47778],[-79.13444,-3.51306],[-79.10083,-3.57639],[-79.08139,-3.58611],[-79.07472,-3.6225],[-79.09722,-3.62472],[-79.11361,-3.63556],[-79.12028,-3.62167],[-79.12833,-3.6225],[-79.14028,-3.58694],[-79.15389,-3.57944],[-79.16917,-3.58833],[-79.18139,-3.54778],[-79.17889,-3.5325],[-79.19528,-3.5225],[-79.18556,-3.51389],[-79.18833,-3.49167],[-79.17861,-3.47917],[-79.18306,-3.43917]]]}},{"type":"Feature","properties":{"codigo":1007500250},"geometry":{"type":"Polygon","coordinates":[[[-80.12583,-3.4525],[-80.11583,-3.42222],[-80.11639,-3.43472],[-80.07222,-3.42056],[-80.04083,-3.43444],[-80.02417,-3.45639],[-80.03194,-3.46944],[-80.02,-3.48722],[-80.01833,-3.50611],[-80.03611,-3.53889],[-80.06139,-3.54639],[-80.05806,-3.51917],[-80.06694,-3.50194],[-80.10472,-3.49194],[-80.11583,-3.4525],[-80.12583,-3.4525]]]}},{"type":"Feature","properties":{"codigo":1007500260},"geometry":{"type":"Polygon","coordinates":[[[-80.18944,-3.45611],[-80.11583,-3.4525],[-80.10472,-3.49194],[-80.08833,-3.49917],[-80.07972,-3.49361],[-80.05806,-3.51917],[-80.06167,-3.56222],[-80.05139,-3.60083],[-80.05833,-3.60917],[-80.03083,-3.6225],[-80.03806,-3.64361],[-80.03333,-3.65861],[-80.05028,-3.65389],[-80.05833,-3.64222],[-80.08833,-3.64],[-80.10722,-3.65583],[-80.12278,-3.65028],[-80.13028,-3.61083],[-80.15639,-3.60583],[-80.16694,-3.58611],[-80.1725,-3.5875],[-80.17056,-3.51694],[-80.15389,-3.49056],[-80.16333,-3.47806],[-80.16028,-3.45667],[-80.18944,-3.45611]]]}},{"type":"Feature","properties":{"codigo":1007500259},"geometry":{"type":"Polygon","coordinates":[[[-80.235,-3.45611],[-80.24028,-3.45028],[-80.22778,-3.43806],[-80.21028,-3.44028],[-80.20222,-3.45167],[-80.19167,-3.44139],[-80.18722,-3.45056],[-80.18417,-3.44333],[-80.17306,-3.44694],[-80.15833,-3.43389],[-80.13306,-3.44194],[-80.12972,-3.45306],[-80.235,-3.45611]]]}},{"type":"Feature","properties":{"codigo":1007500261},"geometry":{"type":"Polygon","coordinates":[[[-80.235,-3.45694],[-80.16083,-3.45639],[-80.16028,-3.45694],[-80.235,-3.45694]]]}},{"type":"Feature","properties":{"codigo":1007500263},"geometry":{"type":"Polygon","coordinates":[[[-80.23556,-3.45722],[-80.16056,-3.45722],[-80.16333,-3.47806],[-80.15389,-3.49111],[-80.17056,-3.51694],[-80.17306,-3.58611],[-80.15639,-3.60583],[-80.13028,-3.61083],[-80.12667,-3.63806],[-80.16083,-3.63556],[-80.16389,-3.61861],[-80.18417,-3.60778],[-80.19278,-3.61306],[-80.20056,-3.60806],[-80.20583,-3.62639],[-80.23056,-3.62222],[-80.23139,-3.60417],[-80.21861,-3.59639],[-80.23528,-3.58056],[-80.23361,-3.56778],[-80.25028,-3.55889],[-80.24639,-3.52889],[-80.25222,-3.52222],[-80.245,-3.51556],[-80.25222,-3.47444],[-80.23556,-3.45722]]]}},{"type":"Feature","properties":{"codigo":1007403571},"geometry":{"type":"Polygon","coordinates":[[[-78.90667,-3.38167],[-78.88778,-3.36444],[-78.87806,-3.36528],[-78.87056,-3.38],[-78.83306,-3.3775],[-78.745,-3.45917],[-78.76,-3.47528],[-78.75972,-3.48722],[-78.78917,-3.49972],[-78.80944,-3.52806],[-78.81806,-3.52889],[-78.82194,-3.54583],[-78.83222,-3.54944],[-78.84361,-3.51694],[-78.85694,-3.51556],[-78.87056,-3.50222],[-78.86111,-3.48694],[-78.88056,-3.44722],[-78.875,-3.42111],[-78.88222,-3.40111],[-78.90194,-3.39389],[-78.90667,-3.38167]]]}},{"type":"Feature","properties":{"codigo":1007500254},"geometry":{"type":"Polygon","coordinates":[[[-79.76306,-3.46556],[-79.75056,-3.45722],[-79.74111,-3.46139],[-79.70806,-3.42778],[-79.675,-3.44889],[-79.66528,-3.47278],[-79.63167,-3.48833],[-79.62917,-3.49889],[-79.64694,-3.51417],[-79.66389,-3.51056],[-79.6775,-3.53444],[-79.68889,-3.52361],[-79.7375,-3.51194],[-79.73917,-3.48972],[-79.75694,-3.48111],[-79.76306,-3.46556]]]}},{"type":"Feature","properties":{"codigo":1007403573},"geometry":{"type":"Polygon","coordinates":[[[-78.59944,-3.4725],[-78.55389,-3.48333],[-78.54333,-3.4725],[-78.51583,-3.47361],[-78.5175,-3.5025],[-78.53583,-3.51639],[-78.52556,-3.55278],[-78.53528,-3.57583],[-78.52472,-3.58306],[-78.58556,-3.57389],[-78.61667,-3.59],[-78.64389,-3.59139],[-78.65806,-3.62889],[-78.64861,-3.65],[-78.65444,-3.69778],[-78.66861,-3.70194],[-78.69583,-3.69444],[-78.71611,-3.68],[-78.71889,-3.66222],[-78.73111,-3.64861],[-78.74917,-3.6525],[-78.75,-3.64444],[-78.76722,-3.63389],[-78.80111,-3.63889],[-78.81444,-3.62889],[-78.82583,-3.59667],[-78.81722,-3.56583],[-78.82056,-3.5425],[-78.78222,-3.54028],[-78.72361,-3.50111],[-78.69417,-3.50917],[-78.62806,-3.50361],[-78.59944,-3.4725]]]}},{"type":"Feature","properties":{"codigo":1007500255},"geometry":{"type":"Polygon","coordinates":[[[-79.78944,-3.49028],[-79.78611,-3.46972],[-79.76306,-3.46556],[-79.75694,-3.48111],[-79.73917,-3.48972],[-79.7375,-3.51194],[-79.68889,-3.52361],[-79.67444,-3.535],[-79.68611,-3.5575],[-79.71306,-3.57917],[-79.74139,-3.57639],[-79.77639,-3.55083],[-79.77556,-3.52222],[-79.78944,-3.49028]]]}},{"type":"Feature","properties":{"codigo":1007402421},"geometry":{"type":"Polygon","coordinates":[[[-79.32389,-3.49722],[-79.27639,-3.47694],[-79.26667,-3.48944],[-79.26806,-3.49861],[-79.29222,-3.49528],[-79.30611,-3.50556],[-79.32389,-3.49722]]]}},{"type":"Feature","properties":{"codigo":1007500300},"geometry":{"type":"Polygon","coordinates":[[[-79.62917,-3.49861],[-79.61583,-3.4975],[-79.60556,-3.485],[-79.59056,-3.48861],[-79.54417,-3.52111],[-79.53917,-3.54139],[-79.55111,-3.55361],[-79.57833,-3.56083],[-79.59306,-3.63444],[-79.61389,-3.66389],[-79.61083,-3.6875],[-79.63528,-3.72778],[-79.66028,-3.71],[-79.65583,-3.69306],[-79.66639,-3.66694],[-79.69889,-3.62944],[-79.71333,-3.57917],[-79.68611,-3.5575],[-79.66389,-3.51056],[-79.64694,-3.51417],[-79.62917,-3.49861]]]}},{"type":"Feature","properties":{"codigo":1007402423},"geometry":{"type":"Polygon","coordinates":[[[-79.28306,-3.49639],[-79.23889,-3.50472],[-79.21639,-3.52028],[-79.19528,-3.52056],[-79.19194,-3.53],[-79.18111,-3.53],[-79.16917,-3.58833],[-79.15389,-3.57944],[-79.14028,-3.58694],[-79.12833,-3.6225],[-79.12028,-3.62167],[-79.10806,-3.63944],[-79.10639,-3.64778],[-79.13194,-3.66139],[-79.15806,-3.66194],[-79.15444,-3.69306],[-79.16222,-3.71556],[-79.17667,-3.71083],[-79.195,-3.72194],[-79.20417,-3.70861],[-79.22028,-3.70889],[-79.21833,-3.69694],[-79.23194,-3.68028],[-79.24694,-3.6825],[-79.26167,-3.66194],[-79.25889,-3.63806],[-79.27194,-3.60667],[-79.26417,-3.57611],[-79.26806,-3.55861],[-79.28056,-3.54944],[-79.27583,-3.53444],[-79.28333,-3.52611],[-79.28306,-3.49639]]]}},{"type":"Feature","properties":{"codigo":1007402422},"geometry":{"type":"Polygon","coordinates":[[[-79.35472,-3.49056],[-79.30889,-3.50556],[-79.28306,-3.49611],[-79.28333,-3.52611],[-79.27583,-3.53444],[-79.28056,-3.54944],[-79.26806,-3.55861],[-79.26417,-3.57611],[-79.27194,-3.60667],[-79.26333,-3.61972],[-79.25528,-3.67167],[-79.27861,-3.68972],[-79.28917,-3.68556],[-79.30639,-3.69722],[-79.31778,-3.72028],[-79.32667,-3.71611],[-79.32833,-3.69806],[-79.3475,-3.69778],[-79.36556,-3.67806],[-79.36722,-3.64861],[-79.39056,-3.62194],[-79.38972,-3.60444],[-79.40056,-3.59889],[-79.39306,-3.57944],[-79.40278,-3.56722],[-79.39278,-3.56278],[-79.35472,-3.49056]]]}},{"type":"Feature","properties":{"codigo":1007500249},"geometry":{"type":"Polygon","coordinates":[[[-80.02417,-3.45639],[-80.04444,-3.42167],[-80.02639,-3.41806],[-79.98417,-3.43139],[-79.99083,-3.43806],[-79.98139,-3.44444],[-79.98722,-3.46778],[-79.97611,-3.4825],[-79.97944,-3.49528],[-79.96861,-3.50389],[-79.96444,-3.53],[-79.97444,-3.55889],[-79.95417,-3.57056],[-79.94528,-3.59056],[-79.88444,-3.58972],[-79.86139,-3.60917],[-79.83056,-3.61889],[-79.81417,-3.61417],[-79.80111,-3.58972],[-79.74528,-3.58333],[-79.75667,-3.60528],[-79.75694,-3.63278],[-79.74111,-3.65778],[-79.77639,-3.68944],[-79.79167,-3.69056],[-79.79333,-3.73083],[-79.85528,-3.7225],[-79.88139,-3.74778],[-79.90667,-3.73667],[-79.91583,-3.74028],[-79.92306,-3.71806],[-79.93944,-3.70444],[-79.9525,-3.70583],[-79.96861,-3.72611],[-80.00861,-3.72861],[-80.00111,-3.71944],[-80.00139,-3.69972],[-80.01611,-3.66917],[-80.03389,-3.65556],[-80.03694,-3.62972],[-80.03083,-3.6225],[-80.05833,-3.60917],[-80.05139,-3.60056],[-80.06222,-3.54833],[-80.04917,-3.53861],[-80.03806,-3.54083],[-80.01833,-3.50722],[-80.02,-3.48722],[-80.03194,-3.46944],[-80.02417,-3.45639]]]}},{"type":"Feature","properties":{"codigo":1007500258},"geometry":{"type":"Polygon","coordinates":[[[-79.96861,-3.50583],[-79.95139,-3.48667],[-79.96167,-3.47472],[-79.96,-3.435],[-79.94083,-3.47889],[-79.92639,-3.48917],[-79.92861,-3.52333],[-79.9075,-3.53444],[-79.89139,-3.55694],[-79.84667,-3.56806],[-79.83861,-3.56361],[-79.81111,-3.575],[-79.76889,-3.55889],[-79.74139,-3.57694],[-79.745,-3.58333],[-79.80111,-3.58972],[-79.81417,-3.61417],[-79.83056,-3.61889],[-79.86139,-3.60917],[-79.88444,-3.58972],[-79.93972,-3.59278],[-79.95417,-3.57056],[-79.97444,-3.55889],[-79.96444,-3.53139],[-79.96861,-3.50583]]]}},{"type":"Feature","properties":{"codigo":1007403587},"geometry":{"type":"Polygon","coordinates":[[[-78.98556,-3.54444],[-78.93778,-3.53417],[-78.91806,-3.51361],[-78.87028,-3.50222],[-78.85694,-3.51556],[-78.84361,-3.51694],[-78.83222,-3.54861],[-78.86194,-3.58472],[-78.86139,-3.60278],[-78.89472,-3.60667],[-78.8975,-3.61861],[-78.90917,-3.62139],[-78.91861,-3.63611],[-78.91806,-3.65],[-78.93667,-3.64417],[-78.95833,-3.60722],[-79.01389,-3.60333],[-79.035,-3.59528],[-79.04611,-3.58472],[-79.04694,-3.57222],[-79.05444,-3.57361],[-79.04472,-3.54806],[-78.98556,-3.54444]]]}},{"type":"Feature","properties":{"codigo":1007403574},"geometry":{"type":"Polygon","coordinates":[[[-78.53083,-3.52861],[-78.505,-3.52722],[-78.48972,-3.5525],[-78.50389,-3.55222],[-78.51889,-3.57028],[-78.52778,-3.57083],[-78.53083,-3.52861]]]}},{"type":"Feature","properties":{"codigo":1007403586},"geometry":{"type":"Polygon","coordinates":[[[-78.83222,-3.54917],[-78.81917,-3.54694],[-78.82583,-3.58861],[-78.82028,-3.6075],[-78.8525,-3.65528],[-78.84778,-3.66806],[-78.85333,-3.6775],[-78.83778,-3.69722],[-78.82556,-3.73583],[-78.83778,-3.76167],[-78.83333,-3.78722],[-78.86333,-3.79917],[-78.89917,-3.78194],[-78.90389,-3.7575],[-78.9675,-3.73833],[-78.97417,-3.72528],[-78.95611,-3.71139],[-78.94694,-3.6875],[-78.9275,-3.67833],[-78.90917,-3.62139],[-78.8975,-3.61861],[-78.89472,-3.60667],[-78.86167,-3.60306],[-78.86194,-3.58472],[-78.83222,-3.54917]]]}},{"type":"Feature","properties":{"codigo":1007403576},"geometry":{"type":"Polygon","coordinates":[[[-78.52833,-3.56861],[-78.50861,-3.57917],[-78.48472,-3.60639],[-78.50444,-3.60056],[-78.53833,-3.61],[-78.52556,-3.58694],[-78.52583,-3.57722],[-78.53528,-3.57583],[-78.52833,-3.56861]]]}},{"type":"Feature","properties":{"codigo":1007500296},"geometry":{"type":"Polygon","coordinates":[[[-79.74139,-3.57639],[-79.71306,-3.57944],[-79.69028,-3.64778],[-79.71278,-3.67167],[-79.69472,-3.70611],[-79.70417,-3.71778],[-79.7025,-3.73167],[-79.72167,-3.75444],[-79.72833,-3.79833],[-79.7425,-3.80083],[-79.76,-3.83528],[-79.78583,-3.80972],[-79.78694,-3.77],[-79.79944,-3.73722],[-79.79167,-3.72472],[-79.79167,-3.69056],[-79.77639,-3.68944],[-79.74111,-3.65778],[-79.75556,-3.64389],[-79.75778,-3.61639],[-79.74139,-3.57639]]]}},{"type":"Feature","properties":{"codigo":1007500301},"geometry":{"type":"Polygon","coordinates":[[[-79.54,-3.5325],[-79.50722,-3.525],[-79.49028,-3.54667],[-79.49194,-3.55472],[-79.47361,-3.56806],[-79.46167,-3.56111],[-79.43194,-3.56806],[-79.41833,-3.58528],[-79.41472,-3.60806],[-79.46528,-3.64417],[-79.47667,-3.66111],[-79.52667,-3.67056],[-79.57278,-3.70583],[-79.61083,-3.71556],[-79.61444,-3.72472],[-79.63333,-3.73139],[-79.61083,-3.6875],[-79.61167,-3.65778],[-79.59306,-3.63444],[-79.57833,-3.56083],[-79.54222,-3.54833],[-79.54,-3.5325]]]}},{"type":"Feature","properties":{"codigo":1007403577},"geometry":{"type":"Polygon","coordinates":[[[-78.52556,-3.585],[-78.54,-3.60361],[-78.54,-3.61917],[-78.52028,-3.62917],[-78.5025,-3.65139],[-78.50917,-3.66528],[-78.54139,-3.62444],[-78.5625,-3.61833],[-78.58306,-3.62806],[-78.59278,-3.62139],[-78.65389,-3.6175],[-78.63861,-3.5875],[-78.61667,-3.59],[-78.58556,-3.57389],[-78.52556,-3.585]]]}},{"type":"Feature","properties":{"codigo":1007500303},"geometry":{"type":"Polygon","coordinates":[[[-79.41472,-3.60778],[-79.40611,-3.61083],[-79.40028,-3.59861],[-79.38972,-3.60444],[-79.39056,-3.62194],[-79.36667,-3.65028],[-79.36556,-3.67833],[-79.38833,-3.70667],[-79.40167,-3.70944],[-79.41556,-3.725],[-79.47889,-3.72611],[-79.48778,-3.74694],[-79.53611,-3.77278],[-79.61028,-3.75028],[-79.60444,-3.72806],[-79.58778,-3.71056],[-79.52667,-3.67056],[-79.47667,-3.66111],[-79.46528,-3.64417],[-79.41472,-3.60778]]]}},{"type":"Feature","properties":{"codigo":1007403616},"geometry":{"type":"Polygon","coordinates":[[[-78.53889,-3.60889],[-78.50444,-3.60056],[-78.48472,-3.60639],[-78.465,-3.63611],[-78.45361,-3.63528],[-78.45444,-3.64528],[-78.44194,-3.63611],[-78.39639,-3.65583],[-78.39667,-3.68694],[-78.42333,-3.69139],[-78.41722,-3.72028],[-78.4325,-3.71667],[-78.43806,-3.73139],[-78.4625,-3.73722],[-78.48083,-3.77083],[-78.49667,-3.77889],[-78.51667,-3.76306],[-78.52278,-3.73889],[-78.50944,-3.72389],[-78.51194,-3.71],[-78.49944,-3.69306],[-78.49528,-3.66944],[-78.52028,-3.62917],[-78.54,-3.61917],[-78.53889,-3.60889]]]}},{"type":"Feature","properties":{"codigo":1007403591},"geometry":{"type":"Polygon","coordinates":[[[-79.07083,-3.61833],[-79.04611,-3.58361],[-79.01389,-3.60333],[-78.98556,-3.60917],[-78.97528,-3.60139],[-78.95361,-3.61],[-78.93667,-3.64833],[-78.98389,-3.64333],[-79.00722,-3.66028],[-79.03056,-3.65722],[-79.04361,-3.68472],[-79.05889,-3.69889],[-79.0825,-3.705],[-79.10194,-3.73889],[-79.15806,-3.70222],[-79.15806,-3.66194],[-79.13194,-3.66139],[-79.10611,-3.6475],[-79.10833,-3.63056],[-79.07083,-3.61833]]]}},{"type":"Feature","properties":{"codigo":1007403615},"geometry":{"type":"Polygon","coordinates":[[[-78.65389,-3.6175],[-78.59278,-3.62139],[-78.58306,-3.62806],[-78.56167,-3.62167],[-78.56583,-3.62778],[-78.55694,-3.65194],[-78.56361,-3.66167],[-78.55611,-3.66694],[-78.56667,-3.69333],[-78.58778,-3.70694],[-78.61056,-3.70889],[-78.61667,-3.72056],[-78.63722,-3.71639],[-78.65806,-3.68917],[-78.64861,-3.65083],[-78.65806,-3.62917],[-78.65389,-3.6175]]]}},{"type":"Feature","properties":{"codigo":1007500264},"geometry":{"type":"Polygon","coordinates":[[[-80.19139,-3.6125],[-80.18417,-3.60778],[-80.16417,-3.61833],[-80.16083,-3.635],[-80.18611,-3.65861],[-80.19639,-3.64778],[-80.19139,-3.6125]]]}},{"type":"Feature","properties":{"codigo":1007500268},"geometry":{"type":"Polygon","coordinates":[[[-80.16083,-3.63556],[-80.12556,-3.64028],[-80.14028,-3.65861],[-80.14556,-3.68167],[-80.13917,-3.69278],[-80.14667,-3.695],[-80.14694,-3.72333],[-80.15583,-3.73],[-80.17222,-3.71861],[-80.1725,-3.68694],[-80.18278,-3.68444],[-80.17917,-3.67167],[-80.18667,-3.65972],[-80.16083,-3.63556]]]}},{"type":"Feature","properties":{"codigo":1007403590},"geometry":{"type":"Polygon","coordinates":[[[-78.93611,-3.68139],[-78.93639,-3.64444],[-78.92361,-3.65],[-78.9275,-3.67833],[-78.93611,-3.68139]]]}},{"type":"Feature","properties":{"codigo":1007500269},"geometry":{"type":"Polygon","coordinates":[[[-80.12667,-3.64528],[-80.10722,-3.65583],[-80.08833,-3.64],[-80.05833,-3.64222],[-80.05028,-3.65389],[-80.01611,-3.66917],[-80.00139,-3.69972],[-80.00111,-3.71944],[-80.02861,-3.73611],[-80.035,-3.76278],[-80.06583,-3.76639],[-80.06889,-3.75278],[-80.055,-3.72028],[-80.06278,-3.70806],[-80.07889,-3.70611],[-80.09333,-3.68111],[-80.12611,-3.66944],[-80.14167,-3.67167],[-80.14028,-3.65861],[-80.12667,-3.64528]]]}},{"type":"Feature","properties":{"codigo":1007403578},"geometry":{"type":"Polygon","coordinates":[[[-78.56167,-3.62167],[-78.53722,-3.62667],[-78.51806,-3.65917],[-78.49528,-3.66944],[-78.49944,-3.69306],[-78.51194,-3.71],[-78.50944,-3.72389],[-78.52278,-3.73889],[-78.51833,-3.75167],[-78.54083,-3.74528],[-78.54167,-3.76556],[-78.55056,-3.76389],[-78.55722,-3.77667],[-78.57083,-3.78056],[-78.57417,-3.79389],[-78.59778,-3.80944],[-78.6125,-3.81222],[-78.61333,-3.80444],[-78.62917,-3.80194],[-78.65361,-3.81167],[-78.65611,-3.80139],[-78.64806,-3.79361],[-78.6575,-3.74556],[-78.645,-3.73139],[-78.6575,-3.70139],[-78.61806,-3.72083],[-78.61056,-3.70889],[-78.58778,-3.70694],[-78.56722,-3.69389],[-78.55611,-3.66694],[-78.56361,-3.66167],[-78.55694,-3.65194],[-78.56583,-3.62778],[-78.56167,-3.62167]]]}},{"type":"Feature","properties":{"codigo":1007403592},"geometry":{"type":"Polygon","coordinates":[[[-78.93833,-3.65],[-78.93639,-3.68167],[-78.97056,-3.72528],[-78.99917,-3.71361],[-79.05528,-3.7275],[-79.08611,-3.71611],[-79.0825,-3.705],[-79.05889,-3.69889],[-79.04361,-3.68472],[-79.03056,-3.65722],[-79.00722,-3.66028],[-78.98389,-3.64333],[-78.93833,-3.65]]]}},{"type":"Feature","properties":{"codigo":1007403580},"geometry":{"type":"Polygon","coordinates":[[[-78.82111,-3.61083],[-78.80194,-3.63861],[-78.76722,-3.63389],[-78.75,-3.64444],[-78.74917,-3.6525],[-78.73111,-3.64861],[-78.71889,-3.66222],[-78.71611,-3.68],[-78.68806,-3.69833],[-78.69694,-3.72333],[-78.71611,-3.72306],[-78.72583,-3.75528],[-78.73583,-3.76306],[-78.73139,-3.77194],[-78.75972,-3.76611],[-78.77889,-3.74528],[-78.80306,-3.73417],[-78.82556,-3.73278],[-78.83778,-3.69722],[-78.85,-3.68944],[-78.8525,-3.65528],[-78.82111,-3.61083]]]}},{"type":"Feature","properties":{"codigo":1007403579},"geometry":{"type":"Polygon","coordinates":[[[-78.65528,-3.69833],[-78.645,-3.73139],[-78.6575,-3.74556],[-78.65361,-3.76139],[-78.6875,-3.77528],[-78.70139,-3.79583],[-78.7,-3.80722],[-78.71806,-3.81611],[-78.71667,-3.80917],[-78.73389,-3.79306],[-78.72667,-3.78],[-78.73583,-3.76306],[-78.72583,-3.75528],[-78.71611,-3.72306],[-78.69694,-3.72333],[-78.68806,-3.69889],[-78.65528,-3.69833]]]}},{"type":"Feature","properties":{"codigo":1007504125},"geometry":{"type":"Polygon","coordinates":[[[-79.36556,-3.67806],[-79.3475,-3.69778],[-79.33833,-3.69333],[-79.32472,-3.70528],[-79.34806,-3.74667],[-79.33389,-3.79639],[-79.32083,-3.80111],[-79.31556,-3.82],[-79.36222,-3.83583],[-79.34694,-3.86444],[-79.3525,-3.88389],[-79.34444,-3.89083],[-79.33806,-3.92389],[-79.35278,-3.95583],[-79.3875,-3.99444],[-79.41278,-3.98833],[-79.41917,-3.97056],[-79.4375,-3.97528],[-79.46139,-3.95889],[-79.47194,-3.96222],[-79.48889,-3.94583],[-79.46111,-3.92806],[-79.47083,-3.89],[-79.4475,-3.89472],[-79.43639,-3.875],[-79.44111,-3.85778],[-79.41306,-3.82],[-79.40306,-3.7525],[-79.41583,-3.725],[-79.38417,-3.70278],[-79.36556,-3.67806]]]}},{"type":"Feature","properties":{"codigo":1007500298},"geometry":{"type":"Polygon","coordinates":[[[-79.69,-3.64361],[-79.66639,-3.66694],[-79.65583,-3.69306],[-79.66028,-3.71],[-79.65444,-3.71861],[-79.66222,-3.73139],[-79.65389,-3.74111],[-79.65333,-3.76944],[-79.63611,-3.7775],[-79.64278,-3.785],[-79.63806,-3.81],[-79.66222,-3.80694],[-79.68778,-3.81667],[-79.69889,-3.83306],[-79.71222,-3.83361],[-79.72472,-3.82333],[-79.72972,-3.79944],[-79.72167,-3.75444],[-79.705,-3.7375],[-79.70417,-3.71778],[-79.69472,-3.7075],[-79.71278,-3.67167],[-79.69,-3.64361]]]}},{"type":"Feature","properties":{"codigo":1007403604},"geometry":{"type":"Polygon","coordinates":[[[-79.32667,-3.71611],[-79.31778,-3.72028],[-79.30639,-3.69722],[-79.28917,-3.68556],[-79.27861,-3.68972],[-79.25667,-3.67167],[-79.24694,-3.6825],[-79.23194,-3.68028],[-79.21833,-3.69694],[-79.22028,-3.70889],[-79.20167,-3.71111],[-79.17556,-3.78361],[-79.17611,-3.80528],[-79.19611,-3.85528],[-79.20667,-3.86083],[-79.21861,-3.85],[-79.24028,-3.85056],[-79.27472,-3.86667],[-79.31056,-3.83639],[-79.32083,-3.80111],[-79.33389,-3.79639],[-79.34806,-3.74667],[-79.34694,-3.73556],[-79.32667,-3.71611]]]}},{"type":"Feature","properties":{"codigo":1007403601},"geometry":{"type":"Polygon","coordinates":[[[-79.19444,-3.72194],[-79.17667,-3.71083],[-79.16222,-3.71556],[-79.15528,-3.70444],[-79.10722,-3.73444],[-79.11667,-3.81611],[-79.10194,-3.835],[-79.09111,-3.89056],[-79.10583,-3.88861],[-79.12667,-3.87028],[-79.14333,-3.82139],[-79.15694,-3.81833],[-79.16028,-3.80444],[-79.17583,-3.79528],[-79.19444,-3.72194]]]}},{"type":"Feature","properties":{"codigo":1007403585},"geometry":{"type":"Polygon","coordinates":[[[-79.08583,-3.71667],[-79.05528,-3.7275],[-78.98972,-3.71528],[-78.97167,-3.72639],[-78.9675,-3.73833],[-78.90389,-3.7575],[-78.89972,-3.78056],[-78.91806,-3.79611],[-78.95611,-3.80306],[-78.97556,-3.83361],[-78.99,-3.83833],[-79.00361,-3.82972],[-79.00944,-3.80528],[-79.04306,-3.80472],[-79.06667,-3.78417],[-79.08028,-3.79194],[-79.10278,-3.78667],[-79.10222,-3.76028],[-79.11111,-3.74667],[-79.08583,-3.71667]]]}},{"type":"Feature","properties":{"codigo":1007500299},"geometry":{"type":"Polygon","coordinates":[[[-79.65444,-3.71722],[-79.64083,-3.71833],[-79.63278,-3.73139],[-79.61444,-3.72472],[-79.61083,-3.71556],[-79.59222,-3.71417],[-79.60417,-3.73194],[-79.61361,-3.73056],[-79.62778,-3.74722],[-79.63472,-3.74556],[-79.64667,-3.76944],[-79.655,-3.76556],[-79.65389,-3.74111],[-79.66222,-3.73139],[-79.65444,-3.71722]]]}},{"type":"Feature","properties":{"codigo":1007500267},"geometry":{"type":"Polygon","coordinates":[[[-80.19972,-3.68833],[-80.1575,-3.72806],[-80.17083,-3.7375],[-80.16139,-3.78833],[-80.14528,-3.79639],[-80.13056,-3.78417],[-80.10806,-3.80306],[-80.07583,-3.75583],[-80.06861,-3.75444],[-80.05778,-3.77],[-80.03472,-3.7625],[-80.03667,-3.75139],[-80.02444,-3.73167],[-80.01083,-3.72806],[-79.99333,-3.73194],[-79.99083,-3.72722],[-79.96861,-3.72778],[-79.97389,-3.755],[-79.98306,-3.7575],[-79.98444,-3.77528],[-80.00083,-3.78917],[-80.00222,-3.80028],[-80.02694,-3.80694],[-80.07194,-3.8425],[-80.09611,-3.84194],[-80.12111,-3.8575],[-80.17,-3.83972],[-80.18611,-3.855],[-80.23028,-3.79778],[-80.23194,-3.77333],[-80.21972,-3.74917],[-80.21472,-3.75417],[-80.19861,-3.73417],[-80.21056,-3.71806],[-80.19972,-3.68833]]]}},{"type":"Feature","properties":{"codigo":1007500270},"geometry":{"type":"Polygon","coordinates":[[[-80.17083,-3.7375],[-80.1475,-3.72472],[-80.14861,-3.70028],[-80.13917,-3.69278],[-80.14417,-3.67389],[-80.12639,-3.66944],[-80.09333,-3.68111],[-80.07889,-3.70611],[-80.06278,-3.70806],[-80.05417,-3.72333],[-80.06194,-3.74611],[-80.08028,-3.75861],[-80.0825,-3.77389],[-80.10583,-3.80306],[-80.13056,-3.78417],[-80.14528,-3.79639],[-80.16139,-3.78833],[-80.17083,-3.7375]]]}},{"type":"Feature","properties":{"codigo":1007500293},"geometry":{"type":"Polygon","coordinates":[[[-79.89028,-3.76083],[-79.85528,-3.7225],[-79.79722,-3.73222],[-79.79139,-3.76611],[-79.80833,-3.77722],[-79.81472,-3.79917],[-79.79861,-3.84194],[-79.80861,-3.84028],[-79.82889,-3.86167],[-79.87139,-3.87111],[-79.88333,-3.88056],[-79.93528,-3.87444],[-79.94,-3.84611],[-79.95056,-3.84833],[-79.95361,-3.84056],[-79.91583,-3.79917],[-79.89333,-3.8025],[-79.8825,-3.77278],[-79.89028,-3.76083]]]}},{"type":"Feature","properties":{"codigo":1007500292},"geometry":{"type":"Polygon","coordinates":[[[-79.96889,-3.72611],[-79.9525,-3.70583],[-79.93944,-3.70444],[-79.92306,-3.71806],[-79.91583,-3.74028],[-79.90667,-3.73667],[-79.88083,-3.74778],[-79.89056,-3.76278],[-79.8825,-3.77167],[-79.89028,-3.78306],[-79.885,-3.79111],[-79.895,-3.80444],[-79.91583,-3.79917],[-79.9275,-3.81861],[-79.94639,-3.83056],[-79.96111,-3.81694],[-79.96056,-3.78917],[-79.97833,-3.76222],[-79.96889,-3.72611]]]}},{"type":"Feature","properties":{"codigo":1007500302},"geometry":{"type":"Polygon","coordinates":[[[-79.60417,-3.73194],[-79.61417,-3.75917],[-79.61278,-3.80944],[-79.63083,-3.81667],[-79.63778,-3.81306],[-79.64278,-3.78556],[-79.63611,-3.7775],[-79.64639,-3.76722],[-79.63472,-3.74556],[-79.62778,-3.74722],[-79.61361,-3.73056],[-79.60417,-3.73194]]]}},{"type":"Feature","properties":{"codigo":1007403617},"geometry":{"type":"Polygon","coordinates":[[[-78.51861,-3.75167],[-78.51167,-3.79528],[-78.54222,-3.84722],[-78.54889,-3.87944],[-78.53806,-3.92972],[-78.52528,-3.93806],[-78.52917,-3.94972],[-78.55444,-3.94167],[-78.60361,-3.94333],[-78.61333,-3.93556],[-78.61139,-3.91583],[-78.62917,-3.90194],[-78.62611,-3.87083],[-78.65222,-3.84472],[-78.64361,-3.82583],[-78.65306,-3.81167],[-78.62917,-3.80194],[-78.61333,-3.80444],[-78.6125,-3.81222],[-78.59778,-3.80944],[-78.57417,-3.79389],[-78.57083,-3.78056],[-78.55722,-3.77667],[-78.55056,-3.76389],[-78.54167,-3.76556],[-78.54083,-3.74528],[-78.51861,-3.75167]]]}},{"type":"Feature","properties":{"codigo":1007403581},"geometry":{"type":"Polygon","coordinates":[[[-78.82556,-3.73278],[-78.80306,-3.73417],[-78.77889,-3.74528],[-78.75972,-3.76611],[-78.72944,-3.77361],[-78.73389,-3.79306],[-78.71667,-3.80917],[-78.71556,-3.82167],[-78.72722,-3.88417],[-78.7625,-3.89333],[-78.78167,-3.87889],[-78.79889,-3.87833],[-78.79778,-3.865],[-78.83472,-3.81694],[-78.83111,-3.77917],[-78.83778,-3.76167],[-78.82556,-3.73278]]]}},{"type":"Feature","properties":{"codigo":1007500304},"geometry":{"type":"Polygon","coordinates":[[[-79.60806,-3.75083],[-79.53611,-3.77278],[-79.48778,-3.74694],[-79.47889,-3.72611],[-79.41667,-3.72417],[-79.40306,-3.7525],[-79.405,-3.78306],[-79.41611,-3.80694],[-79.41306,-3.82],[-79.44111,-3.85778],[-79.43639,-3.875],[-79.4475,-3.89472],[-79.46389,-3.89472],[-79.48583,-3.87361],[-79.51611,-3.87139],[-79.5325,-3.8425],[-79.54361,-3.8475],[-79.56028,-3.83],[-79.5775,-3.83028],[-79.61333,-3.81278],[-79.61583,-3.77583],[-79.60806,-3.75083]]]}},{"type":"Feature","properties":{"codigo":1007403618},"geometry":{"type":"Polygon","coordinates":[[[-78.51389,-3.76667],[-78.49694,-3.77889],[-78.50056,-3.78778],[-78.5125,-3.78917],[-78.51389,-3.76667]]]}},{"type":"Feature","properties":{"codigo":1007403619},"geometry":{"type":"Polygon","coordinates":[[[-78.49972,-3.78806],[-78.48083,-3.77083],[-78.4625,-3.73722],[-78.43806,-3.73139],[-78.4325,-3.71667],[-78.40861,-3.73472],[-78.40611,-3.74694],[-78.41778,-3.76556],[-78.40806,-3.77194],[-78.41194,-3.78917],[-78.43583,-3.82],[-78.46389,-3.82556],[-78.45972,-3.83806],[-78.47278,-3.85333],[-78.48389,-3.845],[-78.47667,-3.82972],[-78.485,-3.82111],[-78.48083,-3.80111],[-78.49972,-3.78806]]]}},{"type":"Feature","properties":{"codigo":1007403620},"geometry":{"type":"Polygon","coordinates":[[[-78.51222,-3.78917],[-78.49972,-3.78722],[-78.48083,-3.80111],[-78.485,-3.82111],[-78.47667,-3.82972],[-78.48389,-3.845],[-78.47333,-3.85361],[-78.48556,-3.89333],[-78.47667,-3.90556],[-78.48972,-3.935],[-78.52528,-3.93833],[-78.53806,-3.92972],[-78.54889,-3.87944],[-78.54222,-3.84722],[-78.53222,-3.84],[-78.51222,-3.78917]]]}},{"type":"Feature","properties":{"codigo":1007403584},"geometry":{"type":"Polygon","coordinates":[[[-78.89972,-3.78056],[-78.87278,-3.79417],[-78.8825,-3.82139],[-78.88139,-3.85333],[-78.89389,-3.85306],[-78.93167,-3.81861],[-78.96,-3.81083],[-78.9525,-3.80111],[-78.91556,-3.795],[-78.89972,-3.78056]]]}},{"type":"Feature","properties":{"codigo":1007403583},"geometry":{"type":"Polygon","coordinates":[[[-78.87278,-3.79444],[-78.85528,-3.79861],[-78.83361,-3.78806],[-78.83472,-3.81694],[-78.82583,-3.83139],[-78.85056,-3.85528],[-78.84389,-3.87444],[-78.85444,-3.88472],[-78.83917,-3.92278],[-78.86694,-3.93833],[-78.89306,-3.92972],[-78.91417,-3.93361],[-78.91639,-3.92],[-78.90139,-3.89722],[-78.90583,-3.86556],[-78.87944,-3.85278],[-78.8825,-3.82139],[-78.87278,-3.79444]]]}},{"type":"Feature","properties":{"codigo":1007500291},"geometry":{"type":"Polygon","coordinates":[[[-80.02833,-3.81083],[-80.00222,-3.80028],[-79.9775,-3.75639],[-79.96056,-3.78917],[-79.96417,-3.81028],[-79.94639,-3.83694],[-79.95556,-3.84583],[-79.99833,-3.85611],[-80.00833,-3.82639],[-80.02833,-3.81083]]]}},{"type":"Feature","properties":{"codigo":1007403612},"geometry":{"type":"Polygon","coordinates":[[[-78.65583,-3.76333],[-78.64806,-3.79389],[-78.65611,-3.80694],[-78.64361,-3.82583],[-78.65222,-3.84472],[-78.62611,-3.87083],[-78.62944,-3.90056],[-78.61028,-3.91806],[-78.61333,-3.93556],[-78.6025,-3.94361],[-78.55444,-3.94167],[-78.52917,-3.95],[-78.54278,-3.975],[-78.58111,-4.00806],[-78.5925,-4.00444],[-78.60722,-4.01278],[-78.62222,-4.00167],[-78.65889,-4.01972],[-78.70389,-4.02028],[-78.72333,-4.05667],[-78.75528,-4.06722],[-78.77083,-4.06472],[-78.76361,-4.01444],[-78.74944,-4.00778],[-78.74917,-3.99778],[-78.71556,-3.96194],[-78.73722,-3.93472],[-78.71833,-3.91389],[-78.7275,-3.88639],[-78.71667,-3.84556],[-78.71778,-3.81611],[-78.7,-3.80722],[-78.70139,-3.79583],[-78.6875,-3.77528],[-78.65583,-3.76333]]]}},{"type":"Feature","properties":{"codigo":1007500306},"geometry":{"type":"Polygon","coordinates":[[[-79.64667,-3.81194],[-79.62972,-3.81667],[-79.61444,-3.81111],[-79.5775,-3.83028],[-79.56028,-3.83],[-79.54361,-3.8475],[-79.5325,-3.8425],[-79.51611,-3.87139],[-79.47639,-3.88083],[-79.46111,-3.92806],[-79.48889,-3.94667],[-79.4725,-3.965],[-79.50611,-3.97472],[-79.52222,-4.00083],[-79.55583,-3.97],[-79.58028,-3.97139],[-79.58778,-3.95111],[-79.57889,-3.89528],[-79.59444,-3.87389],[-79.65194,-3.83167],[-79.64667,-3.81194]]]}},{"type":"Feature","properties":{"codigo":1007500305},"geometry":{"type":"Polygon","coordinates":[[[-79.64667,-3.81194],[-79.66861,-3.84333],[-79.65083,-3.8725],[-79.66722,-3.89944],[-79.66556,-3.91694],[-79.71444,-3.95778],[-79.72222,-3.955],[-79.72444,-3.91111],[-79.715,-3.85333],[-79.72139,-3.83222],[-79.69944,-3.83333],[-79.68778,-3.81667],[-79.65944,-3.80611],[-79.64667,-3.81194]]]}},{"type":"Feature","properties":{"codigo":1007500289},"geometry":{"type":"Polygon","coordinates":[[[-80.02833,-3.81083],[-80.01444,-3.82694],[-80.0425,-3.87444],[-80.03389,-3.91833],[-80.04278,-3.92111],[-80.05667,-3.95944],[-80.07806,-3.95028],[-80.08167,-3.93556],[-80.10944,-3.93583],[-80.10833,-3.92056],[-80.12278,-3.90167],[-80.16,-3.91972],[-80.17417,-3.90361],[-80.17278,-3.8825],[-80.16278,-3.88111],[-80.18389,-3.85472],[-80.1725,-3.84083],[-80.12083,-3.8575],[-80.09611,-3.84194],[-80.07194,-3.8425],[-80.02833,-3.81083]]]}},{"type":"Feature","properties":{"codigo":1007500297},"geometry":{"type":"Polygon","coordinates":[[[-79.72972,-3.79972],[-79.72389,-3.84083],[-79.715,-3.85194],[-79.72444,-3.91111],[-79.72,-3.94611],[-79.72306,-3.95278],[-79.76111,-3.95],[-79.76,-3.89139],[-79.76917,-3.87361],[-79.74778,-3.80833],[-79.73833,-3.79778],[-79.72972,-3.79972]]]}},{"type":"Feature","properties":{"codigo":1007500295},"geometry":{"type":"Polygon","coordinates":[[[-79.79139,-3.76611],[-79.78083,-3.82139],[-79.75972,-3.83528],[-79.76917,-3.87389],[-79.80583,-3.85],[-79.79806,-3.83556],[-79.81472,-3.80028],[-79.81389,-3.78583],[-79.79139,-3.76611]]]}},{"type":"Feature","properties":{"codigo":1007403602},"geometry":{"type":"Polygon","coordinates":[[[-79.10722,-3.75583],[-79.09972,-3.78861],[-79.08028,-3.79194],[-79.06667,-3.78417],[-79.04306,-3.80472],[-79.00528,-3.80806],[-79.00361,-3.82972],[-78.98722,-3.83917],[-79.00778,-3.88],[-79.06194,-3.88111],[-79.07139,-3.89639],[-79.09111,-3.89083],[-79.10194,-3.835],[-79.11667,-3.81611],[-79.11528,-3.76583],[-79.10722,-3.75583]]]}},{"type":"Feature","properties":{"codigo":1007403593},"geometry":{"type":"Polygon","coordinates":[[[-78.98722,-3.83889],[-78.9525,-3.81083],[-78.88583,-3.85333],[-78.90583,-3.86556],[-78.90139,-3.89722],[-78.91639,-3.92],[-78.91889,-3.93944],[-78.94722,-3.98056],[-78.95889,-3.96611],[-78.96111,-3.92694],[-78.97167,-3.90056],[-79.00389,-3.89472],[-79.00528,-3.87694],[-78.98722,-3.83889]]]}},{"type":"Feature","properties":{"codigo":1007500290},"geometry":{"type":"Polygon","coordinates":[[[-80.01444,-3.82639],[-80.00833,-3.82639],[-79.99833,-3.85472],[-80.00389,-3.8625],[-79.99611,-3.89556],[-80.0375,-3.87417],[-80.01444,-3.82639]]]}},{"type":"Feature","properties":{"codigo":1007500308},"geometry":{"type":"Polygon","coordinates":[[[-80.00389,-3.8625],[-79.95389,-3.84333],[-79.94,-3.84611],[-79.93528,-3.87444],[-79.92028,-3.87222],[-79.90222,-3.88306],[-79.875,-3.87556],[-79.875,-3.89222],[-79.865,-3.90611],[-79.83583,-3.91806],[-79.82639,-3.93667],[-79.81056,-3.94333],[-79.79472,-3.96361],[-79.80556,-3.97889],[-79.84889,-4.0],[-79.87306,-4.03278],[-79.90083,-4.0275],[-79.92222,-4.00361],[-79.95333,-3.99278],[-79.96111,-3.93889],[-79.99194,-3.91306],[-79.99694,-3.89972],[-79.99306,-3.88889],[-80.00389,-3.8625]]]}},{"type":"Feature","properties":{"codigo":1007403603},"geometry":{"type":"Polygon","coordinates":[[[-79.20472,-3.86083],[-79.19361,-3.85194],[-79.17361,-3.79583],[-79.16028,-3.80444],[-79.15694,-3.81833],[-79.14333,-3.82139],[-79.13806,-3.85111],[-79.09444,-3.90583],[-79.10028,-3.9125],[-79.12472,-3.91111],[-79.14639,-3.93278],[-79.18056,-3.92694],[-79.19306,-3.91028],[-79.19222,-3.88556],[-79.20194,-3.88028],[-79.20472,-3.86083]]]}},{"type":"Feature","properties":{"codigo":1007403605},"geometry":{"type":"Polygon","coordinates":[[[-79.2675,-3.86472],[-79.24028,-3.85056],[-79.21778,-3.85028],[-79.1925,-3.88472],[-79.19306,-3.91028],[-79.18444,-3.92361],[-79.1425,-3.93667],[-79.13972,-3.95],[-79.15139,-3.96444],[-79.14361,-3.97361],[-79.14611,-4.01806],[-79.13611,-4.03583],[-79.14,-4.05667],[-79.15361,-4.06667],[-79.16333,-4.115],[-79.18806,-4.10722],[-79.20833,-4.07944],[-79.22639,-4.08278],[-79.22472,-4.06306],[-79.23611,-4.03778],[-79.26944,-3.98778],[-79.26056,-3.87889],[-79.2675,-3.86472]]]}},{"type":"Feature","properties":{"codigo":1007504126},"geometry":{"type":"Polygon","coordinates":[[[-79.31556,-3.82],[-79.31056,-3.83639],[-79.27556,-3.86639],[-79.2675,-3.86472],[-79.26056,-3.87694],[-79.26861,-3.98972],[-79.29472,-3.99972],[-79.33389,-3.98222],[-79.35806,-3.99694],[-79.38722,-3.99472],[-79.35278,-3.95583],[-79.33806,-3.92389],[-79.34444,-3.89083],[-79.3525,-3.88389],[-79.34694,-3.86444],[-79.36222,-3.83583],[-79.31556,-3.82]]]}},{"type":"Feature","properties":{"codigo":1007500294},"geometry":{"type":"Polygon","coordinates":[[[-79.80194,-3.84306],[-79.80361,-3.85444],[-79.78083,-3.86083],[-79.76,-3.89139],[-79.75639,-3.94306],[-79.77944,-3.96028],[-79.79583,-3.95861],[-79.82639,-3.93667],[-79.83583,-3.91806],[-79.865,-3.90611],[-79.875,-3.89222],[-79.87194,-3.87139],[-79.82889,-3.86167],[-79.8125,-3.84222],[-79.80194,-3.84306]]]}},{"type":"Feature","properties":{"codigo":1007403598},"geometry":{"type":"Polygon","coordinates":[[[-79.04972,-3.88306],[-79.00528,-3.87694],[-79.00278,-3.89722],[-78.97222,-3.9],[-78.96111,-3.92694],[-78.96472,-3.93944],[-78.94972,-3.98889],[-78.96778,-3.98778],[-78.98083,-4.005],[-78.98,-4.01583],[-79.00667,-4.03611],[-79.05194,-4.03444],[-79.07167,-4.02222],[-79.03944,-3.96944],[-79.04944,-3.95028],[-79.03944,-3.90472],[-79.04972,-3.88306]]]}},{"type":"Feature","properties":{"codigo":1007403582},"geometry":{"type":"Polygon","coordinates":[[[-78.82583,-3.83139],[-78.79778,-3.865],[-78.79889,-3.87833],[-78.77528,-3.885],[-78.78833,-3.94139],[-78.81667,-3.94],[-78.82833,-3.92194],[-78.84,-3.92056],[-78.85333,-3.89028],[-78.84389,-3.87444],[-78.85056,-3.85528],[-78.82583,-3.83139]]]}},{"type":"Feature","properties":{"codigo":1007403600},"geometry":{"type":"Polygon","coordinates":[[[-79.10194,-3.89056],[-79.09139,-3.89],[-79.07861,-3.89583],[-79.09444,-3.90472],[-79.10194,-3.89056]]]}},{"type":"Feature","properties":{"codigo":1007403611},"geometry":{"type":"Polygon","coordinates":[[[-78.77528,-3.88528],[-78.75639,-3.89361],[-78.72722,-3.88417],[-78.71778,-3.90778],[-78.72667,-3.92889],[-78.73722,-3.93472],[-78.71556,-3.96194],[-78.74917,-3.99778],[-78.74944,-4.00778],[-78.76361,-4.01472],[-78.79278,-3.97111],[-78.78167,-3.94444],[-78.78944,-3.92944],[-78.77528,-3.88528]]]}},{"type":"Feature","properties":{"codigo":1007500309},"geometry":{"type":"Polygon","coordinates":[[[-80.03778,-3.87278],[-79.99611,-3.89556],[-79.99194,-3.91306],[-79.96111,-3.93889],[-79.94972,-3.99583],[-80.03167,-4.0125],[-80.04083,-3.98944],[-80.05694,-3.99],[-80.07028,-3.97889],[-80.05556,-3.9625],[-80.04278,-3.92111],[-80.03389,-3.91833],[-80.04306,-3.88306],[-80.03778,-3.87278]]]}},{"type":"Feature","properties":{"codigo":1007403599},"geometry":{"type":"Polygon","coordinates":[[[-79.10028,-3.9125],[-79.07139,-3.89639],[-79.06028,-3.88083],[-79.04972,-3.88306],[-79.04222,-3.89639],[-79.0425,-3.94194],[-79.05583,-3.95833],[-79.14083,-3.94861],[-79.14639,-3.93222],[-79.13417,-3.91889],[-79.12111,-3.90972],[-79.10028,-3.9125]]]}},{"type":"Feature","properties":{"codigo":1007500288},"geometry":{"type":"Polygon","coordinates":[[[-80.17278,-3.905],[-80.16167,-3.91972],[-80.1625,-3.93833],[-80.17194,-3.94806],[-80.18083,-3.93],[-80.17278,-3.905]]]}},{"type":"Feature","properties":{"codigo":1007500307},"geometry":{"type":"Polygon","coordinates":[[[-79.67917,-3.93306],[-79.66556,-3.91694],[-79.66694,-3.89861],[-79.65111,-3.87611],[-79.66861,-3.84389],[-79.65417,-3.82528],[-79.59444,-3.87389],[-79.57889,-3.89528],[-79.58111,-3.93361],[-79.58778,-3.95194],[-79.6,-3.95472],[-79.67306,-3.94389],[-79.67917,-3.93306]]]}},{"type":"Feature","properties":{"codigo":1007500286},"geometry":{"type":"Polygon","coordinates":[[[-80.27389,-3.93472],[-80.25111,-3.91417],[-80.22111,-3.92417],[-80.21361,-3.93472],[-80.2,-3.92472],[-80.17972,-3.92472],[-80.17222,-3.94806],[-80.17889,-3.97833],[-80.17306,-3.98417],[-80.21528,-4.00194],[-80.22194,-4.01222],[-80.25222,-4.01972],[-80.26472,-4.01333],[-80.29556,-4.01583],[-80.305,-3.99722],[-80.28583,-3.98806],[-80.26194,-3.95417],[-80.27722,-3.94806],[-80.27389,-3.93472]]]}},{"type":"Feature","properties":{"codigo":1007403594},"geometry":{"type":"Polygon","coordinates":[[[-78.91556,-3.93278],[-78.89306,-3.92972],[-78.86694,-3.93833],[-78.83194,-3.92028],[-78.81444,-3.94111],[-78.79972,-3.93583],[-78.78167,-3.94444],[-78.79278,-3.97083],[-78.80917,-3.96111],[-78.82889,-3.97389],[-78.84972,-3.95833],[-78.88611,-3.97139],[-78.93778,-3.9725],[-78.93139,-3.94972],[-78.91556,-3.93278]]]}},{"type":"Feature","properties":{"codigo":1007500310},"geometry":{"type":"Polygon","coordinates":[[[-80.17222,-3.94806],[-80.1625,-3.93833],[-80.16167,-3.91972],[-80.12278,-3.90167],[-80.10833,-3.92056],[-80.10944,-3.93583],[-80.08167,-3.93556],[-80.07917,-3.94917],[-80.05556,-3.9625],[-80.07028,-3.97806],[-80.14778,-3.99444],[-80.17889,-3.97833],[-80.17222,-3.94806]]]}},{"type":"Feature","properties":{"codigo":1007504118},"geometry":{"type":"Polygon","coordinates":[[[-79.79333,-3.95972],[-79.73139,-3.94806],[-79.71444,-3.95778],[-79.68667,-3.93139],[-79.67306,-3.94389],[-79.63917,-3.95306],[-79.63,-3.94778],[-79.58806,-3.95167],[-79.58028,-3.97139],[-79.56389,-3.97444],[-79.58917,-3.98306],[-79.58861,-4.00222],[-79.60278,-4.02083],[-79.595,-4.05417],[-79.61694,-4.06972],[-79.62833,-4.0675],[-79.6475,-4.07778],[-79.66056,-4.10444],[-79.69028,-4.09917],[-79.69611,-4.10472],[-79.70861,-4.09417],[-79.73472,-4.10611],[-79.75028,-4.09972],[-79.80111,-4.10611],[-79.82667,-4.12222],[-79.83611,-4.09306],[-79.85861,-4.08444],[-79.8675,-4.06833],[-79.87139,-4.02472],[-79.84694,-3.99861],[-79.80556,-3.97889],[-79.79333,-3.95972]]]}},{"type":"Feature","properties":{"codigo":1007403606},"geometry":{"type":"Polygon","coordinates":[[[-79.13972,-3.94972],[-79.05639,-3.95833],[-79.04722,-3.95056],[-79.03944,-3.96944],[-79.07944,-4.02917],[-79.11083,-4.0225],[-79.13611,-4.03583],[-79.14611,-4.01806],[-79.14361,-3.97361],[-79.15139,-3.96444],[-79.13972,-3.94972]]]}},{"type":"Feature","properties":{"codigo":1007403595},"geometry":{"type":"Polygon","coordinates":[[[-78.93778,-3.9725],[-78.89,-3.97194],[-78.84722,-3.95972],[-78.84417,-4.03],[-78.85111,-4.06056],[-78.84361,-4.08111],[-78.85972,-4.1175],[-78.8575,-4.13944],[-78.91167,-4.12306],[-78.91111,-4.11111],[-78.9225,-4.10639],[-78.91639,-4.06222],[-78.92778,-4.05861],[-78.94722,-4.03361],[-78.94056,-4.00833],[-78.95,-3.9875],[-78.93778,-3.9725]]]}},{"type":"Feature","properties":{"codigo":1007403610},"geometry":{"type":"Polygon","coordinates":[[[-78.84722,-3.96111],[-78.82889,-3.97389],[-78.80917,-3.96111],[-78.79694,-3.96722],[-78.76306,-4.01694],[-78.77167,-4.04056],[-78.76972,-4.09056],[-78.77917,-4.10861],[-78.78028,-4.14028],[-78.83222,-4.13667],[-78.85139,-4.15444],[-78.86056,-4.12917],[-78.85056,-4.10694],[-78.85333,-4.09361],[-78.84361,-4.08111],[-78.85111,-4.06056],[-78.84417,-4.03],[-78.84722,-3.96111]]]}},{"type":"Feature","properties":{"codigo":1007504123},"geometry":{"type":"Polygon","coordinates":[[[-79.51028,-3.98361],[-79.50611,-3.97472],[-79.48917,-3.97417],[-79.46139,-3.95889],[-79.4375,-3.97528],[-79.41917,-3.97056],[-79.41278,-3.98833],[-79.3975,-3.99111],[-79.39722,-4.00722],[-79.41361,-4.03167],[-79.45417,-4.02861],[-79.49944,-4.00306],[-79.51028,-3.98361]]]}},{"type":"Feature","properties":{"codigo":1007500285},"geometry":{"type":"Polygon","coordinates":[[[-80.39361,-3.98528],[-80.37417,-3.95972],[-80.32444,-3.93583],[-80.31889,-3.92139],[-80.305,-3.93167],[-80.27389,-3.93472],[-80.27722,-3.94806],[-80.26194,-3.95389],[-80.28583,-3.98806],[-80.305,-3.99722],[-80.29528,-4.01583],[-80.30056,-4.03361],[-80.33333,-4.05944],[-80.35,-4.08639],[-80.3425,-4.09667],[-80.36167,-4.10639],[-80.36806,-4.10028],[-80.3625,-4.08667],[-80.38111,-4.07083],[-80.36528,-4.04611],[-80.39694,-4.04583],[-80.39361,-3.98528]]]}},{"type":"Feature","properties":{"codigo":1007504107},"geometry":{"type":"Polygon","coordinates":[[[-80.1,-3.98611],[-80.07361,-3.97639],[-80.05694,-3.99],[-80.04083,-3.98944],[-80.03167,-4.0125],[-79.94806,-3.99528],[-79.92222,-4.00361],[-79.90083,-4.0275],[-79.87306,-4.03444],[-79.93333,-4.08028],[-79.99167,-4.09694],[-80.01222,-4.09444],[-80.02972,-4.10806],[-80.06778,-4.11639],[-80.09806,-4.14056],[-80.13417,-4.14861],[-80.14667,-4.14083],[-80.16167,-4.1525],[-80.16833,-4.14111],[-80.16139,-4.09917],[-80.14944,-4.0925],[-80.14472,-4.06528],[-80.12139,-4.05944],[-80.11139,-4.02833],[-80.09194,-4.00861],[-80.1,-3.98611]]]}},{"type":"Feature","properties":{"codigo":1007500311},"geometry":{"type":"Polygon","coordinates":[[[-80.17306,-3.98389],[-80.14778,-3.99444],[-80.1325,-3.98611],[-80.09972,-3.98611],[-80.09194,-4.00639],[-80.11139,-4.02833],[-80.12139,-4.05944],[-80.14528,-4.06583],[-80.15083,-4.09472],[-80.16528,-4.10056],[-80.18861,-4.12972],[-80.1975,-4.12056],[-80.21361,-4.11944],[-80.22806,-4.13056],[-80.24861,-4.13278],[-80.26222,-4.12111],[-80.27778,-4.13389],[-80.29056,-4.13056],[-80.30167,-4.11556],[-80.31139,-4.13583],[-80.33306,-4.14556],[-80.33278,-4.13694],[-80.34028,-4.13611],[-80.33889,-4.10694],[-80.35,-4.08639],[-80.33333,-4.05944],[-80.30056,-4.03361],[-80.29528,-4.01583],[-80.26472,-4.01333],[-80.25222,-4.01972],[-80.22194,-4.01222],[-80.21528,-4.00194],[-80.17306,-3.98389]]]}},{"type":"Feature","properties":{"codigo":1007504124},"geometry":{"type":"Polygon","coordinates":[[[-79.3975,-3.99111],[-79.37389,-3.99222],[-79.35861,-3.99722],[-79.39917,-4.01056],[-79.3975,-3.99111]]]}},{"type":"Feature","properties":{"codigo":1007504127},"geometry":{"type":"Polygon","coordinates":[[[-79.40056,-4.01139],[-79.33389,-3.98222],[-79.30222,-3.99667],[-79.37194,-4.02444],[-79.39,-4.02083],[-79.41194,-4.02833],[-79.40056,-4.01139]]]}},{"type":"Feature","properties":{"codigo":1007504128},"geometry":{"type":"Polygon","coordinates":[[[-79.30222,-3.99667],[-79.28139,-3.99861],[-79.26833,-3.98861],[-79.26056,-3.99361],[-79.25472,-4.01583],[-79.22472,-4.06306],[-79.22639,-4.08222],[-79.27417,-4.06694],[-79.31472,-4.06944],[-79.32611,-4.07667],[-79.36139,-4.05],[-79.37417,-4.05111],[-79.37583,-4.03861],[-79.39139,-4.0225],[-79.37194,-4.02444],[-79.30222,-3.99667]]]}},{"type":"Feature","properties":{"codigo":1007504122},"geometry":{"type":"Polygon","coordinates":[[[-79.58917,-3.98306],[-79.55111,-3.97278],[-79.5225,-4.00083],[-79.51028,-3.98361],[-79.48778,-4.01194],[-79.46694,-4.01639],[-79.46444,-4.02833],[-79.48972,-4.06],[-79.48667,-4.08139],[-79.51972,-4.09222],[-79.54778,-4.07028],[-79.56361,-4.07056],[-79.595,-4.05389],[-79.60278,-4.02083],[-79.58861,-4.00222],[-79.58917,-3.98306]]]}},{"type":"Feature","properties":{"codigo":1007403613},"geometry":{"type":"Polygon","coordinates":[[[-78.64694,-4.01639],[-78.62417,-4.00194],[-78.60694,-4.01278],[-78.56472,-3.99944],[-78.56778,-4.04639],[-78.55167,-4.05333],[-78.54028,-4.075],[-78.56083,-4.10139],[-78.59472,-4.09083],[-78.61667,-4.09472],[-78.64694,-4.01639]]]}},{"type":"Feature","properties":{"codigo":1007504129},"geometry":{"type":"Polygon","coordinates":[[[-79.42444,-4.03361],[-79.38444,-4.02556],[-79.37417,-4.05111],[-79.36139,-4.05],[-79.32611,-4.07667],[-79.31472,-4.06944],[-79.27417,-4.06694],[-79.22639,-4.08222],[-79.225,-4.12278],[-79.23556,-4.13472],[-79.24694,-4.13472],[-79.27306,-4.19139],[-79.29222,-4.19083],[-79.29833,-4.24056],[-79.32556,-4.24917],[-79.31694,-4.29278],[-79.32194,-4.3125],[-79.30833,-4.33167],[-79.31778,-4.3525],[-79.34722,-4.33417],[-79.33889,-4.30583],[-79.35333,-4.29556],[-79.35028,-4.2775],[-79.36278,-4.24528],[-79.38472,-4.24944],[-79.40389,-4.21972],[-79.40333,-4.19056],[-79.41833,-4.16278],[-79.39917,-4.14028],[-79.41806,-4.10167],[-79.42528,-4.05306],[-79.42444,-4.03361]]]}},{"type":"Feature","properties":{"codigo":1007504134},"geometry":{"type":"Polygon","coordinates":[[[-79.46361,-4.02361],[-79.43361,-4.02694],[-79.42,-4.04222],[-79.42528,-4.05306],[-79.41806,-4.10167],[-79.39917,-4.14028],[-79.41833,-4.16306],[-79.4025,-4.19944],[-79.45056,-4.20194],[-79.45389,-4.14917],[-79.47694,-4.10389],[-79.47389,-4.08528],[-79.48639,-4.08139],[-79.49056,-4.06444],[-79.46361,-4.02361]]]}},{"type":"Feature","properties":{"codigo":1007403597},"geometry":{"type":"Polygon","coordinates":[[[-78.95,-3.98944],[-78.94056,-4.00833],[-78.95472,-4.04972],[-78.94833,-4.06833],[-79.02583,-4.10472],[-79.00944,-4.06417],[-79.00917,-4.03611],[-78.98,-4.01583],[-78.98083,-4.005],[-78.96778,-3.98778],[-78.95,-3.98944]]]}},{"type":"Feature","properties":{"codigo":1007403607},"geometry":{"type":"Polygon","coordinates":[[[-79.13611,-4.03583],[-79.11083,-4.0225],[-79.08361,-4.03083],[-79.06806,-4.02222],[-79.05194,-4.03444],[-79.00639,-4.03694],[-79.01806,-4.0925],[-79.02667,-4.10361],[-79.04861,-4.10111],[-79.08083,-4.11556],[-79.08083,-4.13444],[-79.09139,-4.13944],[-79.10722,-4.18472],[-79.13444,-4.16111],[-79.15861,-4.15333],[-79.16111,-4.09417],[-79.13611,-4.03583]]]}},{"type":"Feature","properties":{"codigo":1007500283},"geometry":{"type":"Polygon","coordinates":[[[-80.39694,-3.97972],[-80.39667,-4.04611],[-80.41167,-4.05917],[-80.42639,-4.04222],[-80.42806,-4.01194],[-80.40278,-3.99333],[-80.39694,-3.97972]]]}},{"type":"Feature","properties":{"codigo":1007403596},"geometry":{"type":"Polygon","coordinates":[[[-78.94667,-4.03528],[-78.92917,-4.05583],[-78.93972,-4.06778],[-78.94889,-4.06722],[-78.95472,-4.05056],[-78.94667,-4.03528]]]}},{"type":"Feature","properties":{"codigo":1007500314},"geometry":{"type":"Polygon","coordinates":[[[-80.42444,-4.08361],[-80.39722,-4.04611],[-80.36639,-4.04472],[-80.36417,-4.05167],[-80.38111,-4.07083],[-80.36222,-4.08722],[-80.36444,-4.10611],[-80.34194,-4.10028],[-80.34028,-4.13611],[-80.33278,-4.13694],[-80.33306,-4.14556],[-80.31139,-4.13583],[-80.30167,-4.11556],[-80.29056,-4.13056],[-80.27778,-4.13389],[-80.26222,-4.12111],[-80.24694,-4.13278],[-80.19833,-4.12028],[-80.19056,-4.13722],[-80.21944,-4.16389],[-80.23639,-4.16639],[-80.24889,-4.18778],[-80.29389,-4.2075],[-80.31194,-4.19667],[-80.32917,-4.21389],[-80.34083,-4.20833],[-80.35194,-4.21889],[-80.36583,-4.19639],[-80.40972,-4.2175],[-80.43194,-4.19528],[-80.46417,-4.23],[-80.48333,-4.22611],[-80.48694,-4.21889],[-80.48028,-4.21306],[-80.49306,-4.19583],[-80.52639,-4.20111],[-80.54389,-4.19417],[-80.49528,-4.14583],[-80.5,-4.11083],[-80.48222,-4.08056],[-80.455,-4.10194],[-80.42444,-4.08361]]]}},{"type":"Feature","properties":{"codigo":1007403614},"geometry":{"type":"Polygon","coordinates":[[[-78.77083,-4.06472],[-78.75528,-4.06722],[-78.72333,-4.05667],[-78.70389,-4.02028],[-78.64556,-4.01639],[-78.61667,-4.09472],[-78.59806,-4.09056],[-78.56889,-4.09861],[-78.58167,-4.13556],[-78.57083,-4.16722],[-78.5775,-4.19667],[-78.60722,-4.21972],[-78.60583,-4.24722],[-78.62778,-4.24333],[-78.62583,-4.23528],[-78.63417,-4.23306],[-78.64333,-4.23833],[-78.63917,-4.26361],[-78.67667,-4.26972],[-78.69222,-4.26194],[-78.69667,-4.23972],[-78.70833,-4.24139],[-78.72444,-4.22333],[-78.70861,-4.19361],[-78.71611,-4.15278],[-78.73722,-4.13083],[-78.74806,-4.13583],[-78.78028,-4.12111],[-78.77083,-4.10056],[-78.77083,-4.06472]]]}},{"type":"Feature","properties":{"codigo":1007403608},"geometry":{"type":"Polygon","coordinates":[[[-78.94806,-4.0675],[-78.93972,-4.07139],[-78.95639,-4.10306],[-78.96083,-4.1575],[-78.97333,-4.16833],[-78.98056,-4.20778],[-79.00972,-4.25583],[-79.02,-4.25861],[-79.04028,-4.23444],[-79.06694,-4.24639],[-79.09028,-4.22944],[-79.10667,-4.22917],[-79.10056,-4.20833],[-79.10806,-4.185],[-79.10111,-4.18222],[-79.10444,-4.17],[-79.09417,-4.16083],[-79.09139,-4.13944],[-79.08083,-4.13444],[-79.08083,-4.11556],[-79.04861,-4.10111],[-79.01806,-4.10444],[-78.94806,-4.0675]]]}},{"type":"Feature","properties":{"codigo":1007403609},"geometry":{"type":"Polygon","coordinates":[[[-78.95639,-4.10306],[-78.92944,-4.05611],[-78.91694,-4.06139],[-78.9225,-4.10639],[-78.91111,-4.11111],[-78.91167,-4.12306],[-78.88167,-4.12833],[-78.86833,-4.14139],[-78.85778,-4.13917],[-78.85083,-4.16028],[-78.87194,-4.18667],[-78.875,-4.21333],[-78.9,-4.23361],[-78.89611,-4.25806],[-78.92333,-4.26861],[-78.9275,-4.28167],[-78.94028,-4.28083],[-78.95139,-4.29722],[-78.975,-4.28833],[-79.00028,-4.29556],[-79.01194,-4.28139],[-79.01028,-4.25583],[-78.98056,-4.20778],[-78.97278,-4.16722],[-78.96083,-4.1575],[-78.95639,-4.10306]]]}},{"type":"Feature","properties":{"codigo":1007504121},"geometry":{"type":"Polygon","coordinates":[[[-79.595,-4.05389],[-79.54111,-4.07472],[-79.54556,-4.08417],[-79.52917,-4.125],[-79.53389,-4.14972],[-79.51306,-4.16083],[-79.49806,-4.20083],[-79.525,-4.20583],[-79.5275,-4.19861],[-79.55611,-4.18833],[-79.60111,-4.17917],[-79.65556,-4.14056],[-79.65972,-4.12889],[-79.64806,-4.12333],[-79.66167,-4.10472],[-79.6475,-4.07778],[-79.62833,-4.0675],[-79.61694,-4.06972],[-79.595,-4.05389]]]}},{"type":"Feature","properties":{"codigo":1007504116},"geometry":{"type":"Polygon","coordinates":[[[-79.87306,-4.03417],[-79.86194,-4.10056],[-79.85389,-4.10444],[-79.85861,-4.11833],[-79.845,-4.14861],[-79.89722,-4.14722],[-79.90667,-4.15389],[-79.92028,-4.14194],[-79.91611,-4.12111],[-79.93639,-4.10556],[-79.93917,-4.08222],[-79.87306,-4.03417]]]}},{"type":"Feature","properties":{"codigo":1007504114},"geometry":{"type":"Polygon","coordinates":[[[-79.94444,-4.08306],[-79.93611,-4.08944],[-79.93639,-4.10556],[-79.91611,-4.12111],[-79.92028,-4.14194],[-79.90944,-4.14833],[-79.90028,-4.17028],[-79.91111,-4.18694],[-79.89222,-4.19556],[-79.87139,-4.22028],[-79.88056,-4.2725],[-79.89611,-4.25556],[-79.89972,-4.23861],[-79.94528,-4.225],[-79.96028,-4.23083],[-79.98778,-4.20306],[-79.97222,-4.1725],[-79.98361,-4.15417],[-79.97889,-4.13722],[-79.95833,-4.12306],[-79.94444,-4.08306]]]}},{"type":"Feature","properties":{"codigo":1007504135},"geometry":{"type":"Polygon","coordinates":[[[-79.54111,-4.07917],[-79.51972,-4.09222],[-79.49278,-4.08111],[-79.47417,-4.08472],[-79.47694,-4.10389],[-79.45889,-4.13278],[-79.45056,-4.17111],[-79.46944,-4.185],[-79.47056,-4.19667],[-79.49278,-4.19944],[-79.51306,-4.16083],[-79.53389,-4.14972],[-79.52917,-4.125],[-79.54556,-4.08417],[-79.54111,-4.07917]]]}},{"type":"Feature","properties":{"codigo":1007504130},"geometry":{"type":"Polygon","coordinates":[[[-79.22639,-4.08278],[-79.20833,-4.07944],[-79.18806,-4.10722],[-79.16222,-4.11472],[-79.15861,-4.15333],[-79.12639,-4.16722],[-79.10444,-4.19611],[-79.18083,-4.20222],[-79.21333,-4.2175],[-79.235,-4.23833],[-79.24861,-4.23361],[-79.2975,-4.24056],[-79.29222,-4.19083],[-79.27306,-4.19139],[-79.24694,-4.13472],[-79.23556,-4.13472],[-79.225,-4.12278],[-79.22639,-4.08278]]]}},{"type":"Feature","properties":{"codigo":1007504119},"geometry":{"type":"Polygon","coordinates":[[[-79.81083,-4.11639],[-79.80111,-4.10611],[-79.75194,-4.09972],[-79.73472,-4.10611],[-79.70611,-4.09417],[-79.69611,-4.10472],[-79.69028,-4.09917],[-79.66167,-4.10472],[-79.64806,-4.12361],[-79.66111,-4.13472],[-79.68611,-4.13417],[-79.68972,-4.17194],[-79.7325,-4.20694],[-79.74222,-4.20139],[-79.75833,-4.16667],[-79.79167,-4.14444],[-79.81083,-4.11639]]]}},{"type":"Feature","properties":{"codigo":1007504117},"geometry":{"type":"Polygon","coordinates":[[[-79.86139,-4.08111],[-79.83611,-4.09306],[-79.82722,-4.12194],[-79.80833,-4.11778],[-79.79167,-4.14444],[-79.75833,-4.16667],[-79.74361,-4.19361],[-79.78667,-4.17778],[-79.81,-4.15833],[-79.82056,-4.1675],[-79.84,-4.15722],[-79.85861,-4.11833],[-79.85361,-4.10611],[-79.86194,-4.10056],[-79.86139,-4.08111]]]}},{"type":"Feature","properties":{"codigo":1007504106},"geometry":{"type":"Polygon","coordinates":[[[-80.21944,-4.16389],[-80.16139,-4.09917],[-80.16833,-4.14111],[-80.16278,-4.15417],[-80.14417,-4.16111],[-80.09528,-4.21917],[-80.13528,-4.24667],[-80.16111,-4.24472],[-80.17694,-4.26889],[-80.17833,-4.28639],[-80.22694,-4.32528],[-80.23417,-4.34917],[-80.24694,-4.35417],[-80.25972,-4.37361],[-80.30639,-4.40361],[-80.32417,-4.40028],[-80.35528,-4.41722],[-80.35917,-4.41056],[-80.3525,-4.40611],[-80.36139,-4.40611],[-80.37194,-4.3875],[-80.35444,-4.38639],[-80.34389,-4.36694],[-80.29944,-4.34694],[-80.27694,-4.30472],[-80.27944,-4.28167],[-80.29,-4.28028],[-80.29111,-4.265],[-80.31861,-4.25694],[-80.30444,-4.23694],[-80.30583,-4.21833],[-80.29667,-4.20444],[-80.24889,-4.18778],[-80.23639,-4.16639],[-80.21944,-4.16389]]]}},{"type":"Feature","properties":{"codigo":1007502034},"geometry":{"type":"Polygon","coordinates":[[[-78.78,-4.15972],[-78.78028,-4.13167],[-78.76722,-4.12417],[-78.74806,-4.13583],[-78.73611,-4.13139],[-78.71611,-4.15278],[-78.70861,-4.19361],[-78.72444,-4.22333],[-78.70833,-4.24139],[-78.69667,-4.23972],[-78.68806,-4.26639],[-78.63917,-4.26361],[-78.64333,-4.23833],[-78.63417,-4.23306],[-78.62583,-4.23528],[-78.62778,-4.24333],[-78.61778,-4.24028],[-78.60167,-4.25056],[-78.6175,-4.28556],[-78.60778,-4.31833],[-78.61472,-4.32889],[-78.63972,-4.31056],[-78.65333,-4.31583],[-78.65417,-4.3075],[-78.67139,-4.29694],[-78.68861,-4.29306],[-78.69528,-4.30833],[-78.71222,-4.31056],[-78.73389,-4.28944],[-78.74611,-4.29278],[-78.75639,-4.28222],[-78.78528,-4.27917],[-78.785,-4.23667],[-78.77,-4.16944],[-78.78,-4.15972]]]}},{"type":"Feature","properties":{"codigo":1007504108},"geometry":{"type":"Polygon","coordinates":[[[-80.16167,-4.1525],[-80.14667,-4.14083],[-80.13417,-4.14861],[-80.09806,-4.14056],[-80.06778,-4.11639],[-80.02972,-4.10806],[-80.01222,-4.09444],[-79.99167,-4.09694],[-79.94444,-4.08306],[-79.95833,-4.12306],[-79.97889,-4.13722],[-79.98389,-4.15417],[-80.0225,-4.17222],[-80.07806,-4.21556],[-80.09583,-4.21889],[-80.14417,-4.16111],[-80.16167,-4.1525]]]}},{"type":"Feature","properties":{"codigo":1007504115},"geometry":{"type":"Polygon","coordinates":[[[-79.90583,-4.15389],[-79.89722,-4.14722],[-79.84472,-4.14806],[-79.83,-4.16667],[-79.82056,-4.1675],[-79.81,-4.15833],[-79.78667,-4.17778],[-79.74361,-4.19361],[-79.73222,-4.21444],[-79.75611,-4.21722],[-79.78389,-4.20778],[-79.83056,-4.21278],[-79.83639,-4.20306],[-79.86278,-4.19667],[-79.88694,-4.20444],[-79.91111,-4.18694],[-79.90028,-4.17167],[-79.90583,-4.15389]]]}},{"type":"Feature","properties":{"codigo":1007502035},"geometry":{"type":"Polygon","coordinates":[[[-78.87194,-4.18667],[-78.83222,-4.13667],[-78.78028,-4.14028],[-78.78,-4.15972],[-78.77,-4.16889],[-78.78,-4.22833],[-78.80694,-4.21778],[-78.83,-4.22333],[-78.85611,-4.20167],[-78.87222,-4.20361],[-78.87194,-4.18667]]]}},{"type":"Feature","properties":{"codigo":1007504120},"geometry":{"type":"Polygon","coordinates":[[[-79.68583,-4.18667],[-79.68611,-4.13417],[-79.67667,-4.13167],[-79.65889,-4.13333],[-79.60472,-4.17667],[-79.62083,-4.21278],[-79.64194,-4.2275],[-79.6475,-4.21528],[-79.68583,-4.18667]]]}},{"type":"Feature","properties":{"codigo":1007504153},"geometry":{"type":"Polygon","coordinates":[[[-79.52583,-4.20861],[-79.47056,-4.19667],[-79.46944,-4.185],[-79.45583,-4.17889],[-79.45056,-4.20194],[-79.4025,-4.19944],[-79.395,-4.26611],[-79.41722,-4.28444],[-79.43278,-4.35611],[-79.45028,-4.35306],[-79.45556,-4.33861],[-79.47639,-4.34167],[-79.48306,-4.33306],[-79.50833,-4.33389],[-79.52917,-4.34639],[-79.54444,-4.33972],[-79.52667,-4.31722],[-79.51528,-4.27972],[-79.52583,-4.20861]]]}},{"type":"Feature","properties":{"codigo":1007504136},"geometry":{"type":"Polygon","coordinates":[[[-79.60472,-4.17667],[-79.5275,-4.19861],[-79.51417,-4.2625],[-79.52667,-4.31722],[-79.54472,-4.33389],[-79.53667,-4.34083],[-79.54139,-4.35361],[-79.57139,-4.36639],[-79.60139,-4.35389],[-79.61528,-4.33056],[-79.64611,-4.32667],[-79.67083,-4.31139],[-79.66111,-4.27194],[-79.63917,-4.25139],[-79.6375,-4.22722],[-79.62083,-4.21278],[-79.60472,-4.17667]]]}},{"type":"Feature","properties":{"codigo":1007504137},"geometry":{"type":"Polygon","coordinates":[[[-79.73139,-4.20694],[-79.68944,-4.17111],[-79.68583,-4.18667],[-79.64722,-4.21556],[-79.63583,-4.24472],[-79.66111,-4.27194],[-79.66389,-4.2875],[-79.70694,-4.27694],[-79.72333,-4.25417],[-79.71806,-4.23417],[-79.73139,-4.20694]]]}},{"type":"Feature","properties":{"codigo":1007504103},"geometry":{"type":"Polygon","coordinates":[[[-80.36861,-4.25639],[-80.31194,-4.19667],[-80.29667,-4.20444],[-80.32194,-4.27167],[-80.40944,-4.34667],[-80.41639,-4.37667],[-80.43167,-4.38583],[-80.4225,-4.40694],[-80.42333,-4.42222],[-80.43333,-4.425],[-80.43361,-4.4325],[-80.42778,-4.44528],[-80.40556,-4.44972],[-80.40778,-4.46639],[-80.42944,-4.47944],[-80.47028,-4.46917],[-80.47,-4.45056],[-80.47833,-4.44944],[-80.48222,-4.43861],[-80.4525,-4.36917],[-80.46194,-4.36278],[-80.46806,-4.33444],[-80.45583,-4.32722],[-80.4425,-4.29694],[-80.43139,-4.29722],[-80.405,-4.26806],[-80.36861,-4.25639]]]}},{"type":"Feature","properties":{"codigo":1007504138},"geometry":{"type":"Polygon","coordinates":[[[-79.88389,-4.20444],[-79.86278,-4.19667],[-79.83639,-4.20306],[-79.83056,-4.21278],[-79.78389,-4.20778],[-79.75611,-4.21722],[-79.73222,-4.21444],[-79.71806,-4.23417],[-79.72333,-4.25417],[-79.70694,-4.27694],[-79.66583,-4.2875],[-79.66861,-4.30944],[-79.68667,-4.31528],[-79.68806,-4.33639],[-79.70333,-4.34556],[-79.70056,-4.36167],[-79.71417,-4.36222],[-79.72028,-4.37056],[-79.76222,-4.33944],[-79.79444,-4.33389],[-79.82472,-4.30722],[-79.84167,-4.30194],[-79.84889,-4.28861],[-79.87,-4.29222],[-79.88056,-4.28556],[-79.88139,-4.2525],[-79.87111,-4.22111],[-79.88389,-4.20444]]]}},{"type":"Feature","properties":{"codigo":1007504113},"geometry":{"type":"Polygon","coordinates":[[[-80.09528,-4.21889],[-80.07278,-4.21306],[-80.0225,-4.17222],[-79.98361,-4.15389],[-79.97222,-4.1725],[-79.98778,-4.20306],[-79.96139,-4.2275],[-79.96,-4.24167],[-79.98417,-4.26194],[-79.99,-4.29194],[-80.01139,-4.29722],[-80.05889,-4.28806],[-80.07222,-4.27861],[-80.07417,-4.28528],[-80.09889,-4.28139],[-80.11472,-4.29083],[-80.1275,-4.27944],[-80.14139,-4.28611],[-80.14611,-4.27306],[-80.17056,-4.26389],[-80.16111,-4.24472],[-80.13528,-4.24667],[-80.09528,-4.21889]]]}},{"type":"Feature","properties":{"codigo":1007502036},"geometry":{"type":"Polygon","coordinates":[[[-78.87222,-4.20361],[-78.85611,-4.20167],[-78.83,-4.22333],[-78.80694,-4.21778],[-78.78,-4.22861],[-78.79139,-4.31],[-78.80917,-4.32278],[-78.82056,-4.31444],[-78.84083,-4.31917],[-78.86556,-4.31222],[-78.86972,-4.28611],[-78.89333,-4.26556],[-78.9,-4.23361],[-78.87222,-4.20361]]]}},{"type":"Feature","properties":{"codigo":1007504132},"geometry":{"type":"Polygon","coordinates":[[[-79.10556,-4.19722],[-79.10056,-4.21139],[-79.10889,-4.22444],[-79.10556,-4.26028],[-79.11444,-4.26694],[-79.10583,-4.2875],[-79.11111,-4.29583],[-79.13,-4.28917],[-79.22639,-4.2975],[-79.24083,-4.28722],[-79.24472,-4.2725],[-79.26528,-4.27361],[-79.27444,-4.25944],[-79.29833,-4.24694],[-79.28028,-4.23722],[-79.23389,-4.23806],[-79.21333,-4.2175],[-79.18083,-4.20222],[-79.10556,-4.19722]]]}},{"type":"Feature","properties":{"codigo":1007504131},"geometry":{"type":"Polygon","coordinates":[[[-79.30944,-4.24528],[-79.29306,-4.24222],[-79.30056,-4.24806],[-79.30944,-4.24528]]]}},{"type":"Feature","properties":{"codigo":1007504133},"geometry":{"type":"Polygon","coordinates":[[[-79.30944,-4.24528],[-79.28056,-4.25472],[-79.26528,-4.27361],[-79.24472,-4.2725],[-79.24083,-4.28722],[-79.22639,-4.2975],[-79.13,-4.28917],[-79.11222,-4.29583],[-79.12083,-4.30833],[-79.10861,-4.33361],[-79.11444,-4.34111],[-79.10722,-4.365],[-79.11861,-4.42528],[-79.14333,-4.43417],[-79.145,-4.44722],[-79.15917,-4.45167],[-79.1675,-4.47583],[-79.19333,-4.47722],[-79.21028,-4.51111],[-79.22278,-4.49333],[-79.24889,-4.48222],[-79.26278,-4.48778],[-79.27167,-4.47306],[-79.28139,-4.47361],[-79.3075,-4.45333],[-79.31778,-4.40417],[-79.30972,-4.37889],[-79.3175,-4.35111],[-79.30833,-4.33167],[-79.32194,-4.3125],[-79.31694,-4.29278],[-79.32639,-4.255],[-79.30944,-4.24528]]]}},{"type":"Feature","properties":{"codigo":1007501539},"geometry":{"type":"Polygon","coordinates":[[[-79.10667,-4.22917],[-79.09028,-4.22944],[-79.06694,-4.24639],[-79.04028,-4.23444],[-79.02,-4.25861],[-79.01028,-4.25611],[-79.01194,-4.28139],[-78.99861,-4.29694],[-78.99194,-4.33528],[-78.99806,-4.34611],[-78.99333,-4.37944],[-79.01528,-4.41194],[-79.00444,-4.43028],[-79.01417,-4.44083],[-79.01139,-4.45889],[-79.0225,-4.46778],[-79.0325,-4.50611],[-79.06278,-4.5375],[-79.0725,-4.53361],[-79.07583,-4.51972],[-79.06611,-4.48583],[-79.11917,-4.42639],[-79.10722,-4.36472],[-79.11444,-4.34111],[-79.10861,-4.33361],[-79.12083,-4.30806],[-79.10583,-4.28889],[-79.11444,-4.26833],[-79.10556,-4.26028],[-79.10667,-4.22917]]]}},{"type":"Feature","properties":{"codigo":1007504139},"geometry":{"type":"Polygon","coordinates":[[[-79.96028,-4.23028],[-79.94528,-4.225],[-79.89972,-4.23861],[-79.88083,-4.28528],[-79.87,-4.29222],[-79.84944,-4.28833],[-79.8425,-4.30111],[-79.87139,-4.31528],[-79.91889,-4.31556],[-79.98556,-4.27833],[-79.98417,-4.26194],[-79.96639,-4.25222],[-79.96028,-4.23028]]]}},{"type":"Feature","properties":{"codigo":1007504140},"geometry":{"type":"Polygon","coordinates":[[[-80.14111,-4.28611],[-80.1275,-4.27944],[-80.11472,-4.29083],[-80.09889,-4.28139],[-80.07417,-4.28528],[-80.07222,-4.27861],[-80.05889,-4.28806],[-80.01139,-4.29722],[-79.99028,-4.29222],[-79.98556,-4.27778],[-79.92722,-4.31194],[-79.93778,-4.315],[-79.95028,-4.34417],[-79.97361,-4.35972],[-79.99028,-4.38389],[-80.01583,-4.37972],[-80.03972,-4.38639],[-80.08389,-4.34028],[-80.08472,-4.32417],[-80.10028,-4.32139],[-80.11389,-4.30778],[-80.125,-4.32278],[-80.13722,-4.31972],[-80.14111,-4.28611]]]}},{"type":"Feature","properties":{"codigo":1007502039},"geometry":{"type":"Polygon","coordinates":[[[-78.95583,-4.29861],[-78.94028,-4.28083],[-78.92806,-4.28222],[-78.92333,-4.26861],[-78.89583,-4.25778],[-78.86972,-4.28611],[-78.86556,-4.31222],[-78.84083,-4.31917],[-78.82056,-4.31444],[-78.81028,-4.32194],[-78.81833,-4.39861],[-78.84194,-4.41167],[-78.87111,-4.39778],[-78.89389,-4.40806],[-78.91861,-4.39528],[-78.94222,-4.39806],[-78.95,-4.34889],[-78.94,-4.32],[-78.95583,-4.29861]]]}},{"type":"Feature","properties":{"codigo":1007501540},"geometry":{"type":"Polygon","coordinates":[[[-79.0,-4.29556],[-78.975,-4.28833],[-78.94083,-4.31694],[-78.95,-4.36028],[-78.93972,-4.38944],[-78.95361,-4.43417],[-78.93722,-4.495],[-78.94944,-4.50806],[-78.96472,-4.50722],[-78.96333,-4.52417],[-78.97389,-4.53083],[-78.9775,-4.54889],[-78.99667,-4.54694],[-79.01778,-4.56944],[-79.01861,-4.58028],[-79.03917,-4.59361],[-79.06139,-4.56861],[-79.06806,-4.53722],[-79.04972,-4.53111],[-79.02639,-4.49611],[-79.02222,-4.46722],[-79.01111,-4.45806],[-79.01417,-4.44083],[-79.00444,-4.43028],[-79.01528,-4.41194],[-78.99333,-4.37944],[-78.99167,-4.36194],[-79.0,-4.29556]]]}},{"type":"Feature","properties":{"codigo":1007502038},"geometry":{"type":"Polygon","coordinates":[[[-78.78528,-4.27917],[-78.75639,-4.28222],[-78.74611,-4.29278],[-78.73389,-4.28944],[-78.71639,-4.30972],[-78.70222,-4.30722],[-78.68472,-4.32556],[-78.66917,-4.32389],[-78.6625,-4.33417],[-78.67444,-4.345],[-78.67389,-4.37972],[-78.73167,-4.43444],[-78.72944,-4.44639],[-78.74556,-4.46472],[-78.76278,-4.46111],[-78.78472,-4.475],[-78.79917,-4.47333],[-78.80861,-4.49056],[-78.80417,-4.49972],[-78.83806,-4.505],[-78.85139,-4.51583],[-78.86917,-4.50583],[-78.86389,-4.44472],[-78.84083,-4.41028],[-78.81583,-4.39472],[-78.81361,-4.32972],[-78.80556,-4.31444],[-78.79139,-4.31],[-78.78528,-4.27917]]]}},{"type":"Feature","properties":{"codigo":1007504142},"geometry":{"type":"Polygon","coordinates":[[[-79.86472,-4.31167],[-79.85361,-4.31083],[-79.84778,-4.30139],[-79.83167,-4.30417],[-79.79444,-4.33389],[-79.76222,-4.33944],[-79.73472,-4.35639],[-79.7175,-4.37194],[-79.72389,-4.41222],[-79.74139,-4.41444],[-79.77722,-4.44028],[-79.80167,-4.41333],[-79.84611,-4.41778],[-79.87806,-4.39278],[-79.90056,-4.39722],[-79.86472,-4.31167]]]}},{"type":"Feature","properties":{"codigo":1007504141},"geometry":{"type":"Polygon","coordinates":[[[-79.93778,-4.315],[-79.8925,-4.31861],[-79.86472,-4.31167],[-79.905,-4.40194],[-79.88111,-4.43306],[-79.87667,-4.4575],[-79.9,-4.45528],[-79.93,-4.43528],[-79.94056,-4.43583],[-79.95111,-4.41833],[-79.97111,-4.41056],[-79.98806,-4.37944],[-79.95028,-4.34417],[-79.93778,-4.315]]]}},{"type":"Feature","properties":{"codigo":1007504152},"geometry":{"type":"Polygon","coordinates":[[[-79.39611,-4.23722],[-79.38,-4.25111],[-79.36278,-4.24528],[-79.35028,-4.2775],[-79.35333,-4.29556],[-79.33889,-4.30583],[-79.34722,-4.33417],[-79.33389,-4.34472],[-79.39833,-4.3625],[-79.41583,-4.35194],[-79.43222,-4.35611],[-79.43556,-4.34861],[-79.4225,-4.32472],[-79.41722,-4.28444],[-79.395,-4.26611],[-79.40111,-4.24861],[-79.39611,-4.23722]]]}},{"type":"Feature","properties":{"codigo":1007504150},"geometry":{"type":"Polygon","coordinates":[[[-79.53667,-4.34083],[-79.52917,-4.34639],[-79.50833,-4.33389],[-79.485,-4.33306],[-79.47639,-4.34167],[-79.45556,-4.33861],[-79.45167,-4.35278],[-79.45917,-4.37056],[-79.4475,-4.38194],[-79.43944,-4.41167],[-79.40528,-4.41861],[-79.40111,-4.42722],[-79.36167,-4.43222],[-79.35417,-4.47222],[-79.38111,-4.47583],[-79.41278,-4.4575],[-79.45472,-4.46],[-79.46806,-4.45306],[-79.47611,-4.45389],[-79.48889,-4.47722],[-79.50972,-4.46722],[-79.52694,-4.46861],[-79.54389,-4.41944],[-79.54194,-4.38583],[-79.55472,-4.36111],[-79.53667,-4.34083]]]}},{"type":"Feature","properties":{"codigo":1007504154},"geometry":{"type":"Polygon","coordinates":[[[-79.33444,-4.34583],[-79.31444,-4.35417],[-79.30972,-4.37889],[-79.31778,-4.40417],[-79.3075,-4.45333],[-79.28139,-4.47056],[-79.315,-4.51028],[-79.33333,-4.50278],[-79.33278,-4.47944],[-79.35306,-4.47472],[-79.36167,-4.43222],[-79.40111,-4.42722],[-79.40528,-4.41861],[-79.43361,-4.41611],[-79.44083,-4.40583],[-79.40583,-4.3825],[-79.39833,-4.36278],[-79.33444,-4.34583]]]}},{"type":"Feature","properties":{"codigo":1007504151},"geometry":{"type":"Polygon","coordinates":[[[-79.45167,-4.35083],[-79.44083,-4.35694],[-79.41583,-4.35194],[-79.39778,-4.3625],[-79.40583,-4.3825],[-79.44,-4.40556],[-79.45917,-4.37056],[-79.45167,-4.35083]]]}},{"type":"Feature","properties":{"codigo":1007504145},"geometry":{"type":"Polygon","coordinates":[[[-79.67083,-4.31083],[-79.64611,-4.32667],[-79.61528,-4.33056],[-79.60139,-4.35389],[-79.57278,-4.36611],[-79.62083,-4.40444],[-79.61639,-4.42889],[-79.62222,-4.43639],[-79.63333,-4.43778],[-79.6525,-4.415],[-79.71833,-4.39389],[-79.71778,-4.36722],[-79.70056,-4.36167],[-79.70333,-4.34556],[-79.68806,-4.33639],[-79.68667,-4.31528],[-79.67083,-4.31083]]]}},{"type":"Feature","properties":{"codigo":1007504146},"geometry":{"type":"Polygon","coordinates":[[[-79.57278,-4.36639],[-79.5525,-4.36222],[-79.54194,-4.38583],[-79.54389,-4.41944],[-79.52694,-4.46694],[-79.5325,-4.48556],[-79.57361,-4.49639],[-79.605,-4.48722],[-79.62972,-4.50028],[-79.64861,-4.49278],[-79.6475,-4.45389],[-79.61639,-4.42889],[-79.62139,-4.40528],[-79.57278,-4.36639]]]}},{"type":"Feature","properties":{"codigo":1007504105},"geometry":{"type":"Polygon","coordinates":[[[-80.41472,-4.36889],[-80.40944,-4.34667],[-80.38,-4.32583],[-80.38,-4.31694],[-80.36167,-4.31222],[-80.32444,-4.275],[-80.31972,-4.25944],[-80.29111,-4.265],[-80.29,-4.28028],[-80.27944,-4.28167],[-80.27694,-4.30472],[-80.29944,-4.34694],[-80.34389,-4.36694],[-80.36333,-4.39083],[-80.37167,-4.3875],[-80.37028,-4.37944],[-80.41472,-4.36889]]]}},{"type":"Feature","properties":{"codigo":1007504104},"geometry":{"type":"Polygon","coordinates":[[[-80.41472,-4.36889],[-80.37028,-4.37944],[-80.37306,-4.39194],[-80.35889,-4.40833],[-80.3525,-4.40611],[-80.35944,-4.41222],[-80.35389,-4.42278],[-80.39861,-4.46611],[-80.4075,-4.46639],[-80.40694,-4.44833],[-80.42778,-4.44528],[-80.43361,-4.4325],[-80.43333,-4.425],[-80.42333,-4.42222],[-80.4225,-4.40694],[-80.43167,-4.38583],[-80.41472,-4.36889]]]}},{"type":"Feature","properties":{"codigo":1007504111},"geometry":{"type":"Polygon","coordinates":[[[-80.30639,-4.40361],[-80.26694,-4.37417],[-80.26194,-4.37361],[-80.26167,-4.41917],[-80.27861,-4.41917],[-80.29722,-4.43194],[-80.30639,-4.40361]]]}},{"type":"Feature","properties":{"codigo":1007502040},"geometry":{"type":"Polygon","coordinates":[[[-78.94194,-4.39806],[-78.91861,-4.39528],[-78.89389,-4.40806],[-78.87111,-4.39778],[-78.84111,-4.41167],[-78.86361,-4.44389],[-78.86111,-4.46667],[-78.91,-4.48806],[-78.92444,-4.51111],[-78.93778,-4.4975],[-78.93889,-4.47556],[-78.94944,-4.46556],[-78.94556,-4.44889],[-78.95361,-4.43389],[-78.94194,-4.39806]]]}},{"type":"Feature","properties":{"codigo":1007504109},"geometry":{"type":"Polygon","coordinates":[[[-80.39056,-4.45917],[-80.34222,-4.40917],[-80.32861,-4.41667],[-80.34667,-4.4725],[-80.33417,-4.50472],[-80.34139,-4.53639],[-80.35889,-4.52972],[-80.36361,-4.49889],[-80.38778,-4.48667],[-80.39056,-4.45917]]]}},{"type":"Feature","properties":{"codigo":1007502041},"geometry":{"type":"Polygon","coordinates":[[[-78.72333,-4.42778],[-78.67528,-4.38333],[-78.67444,-4.345],[-78.66639,-4.33611],[-78.64833,-4.35333],[-78.63889,-4.40167],[-78.605,-4.40944],[-78.6,-4.42111],[-78.60361,-4.43222],[-78.62222,-4.44],[-78.63444,-4.47278],[-78.65722,-4.46944],[-78.6725,-4.43222],[-78.69306,-4.42417],[-78.71556,-4.43333],[-78.72333,-4.42778]]]}},{"type":"Feature","properties":{"codigo":1007504144},"geometry":{"type":"Polygon","coordinates":[[[-79.71833,-4.39389],[-79.65194,-4.41528],[-79.6325,-4.43806],[-79.6475,-4.45389],[-79.64917,-4.49389],[-79.67083,-4.51611],[-79.67472,-4.53806],[-79.70472,-4.55444],[-79.72806,-4.53278],[-79.79111,-4.50556],[-79.79861,-4.49],[-79.77611,-4.43972],[-79.74139,-4.41444],[-79.72389,-4.41222],[-79.71833,-4.39389]]]}},{"type":"Feature","properties":{"codigo":1007504143},"geometry":{"type":"Polygon","coordinates":[[[-79.90056,-4.39694],[-79.87806,-4.39278],[-79.84611,-4.41778],[-79.80167,-4.41333],[-79.77639,-4.44028],[-79.79722,-4.48917],[-79.815,-4.51083],[-79.84361,-4.52167],[-79.84528,-4.53944],[-79.87861,-4.52611],[-79.87556,-4.45278],[-79.89222,-4.41472],[-79.90361,-4.4075],[-79.90056,-4.39694]]]}},{"type":"Feature","properties":{"codigo":1007502042},"geometry":{"type":"Polygon","coordinates":[[[-78.72333,-4.42778],[-78.71556,-4.43333],[-78.69306,-4.42417],[-78.6725,-4.43222],[-78.6625,-4.46194],[-78.72306,-4.50194],[-78.72306,-4.52083],[-78.74722,-4.52722],[-78.75639,-4.52111],[-78.77389,-4.53528],[-78.77417,-4.5825],[-78.81333,-4.57361],[-78.83056,-4.55194],[-78.82389,-4.53111],[-78.84306,-4.51028],[-78.80417,-4.49972],[-78.80861,-4.49056],[-78.79917,-4.47333],[-78.78472,-4.475],[-78.76278,-4.46111],[-78.74667,-4.46556],[-78.72333,-4.42778]]]}},{"type":"Feature","properties":{"codigo":1007502045},"geometry":{"type":"Polygon","coordinates":[[[-78.66222,-4.46],[-78.65694,-4.46972],[-78.63361,-4.47472],[-78.63472,-4.50111],[-78.64778,-4.50833],[-78.66306,-4.53389],[-78.65667,-4.56139],[-78.66306,-4.57111],[-78.65361,-4.585],[-78.67972,-4.59361],[-78.71361,-4.62806],[-78.76194,-4.62861],[-78.77389,-4.64222],[-78.78722,-4.6375],[-78.77194,-4.60694],[-78.77389,-4.53528],[-78.75639,-4.52111],[-78.74722,-4.52722],[-78.72306,-4.52083],[-78.72306,-4.50194],[-78.66222,-4.46]]]}},{"type":"Feature","properties":{"codigo":1007504155},"geometry":{"type":"Polygon","coordinates":[[[-79.48306,-4.47472],[-79.47611,-4.45389],[-79.46806,-4.45306],[-79.45472,-4.46],[-79.41278,-4.4575],[-79.38111,-4.47583],[-79.33917,-4.47667],[-79.33,-4.48528],[-79.32861,-4.53389],[-79.33667,-4.54667],[-79.35972,-4.55528],[-79.40222,-4.55556],[-79.41583,-4.54444],[-79.41917,-4.55611],[-79.43833,-4.5625],[-79.44556,-4.55139],[-79.44833,-4.50972],[-79.48306,-4.47472]]]}},{"type":"Feature","properties":{"codigo":1007501538},"geometry":{"type":"Polygon","coordinates":[[[-79.1675,-4.47583],[-79.15917,-4.45167],[-79.145,-4.44722],[-79.14333,-4.43417],[-79.11917,-4.42583],[-79.06361,-4.49306],[-79.07583,-4.51861],[-79.07306,-4.5325],[-79.06139,-4.56861],[-79.03917,-4.59583],[-79.07083,-4.65472],[-79.09361,-4.67583],[-79.0975,-4.70778],[-79.11528,-4.70639],[-79.12222,-4.6675],[-79.10694,-4.5675],[-79.12083,-4.55028],[-79.11556,-4.50139],[-79.11889,-4.49167],[-79.15472,-4.48611],[-79.1675,-4.47583]]]}},{"type":"Feature","properties":{"codigo":1007504149},"geometry":{"type":"Polygon","coordinates":[[[-79.52694,-4.46833],[-79.47417,-4.48056],[-79.44833,-4.50972],[-79.445,-4.53556],[-79.46028,-4.53528],[-79.50139,-4.51389],[-79.52111,-4.51417],[-79.53333,-4.48139],[-79.52694,-4.46833]]]}},{"type":"Feature","properties":{"codigo":1007504147},"geometry":{"type":"Polygon","coordinates":[[[-79.58028,-4.49528],[-79.53194,-4.485],[-79.52139,-4.50722],[-79.54361,-4.52833],[-79.57417,-4.51444],[-79.59917,-4.545],[-79.58028,-4.49528]]]}},{"type":"Feature","properties":{"codigo":1007501546},"geometry":{"type":"Polygon","coordinates":[[[-79.32722,-4.50917],[-79.31417,-4.51],[-79.29083,-4.47639],[-79.28083,-4.47333],[-79.27167,-4.47306],[-79.26278,-4.48778],[-79.24889,-4.48222],[-79.22194,-4.49389],[-79.20972,-4.51083],[-79.20861,-4.545],[-79.19139,-4.57889],[-79.2,-4.61194],[-79.23806,-4.61389],[-79.25111,-4.6075],[-79.27389,-4.62861],[-79.30222,-4.61278],[-79.31528,-4.61583],[-79.31861,-4.60583],[-79.33306,-4.60611],[-79.32722,-4.57722],[-79.33694,-4.54667],[-79.32722,-4.52944],[-79.32722,-4.50917]]]}},{"type":"Feature","properties":{"codigo":1007501544},"geometry":{"type":"Polygon","coordinates":[[[-79.20861,-4.51028],[-79.18944,-4.47417],[-79.17083,-4.47306],[-79.15472,-4.48611],[-79.11889,-4.49167],[-79.12083,-4.55028],[-79.10694,-4.5675],[-79.12056,-4.63944],[-79.13111,-4.64028],[-79.13694,-4.61389],[-79.15278,-4.60278],[-79.16667,-4.55],[-79.20861,-4.51028]]]}},{"type":"Feature","properties":{"codigo":1007501545},"geometry":{"type":"Polygon","coordinates":[[[-79.20972,-4.51083],[-79.16667,-4.55],[-79.15278,-4.60278],[-79.13389,-4.61972],[-79.13111,-4.64472],[-79.19028,-4.64361],[-79.20194,-4.61333],[-79.19139,-4.57889],[-79.20861,-4.545],[-79.20972,-4.51083]]]}},{"type":"Feature","properties":{"codigo":1007501541},"geometry":{"type":"Polygon","coordinates":[[[-78.93778,-4.4975],[-78.92444,-4.51194],[-78.9275,-4.54694],[-78.91389,-4.59611],[-78.89861,-4.61528],[-78.89778,-4.62861],[-78.88222,-4.6375],[-78.87556,-4.65083],[-78.87861,-4.66806],[-78.86278,-4.68917],[-78.89083,-4.71917],[-78.88806,-4.75583],[-78.89417,-4.77139],[-78.91167,-4.78],[-78.95444,-4.78083],[-78.97889,-4.76778],[-78.98111,-4.73861],[-79.00167,-4.73556],[-79.01056,-4.70806],[-79.06944,-4.72083],[-79.08861,-4.71556],[-79.09917,-4.69917],[-79.09361,-4.67583],[-79.07028,-4.65389],[-79.04639,-4.6025],[-79.01861,-4.58028],[-79.01778,-4.56944],[-78.99667,-4.54694],[-78.975,-4.54639],[-78.97611,-4.535],[-78.96333,-4.52417],[-78.96472,-4.50722],[-78.94944,-4.50806],[-78.93778,-4.4975]]]}},{"type":"Feature","properties":{"codigo":1007502043},"geometry":{"type":"Polygon","coordinates":[[[-78.92472,-4.51111],[-78.91,-4.48806],[-78.87,-4.46972],[-78.86889,-4.50667],[-78.83167,-4.52222],[-78.82389,-4.53111],[-78.82528,-4.54444],[-78.85028,-4.57472],[-78.91556,-4.58056],[-78.9275,-4.54694],[-78.92472,-4.51111]]]}},{"type":"Feature","properties":{"codigo":1007504156},"geometry":{"type":"Polygon","coordinates":[[[-79.51333,-4.51611],[-79.50139,-4.51389],[-79.46028,-4.53528],[-79.44556,-4.53528],[-79.44028,-4.56556],[-79.47972,-4.57306],[-79.49417,-4.56417],[-79.51333,-4.51611]]]}},{"type":"Feature","properties":{"codigo":1007504158},"geometry":{"type":"Polygon","coordinates":[[[-79.47944,-4.57222],[-79.41917,-4.55611],[-79.41583,-4.54444],[-79.39167,-4.55694],[-79.3375,-4.54639],[-79.32889,-4.56722],[-79.33333,-4.60611],[-79.35278,-4.62472],[-79.35944,-4.64944],[-79.37611,-4.65417],[-79.39389,-4.67694],[-79.40278,-4.72222],[-79.41361,-4.72],[-79.41528,-4.70028],[-79.45361,-4.66806],[-79.48222,-4.5825],[-79.47944,-4.57222]]]}},{"type":"Feature","properties":{"codigo":1007502044},"geometry":{"type":"Polygon","coordinates":[[[-78.91556,-4.58056],[-78.85278,-4.57556],[-78.82972,-4.55222],[-78.81278,-4.57389],[-78.77611,-4.57889],[-78.77194,-4.60694],[-78.78806,-4.63917],[-78.80556,-4.63722],[-78.84139,-4.65333],[-78.86472,-4.68528],[-78.87861,-4.66806],[-78.87583,-4.64944],[-78.89778,-4.62861],[-78.91556,-4.58056]]]}},{"type":"Feature","properties":{"codigo":1007501547},"geometry":{"type":"Polygon","coordinates":[[[-79.33333,-4.60583],[-79.31861,-4.60583],[-79.31528,-4.61583],[-79.30222,-4.61278],[-79.27389,-4.62861],[-79.25111,-4.6075],[-79.20111,-4.61333],[-79.18889,-4.64444],[-79.21694,-4.67056],[-79.22944,-4.70944],[-79.27972,-4.70944],[-79.29444,-4.735],[-79.32639,-4.71833],[-79.3475,-4.71889],[-79.37917,-4.70583],[-79.39556,-4.69],[-79.38028,-4.6575],[-79.35944,-4.64944],[-79.35278,-4.62472],[-79.33333,-4.60583]]]}},{"type":"Feature","properties":{"codigo":1007501543},"geometry":{"type":"Polygon","coordinates":[[[-79.14389,-4.64944],[-79.12056,-4.63944],[-79.11528,-4.69167],[-79.11611,-4.71139],[-79.12472,-4.71861],[-79.13861,-4.71361],[-79.14472,-4.69472],[-79.16417,-4.70417],[-79.21722,-4.67917],[-79.20306,-4.65167],[-79.1825,-4.64028],[-79.14389,-4.64944]]]}},{"type":"Feature","properties":{"codigo":1007501537},"geometry":{"type":"Polygon","coordinates":[[[-79.11528,-4.70639],[-79.05361,-4.72],[-79.06806,-4.75139],[-79.08556,-4.75389],[-79.10417,-4.74056],[-79.11528,-4.70639]]]}},{"type":"Feature","properties":{"codigo":1007501548},"geometry":{"type":"Polygon","coordinates":[[[-79.21722,-4.67917],[-79.16417,-4.70417],[-79.14472,-4.69472],[-79.13861,-4.71361],[-79.12361,-4.72361],[-79.13556,-4.76722],[-79.15944,-4.76139],[-79.18111,-4.77556],[-79.1975,-4.77444],[-79.23806,-4.75639],[-79.27806,-4.75083],[-79.29167,-4.735],[-79.28472,-4.71222],[-79.22944,-4.70944],[-79.21722,-4.67917]]]}},{"type":"Feature","properties":{"codigo":1007501542},"geometry":{"type":"Polygon","coordinates":[[[-79.12556,-4.71861],[-79.11583,-4.71139],[-79.09889,-4.74222],[-79.11806,-4.76139],[-79.13111,-4.76139],[-79.13389,-4.75389],[-79.12306,-4.73472],[-79.12556,-4.71861]]]}},{"type":"Feature","properties":{"codigo":1007501550},"geometry":{"type":"Polygon","coordinates":[[[-79.41361,-4.72],[-79.39889,-4.71861],[-79.39333,-4.69222],[-79.37917,-4.70583],[-79.28889,-4.73556],[-79.27806,-4.75083],[-79.23806,-4.75639],[-79.22472,-4.76722],[-79.18194,-4.77583],[-79.15944,-4.76139],[-79.14222,-4.76417],[-79.08889,-4.84833],[-79.10028,-4.86444],[-79.11861,-4.86444],[-79.14972,-4.83944],[-79.16472,-4.83889],[-79.17278,-4.88694],[-79.19778,-4.88694],[-79.21806,-4.90944],[-79.27472,-4.88889],[-79.28306,-4.875],[-79.34833,-4.83889],[-79.36639,-4.81],[-79.38222,-4.82361],[-79.41722,-4.83111],[-79.41639,-4.79028],[-79.44056,-4.77861],[-79.43111,-4.76333],[-79.43667,-4.75278],[-79.42389,-4.74667],[-79.41361,-4.72]]]}},{"type":"Feature","properties":{"codigo":1007501549},"geometry":{"type":"Polygon","coordinates":[[[-79.07083,-4.75333],[-79.05333,-4.72139],[-79.01056,-4.70806],[-79.00167,-4.73556],[-78.98111,-4.73861],[-78.97889,-4.76778],[-79.00667,-4.81222],[-79.02333,-4.81972],[-79.05222,-4.81694],[-79.08444,-4.80583],[-79.07083,-4.75333]]]}},{"type":"Feature","properties":{"codigo":1007501536},"geometry":{"type":"Polygon","coordinates":[[[-79.09861,-4.74528],[-79.06861,-4.75944],[-79.07917,-4.80083],[-79.10583,-4.81722],[-79.12278,-4.80361],[-79.13556,-4.76694],[-79.11,-4.75889],[-79.09861,-4.74528]]]}},{"type":"Feature","properties":{"codigo":1007501551},"geometry":{"type":"Polygon","coordinates":[[[-78.97889,-4.76778],[-78.96167,-4.78028],[-78.915,-4.77972],[-78.91222,-4.79139],[-78.89167,-4.80694],[-78.89806,-4.83222],[-78.91444,-4.84444],[-78.93806,-4.84333],[-78.96444,-4.85306],[-78.99833,-4.905],[-79.01861,-4.90167],[-79.03778,-4.92722],[-79.07306,-4.93528],[-79.02472,-4.85333],[-79.02528,-4.82083],[-79.00222,-4.80889],[-78.97889,-4.76778]]]}},{"type":"Feature","properties":{"codigo":1007501535},"geometry":{"type":"Polygon","coordinates":[[[-79.10528,-4.81722],[-79.08722,-4.80222],[-79.02389,-4.82],[-79.06611,-4.85444],[-79.08972,-4.84806],[-79.10528,-4.81722]]]}},{"type":"Feature","properties":{"codigo":1007501534},"geometry":{"type":"Polygon","coordinates":[[[-79.08889,-4.84806],[-79.06556,-4.85444],[-79.0275,-4.82694],[-79.02222,-4.84417],[-79.03278,-4.87194],[-79.055,-4.89528],[-79.06222,-4.92333],[-79.08389,-4.94833],[-79.10167,-4.93583],[-79.12444,-4.94722],[-79.14556,-4.93611],[-79.15694,-4.90778],[-79.17528,-4.905],[-79.20667,-4.91444],[-79.2175,-4.90972],[-79.19778,-4.88694],[-79.17278,-4.88694],[-79.16472,-4.83889],[-79.14972,-4.83944],[-79.11861,-4.86444],[-79.10028,-4.86444],[-79.08889,-4.84806]]]}},{"type":"Feature","properties":{"codigo":1007501554},"geometry":{"type":"Polygon","coordinates":[[[-79.40222,-4.82639],[-79.38222,-4.82361],[-79.36639,-4.81],[-79.34833,-4.83889],[-79.2825,-4.87556],[-79.27444,-4.88778],[-79.27167,-4.92472],[-79.25944,-4.93833],[-79.26722,-4.96528],[-79.30306,-4.95056],[-79.31778,-4.92722],[-79.33611,-4.92389],[-79.34667,-4.90639],[-79.36806,-4.91611],[-79.37528,-4.9075],[-79.41028,-4.90444],[-79.4175,-4.88333],[-79.39861,-4.84222],[-79.40222,-4.82639]]]}},{"type":"Feature","properties":{"codigo":1007501533},"geometry":{"type":"Polygon","coordinates":[[[-79.07306,-4.93111],[-79.06139,-4.9375],[-79.03778,-4.92722],[-79.01861,-4.90167],[-78.99556,-4.90472],[-79.00111,-4.93389],[-79.02611,-4.95917],[-79.03556,-4.95556],[-79.07361,-4.97056],[-79.08361,-4.96028],[-79.08444,-4.94583],[-79.07306,-4.93111]]]}},{"type":"Feature","properties":{"codigo":1007501552},"geometry":{"type":"Polygon","coordinates":[[[-79.12444,-4.94722],[-79.11139,-4.93556],[-79.09722,-4.93778],[-79.07361,-4.97083],[-79.08222,-4.98194],[-79.10083,-4.97944],[-79.10278,-4.96639],[-79.1225,-4.96222],[-79.12444,-4.94722]]]}},{"type":"Feature","properties":{"codigo":1007501532},"geometry":{"type":"Polygon","coordinates":[[[-79.08111,-4.97917],[-79.03556,-4.95556],[-79.02639,-4.95917],[-79.02778,-4.98639],[-79.04472,-5.0025],[-79.05889,-5.00306],[-79.06278,-5.01417],[-79.0725,-5.0125],[-79.08056,-4.9975],[-79.08111,-4.97917]]]}}]}